{
"type": "FeatureCollection",
"name": "city_thana",
"crs": { "type": "name", "properties": { "name": "urn:ogc:def:crs:OGC:1.3:CRS84" } },
"features": [
{ "type": "Feature", "properties": { "matched_key": "A_30262005", "navigation_parent_key": "A_302620", "admin_type": "city_thana", "admin_label": "City Thana (support)", "map_level": "support", "admin_rank": 2, "displayable": 0, "geometry_status": "EXACT/GEOMETRY", "location_label": "Bangshal Thana" }, "geometry": { "type": "Polygon", "coordinates": [ [ [ 90.404051095000057, 23.723281581000037 ], [ 90.411939802000063, 23.72295366000003 ], [ 90.411848267000039, 23.721661938000068 ], [ 90.411818466000057, 23.719058038000071 ], [ 90.411428867000041, 23.717958739000039 ], [ 90.41152416500006, 23.715788038000028 ], [ 90.411483065000084, 23.714783539000052 ], [ 90.411582561000046, 23.713683198000069 ], [ 90.411140445000058, 23.713780279000048 ], [ 90.411157288000084, 23.71343534600004 ], [ 90.411071488000061, 23.713317546000042 ], [ 90.410719488000041, 23.713152446000038 ], [ 90.410603552000055, 23.712793849000036 ], [ 90.410315301000082, 23.712908586000026 ], [ 90.40943530800007, 23.71296393700004 ], [ 90.409037529000045, 23.713283337000064 ], [ 90.408688313000084, 23.71338481600003 ], [ 90.408322619000046, 23.713381564000031 ], [ 90.408315339000069, 23.713451787000054 ], [ 90.408034017000034, 23.713474279000025 ], [ 90.408024382000065, 23.713588212000047 ], [ 90.407662542000082, 23.71357026000004 ], [ 90.407429668000077, 23.713453784000023 ], [ 90.407404906000068, 23.713546712000038 ], [ 90.407230140000081, 23.713519278000035 ], [ 90.407175393000045, 23.713899101000038 ], [ 90.406850528000064, 23.713888610000026 ], [ 90.406880374000082, 23.71434957300005 ], [ 90.406492812000067, 23.714255752000042 ], [ 90.404598186000044, 23.713550284000064 ], [ 90.404000542000063, 23.713219116000062 ], [ 90.403639739000084, 23.712890476000041 ], [ 90.40334223900004, 23.712444676000075 ], [ 90.403131337000048, 23.711302781000029 ], [ 90.402804443000036, 23.710546730000033 ], [ 90.402096416000063, 23.71071607600004 ], [ 90.401738482000042, 23.71101182700005 ], [ 90.401142286000038, 23.711132538000072 ], [ 90.401077388000033, 23.711006700000041 ], [ 90.400166023000054, 23.711425190000057 ], [ 90.400016254000036, 23.711542543000064 ], [ 90.400317643000051, 23.712156238000034 ], [ 90.400135181000053, 23.712215968000066 ], [ 90.400043228000072, 23.712023105000071 ], [ 90.399706660000049, 23.712133270000038 ], [ 90.399588135000045, 23.71174522900003 ], [ 90.399025578000078, 23.711920100000043 ], [ 90.39913484300007, 23.712404788000072 ], [ 90.399644126000055, 23.713184918000024 ], [ 90.399300078000067, 23.713500682000074 ], [ 90.399392139000042, 23.713645866000036 ], [ 90.399683369000059, 23.713594669000031 ], [ 90.399827432000052, 23.713732179000033 ], [ 90.400147653000033, 23.713691158000074 ], [ 90.400148330000036, 23.713913201000025 ], [ 90.400294713000051, 23.71390995400003 ], [ 90.400339397000039, 23.714291389000039 ], [ 90.400216142000033, 23.714303657000073 ], [ 90.400237262000076, 23.714587516000051 ], [ 90.40045925700008, 23.714636800000051 ], [ 90.400261157000045, 23.715082601000063 ], [ 90.400284811000063, 23.715750714000023 ], [ 90.399560517000054, 23.715915714000062 ], [ 90.399589628000058, 23.716107124000075 ], [ 90.39936623300008, 23.716136617000075 ], [ 90.399374598000065, 23.716310233000058 ], [ 90.399299918000054, 23.716294803000039 ], [ 90.39925555800005, 23.716414104000023 ], [ 90.399089729000082, 23.71642528600006 ], [ 90.399080617000038, 23.716702434000069 ], [ 90.398979797000038, 23.716696134000074 ], [ 90.398966639000037, 23.716868705000024 ], [ 90.398787518000063, 23.716861996000034 ], [ 90.398787994000031, 23.717018532000054 ], [ 90.398617399000045, 23.71701265300004 ], [ 90.398608625000065, 23.717430851000074 ], [ 90.398499364000031, 23.717535498000075 ], [ 90.398313354000038, 23.718733175000068 ], [ 90.398362261000045, 23.72001868500007 ], [ 90.398841361000052, 23.720909385000027 ], [ 90.399808215000064, 23.722257271000046 ], [ 90.400205516000085, 23.723076572000025 ], [ 90.400303464000046, 23.723888731000045 ], [ 90.40165337600007, 23.723725257000069 ], [ 90.404051095000057, 23.723281581000037 ] ] ] } },
{ "type": "Feature", "properties": { "matched_key": "A_30262009", "navigation_parent_key": "A_302620", "admin_type": "city_thana", "admin_label": "City Thana (support)", "map_level": "support", "admin_rank": 2, "displayable": 0, "geometry_status": "EXACT/GEOMETRY", "location_label": "Chakbazar Thana" }, "geometry": { "type": "Polygon", "coordinates": [ [ [ 90.390971606000051, 23.725211646000048 ], [ 90.390978540000049, 23.72506455100006 ], [ 90.391129048000039, 23.725057531000061 ], [ 90.391171539000084, 23.724799850000068 ], [ 90.392264040000043, 23.724733251000032 ], [ 90.392550340000071, 23.724160650000044 ], [ 90.392737788000034, 23.723378829000069 ], [ 90.39565211300004, 23.722538158000077 ], [ 90.395781225000064, 23.722856222000075 ], [ 90.395448449000071, 23.724600352000039 ], [ 90.400303464000046, 23.723888731000045 ], [ 90.400205516000085, 23.723076572000025 ], [ 90.399808215000064, 23.722257271000046 ], [ 90.398841361000052, 23.720909385000027 ], [ 90.398362261000045, 23.72001868500007 ], [ 90.398313354000038, 23.718733175000068 ], [ 90.398499364000031, 23.717535498000075 ], [ 90.398608625000065, 23.717430851000074 ], [ 90.398617399000045, 23.71701265300004 ], [ 90.398787994000031, 23.717018532000054 ], [ 90.398787518000063, 23.716861996000034 ], [ 90.398966639000037, 23.716868705000024 ], [ 90.398979797000038, 23.716696134000074 ], [ 90.399080617000038, 23.716702434000069 ], [ 90.399089729000082, 23.71642528600006 ], [ 90.39925555800005, 23.716414104000023 ], [ 90.399299918000054, 23.716294803000039 ], [ 90.399374598000065, 23.716310233000058 ], [ 90.39936623300008, 23.716136617000075 ], [ 90.399589628000058, 23.716107124000075 ], [ 90.399560517000054, 23.715915714000062 ], [ 90.400284811000063, 23.715750714000023 ], [ 90.400261157000045, 23.715082601000063 ], [ 90.40045925700008, 23.714636800000051 ], [ 90.400237262000076, 23.714587516000051 ], [ 90.400216142000033, 23.714303657000073 ], [ 90.400339397000039, 23.714291389000039 ], [ 90.400294713000051, 23.71390995400003 ], [ 90.400148330000036, 23.713913201000025 ], [ 90.400147653000033, 23.713691158000074 ], [ 90.399827432000052, 23.713732179000033 ], [ 90.399683369000059, 23.713594669000031 ], [ 90.399392139000042, 23.713645866000036 ], [ 90.399300078000067, 23.713500682000074 ], [ 90.399644126000055, 23.713184918000024 ], [ 90.39913484300007, 23.712404788000072 ], [ 90.399025578000078, 23.711920100000043 ], [ 90.399588135000045, 23.71174522900003 ], [ 90.399706660000049, 23.712133270000038 ], [ 90.400043228000072, 23.712023105000071 ], [ 90.400135181000053, 23.712215968000066 ], [ 90.400317643000051, 23.712156238000034 ], [ 90.400016254000036, 23.711542543000064 ], [ 90.400166023000054, 23.711425190000057 ], [ 90.401077388000033, 23.711006700000041 ], [ 90.401142286000038, 23.711132538000072 ], [ 90.401738482000042, 23.71101182700005 ], [ 90.402096416000063, 23.71071607600004 ], [ 90.402804443000036, 23.710546730000033 ], [ 90.402307695000047, 23.709629394000046 ], [ 90.40126753900006, 23.71012436500007 ], [ 90.400513075000049, 23.71061633000005 ], [ 90.39894234500008, 23.711241375000043 ], [ 90.398341298000048, 23.711394226000039 ], [ 90.396785965000049, 23.711429833000068 ], [ 90.39494677600004, 23.711283245000061 ], [ 90.394608280000057, 23.711464755000065 ], [ 90.394036027000084, 23.711597184000027 ], [ 90.393280964000041, 23.711282967000045 ], [ 90.391293971000039, 23.710910897000076 ], [ 90.391199822000033, 23.71100146200007 ], [ 90.391215886000055, 23.711540871000068 ], [ 90.390670589000081, 23.712002040000073 ], [ 90.390248927000073, 23.712194134000072 ], [ 90.390068783000061, 23.712085955000077 ], [ 90.389079694000031, 23.711835536000024 ], [ 90.387781969000059, 23.711712340000076 ], [ 90.387439045000065, 23.711855460000038 ], [ 90.387439738000069, 23.712028194000027 ], [ 90.386839530000032, 23.712364560000026 ], [ 90.385995514000058, 23.713060566000024 ], [ 90.385500152000077, 23.713034526000058 ], [ 90.385371024000051, 23.712908393000077 ], [ 90.384966607000081, 23.712782943000036 ], [ 90.384220652000067, 23.71327481000003 ], [ 90.383234358000038, 23.713561779000031 ], [ 90.384504883000034, 23.714399825000044 ], [ 90.385348114000067, 23.715226873000063 ], [ 90.385452888000032, 23.715100732000053 ], [ 90.385916890000033, 23.715698890000056 ], [ 90.386408395000046, 23.716096531000062 ], [ 90.386696061000066, 23.716115310000077 ], [ 90.386745006000069, 23.716023991000043 ], [ 90.38713888400008, 23.716153908000024 ], [ 90.387117997000075, 23.71626887900004 ], [ 90.387883118000047, 23.716291850000061 ], [ 90.387884023000083, 23.716428545000042 ], [ 90.388043412000059, 23.716396626000062 ], [ 90.388078603000054, 23.716214125000079 ], [ 90.388825546000078, 23.716201859000023 ], [ 90.388816382000073, 23.716654725000069 ], [ 90.389084682000032, 23.716772625000033 ], [ 90.389095873000031, 23.716867819000072 ], [ 90.389304671000048, 23.716988001000061 ], [ 90.389543855000056, 23.717039199000055 ], [ 90.389727539000035, 23.718158901000038 ], [ 90.390010553000081, 23.719102081000074 ], [ 90.389998153000079, 23.719262440000023 ], [ 90.389707607000048, 23.719825179000054 ], [ 90.389847782000061, 23.719840326000053 ], [ 90.389805281000065, 23.720058425000047 ], [ 90.389517530000035, 23.720641878000038 ], [ 90.389692930000081, 23.720705122000027 ], [ 90.389705986000081, 23.720905838000078 ], [ 90.389886623000052, 23.720896779000043 ], [ 90.389883895000082, 23.721367524000073 ], [ 90.389745600000083, 23.722039961000064 ], [ 90.389827291000074, 23.722322332000033 ], [ 90.390266681000071, 23.722116025000048 ], [ 90.39057615300004, 23.722211795000078 ], [ 90.390575132000038, 23.722994153000059 ], [ 90.390441948000046, 23.723862243000042 ], [ 90.390224364000062, 23.723861653000029 ], [ 90.390263823000055, 23.724915934000023 ], [ 90.390338340000085, 23.724913450000031 ], [ 90.390352910000047, 23.725210273000073 ], [ 90.390971606000051, 23.725211646000048 ] ] ] } },
{ "type": "Feature", "properties": { "matched_key": "A_30262012", "navigation_parent_key": "A_302620", "admin_type": "city_thana", "admin_label": "City Thana (support)", "map_level": "support", "admin_rank": 2, "displayable": 0, "geometry_status": "EXACT/GEOMETRY", "location_label": "Demra Thana" }, "geometry": { "type": "Polygon", "coordinates": [ [ [ 90.48337566400005, 23.759034861000032 ], [ 90.48361518300004, 23.758291198000052 ], [ 90.484056352000039, 23.757677877000049 ], [ 90.484559811000054, 23.757324037000046 ], [ 90.485566929000072, 23.756837644000029 ], [ 90.486836881000045, 23.756443 ], [ 90.487843771000087, 23.755900139000062 ], [ 90.48852819800004, 23.755396683000072 ], [ 90.488788765000038, 23.755043595000075 ], [ 90.488928636000082, 23.754559924000034 ], [ 90.488907216000086, 23.754243858000052 ], [ 90.488744188000055, 23.753781466000078 ], [ 90.487931479000054, 23.752280148000068 ], [ 90.487566196000046, 23.751852265000025 ], [ 90.486372901000038, 23.751076984000065 ], [ 90.486029033000079, 23.750798061000069 ], [ 90.485866851000083, 23.750559213000031 ], [ 90.485764067000048, 23.750130500000068 ], [ 90.485782862000065, 23.749742049000076 ], [ 90.485881925000058, 23.749333024000066 ], [ 90.486102482000035, 23.748941682000066 ], [ 90.487490189000084, 23.747580196000058 ], [ 90.487891234000074, 23.746910538000066 ], [ 90.489902017000077, 23.745066093000048 ], [ 90.490948520000074, 23.74431985800004 ], [ 90.491815159000055, 23.744019037000044 ], [ 90.492642026000055, 23.743905755000071 ], [ 90.493509381000081, 23.743959442000062 ], [ 90.494457662000059, 23.743843507000065 ], [ 90.494658792000052, 23.743675765000035 ], [ 90.494778691000079, 23.743433766000066 ], [ 90.494369988000074, 23.742062155000042 ], [ 90.49382121900004, 23.740948412000023 ], [ 90.492907565000053, 23.739503891000027 ], [ 90.492561761000047, 23.738705631000073 ], [ 90.492168652000032, 23.736087495000049 ], [ 90.492084425000087, 23.735213879000071 ], [ 90.492163835000042, 23.734804913000062 ], [ 90.492642914000044, 23.733541113000058 ], [ 90.493025107000051, 23.733095050000031 ], [ 90.493669705000059, 23.732962025000063 ], [ 90.494799704000059, 23.73292228300005 ], [ 90.49568699200006, 23.732752343000072 ], [ 90.496291377000034, 23.732526854000071 ], [ 90.497147422000069, 23.732043128000043 ], [ 90.498201149000067, 23.731299084000057 ], [ 90.499098346000039, 23.730514891000041 ], [ 90.500714901000038, 23.728630931000055 ], [ 90.50095497600006, 23.728072404000045 ], [ 90.501072865000083, 23.727311044000032 ], [ 90.500908967000044, 23.726622858000042 ], [ 90.499283423000065, 23.723563879000039 ], [ 90.499241897000047, 23.723286268000038 ], [ 90.49926071200008, 23.722913624000057 ], [ 90.49952066700007, 23.722262451000063 ], [ 90.500341365000054, 23.720570745000032 ], [ 90.500438666000036, 23.719716868000035 ], [ 90.500837566000087, 23.718525562000025 ], [ 90.50162113500005, 23.717556558000069 ], [ 90.50308939100006, 23.716382098000054 ], [ 90.507497621000084, 23.713953798000034 ], [ 90.510175618000062, 23.712662392000027 ], [ 90.510779091000074, 23.712233620000063 ], [ 90.511879198000031, 23.711169534000078 ], [ 90.511980704000052, 23.710885892000078 ], [ 90.510734174000049, 23.709564143000023 ], [ 90.509715983000035, 23.709048934000066 ], [ 90.509741151000071, 23.708970127000043 ], [ 90.509241443000064, 23.708694082000022 ], [ 90.50881310300008, 23.70867159200003 ], [ 90.508238111000082, 23.708479307000061 ], [ 90.507728641000085, 23.708451106000041 ], [ 90.50604351700008, 23.708110098000077 ], [ 90.504351520000057, 23.707925261000071 ], [ 90.502954236000051, 23.707957339000075 ], [ 90.502221625000061, 23.707870616000037 ], [ 90.503353491000041, 23.706285828000034 ], [ 90.503183632000059, 23.706105189000027 ], [ 90.501753978000067, 23.705640146000064 ], [ 90.499079781000034, 23.70547810000005 ], [ 90.499157070000081, 23.705138003000059 ], [ 90.499283099000081, 23.70509344900006 ], [ 90.499230401000034, 23.704176027000074 ], [ 90.498054611000043, 23.704119199000047 ], [ 90.498093337000057, 23.703695497000069 ], [ 90.494437980000043, 23.703504948000045 ], [ 90.493417134000083, 23.703320782000048 ], [ 90.492803174000073, 23.702758213000038 ], [ 90.491883659000052, 23.702291451000065 ], [ 90.491469294000069, 23.700508868000043 ], [ 90.491059155000073, 23.699853062000045 ], [ 90.490344953000033, 23.699855325000044 ], [ 90.490039739000053, 23.700043716000039 ], [ 90.489632062000055, 23.70004500400006 ], [ 90.48871187900005, 23.699390803000028 ], [ 90.488505641000074, 23.698829187000058 ], [ 90.488199034000047, 23.698642734000032 ], [ 90.487791361000063, 23.698644018000039 ], [ 90.487484754000036, 23.698457561000055 ], [ 90.485444457000085, 23.698274290000029 ], [ 90.483607279000069, 23.697810355000058 ], [ 90.483403057000032, 23.697623569000029 ], [ 90.483402028000057, 23.697343568000065 ], [ 90.483095423000066, 23.697154846000046 ], [ 90.481383141000038, 23.696640814000034 ], [ 90.480062002000068, 23.695960709000076 ], [ 90.480058392000046, 23.694973929000071 ], [ 90.479698772000063, 23.694365353000023 ], [ 90.478823967000039, 23.693989874000067 ], [ 90.478808714000081, 23.693563891000053 ], [ 90.476006434000055, 23.69320717100004 ], [ 90.473975436000046, 23.693064069000059 ], [ 90.471510481000053, 23.693217477000076 ], [ 90.470310882000035, 23.693411775000072 ], [ 90.46894818100003, 23.693863775000068 ], [ 90.466585952000059, 23.69495003000003 ], [ 90.466529661000038, 23.695425109000041 ], [ 90.465542060000075, 23.697427508000033 ], [ 90.464324938000061, 23.700681450000047 ], [ 90.464135419000058, 23.700757538000062 ], [ 90.463755602000049, 23.70164460500007 ], [ 90.465709482000079, 23.702215846000058 ], [ 90.467822357000045, 23.702292801000056 ], [ 90.469493607000061, 23.70488447300005 ], [ 90.470539607000035, 23.706671873000062 ], [ 90.46997994700007, 23.710941613000045 ], [ 90.468662475000031, 23.716858886000068 ], [ 90.46876048300004, 23.71686913800005 ], [ 90.468715435000036, 23.717584467000052 ], [ 90.46784847400005, 23.718531537000047 ], [ 90.466774874000066, 23.719479338000042 ], [ 90.461883263000061, 23.723514914000077 ], [ 90.461177499000087, 23.72433434900006 ], [ 90.460603452000043, 23.727182370000037 ], [ 90.46046095500003, 23.728738587000066 ], [ 90.460428086000036, 23.73046654500007 ], [ 90.458740680000062, 23.734256161000076 ], [ 90.461784087000069, 23.734334056000023 ], [ 90.464152479000063, 23.734207473000026 ], [ 90.46613392900008, 23.734333665000065 ], [ 90.469362097000044, 23.738633784000058 ], [ 90.47292064800007, 23.739033341000038 ], [ 90.474662432000059, 23.741929436000078 ], [ 90.475976098000046, 23.743397403000074 ], [ 90.471552669000062, 23.747004181000023 ], [ 90.472580815000072, 23.747095850000051 ], [ 90.473215431000085, 23.747570367000037 ], [ 90.474314462000052, 23.749102500000049 ], [ 90.474432213000057, 23.749948923000034 ], [ 90.474327892000076, 23.752810249000049 ], [ 90.474043893000044, 23.753815971000051 ], [ 90.474045242000045, 23.754188550000038 ], [ 90.474449486000083, 23.754715705000024 ], [ 90.474569968000083, 23.756144705000054 ], [ 90.474745774000041, 23.757099338000046 ], [ 90.475216295000052, 23.758042906000071 ], [ 90.475427102000083, 23.758268556000075 ], [ 90.47544556400004, 23.758783980000032 ], [ 90.475939833000041, 23.75885713100007 ], [ 90.476032780000082, 23.758751618000076 ], [ 90.476536659000033, 23.758945458000028 ], [ 90.478955298000074, 23.759520568000028 ], [ 90.480395306000048, 23.759992554000064 ], [ 90.481695392000063, 23.760820516000024 ], [ 90.481727652000075, 23.761006804000033 ], [ 90.482160255000053, 23.761173004000057 ], [ 90.483187740000062, 23.761959672000046 ], [ 90.483381701000042, 23.760669697000026 ], [ 90.48331803800005, 23.759872791000078 ], [ 90.48337566400005, 23.759034861000032 ] ] ] } },
{ "type": "Feature", "properties": { "matched_key": "A_30262016", "navigation_parent_key": "A_302620", "admin_type": "city_thana", "admin_label": "City Thana (support)", "map_level": "support", "admin_rank": 2, "displayable": 0, "geometry_status": "EXACT/GEOMETRY", "location_label": "Dhanmondi Thana" }, "geometry": { "type": "Polygon", "coordinates": [ [ [ 90.37495309500008, 23.756929911000043 ], [ 90.381693478000045, 23.745314819000043 ], [ 90.385319992000063, 23.746026056000062 ], [ 90.383725780000077, 23.741527346000055 ], [ 90.383426370000052, 23.740850656000077 ], [ 90.383086885000068, 23.740519555000049 ], [ 90.383545551000054, 23.738405132000025 ], [ 90.381379630000083, 23.737984587000028 ], [ 90.381084179000084, 23.73786489400004 ], [ 90.379910233000032, 23.737686154000073 ], [ 90.378624880000075, 23.737338366000074 ], [ 90.377381314000047, 23.738438055000074 ], [ 90.377384627000083, 23.738526150000041 ], [ 90.376029538000068, 23.738400846000047 ], [ 90.373769136000078, 23.742577046000065 ], [ 90.372651976000043, 23.74192878100007 ], [ 90.371173252000062, 23.742037856000024 ], [ 90.371170373000041, 23.741846769000063 ], [ 90.370633314000031, 23.741861912000047 ], [ 90.36973292600004, 23.741624897000065 ], [ 90.369716193000045, 23.741690909000056 ], [ 90.369365478000077, 23.741608103000033 ], [ 90.36931697700004, 23.74167095200005 ], [ 90.369037758000047, 23.741623822000065 ], [ 90.369001741000034, 23.741510389000041 ], [ 90.368330406000041, 23.741413157000068 ], [ 90.36797871300007, 23.741745810000054 ], [ 90.367910236000057, 23.741960641000048 ], [ 90.366477813000074, 23.741906110000059 ], [ 90.36647471200007, 23.743051010000045 ], [ 90.366399412000078, 23.743476910000027 ], [ 90.36617341200008, 23.743934310000043 ], [ 90.367092122000031, 23.744235416000038 ], [ 90.366825833000064, 23.744810574000041 ], [ 90.367171276000079, 23.744834977000039 ], [ 90.367254063000075, 23.744641366000053 ], [ 90.367769288000034, 23.744857824000064 ], [ 90.36792009100003, 23.744472201000065 ], [ 90.367947212000047, 23.743943611000077 ], [ 90.368621413000085, 23.74384961100003 ], [ 90.368484084000045, 23.744370232000051 ], [ 90.368856361000041, 23.744579026000054 ], [ 90.369434193000075, 23.744503328000064 ], [ 90.370005867000032, 23.744746540000051 ], [ 90.370525171000054, 23.744857767000042 ], [ 90.370507504000045, 23.744921271000067 ], [ 90.370726396000066, 23.744991019000054 ], [ 90.369359968000083, 23.747125745000062 ], [ 90.369627273000049, 23.747279900000024 ], [ 90.369600761000072, 23.74732403400003 ], [ 90.366647250000085, 23.751776791000054 ], [ 90.367314738000061, 23.752169232000028 ], [ 90.367239108000035, 23.752265510000029 ], [ 90.371395208000081, 23.754701212000043 ], [ 90.37495309500008, 23.756929911000043 ] ] ] } },
{ "type": "Feature", "properties": { "matched_key": "A_30262024", "navigation_parent_key": "A_302620", "admin_type": "city_thana", "admin_label": "City Thana (support)", "map_level": "support", "admin_rank": 2, "displayable": 0, "geometry_status": "EXACT/GEOMETRY", "location_label": "Gendaria Thana" }, "geometry": { "type": "Polygon", "coordinates": [ [ [ 90.421014313000057, 23.715508166000063 ], [ 90.422802877000038, 23.715726482000036 ], [ 90.423828494000077, 23.715021983000042 ], [ 90.425168047000057, 23.71451950900007 ], [ 90.425143930000047, 23.712975426000071 ], [ 90.425291676000086, 23.710087944000065 ], [ 90.425245045000054, 23.709942915000056 ], [ 90.425440176000052, 23.70829169700005 ], [ 90.42578582200008, 23.707303950000039 ], [ 90.426279295000086, 23.706338376000076 ], [ 90.427236315000073, 23.704827317000024 ], [ 90.429122620000044, 23.701439733000029 ], [ 90.429020983000044, 23.701398720000043 ], [ 90.429053230000079, 23.701338884000052 ], [ 90.428840383000079, 23.70129847100003 ], [ 90.428776723000055, 23.701407196000048 ], [ 90.426546832000042, 23.701368215000059 ], [ 90.42659569500006, 23.700982521000071 ], [ 90.426855272000068, 23.700995470000066 ], [ 90.426968231000046, 23.700563862000024 ], [ 90.42649306800007, 23.700529096000025 ], [ 90.426549806000082, 23.700337740000066 ], [ 90.425841872000035, 23.700335654000071 ], [ 90.425817388000041, 23.700219190000041 ], [ 90.426258587000063, 23.700020490000043 ], [ 90.426321087000076, 23.699210790000052 ], [ 90.425811787000043, 23.699237390000064 ], [ 90.42576568700008, 23.700001390000068 ], [ 90.425489587000072, 23.700011590000031 ], [ 90.425456705000045, 23.699473797000053 ], [ 90.424819477000085, 23.699383205000061 ], [ 90.424753288000034, 23.699552790000041 ], [ 90.424474235000048, 23.699517246000028 ], [ 90.424364518000061, 23.699955466000063 ], [ 90.423514393000062, 23.699797696000076 ], [ 90.423221668000053, 23.699811262000026 ], [ 90.423186839000039, 23.699385004000078 ], [ 90.423343972000055, 23.699014849000037 ], [ 90.423535639000079, 23.697991671000068 ], [ 90.422755321000068, 23.697726210000042 ], [ 90.422647725000047, 23.697834508000028 ], [ 90.422134082000071, 23.697728246000054 ], [ 90.421650387000057, 23.697198190000051 ], [ 90.420287053000038, 23.69626273800003 ], [ 90.419262511000056, 23.697331846000054 ], [ 90.419057420000058, 23.697804350000069 ], [ 90.417499319000058, 23.699432146000049 ], [ 90.417500672000074, 23.699858928000026 ], [ 90.417363652000063, 23.699954138000066 ], [ 90.417791272000045, 23.701016557000059 ], [ 90.418776583000067, 23.701436163000039 ], [ 90.419017465000081, 23.701611644000025 ], [ 90.419196596000063, 23.701839229000029 ], [ 90.419265728000084, 23.702443021000079 ], [ 90.419365361000075, 23.70244371800004 ], [ 90.419156310000062, 23.704375610000056 ], [ 90.419196217000035, 23.704839428000071 ], [ 90.419926416000067, 23.706475928000032 ], [ 90.42021819100006, 23.708432282000047 ], [ 90.419882785000084, 23.708836985000062 ], [ 90.419394585000077, 23.70915138600003 ], [ 90.419025086000033, 23.709522585000059 ], [ 90.418948911000086, 23.709258372000079 ], [ 90.418631244000039, 23.709313758000064 ], [ 90.418576951000034, 23.709217354000032 ], [ 90.418360088000043, 23.709246112000073 ], [ 90.418550837000055, 23.709606077000046 ], [ 90.417818693000072, 23.709986424000078 ], [ 90.418505808000077, 23.711352195000075 ], [ 90.418385708000073, 23.711489896000046 ], [ 90.418399309000051, 23.711796596000056 ], [ 90.418758709000031, 23.713253795000071 ], [ 90.418801109000071, 23.714197695000053 ], [ 90.419123982000031, 23.714802420000069 ], [ 90.41963873900005, 23.716553486000066 ], [ 90.420006821000072, 23.717195511000057 ], [ 90.420410075000063, 23.716638032000048 ], [ 90.421014313000057, 23.715508166000063 ] ] ] } },
{ "type": "Feature", "properties": { "matched_key": "A_30262028", "navigation_parent_key": "A_302620", "admin_type": "city_thana", "admin_label": "City Thana (support)", "map_level": "support", "admin_rank": 2, "displayable": 0, "geometry_status": "EXACT/GEOMETRY", "location_label": "Hazaribag Thana" }, "geometry": { "type": "MultiPolygon", "coordinates": [ [ [ [ 90.366321613000082, 23.743645510000079 ], [ 90.366486312000063, 23.742967210000074 ], [ 90.366477813000074, 23.741906110000059 ], [ 90.367910236000057, 23.741960641000048 ], [ 90.36797871300007, 23.741745810000054 ], [ 90.368330406000041, 23.741413157000068 ], [ 90.369001741000034, 23.741510389000041 ], [ 90.369037758000047, 23.741623822000065 ], [ 90.36931697700004, 23.74167095200005 ], [ 90.369365478000077, 23.741608103000033 ], [ 90.369716193000045, 23.741690909000056 ], [ 90.36973292600004, 23.741624897000065 ], [ 90.370633314000031, 23.741861912000047 ], [ 90.371170373000041, 23.741846769000063 ], [ 90.371173252000062, 23.742037856000024 ], [ 90.372651976000043, 23.74192878100007 ], [ 90.373769136000078, 23.742577046000065 ], [ 90.375968238000041, 23.738461847000053 ], [ 90.376187438000045, 23.738367647000075 ], [ 90.377384627000083, 23.738526150000041 ], [ 90.377381314000047, 23.738438055000074 ], [ 90.376459694000062, 23.738289246000022 ], [ 90.371303521000073, 23.73694660700005 ], [ 90.370429021000064, 23.73650385600007 ], [ 90.370287768000082, 23.736093819000075 ], [ 90.370161151000048, 23.735268254000061 ], [ 90.370213317000037, 23.734436455000036 ], [ 90.370358088000046, 23.733303313000079 ], [ 90.370646574000034, 23.732059915000036 ], [ 90.370582493000086, 23.732018969000023 ], [ 90.371599118000063, 23.731738212000039 ], [ 90.375412920000031, 23.729712715000062 ], [ 90.375831921000042, 23.72874381400004 ], [ 90.376063920000036, 23.728558415000066 ], [ 90.376345421000053, 23.728140615000029 ], [ 90.376899221000031, 23.727037014000075 ], [ 90.376991936000081, 23.726071194000042 ], [ 90.376354579000065, 23.725841568000078 ], [ 90.376043680000066, 23.724972069000046 ], [ 90.374401659000057, 23.722625097000048 ], [ 90.373680872000079, 23.72308434100006 ], [ 90.370725404000041, 23.724403491000032 ], [ 90.36987012700007, 23.724878733000025 ], [ 90.36839542000007, 23.726348685000062 ], [ 90.366365952000081, 23.728186105000077 ], [ 90.364848068000072, 23.729729761000044 ], [ 90.364003714000035, 23.730729067000027 ], [ 90.363149956000086, 23.731776642000057 ], [ 90.362699675000044, 23.732503965000035 ], [ 90.362444207000067, 23.733158522000053 ], [ 90.361078457000076, 23.738546247000045 ], [ 90.356324315000052, 23.737894245000064 ], [ 90.35620321500005, 23.73805754600005 ], [ 90.355615114000045, 23.737995345000058 ], [ 90.355408914000066, 23.738465146000067 ], [ 90.355052114000046, 23.738855546000025 ], [ 90.354534514000079, 23.739228745000048 ], [ 90.35401343500007, 23.739397583000027 ], [ 90.352623821000066, 23.738892063000037 ], [ 90.351830241000073, 23.739941250000072 ], [ 90.351865584000052, 23.740313760000049 ], [ 90.351719532000061, 23.740768046000028 ], [ 90.352414413000076, 23.741123945000027 ], [ 90.355283614000086, 23.741416346000051 ], [ 90.355866809000077, 23.74167785800006 ], [ 90.357051014000035, 23.741807846000029 ], [ 90.360153308000065, 23.742474541000036 ], [ 90.35972042800006, 23.743872718000034 ], [ 90.361572218000049, 23.743883994000043 ], [ 90.361681612000041, 23.743419108000069 ], [ 90.361842170000045, 23.743392898000025 ], [ 90.362038158000075, 23.743523407000055 ], [ 90.362026305000086, 23.743612064000047 ], [ 90.362565972000084, 23.743691678000062 ], [ 90.362563993000037, 23.743550693000032 ], [ 90.363006558000052, 23.743588785000043 ], [ 90.363008948000072, 23.743514216000051 ], [ 90.363369312000032, 23.743557315000032 ], [ 90.363365912000063, 23.743608209000058 ], [ 90.363996912000061, 23.743540609000036 ], [ 90.363908411000068, 23.744081209000058 ], [ 90.364274584000043, 23.744088892000036 ], [ 90.364283612000065, 23.744427510000037 ], [ 90.36459231200007, 23.744458809000037 ], [ 90.364564187000042, 23.744565163000061 ], [ 90.365191211000081, 23.74465950900003 ], [ 90.365777512000079, 23.744861110000045 ], [ 90.366321613000082, 23.743645510000079 ] ] ], [ [ [ 90.368867035000051, 23.747185956000067 ], [ 90.369359968000083, 23.747125745000062 ], [ 90.370726396000066, 23.744991019000054 ], [ 90.370507504000045, 23.744921271000067 ], [ 90.370525171000054, 23.744857767000042 ], [ 90.370005867000032, 23.744746540000051 ], [ 90.369434193000075, 23.744503328000064 ], [ 90.368856361000041, 23.744579026000054 ], [ 90.368484084000045, 23.744370232000051 ], [ 90.368621413000085, 23.74384961100003 ], [ 90.368245012000045, 23.743873111000028 ], [ 90.367947212000047, 23.743943611000077 ], [ 90.36792009100003, 23.744472201000065 ], [ 90.367769288000034, 23.744857824000064 ], [ 90.367254063000075, 23.744641366000053 ], [ 90.367171276000079, 23.744834977000039 ], [ 90.366825833000064, 23.744810574000041 ], [ 90.366744058000052, 23.745205526000063 ], [ 90.36753685900004, 23.74548283300004 ], [ 90.368317920000038, 23.746196217000033 ], [ 90.368445687000076, 23.746567994000031 ], [ 90.368270258000052, 23.747113270000057 ], [ 90.368380458000047, 23.747143670000071 ], [ 90.368355158000043, 23.747312770000065 ], [ 90.368814259000033, 23.747334070000022 ], [ 90.368867035000051, 23.747185956000067 ] ] ] ] } },
{ "type": "Feature", "properties": { "matched_key": "A_30262029", "navigation_parent_key": "A_302620", "admin_type": "city_thana", "admin_label": "City Thana (support)", "map_level": "support", "admin_rank": 2, "displayable": 0, "geometry_status": "EXACT/GEOMETRY", "location_label": "Jatrabari Thana" }, "geometry": { "type": "Polygon", "coordinates": [ [ [ 90.462117999000043, 23.723322747000054 ], [ 90.466774874000066, 23.719479338000042 ], [ 90.46784847400005, 23.718531537000047 ], [ 90.468715435000036, 23.717584467000052 ], [ 90.46876048300004, 23.71686913800005 ], [ 90.468662475000031, 23.716858886000068 ], [ 90.46997994700007, 23.710941613000045 ], [ 90.470539607000035, 23.706671873000062 ], [ 90.469493607000061, 23.70488447300005 ], [ 90.467822357000045, 23.702292801000056 ], [ 90.465709482000079, 23.702215846000058 ], [ 90.463755602000049, 23.70164460500007 ], [ 90.464135419000058, 23.700757538000062 ], [ 90.464324938000061, 23.700681450000047 ], [ 90.465542060000075, 23.697427508000033 ], [ 90.466529661000038, 23.695425109000041 ], [ 90.466585952000059, 23.69495003000003 ], [ 90.457231992000061, 23.699492208000038 ], [ 90.452059520000034, 23.701825777000067 ], [ 90.449532856000076, 23.703057469000044 ], [ 90.448011382000061, 23.701787694000075 ], [ 90.447037783000042, 23.701126593000026 ], [ 90.446919683000033, 23.701505393000048 ], [ 90.446668483000053, 23.701854293000054 ], [ 90.445915583000044, 23.701823993000062 ], [ 90.444727983000064, 23.70197199200004 ], [ 90.443741083000077, 23.701856191000047 ], [ 90.442353482000044, 23.702406591000056 ], [ 90.441063030000066, 23.70277429600003 ], [ 90.440494073000082, 23.702766882000049 ], [ 90.440223782000032, 23.702649489000066 ], [ 90.437777727000082, 23.702509291000069 ], [ 90.437759915000072, 23.702619391000042 ], [ 90.436433427000054, 23.702319988000056 ], [ 90.435720504000074, 23.702436696000063 ], [ 90.435340779000057, 23.702624344000071 ], [ 90.435291178000057, 23.703045024000062 ], [ 90.433872738000048, 23.703423954000073 ], [ 90.433428838000054, 23.703629054000032 ], [ 90.433190617000037, 23.704022727000051 ], [ 90.433236119000071, 23.704705463000039 ], [ 90.433033137000052, 23.705082953000044 ], [ 90.432628136000062, 23.705338354000048 ], [ 90.431476136000072, 23.705832054000041 ], [ 90.430802935000031, 23.706272753000064 ], [ 90.43031303500004, 23.706682454000031 ], [ 90.429483234000031, 23.707764654000073 ], [ 90.428455133000057, 23.708326854000063 ], [ 90.42716923200004, 23.709240854000029 ], [ 90.425830731000076, 23.709953454000072 ], [ 90.425293052000086, 23.710057093000046 ], [ 90.425143930000047, 23.712975426000071 ], [ 90.425167755000075, 23.714627963000055 ], [ 90.426157025000066, 23.716725058000065 ], [ 90.426372022000066, 23.716685202000065 ], [ 90.426217112000074, 23.716296743000044 ], [ 90.426319593000073, 23.716282122000052 ], [ 90.426317965000067, 23.71618055700003 ], [ 90.426590938000061, 23.716168258000039 ], [ 90.426700584000059, 23.716428498000028 ], [ 90.426874585000064, 23.716497898000057 ], [ 90.426859581000031, 23.716672876000075 ], [ 90.427760713000055, 23.716696564000074 ], [ 90.427439467000056, 23.717995676000044 ], [ 90.427815851000048, 23.717852016000052 ], [ 90.427767689000063, 23.718554784000048 ], [ 90.427048117000083, 23.718518132000042 ], [ 90.427262542000051, 23.719142599000065 ], [ 90.427338325000051, 23.719968446000053 ], [ 90.428165959000069, 23.719964932000039 ], [ 90.428202849000058, 23.720033836000027 ], [ 90.428407378000031, 23.720020102000035 ], [ 90.428429092000044, 23.719908153000063 ], [ 90.428992135000044, 23.719952375000048 ], [ 90.429060976000073, 23.719244667000055 ], [ 90.429546175000041, 23.719444546000034 ], [ 90.429590889000053, 23.719359534000034 ], [ 90.429801675000078, 23.719417102000023 ], [ 90.429818141000055, 23.719491142000038 ], [ 90.430572200000086, 23.719468464000045 ], [ 90.431270061000077, 23.719567552000058 ], [ 90.431267383000034, 23.720806774000039 ], [ 90.431558166000059, 23.721386686000073 ], [ 90.431629858000065, 23.721717242000068 ], [ 90.431787716000031, 23.721728273000053 ], [ 90.431769836000058, 23.722248532000037 ], [ 90.431875383000033, 23.72241977300007 ], [ 90.432652606000033, 23.722592166000027 ], [ 90.434448144000044, 23.722692837000068 ], [ 90.434826800000053, 23.722629738000023 ], [ 90.435399178000068, 23.722301091000077 ], [ 90.43549039800007, 23.722598231000063 ], [ 90.43624931800008, 23.722729322000077 ], [ 90.436595399000055, 23.722860439000044 ], [ 90.436679537000032, 23.723044071000061 ], [ 90.437242472000037, 23.722824279000065 ], [ 90.438938446000066, 23.72294172200003 ], [ 90.439060448000077, 23.722002131000067 ], [ 90.439215731000047, 23.721867996000071 ], [ 90.441373045000034, 23.722029073000044 ], [ 90.441498051000053, 23.722150598000042 ], [ 90.441281115000038, 23.723712805000048 ], [ 90.442848089000051, 23.723598007000078 ], [ 90.443445810000071, 23.724831477000066 ], [ 90.443700712000066, 23.724959459000047 ], [ 90.444027288000086, 23.724886262000041 ], [ 90.444607592000068, 23.724595557000043 ], [ 90.444834551000042, 23.724619745000041 ], [ 90.445289040000034, 23.724837474000026 ], [ 90.445399871000063, 23.724791992000064 ], [ 90.44557962500005, 23.724278883000068 ], [ 90.445768290000046, 23.72404123900003 ], [ 90.446121042000073, 23.723733120000077 ], [ 90.44638591100005, 23.723366542000065 ], [ 90.446823787000085, 23.723060804000056 ], [ 90.450171843000078, 23.723310398000024 ], [ 90.452500044000033, 23.72361489900004 ], [ 90.457493770000042, 23.724616193000031 ], [ 90.460660329000063, 23.726908860000037 ], [ 90.461177499000087, 23.72433434900006 ], [ 90.461363410000047, 23.724054182000032 ], [ 90.462117999000043, 23.723322747000054 ] ] ] } },
{ "type": "Feature", "properties": { "matched_key": "A_30262032", "navigation_parent_key": "A_302620", "admin_type": "city_thana", "admin_label": "City Thana (support)", "map_level": "support", "admin_rank": 2, "displayable": 0, "geometry_status": "EXACT/GEOMETRY", "location_label": "Kadamtali Thana" }, "geometry": { "type": "Polygon", "coordinates": [ [ [ 90.449532856000076, 23.703057469000044 ], [ 90.452059520000034, 23.701825777000067 ], [ 90.457231992000061, 23.699492208000038 ], [ 90.467396421000046, 23.694564179000054 ], [ 90.469702482000059, 23.69358767500006 ], [ 90.470310882000035, 23.693411775000072 ], [ 90.471510481000053, 23.693217477000076 ], [ 90.473426136000057, 23.693067469000027 ], [ 90.475502435000067, 23.693161770000074 ], [ 90.478317798000035, 23.693497047000051 ], [ 90.478113769000061, 23.693101199000068 ], [ 90.477995829000065, 23.693154639000056 ], [ 90.477580189000037, 23.693041209000057 ], [ 90.477204752000034, 23.692564395000034 ], [ 90.476827230000083, 23.692264187000035 ], [ 90.476228175000074, 23.69225033400005 ], [ 90.476260682000031, 23.691459499000075 ], [ 90.475971990000062, 23.690499700000032 ], [ 90.476032807000081, 23.689969352000048 ], [ 90.475576767000064, 23.690039590000026 ], [ 90.475498506000065, 23.689432152000052 ], [ 90.475127401000066, 23.688475792000077 ], [ 90.474925906000067, 23.688287552000077 ], [ 90.474771007000072, 23.688250052000058 ], [ 90.472915252000064, 23.688886223000054 ], [ 90.472652352000068, 23.688254823000022 ], [ 90.472563752000042, 23.687826323000024 ], [ 90.472618152000052, 23.687751923000064 ], [ 90.47241375200008, 23.687076157000035 ], [ 90.47147480700005, 23.687157252000077 ], [ 90.471402389000048, 23.687050980000038 ], [ 90.470954769000059, 23.687058317000037 ], [ 90.470870906000073, 23.686976153000046 ], [ 90.470324473000062, 23.687115491000043 ], [ 90.469858584000065, 23.687124735000054 ], [ 90.469474449000074, 23.686601694000046 ], [ 90.468862354000066, 23.686510966000071 ], [ 90.468557976000056, 23.686934156000063 ], [ 90.468499502000043, 23.68716958400006 ], [ 90.468386432000045, 23.68820951500004 ], [ 90.468270380000035, 23.688413005000029 ], [ 90.468235161000052, 23.689452700000061 ], [ 90.467867909000063, 23.690830725000069 ], [ 90.466949552000074, 23.690707524000061 ], [ 90.466764092000062, 23.690260871000078 ], [ 90.466602152000064, 23.69014502400006 ], [ 90.46681410900004, 23.690153192000025 ], [ 90.466946307000057, 23.690009054000029 ], [ 90.467153808000035, 23.690042654000024 ], [ 90.467189008000048, 23.689832153000054 ], [ 90.467068608000034, 23.689475953000056 ], [ 90.466974478000054, 23.689498959000048 ], [ 90.466890583000065, 23.689224990000071 ], [ 90.466674076000061, 23.689087138000048 ], [ 90.466611907000072, 23.688956354000027 ], [ 90.46679500700003, 23.688843954000049 ], [ 90.466768637000087, 23.688402789000065 ], [ 90.466464956000038, 23.688386975000071 ], [ 90.466443985000069, 23.687889230000053 ], [ 90.466577603000076, 23.687881659000027 ], [ 90.466593807000038, 23.687724554000056 ], [ 90.466809806000072, 23.687584654000034 ], [ 90.466730707000067, 23.687472854000077 ], [ 90.466600607000032, 23.687361054000064 ], [ 90.466389503000073, 23.687332023000067 ], [ 90.465784840000083, 23.687435673000039 ], [ 90.465696659000059, 23.687118292000036 ], [ 90.465375427000083, 23.687144723000074 ], [ 90.465256708000084, 23.686856042000045 ], [ 90.465128917000072, 23.686775133000026 ], [ 90.464834779000057, 23.686803114000043 ], [ 90.464606573000083, 23.686701113000026 ], [ 90.464457369000058, 23.686217765000038 ], [ 90.464048457000047, 23.68632675200007 ], [ 90.463558133000049, 23.686293825000064 ], [ 90.46317682800003, 23.686373042000071 ], [ 90.463007562000087, 23.686206259000073 ], [ 90.462915726000062, 23.685919750000039 ], [ 90.462123366000071, 23.685671181000032 ], [ 90.462045222000086, 23.685587769000051 ], [ 90.46203111300008, 23.685265179000055 ], [ 90.462171987000033, 23.684738989000039 ], [ 90.461938599000064, 23.684614694000061 ], [ 90.461509763000038, 23.684597573000076 ], [ 90.461144578000074, 23.684060941000041 ], [ 90.460914498000079, 23.684023592000074 ], [ 90.460470717000078, 23.684142544000053 ], [ 90.460359413000049, 23.683863752000036 ], [ 90.46061747400006, 23.683447522000051 ], [ 90.460595897000076, 23.683214335000059 ], [ 90.460366549000071, 23.682932057000073 ], [ 90.459158689000049, 23.68196961700005 ], [ 90.459334022000064, 23.681625864000068 ], [ 90.459813054000051, 23.681141495000077 ], [ 90.46059692700004, 23.680689958000073 ], [ 90.460755693000067, 23.680465355000024 ], [ 90.460662609000053, 23.679820368000037 ], [ 90.460827085000062, 23.67862494700006 ], [ 90.45936120600004, 23.67765375700003 ], [ 90.453322614000058, 23.672748846000047 ], [ 90.45205315000004, 23.670765410000058 ], [ 90.451216695000085, 23.670284609000078 ], [ 90.449520448000044, 23.669481132000044 ], [ 90.449102260000075, 23.669187140000076 ], [ 90.448419913000066, 23.669946100000061 ], [ 90.447029935000046, 23.67182882000003 ], [ 90.445421653000039, 23.673741372000052 ], [ 90.443568638000045, 23.675796240000068 ], [ 90.441780349000055, 23.677361457000075 ], [ 90.440224364000073, 23.678880108000044 ], [ 90.439464423000061, 23.680021644000078 ], [ 90.438546593000069, 23.680816739000022 ], [ 90.43727606200008, 23.681048399000076 ], [ 90.434902737000073, 23.682376083000065 ], [ 90.435190483000042, 23.682639476000077 ], [ 90.433024339000042, 23.684723017000067 ], [ 90.43249017100004, 23.684460311000066 ], [ 90.430444927000053, 23.685861527000043 ], [ 90.430609833000062, 23.68605074900006 ], [ 90.428124600000046, 23.68809469100006 ], [ 90.430834473000061, 23.690516856000045 ], [ 90.433481800000038, 23.687932785000044 ], [ 90.435629067000036, 23.687946550000049 ], [ 90.435638468000036, 23.687769087000049 ], [ 90.43627390100005, 23.687708164000071 ], [ 90.436284135000051, 23.687651684000059 ], [ 90.436968952000086, 23.687679108000054 ], [ 90.43696947400008, 23.687836441000059 ], [ 90.437510008000061, 23.687844952000034 ], [ 90.437510463000081, 23.687976055000036 ], [ 90.437364887000058, 23.687973733000035 ], [ 90.437318581000056, 23.689366019000033 ], [ 90.437237381000045, 23.68979291900007 ], [ 90.437556933000053, 23.690086200000053 ], [ 90.434465952000039, 23.693404457000042 ], [ 90.435168311000041, 23.694160138000029 ], [ 90.435484, 23.694663512000034 ], [ 90.435900647000039, 23.695597215000078 ], [ 90.436058363000086, 23.696200211000075 ], [ 90.43613282900003, 23.697132048000071 ], [ 90.436083216000043, 23.697822261000056 ], [ 90.435714498000038, 23.700337033000039 ], [ 90.436365438000053, 23.700310458000047 ], [ 90.437423099000057, 23.700533285000063 ], [ 90.437482149000061, 23.700294829000029 ], [ 90.438364069000045, 23.700508041000035 ], [ 90.438202158000081, 23.700938342000029 ], [ 90.438756899000055, 23.701064823000024 ], [ 90.438488692000078, 23.701813222000055 ], [ 90.438362014000063, 23.702542335000032 ], [ 90.440223782000032, 23.702649489000066 ], [ 90.440553563000037, 23.702773489000037 ], [ 90.441121245000033, 23.702767354000059 ], [ 90.442353482000044, 23.702406591000056 ], [ 90.443741083000077, 23.701856191000047 ], [ 90.444727983000064, 23.70197199200004 ], [ 90.445915583000044, 23.701823993000062 ], [ 90.446668483000053, 23.701854293000054 ], [ 90.446919683000033, 23.701505393000048 ], [ 90.447037783000042, 23.701126593000026 ], [ 90.448011382000061, 23.701787694000075 ], [ 90.449532856000076, 23.703057469000044 ] ] ] } },
{ "type": "Feature", "properties": { "matched_key": "A_30262033", "navigation_parent_key": "A_302620", "admin_type": "city_thana", "admin_label": "City Thana (support)", "map_level": "support", "admin_rank": 2, "displayable": 0, "geometry_status": "EXACT/GEOMETRY", "location_label": "Kalabagan Thana" }, "geometry": { "type": "Polygon", "coordinates": [ [ [ 90.381490853000059, 23.753243447000045 ], [ 90.382204596000065, 23.753295682000044 ], [ 90.382228572000031, 23.753119668000068 ], [ 90.382556149000038, 23.753152923000073 ], [ 90.382564435000063, 23.753014447000055 ], [ 90.382777635000082, 23.753134148000072 ], [ 90.383141594000051, 23.753142264000076 ], [ 90.383451075000039, 23.752850200000069 ], [ 90.384255487000075, 23.752764652000053 ], [ 90.384673964000058, 23.752623609000068 ], [ 90.385181985000031, 23.752274594000028 ], [ 90.385694990000047, 23.751744918000043 ], [ 90.386405840000066, 23.751338940000039 ], [ 90.387163900000076, 23.751117112000031 ], [ 90.387136824000038, 23.750957995000078 ], [ 90.393075198000076, 23.749910756000077 ], [ 90.393121251000082, 23.749822619000042 ], [ 90.392994523000084, 23.748671306000062 ], [ 90.391872873000068, 23.741721429000052 ], [ 90.391405327000086, 23.741755002000048 ], [ 90.391316121000045, 23.74249541100005 ], [ 90.390958393000062, 23.742452530000037 ], [ 90.390858747000038, 23.742468077000069 ], [ 90.390839342000049, 23.742577104000077 ], [ 90.390211513000054, 23.742546994000065 ], [ 90.390191454000046, 23.742702585000075 ], [ 90.389932930000043, 23.742669569000043 ], [ 90.389943666000079, 23.742598078000071 ], [ 90.389396624000085, 23.742562942000063 ], [ 90.389378726000075, 23.742670756000052 ], [ 90.388725270000066, 23.742609870000024 ], [ 90.388721553000039, 23.742521057000033 ], [ 90.388472723000064, 23.742523325000036 ], [ 90.388474412000051, 23.742392356000039 ], [ 90.388120856000057, 23.74237927300004 ], [ 90.388139574000036, 23.742571009000073 ], [ 90.387726565000037, 23.74252754500003 ], [ 90.387348099000064, 23.742391187000067 ], [ 90.387347381000041, 23.742259865000051 ], [ 90.386845160000064, 23.742297769000061 ], [ 90.386849316000053, 23.742205290000072 ], [ 90.386324900000034, 23.74214962700006 ], [ 90.386272615000053, 23.742276367000045 ], [ 90.386205344000075, 23.742274232000057 ], [ 90.385669442000051, 23.742062060000023 ], [ 90.38554715500004, 23.742323816000066 ], [ 90.384572165000066, 23.742218275000027 ], [ 90.384516165000036, 23.742500676000077 ], [ 90.384092893000059, 23.742522916000041 ], [ 90.385319992000063, 23.746026056000062 ], [ 90.381693478000045, 23.745314819000043 ], [ 90.37816259300007, 23.751410771000053 ], [ 90.380450061000033, 23.752279669000075 ], [ 90.380507236000085, 23.753090576000034 ], [ 90.380723635000038, 23.753087847000074 ], [ 90.380812468000045, 23.753443081000057 ], [ 90.381114801000081, 23.753422764000049 ], [ 90.381203375000041, 23.753300609000064 ], [ 90.381490853000059, 23.753243447000045 ] ] ] } },
{ "type": "Feature", "properties": { "matched_key": "A_30262034", "navigation_parent_key": "A_302620", "admin_type": "city_thana", "admin_label": "City Thana (support)", "map_level": "support", "admin_rank": 2, "displayable": 0, "geometry_status": "EXACT/GEOMETRY", "location_label": "Kamrangichar Thana" }, "geometry": { "type": "Polygon", "coordinates": [ [ [ 90.355408914000066, 23.738465146000067 ], [ 90.355615114000045, 23.737995345000058 ], [ 90.35620321500005, 23.73805754600005 ], [ 90.356324315000052, 23.737894245000064 ], [ 90.361078457000076, 23.738546247000045 ], [ 90.362444207000067, 23.733158522000053 ], [ 90.362699675000044, 23.732503965000035 ], [ 90.363149956000086, 23.731776642000057 ], [ 90.365361446000065, 23.729199778000066 ], [ 90.36987012700007, 23.724878733000025 ], [ 90.370725404000041, 23.724403491000032 ], [ 90.371814419000032, 23.723970701000042 ], [ 90.374098071000049, 23.722862808000059 ], [ 90.376770724000039, 23.720913315000075 ], [ 90.378629225000054, 23.719944515000066 ], [ 90.37880862600008, 23.719570216000022 ], [ 90.379206826000086, 23.717491916000029 ], [ 90.379292622000037, 23.716870979000078 ], [ 90.37906681000004, 23.716856440000072 ], [ 90.379168375000063, 23.716202509000027 ], [ 90.379508992000069, 23.715255521000074 ], [ 90.379749109000045, 23.714963635000061 ], [ 90.380984595000086, 23.714337354000065 ], [ 90.382435378000082, 23.713956668000037 ], [ 90.382649828000069, 23.713696457000026 ], [ 90.384220652000067, 23.71327481000003 ], [ 90.384966607000081, 23.712782943000036 ], [ 90.385371024000051, 23.712908393000077 ], [ 90.385500152000077, 23.713034526000058 ], [ 90.385995514000058, 23.713060566000024 ], [ 90.386839530000032, 23.712364560000026 ], [ 90.387439738000069, 23.712028194000027 ], [ 90.387439045000065, 23.711855460000038 ], [ 90.387781969000059, 23.711712340000076 ], [ 90.389079694000031, 23.711835536000024 ], [ 90.390068783000061, 23.712085955000077 ], [ 90.390248927000073, 23.712194134000072 ], [ 90.390670589000081, 23.712002040000073 ], [ 90.391215886000055, 23.711540871000068 ], [ 90.391199822000033, 23.71100146200007 ], [ 90.391293971000039, 23.710910897000076 ], [ 90.390595835000056, 23.709742953000045 ], [ 90.389891913000042, 23.709098907000055 ], [ 90.389106797000068, 23.708777973000053 ], [ 90.385686597000074, 23.70804812700004 ], [ 90.382898252000075, 23.707641815000045 ], [ 90.380823799000041, 23.707524995000028 ], [ 90.376129953000031, 23.707538730000067 ], [ 90.37134783700003, 23.707125752000024 ], [ 90.368795965000061, 23.707068627000069 ], [ 90.366402257000061, 23.707444645000066 ], [ 90.36530881200008, 23.707781433000036 ], [ 90.364309049000042, 23.708296383000061 ], [ 90.362897601000043, 23.709374569000033 ], [ 90.36193036800006, 23.710354604000031 ], [ 90.360994839000057, 23.711944251000034 ], [ 90.360717743000066, 23.712624592000054 ], [ 90.360587094000039, 23.714835602000051 ], [ 90.360113943000044, 23.717361287000074 ], [ 90.359846448000042, 23.719760038000061 ], [ 90.35990998300008, 23.720791855000073 ], [ 90.359643550000044, 23.72089860400007 ], [ 90.358355175000042, 23.726013984000076 ], [ 90.357740110000066, 23.726898334000055 ], [ 90.355612765000046, 23.727960042000063 ], [ 90.355105269000035, 23.728044758000067 ], [ 90.356474954000078, 23.728423229000043 ], [ 90.357942348000051, 23.729101793000041 ], [ 90.357504573000085, 23.730067653000049 ], [ 90.357041241000047, 23.731512205000058 ], [ 90.356420398000068, 23.732986246000053 ], [ 90.354957438000042, 23.735271086000068 ], [ 90.35437777900006, 23.736573093000061 ], [ 90.352623821000066, 23.738892063000037 ], [ 90.354105313000048, 23.739407946000028 ], [ 90.354660513000056, 23.73915994500004 ], [ 90.355052114000046, 23.738855546000025 ], [ 90.355408914000066, 23.738465146000067 ] ] ] } },
{ "type": "Feature", "properties": { "matched_key": "A_30262036", "navigation_parent_key": "A_302620", "admin_type": "city_thana", "admin_label": "City Thana (support)", "map_level": "support", "admin_rank": 2, "displayable": 0, "geometry_status": "EXACT/GEOMETRY", "location_label": "Khilgaon Thana" }, "geometry": { "type": "Polygon", "coordinates": [ [ [ 90.467419756000083, 23.784954868000057 ], [ 90.467778432000046, 23.784899586000051 ], [ 90.468051829000046, 23.78498640600003 ], [ 90.468321434000075, 23.785241217000078 ], [ 90.468915306000042, 23.785280012000044 ], [ 90.470369049000055, 23.784950426000023 ], [ 90.471317855000052, 23.784839145000035 ], [ 90.470934405000037, 23.784316439000065 ], [ 90.47079136800005, 23.783777193000049 ], [ 90.470888641000045, 23.782681726000078 ], [ 90.472334702000069, 23.780690194000044 ], [ 90.472735856000043, 23.780002510000031 ], [ 90.473680375000072, 23.778940573000057 ], [ 90.474442669000041, 23.778378228000065 ], [ 90.475049695000052, 23.778137005000076 ], [ 90.475635380000085, 23.778099072000032 ], [ 90.477128838000056, 23.778205111000034 ], [ 90.477612830000055, 23.778036515000053 ], [ 90.478498273000071, 23.777272802000027 ], [ 90.48095231700006, 23.775036449000027 ], [ 90.481374396000035, 23.774551902000042 ], [ 90.48315917900004, 23.771500174000039 ], [ 90.48331782300005, 23.770774832000029 ], [ 90.483232874000066, 23.769530893000024 ], [ 90.482437489000063, 23.767415294000045 ], [ 90.482354058000055, 23.766580064000038 ], [ 90.482429756000045, 23.76531755600007 ], [ 90.482947994000085, 23.763475597000024 ], [ 90.483187740000062, 23.761959672000046 ], [ 90.482160255000053, 23.761173004000057 ], [ 90.481727652000075, 23.761006804000033 ], [ 90.481695392000063, 23.760820516000024 ], [ 90.480395306000048, 23.759992554000064 ], [ 90.478955298000074, 23.759520568000028 ], [ 90.476536659000033, 23.758945458000028 ], [ 90.476032780000082, 23.758751618000076 ], [ 90.475939833000041, 23.75885713100007 ], [ 90.47544556400004, 23.758783980000032 ], [ 90.475427102000083, 23.758268556000075 ], [ 90.475216295000052, 23.758042906000071 ], [ 90.474745774000041, 23.757099338000046 ], [ 90.474569968000083, 23.756144705000054 ], [ 90.474449486000083, 23.754715705000024 ], [ 90.474045242000045, 23.754188550000038 ], [ 90.474043893000044, 23.753815971000051 ], [ 90.474327892000076, 23.752810249000049 ], [ 90.474432213000057, 23.749948923000034 ], [ 90.474314462000052, 23.749102500000049 ], [ 90.473215431000085, 23.747570367000037 ], [ 90.472580815000072, 23.747095850000051 ], [ 90.471552669000062, 23.747004181000023 ], [ 90.472295402000043, 23.746373004000077 ], [ 90.469398286000057, 23.746045467000044 ], [ 90.466712485000073, 23.745457166000051 ], [ 90.463330485000085, 23.745174865000024 ], [ 90.46282829200004, 23.745066044000055 ], [ 90.462880596000048, 23.744769782000049 ], [ 90.462626011000054, 23.744725138000035 ], [ 90.462614514000052, 23.744777748000047 ], [ 90.461823031000051, 23.744736763000049 ], [ 90.460936834000051, 23.744804879000071 ], [ 90.460890776000042, 23.744692758000042 ], [ 90.460712959000034, 23.744713972000056 ], [ 90.460730346000048, 23.744847270000037 ], [ 90.460341496000069, 23.744912830000032 ], [ 90.460374907000073, 23.74524520500006 ], [ 90.459349173000078, 23.745505140000034 ], [ 90.459296503000076, 23.746513371000049 ], [ 90.459174397000083, 23.747012443000074 ], [ 90.458921614000076, 23.747060156000032 ], [ 90.458926818000066, 23.747441504000051 ], [ 90.458579047000057, 23.747328671000048 ], [ 90.458358661000034, 23.747412969000038 ], [ 90.458173286000033, 23.748053904000074 ], [ 90.458524666000073, 23.748170906000041 ], [ 90.458692884000072, 23.749030976000029 ], [ 90.459686626000064, 23.74980226200006 ], [ 90.45451550000007, 23.750760119000063 ], [ 90.454119123000055, 23.750989926000045 ], [ 90.452230569000051, 23.752673951000077 ], [ 90.45128212700007, 23.751837484000077 ], [ 90.450486627000032, 23.751518285000031 ], [ 90.448722953000072, 23.750294577000034 ], [ 90.448444975000086, 23.750341146000039 ], [ 90.448405408000042, 23.750949376000051 ], [ 90.44849374000006, 23.750965848000078 ], [ 90.448504544000059, 23.751227988000039 ], [ 90.448575979000054, 23.751251947000071 ], [ 90.447230080000054, 23.751342714000032 ], [ 90.447162926000033, 23.752195010000037 ], [ 90.446937966000064, 23.75218377300007 ], [ 90.445271464000086, 23.752642370000046 ], [ 90.445106421000048, 23.753025361000027 ], [ 90.444271659000037, 23.754319818000056 ], [ 90.444256701000086, 23.754479751000076 ], [ 90.444018073000052, 23.754532163000079 ], [ 90.443649822000054, 23.754470726000022 ], [ 90.443267905000084, 23.754192598000031 ], [ 90.442703779000055, 23.754242584000053 ], [ 90.442550545000074, 23.754075256000078 ], [ 90.442532820000054, 23.753924379000068 ], [ 90.442408299000078, 23.753934655000023 ], [ 90.44230043500005, 23.752044426000055 ], [ 90.442356745000041, 23.751745605000053 ], [ 90.442197371000077, 23.751048155000035 ], [ 90.442230661000053, 23.750723320000077 ], [ 90.442100004000054, 23.750718835000043 ], [ 90.44196446400008, 23.749931612000069 ], [ 90.441540954000061, 23.749933726000052 ], [ 90.44167142200007, 23.749366982000026 ], [ 90.441774907000081, 23.749386198000025 ], [ 90.441831527000033, 23.749170631000027 ], [ 90.441899343000046, 23.749185272000034 ], [ 90.442132103000063, 23.748527086000024 ], [ 90.442425779000075, 23.746787519000065 ], [ 90.442230821000066, 23.746761827000057 ], [ 90.442084247000082, 23.746861075000027 ], [ 90.442159687000071, 23.746522250000055 ], [ 90.44197984300007, 23.74642827100007 ], [ 90.441558053000051, 23.746413655000026 ], [ 90.441533258000049, 23.746617707000041 ], [ 90.440881629000046, 23.746551817000068 ], [ 90.440811846000031, 23.747245613000075 ], [ 90.440356142000041, 23.747241860000031 ], [ 90.440042321000078, 23.747537427000054 ], [ 90.439766864000035, 23.74747713000005 ], [ 90.43973165500006, 23.746928400000058 ], [ 90.43954883300006, 23.746852226000044 ], [ 90.439428156000076, 23.745680658000026 ], [ 90.439082456000051, 23.745078958000079 ], [ 90.437825856000075, 23.744730658000037 ], [ 90.437379256000042, 23.744486358000074 ], [ 90.436967353000057, 23.744508002000032 ], [ 90.437067076000062, 23.742687144000058 ], [ 90.437352494000038, 23.742137590000027 ], [ 90.436690573000078, 23.741790986000069 ], [ 90.436021790000041, 23.742841801000054 ], [ 90.435393005000037, 23.742832538000073 ], [ 90.435397739000052, 23.742695636000064 ], [ 90.434334597000031, 23.742541127000038 ], [ 90.434192991000032, 23.742915599000071 ], [ 90.43359373800007, 23.743141284000046 ], [ 90.432984827000041, 23.743501469000023 ], [ 90.432109453000066, 23.743754852000052 ], [ 90.430637940000054, 23.744346249000046 ], [ 90.429891739000084, 23.744288549000032 ], [ 90.429894440000055, 23.743846649000034 ], [ 90.429757640000048, 23.743760749000046 ], [ 90.427623840000081, 23.743635750000067 ], [ 90.427476545000047, 23.743581192000079 ], [ 90.427475645000072, 23.743515738000042 ], [ 90.426712941000062, 23.743540963000044 ], [ 90.426668864000078, 23.744188260000044 ], [ 90.426585086000046, 23.744215369000074 ], [ 90.42635701200004, 23.745322171000055 ], [ 90.425960089000057, 23.746004749000065 ], [ 90.42519074300003, 23.74693890900005 ], [ 90.424039733000086, 23.747871172000032 ], [ 90.422955916000035, 23.748313230000065 ], [ 90.421460850000074, 23.748676270000033 ], [ 90.416060480000056, 23.749414104000039 ], [ 90.416280344000086, 23.750683913000046 ], [ 90.416675443000031, 23.751687713000024 ], [ 90.417044844000031, 23.752043713000035 ], [ 90.418154409000067, 23.752380907000031 ], [ 90.419987008000078, 23.752351808000071 ], [ 90.421304743000064, 23.752146466000056 ], [ 90.423906247000048, 23.751346759000057 ], [ 90.424591326000041, 23.750974550000024 ], [ 90.424972311000033, 23.750672377000058 ], [ 90.425131011000076, 23.751002885000048 ], [ 90.425478444000078, 23.752677360000064 ], [ 90.426843051000048, 23.752687481000066 ], [ 90.426848155000073, 23.753456422000056 ], [ 90.426715157000046, 23.754501998000023 ], [ 90.426938975000041, 23.754508198000053 ], [ 90.426963036000075, 23.754648042000042 ], [ 90.426883631000067, 23.754781495000032 ], [ 90.426952125000071, 23.755279097000027 ], [ 90.426883633000045, 23.755317471000069 ], [ 90.426787897000054, 23.755919315000028 ], [ 90.426944576000039, 23.755988166000066 ], [ 90.426846519000037, 23.75641870000004 ], [ 90.426706721000073, 23.756401008000068 ], [ 90.426559825000083, 23.75679401900004 ], [ 90.426427259000036, 23.756785219000051 ], [ 90.426378867000039, 23.757162191000077 ], [ 90.426110269000048, 23.757941295000023 ], [ 90.42659892000006, 23.758019507000029 ], [ 90.427360400000055, 23.758303374000036 ], [ 90.427500500000065, 23.757940674000054 ], [ 90.429256499000076, 23.758753673000058 ], [ 90.430305500000031, 23.760997373000066 ], [ 90.431082587000049, 23.760771479000027 ], [ 90.431149839000057, 23.760973574000047 ], [ 90.43125258300006, 23.760949628000049 ], [ 90.431313694000039, 23.761135724000042 ], [ 90.431427166000049, 23.761102809000079 ], [ 90.431493010000054, 23.761280647000035 ], [ 90.431599131000041, 23.761247121000054 ], [ 90.431678790000035, 23.761461064000059 ], [ 90.431996800000036, 23.761375072000078 ], [ 90.432102950000058, 23.761817750000034 ], [ 90.432488827000043, 23.762736326000038 ], [ 90.432673950000037, 23.762953122000056 ], [ 90.433067023000035, 23.763735030000078 ], [ 90.433822964000058, 23.763570149000032 ], [ 90.433824728000047, 23.763427161000038 ], [ 90.435724279000056, 23.763053746000026 ], [ 90.436671791000038, 23.763017199000046 ], [ 90.437478955000074, 23.762646844000074 ], [ 90.440321295000047, 23.762663609000072 ], [ 90.445111181000073, 23.762250477000066 ], [ 90.446159397000031, 23.762286006000068 ], [ 90.448696858000062, 23.76207776800004 ], [ 90.448651639000047, 23.761387753000065 ], [ 90.450468608000051, 23.761284395000075 ], [ 90.450492119000046, 23.760326122000038 ], [ 90.452367848000051, 23.760330913000075 ], [ 90.452675231000057, 23.76449976300006 ], [ 90.448927224000045, 23.764803607000033 ], [ 90.449193855000033, 23.768049192000035 ], [ 90.456447667000077, 23.767502163000074 ], [ 90.457587538000041, 23.767485647000058 ], [ 90.460058652000043, 23.767201444000023 ], [ 90.460597806000067, 23.766932175000022 ], [ 90.460921792000079, 23.766961637000065 ], [ 90.46047033900004, 23.767830090000075 ], [ 90.460429415000078, 23.768227637000052 ], [ 90.460494375000053, 23.768559382000035 ], [ 90.461214729000062, 23.769151110000053 ], [ 90.461204811000073, 23.769295656000054 ], [ 90.459940862000053, 23.770584279000047 ], [ 90.459753247000037, 23.771305171000051 ], [ 90.460123427000042, 23.771392133000063 ], [ 90.460715100000073, 23.771320367000044 ], [ 90.460831921000079, 23.771399053000039 ], [ 90.460843209000075, 23.771642891000056 ], [ 90.460621567000032, 23.771758715000033 ], [ 90.46050639200007, 23.771973578000029 ], [ 90.461100272000067, 23.772527295000032 ], [ 90.461227815000086, 23.77251562400005 ], [ 90.461303814000075, 23.773018950000051 ], [ 90.461820522000039, 23.773256763000063 ], [ 90.462180303000082, 23.773696016000031 ], [ 90.462181859000054, 23.774136336000026 ], [ 90.461466538000082, 23.774632999000062 ], [ 90.459375028000068, 23.774693428000035 ], [ 90.458837462000076, 23.774805674000049 ], [ 90.458719772000052, 23.775354739000022 ], [ 90.459082094000053, 23.776344962000053 ], [ 90.459443257000032, 23.777003250000064 ], [ 90.459745274000056, 23.777937199000064 ], [ 90.460285562000081, 23.778594952000049 ], [ 90.461242824000067, 23.779032423000046 ], [ 90.461962087000074, 23.779470598000046 ], [ 90.462321882000083, 23.779909848000045 ], [ 90.462323440000034, 23.780350170000077 ], [ 90.46208789700006, 23.781396369000049 ], [ 90.462926561000074, 23.781942572000048 ], [ 90.463467477000052, 23.78276740900003 ], [ 90.463473595000039, 23.782936747000065 ], [ 90.46424508900003, 23.782873460000076 ], [ 90.464568718000066, 23.782624097000053 ], [ 90.465263299000071, 23.783532014000059 ], [ 90.465622550000035, 23.783639319000031 ], [ 90.466042490000063, 23.78407837900005 ], [ 90.466283868000062, 23.784847658000047 ], [ 90.466524685000081, 23.785287254000025 ], [ 90.466883746000065, 23.785340365000025 ], [ 90.467419756000083, 23.784954868000057 ] ] ] } },
{ "type": "Feature", "properties": { "matched_key": "A_30262040", "navigation_parent_key": "A_302620", "admin_type": "city_thana", "admin_label": "City Thana (support)", "map_level": "support", "admin_rank": 2, "displayable": 0, "geometry_status": "EXACT/GEOMETRY", "location_label": "Kotwali Thana" }, "geometry": { "type": "Polygon", "coordinates": [ [ [ 90.406850528000064, 23.713888610000026 ], [ 90.407175393000045, 23.713899101000038 ], [ 90.407230140000081, 23.713519278000035 ], [ 90.407404906000068, 23.713546712000038 ], [ 90.407429668000077, 23.713453784000023 ], [ 90.407662542000082, 23.71357026000004 ], [ 90.408024382000065, 23.713588212000047 ], [ 90.408034017000034, 23.713474279000025 ], [ 90.408315339000069, 23.713451787000054 ], [ 90.408322619000046, 23.713381564000031 ], [ 90.408688313000084, 23.71338481600003 ], [ 90.409037529000045, 23.713283337000064 ], [ 90.40943530800007, 23.71296393700004 ], [ 90.410315301000082, 23.712908586000026 ], [ 90.410603552000055, 23.712793849000036 ], [ 90.410719488000041, 23.713152446000038 ], [ 90.411071488000061, 23.713317546000042 ], [ 90.411157288000084, 23.71343534600004 ], [ 90.411140445000058, 23.713780279000048 ], [ 90.411478268000053, 23.71369909200007 ], [ 90.411657861000037, 23.710890206000045 ], [ 90.411823985000069, 23.710099421000052 ], [ 90.412002733000065, 23.709685532000037 ], [ 90.412018832000058, 23.709253333000049 ], [ 90.411929732000033, 23.708768733000056 ], [ 90.41234485800004, 23.708656122000036 ], [ 90.412593058000084, 23.708696522000025 ], [ 90.412626058000058, 23.708242822000045 ], [ 90.412460857000042, 23.707012722000059 ], [ 90.412388924000084, 23.704986246000033 ], [ 90.412055189000057, 23.704392692000056 ], [ 90.411991185000034, 23.704435397000054 ], [ 90.411867528000073, 23.704243478000024 ], [ 90.410624319000078, 23.705066480000028 ], [ 90.410714986000073, 23.705240113000059 ], [ 90.410276870000075, 23.705514503000074 ], [ 90.408535507000067, 23.706438166000055 ], [ 90.408216862000074, 23.70630579300007 ], [ 90.407742730000052, 23.706828675000054 ], [ 90.403368746000069, 23.70916825200004 ], [ 90.402307695000047, 23.709629394000046 ], [ 90.403075073000082, 23.711149374000058 ], [ 90.40334223900004, 23.712444676000075 ], [ 90.403717039000071, 23.712968076000038 ], [ 90.404000542000063, 23.713219116000062 ], [ 90.404598186000044, 23.713550284000064 ], [ 90.406492812000067, 23.714255752000042 ], [ 90.406880374000082, 23.71434957300005 ], [ 90.406850528000064, 23.713888610000026 ] ] ] } },
{ "type": "Feature", "properties": { "matched_key": "A_30262042", "navigation_parent_key": "A_302620", "admin_type": "city_thana", "admin_label": "City Thana (support)", "map_level": "support", "admin_rank": 2, "displayable": 0, "geometry_status": "EXACT/GEOMETRY", "location_label": "Lalbag Thana" }, "geometry": { "type": "Polygon", "coordinates": [ [ [ 90.387932263000039, 23.729206413000043 ], [ 90.389594791000036, 23.727478876000077 ], [ 90.38941483900004, 23.727151550000031 ], [ 90.38898996100005, 23.724987962000057 ], [ 90.390263823000055, 23.724915934000023 ], [ 90.390224364000062, 23.723861653000029 ], [ 90.390441948000046, 23.723862243000042 ], [ 90.390575132000038, 23.722994153000059 ], [ 90.39057615300004, 23.722211795000078 ], [ 90.390266681000071, 23.722116025000048 ], [ 90.389827291000074, 23.722322332000033 ], [ 90.389745600000083, 23.722039961000064 ], [ 90.389883895000082, 23.721367524000073 ], [ 90.389886623000052, 23.720896779000043 ], [ 90.389705986000081, 23.720905838000078 ], [ 90.389692930000081, 23.720705122000027 ], [ 90.389517530000035, 23.720641878000038 ], [ 90.389805281000065, 23.720058425000047 ], [ 90.389847782000061, 23.719840326000053 ], [ 90.389707607000048, 23.719825179000054 ], [ 90.389998153000079, 23.719262440000023 ], [ 90.390010553000081, 23.719102081000074 ], [ 90.389727539000035, 23.718158901000038 ], [ 90.389543855000056, 23.717039199000055 ], [ 90.389304671000048, 23.716988001000061 ], [ 90.389095873000031, 23.716867819000072 ], [ 90.389084682000032, 23.716772625000033 ], [ 90.388816382000073, 23.716654725000069 ], [ 90.388825546000078, 23.716201859000023 ], [ 90.388078603000054, 23.716214125000079 ], [ 90.388043412000059, 23.716396626000062 ], [ 90.387884023000083, 23.716428545000042 ], [ 90.387883118000047, 23.716291850000061 ], [ 90.387117997000075, 23.71626887900004 ], [ 90.38713888400008, 23.716153908000024 ], [ 90.386745006000069, 23.716023991000043 ], [ 90.386696061000066, 23.716115310000077 ], [ 90.386408395000046, 23.716096531000062 ], [ 90.385916890000033, 23.715698890000056 ], [ 90.385452888000032, 23.715100732000053 ], [ 90.385348114000067, 23.715226873000063 ], [ 90.384504883000034, 23.714399825000044 ], [ 90.383234358000038, 23.713561779000031 ], [ 90.382649828000069, 23.713696457000026 ], [ 90.382435378000082, 23.713956668000037 ], [ 90.380984595000086, 23.714337354000065 ], [ 90.380184188000044, 23.714710856000067 ], [ 90.379568787000039, 23.715153758000042 ], [ 90.379270201000054, 23.71579353900006 ], [ 90.37906681000004, 23.716856440000072 ], [ 90.379292622000037, 23.716870979000078 ], [ 90.379206826000086, 23.717491916000029 ], [ 90.37880862600008, 23.719570216000022 ], [ 90.378629225000054, 23.719944515000066 ], [ 90.376770724000039, 23.720913315000075 ], [ 90.37440218100005, 23.722628368000073 ], [ 90.375923180000086, 23.72477556900003 ], [ 90.37629448000007, 23.725731569000061 ], [ 90.37649188000006, 23.725920169000062 ], [ 90.377425337000034, 23.726113348000069 ], [ 90.377354738000065, 23.725407648000044 ], [ 90.37882793700004, 23.725289348000047 ], [ 90.379078237000044, 23.724939148000033 ], [ 90.37922783700003, 23.725094348000027 ], [ 90.379735678000031, 23.72606300800004 ], [ 90.379488257000048, 23.728642821000051 ], [ 90.37943219400006, 23.728645826000047 ], [ 90.379452220000076, 23.729226763000042 ], [ 90.379287053000041, 23.72921840500004 ], [ 90.379144853000071, 23.730547896000076 ], [ 90.380344336000064, 23.731195792000051 ], [ 90.381889388000047, 23.732167491000041 ], [ 90.382202362000044, 23.732248012000071 ], [ 90.385032705000071, 23.73236969900006 ], [ 90.387056437000069, 23.732619817000057 ], [ 90.386990647000061, 23.731506778000039 ], [ 90.387078697000049, 23.731021015000067 ], [ 90.387454182000056, 23.72995859200006 ], [ 90.387932263000039, 23.729206413000043 ] ] ] } },
{ "type": "Feature", "properties": { "matched_key": "A_30262054", "navigation_parent_key": "A_302620", "admin_type": "city_thana", "admin_label": "City Thana (support)", "map_level": "support", "admin_rank": 2, "displayable": 0, "geometry_status": "EXACT/GEOMETRY", "location_label": "Motijheel Thana" }, "geometry": { "type": "Polygon", "coordinates": [ [ [ 90.426703415000077, 23.740570155000057 ], [ 90.426979020000033, 23.740633550000041 ], [ 90.427219722000075, 23.740176009000038 ], [ 90.428138113000045, 23.739187654000034 ], [ 90.428434981000066, 23.738673013000039 ], [ 90.428648025000086, 23.734358737000036 ], [ 90.428527889000065, 23.731359802000043 ], [ 90.428629339000054, 23.729382902000054 ], [ 90.428538014000083, 23.729386658000067 ], [ 90.428556945000082, 23.729016657000045 ], [ 90.428648969000051, 23.729014530000029 ], [ 90.428751967000039, 23.726454002000025 ], [ 90.428813683000044, 23.722335076000036 ], [ 90.427424474000077, 23.722355659000073 ], [ 90.427234820000081, 23.722255841000049 ], [ 90.427125216000036, 23.722068035000063 ], [ 90.425446040000054, 23.721873108000068 ], [ 90.424638421000054, 23.721542228000033 ], [ 90.42332450300006, 23.721432053000058 ], [ 90.421569194000085, 23.721559583000044 ], [ 90.421378094000033, 23.721468083000047 ], [ 90.421042794000073, 23.721466882000072 ], [ 90.420513272000051, 23.721510585000033 ], [ 90.420406294000031, 23.721688283000049 ], [ 90.420262194000031, 23.721714783000039 ], [ 90.416460595000046, 23.722233482000036 ], [ 90.414596245000041, 23.72300367400004 ], [ 90.414684780000073, 23.724823418000028 ], [ 90.414927815000055, 23.725391966000075 ], [ 90.415219415000081, 23.725799165000069 ], [ 90.415253015000076, 23.726081865000026 ], [ 90.415190193000058, 23.731153882000058 ], [ 90.415265292000072, 23.73226978200006 ], [ 90.415445177000038, 23.732791632000044 ], [ 90.41499864900004, 23.732851011000037 ], [ 90.41503061700007, 23.733331781000061 ], [ 90.415215199000045, 23.733332614000062 ], [ 90.415180279000083, 23.733582854000076 ], [ 90.415385798000045, 23.733645698000032 ], [ 90.415825174000076, 23.733596430000034 ], [ 90.417107338000051, 23.735139850000053 ], [ 90.419848216000048, 23.739925048000032 ], [ 90.420835667000063, 23.739108289000058 ], [ 90.423573286000078, 23.736309462000065 ], [ 90.423929666000049, 23.735730141000033 ], [ 90.424956405000046, 23.733296554000049 ], [ 90.425725742000054, 23.733326473000034 ], [ 90.42557792100007, 23.737321592000058 ], [ 90.425852271000053, 23.738714088000052 ], [ 90.425357551000047, 23.738974547000055 ], [ 90.425378028000068, 23.739346327000078 ], [ 90.425417727000081, 23.739582127000062 ], [ 90.425754927000071, 23.740198627000041 ], [ 90.42606932800004, 23.74050072700004 ], [ 90.426535715000057, 23.740662255000075 ], [ 90.426703415000077, 23.740570155000057 ] ] ] } },
{ "type": "Feature", "properties": { "matched_key": "A_30262057", "navigation_parent_key": "A_302620", "admin_type": "city_thana", "admin_label": "City Thana (support)", "map_level": "support", "admin_rank": 2, "displayable": 0, "geometry_status": "EXACT/GEOMETRY", "location_label": "Mugda Thana" }, "geometry": { "type": "Polygon", "coordinates": [ [ [ 90.435171384000057, 23.735030871000049 ], [ 90.435632836000082, 23.735015161000035 ], [ 90.435824612000033, 23.734561196000072 ], [ 90.436182669000061, 23.734577796000053 ], [ 90.43625210600004, 23.734805668000035 ], [ 90.436680843000033, 23.734824128000071 ], [ 90.436690327000065, 23.734681103000071 ], [ 90.437207012000044, 23.734652919000041 ], [ 90.436450654000055, 23.733302579000053 ], [ 90.437839756000074, 23.733001907000073 ], [ 90.439453613000069, 23.733063583000046 ], [ 90.440815860000043, 23.732872780000037 ], [ 90.441486984000051, 23.733000662000052 ], [ 90.441486503000078, 23.733084895000047 ], [ 90.441951724000035, 23.733082357000058 ], [ 90.44353637100005, 23.733367830000077 ], [ 90.443505065000068, 23.733575460000054 ], [ 90.444706434000068, 23.733701110000027 ], [ 90.444697916000052, 23.734241128000065 ], [ 90.445541078000076, 23.734412639000027 ], [ 90.447132209000074, 23.734539727000026 ], [ 90.447526801000038, 23.734330967000062 ], [ 90.448101707000035, 23.733540652000045 ], [ 90.449124938000068, 23.732904373000054 ], [ 90.450344105000056, 23.732631969000067 ], [ 90.451109244000065, 23.732814554000072 ], [ 90.452808641000047, 23.733789425000055 ], [ 90.454380354000079, 23.734119394000061 ], [ 90.455692104000036, 23.734342569000034 ], [ 90.456743387000074, 23.734315569000046 ], [ 90.457849989000067, 23.734147397000072 ], [ 90.458740680000062, 23.734256161000076 ], [ 90.460428086000036, 23.73046654500007 ], [ 90.46046095500003, 23.728738587000066 ], [ 90.460660329000063, 23.726908860000037 ], [ 90.457493770000042, 23.724616193000031 ], [ 90.452500044000033, 23.72361489900004 ], [ 90.450171843000078, 23.723310398000024 ], [ 90.446823787000085, 23.723060804000056 ], [ 90.44638591100005, 23.723366542000065 ], [ 90.446121042000073, 23.723733120000077 ], [ 90.445768290000046, 23.72404123900003 ], [ 90.44557962500005, 23.724278883000068 ], [ 90.445399871000063, 23.724791992000064 ], [ 90.445289040000034, 23.724837474000026 ], [ 90.444834551000042, 23.724619745000041 ], [ 90.444607592000068, 23.724595557000043 ], [ 90.444027288000086, 23.724886262000041 ], [ 90.443700712000066, 23.724959459000047 ], [ 90.443445810000071, 23.724831477000066 ], [ 90.442848089000051, 23.723598007000078 ], [ 90.441281115000038, 23.723712805000048 ], [ 90.441498051000053, 23.722150598000042 ], [ 90.441373045000034, 23.722029073000044 ], [ 90.439215731000047, 23.721867996000071 ], [ 90.439060448000077, 23.722002131000067 ], [ 90.438938446000066, 23.72294172200003 ], [ 90.437242472000037, 23.722824279000065 ], [ 90.436679537000032, 23.723044071000061 ], [ 90.436595399000055, 23.722860439000044 ], [ 90.43624931800008, 23.722729322000077 ], [ 90.43549039800007, 23.722598231000063 ], [ 90.435399178000068, 23.722301091000077 ], [ 90.434826800000053, 23.722629738000023 ], [ 90.434448144000044, 23.722692837000068 ], [ 90.432652606000033, 23.722592166000027 ], [ 90.431875383000033, 23.72241977300007 ], [ 90.431769836000058, 23.722248532000037 ], [ 90.431787716000031, 23.721728273000053 ], [ 90.431629858000065, 23.721717242000068 ], [ 90.431558166000059, 23.721386686000073 ], [ 90.431267383000034, 23.720806774000039 ], [ 90.431270061000077, 23.719567552000058 ], [ 90.430572200000086, 23.719468464000045 ], [ 90.429818141000055, 23.719491142000038 ], [ 90.429801675000078, 23.719417102000023 ], [ 90.429590889000053, 23.719359534000034 ], [ 90.429546175000041, 23.719444546000034 ], [ 90.429060976000073, 23.719244667000055 ], [ 90.428791534000084, 23.722677918000045 ], [ 90.428751967000039, 23.726454002000025 ], [ 90.428648969000051, 23.729014530000029 ], [ 90.428556945000082, 23.729016657000045 ], [ 90.428538014000083, 23.729386658000067 ], [ 90.428629339000054, 23.729382902000054 ], [ 90.42854180300003, 23.732489908000048 ], [ 90.429378069000052, 23.732478993000029 ], [ 90.429445367000085, 23.733314524000036 ], [ 90.430219849000082, 23.733446195000056 ], [ 90.430284932000063, 23.733155907000025 ], [ 90.430639571000086, 23.733218147000059 ], [ 90.430698079000081, 23.733107336000046 ], [ 90.431498519000058, 23.733229904000041 ], [ 90.431413079000038, 23.733541546000026 ], [ 90.431818025000041, 23.733629747000066 ], [ 90.431885130000069, 23.733302844000036 ], [ 90.432275343000072, 23.733351586000026 ], [ 90.432253162000052, 23.733491503000039 ], [ 90.432378360000087, 23.733525051000072 ], [ 90.432702310000082, 23.733516498000029 ], [ 90.432698319000053, 23.73341620900004 ], [ 90.433079343000031, 23.733307866000075 ], [ 90.433718408000061, 23.733580927000048 ], [ 90.43354424100005, 23.734098323000069 ], [ 90.433785912000076, 23.73417173100006 ], [ 90.433696043000054, 23.734678160000044 ], [ 90.434159264000073, 23.734654091000039 ], [ 90.435060777000047, 23.734783923000066 ], [ 90.435171384000057, 23.735030871000049 ] ] ] } },
{ "type": "Feature", "properties": { "matched_key": "A_30262063", "navigation_parent_key": "A_302620", "admin_type": "city_thana", "admin_label": "City Thana (support)", "map_level": "support", "admin_rank": 2, "displayable": 0, "geometry_status": "EXACT/GEOMETRY", "location_label": "Newmarket Thana" }, "geometry": { "type": "Polygon", "coordinates": [ [ [ 90.390191454000046, 23.742702585000075 ], [ 90.390211513000054, 23.742546994000065 ], [ 90.390839342000049, 23.742577104000077 ], [ 90.390858747000038, 23.742468077000069 ], [ 90.390958393000062, 23.742452530000037 ], [ 90.391316121000045, 23.74249541100005 ], [ 90.391405327000086, 23.741755002000048 ], [ 90.391850189000081, 23.741723745000058 ], [ 90.391656476000037, 23.740723892000062 ], [ 90.391341358000034, 23.73972886200005 ], [ 90.390621900000042, 23.738043872000048 ], [ 90.389980624000032, 23.737072244000046 ], [ 90.387772142000074, 23.734304835000046 ], [ 90.387426957000059, 23.733702784000059 ], [ 90.387062570000069, 23.732619800000066 ], [ 90.385032705000071, 23.73236969900006 ], [ 90.382202362000044, 23.732248012000071 ], [ 90.381889388000047, 23.732167491000041 ], [ 90.380344336000064, 23.731195792000051 ], [ 90.379144853000071, 23.730547896000076 ], [ 90.379287053000041, 23.72921840500004 ], [ 90.379452220000076, 23.729226763000042 ], [ 90.37943219400006, 23.728645826000047 ], [ 90.379488257000048, 23.728642821000051 ], [ 90.379735678000031, 23.72606300800004 ], [ 90.379351338000049, 23.725268848000042 ], [ 90.379078237000044, 23.724939148000033 ], [ 90.37882793700004, 23.725289348000047 ], [ 90.377354738000065, 23.725407648000044 ], [ 90.377425337000034, 23.726113348000069 ], [ 90.376991936000081, 23.726071194000042 ], [ 90.376948822000031, 23.726788015000068 ], [ 90.376802621000081, 23.72728971500004 ], [ 90.376345421000053, 23.728140615000029 ], [ 90.376063920000036, 23.728558415000066 ], [ 90.375831921000042, 23.72874381400004 ], [ 90.375412920000031, 23.729712715000062 ], [ 90.371599118000063, 23.731738212000039 ], [ 90.370582493000086, 23.732018969000023 ], [ 90.370646574000034, 23.732059915000036 ], [ 90.370358088000046, 23.733303313000079 ], [ 90.370161151000048, 23.735268254000061 ], [ 90.370355589000042, 23.736391911000055 ], [ 90.370599218000052, 23.73662087200006 ], [ 90.371303521000073, 23.73694660700005 ], [ 90.376459694000062, 23.738289246000022 ], [ 90.377381314000047, 23.738438055000074 ], [ 90.378624880000075, 23.737338366000074 ], [ 90.379910233000032, 23.737686154000073 ], [ 90.381084179000084, 23.73786489400004 ], [ 90.381379630000083, 23.737984587000028 ], [ 90.383545551000054, 23.738405132000025 ], [ 90.383086885000068, 23.740519555000049 ], [ 90.383426370000052, 23.740850656000077 ], [ 90.384092893000059, 23.742522916000041 ], [ 90.384516165000036, 23.742500676000077 ], [ 90.384572165000066, 23.742218275000027 ], [ 90.38554715500004, 23.742323816000066 ], [ 90.385669442000051, 23.742062060000023 ], [ 90.386205344000075, 23.742274232000057 ], [ 90.386272615000053, 23.742276367000045 ], [ 90.386324900000034, 23.74214962700006 ], [ 90.386849316000053, 23.742205290000072 ], [ 90.386845160000064, 23.742297769000061 ], [ 90.387347381000041, 23.742259865000051 ], [ 90.387348099000064, 23.742391187000067 ], [ 90.387726565000037, 23.74252754500003 ], [ 90.388139574000036, 23.742571009000073 ], [ 90.388120856000057, 23.74237927300004 ], [ 90.388474412000051, 23.742392356000039 ], [ 90.388472723000064, 23.742523325000036 ], [ 90.388721553000039, 23.742521057000033 ], [ 90.388725270000066, 23.742609870000024 ], [ 90.389378726000075, 23.742670756000052 ], [ 90.389396624000085, 23.742562942000063 ], [ 90.389943666000079, 23.742598078000071 ], [ 90.389932930000043, 23.742669569000043 ], [ 90.390191454000046, 23.742702585000075 ] ] ] } },
{ "type": "Feature", "properties": { "matched_key": "A_30262065", "navigation_parent_key": "A_302620", "admin_type": "city_thana", "admin_label": "City Thana (support)", "map_level": "support", "admin_rank": 2, "displayable": 0, "geometry_status": "EXACT/GEOMETRY", "location_label": "Paltan Thana" }, "geometry": { "type": "Polygon", "coordinates": [ [ [ 90.419848216000048, 23.739925048000032 ], [ 90.417107338000051, 23.735139850000053 ], [ 90.415825174000076, 23.733596430000034 ], [ 90.415258791000042, 23.733630008000034 ], [ 90.415180279000083, 23.733582854000076 ], [ 90.415215199000045, 23.733332614000062 ], [ 90.41503061700007, 23.733331781000061 ], [ 90.41499864900004, 23.732851011000037 ], [ 90.415445177000038, 23.732791632000044 ], [ 90.415265292000072, 23.73226978200006 ], [ 90.415190193000058, 23.731153882000058 ], [ 90.415253015000076, 23.726081865000026 ], [ 90.415219415000081, 23.725799165000069 ], [ 90.414927815000055, 23.725391966000075 ], [ 90.414684780000073, 23.724823418000028 ], [ 90.414596245000041, 23.72300367400004 ], [ 90.413513494000085, 23.723106382000026 ], [ 90.41194364100005, 23.723056918000054 ], [ 90.411939802000063, 23.72295366000003 ], [ 90.410828865000042, 23.722970670000052 ], [ 90.410791493000033, 23.726664381000035 ], [ 90.410182536000036, 23.730197543000031 ], [ 90.410138993000032, 23.730846281000026 ], [ 90.410407383000063, 23.737183369000036 ], [ 90.408849203000045, 23.737466544000029 ], [ 90.412435765000055, 23.742316651000067 ], [ 90.413154741000085, 23.743089044000044 ], [ 90.414037308000047, 23.743868164000048 ], [ 90.414183545000071, 23.744162988000028 ], [ 90.415175548000036, 23.743498703000057 ], [ 90.419848216000048, 23.739925048000032 ] ] ] } },
{ "type": "Feature", "properties": { "matched_key": "A_30262066", "navigation_parent_key": "A_302620", "admin_type": "city_thana", "admin_label": "City Thana (support)", "map_level": "support", "admin_rank": 2, "displayable": 0, "geometry_status": "EXACT/GEOMETRY", "location_label": "Ramna Thana" }, "geometry": { "type": "Polygon", "coordinates": [ [ [ 90.412737909000043, 23.749635848000025 ], [ 90.412606827000047, 23.749280894000037 ], [ 90.412412538000069, 23.745496377000052 ], [ 90.414183545000071, 23.744162988000028 ], [ 90.414037308000047, 23.743868164000048 ], [ 90.413154741000085, 23.743089044000044 ], [ 90.412435765000055, 23.742316651000067 ], [ 90.408849203000045, 23.737466544000029 ], [ 90.410407383000063, 23.737183369000036 ], [ 90.410362493000036, 23.735979981000071 ], [ 90.406390792000082, 23.736005681000051 ], [ 90.406428193000067, 23.736426780000045 ], [ 90.406839793000074, 23.737100081000051 ], [ 90.406911215000036, 23.737544101000026 ], [ 90.405615923000084, 23.737524278000024 ], [ 90.405203389000064, 23.737599884000076 ], [ 90.40420273400008, 23.737442289000057 ], [ 90.404119923000053, 23.737773602000061 ], [ 90.403842403000056, 23.738279185000067 ], [ 90.403315184000064, 23.738842178000027 ], [ 90.401890323000032, 23.739816768000026 ], [ 90.400150223000082, 23.740648770000064 ], [ 90.399709850000079, 23.740966565000065 ], [ 90.398681427000042, 23.742045971000039 ], [ 90.395994243000075, 23.74139675400005 ], [ 90.395802041000081, 23.742652360000022 ], [ 90.394762373000049, 23.745882899000037 ], [ 90.400128971000072, 23.747341313000049 ], [ 90.402962138000078, 23.748395049000067 ], [ 90.405285488000061, 23.749129829000026 ], [ 90.406511094000052, 23.749179188000028 ], [ 90.407403737000038, 23.749023886000032 ], [ 90.408019347000049, 23.748808758000052 ], [ 90.409000143000071, 23.748148524000044 ], [ 90.40932005600007, 23.748443176000023 ], [ 90.409420517000058, 23.748293395000076 ], [ 90.41001962100006, 23.748235387000022 ], [ 90.410354286000086, 23.748255654000047 ], [ 90.410358118000033, 23.748387286000025 ], [ 90.410538959000064, 23.748418096000023 ], [ 90.410685671000067, 23.748284199000068 ], [ 90.410806307000087, 23.748361076000037 ], [ 90.410803996000084, 23.748451897000052 ], [ 90.411074074000055, 23.748453304000066 ], [ 90.41115463400007, 23.748950609000076 ], [ 90.411556823000069, 23.748940397000069 ], [ 90.411618855000086, 23.749333790000037 ], [ 90.41108425200008, 23.749445810000054 ], [ 90.411156455000082, 23.749854136000067 ], [ 90.412737909000043, 23.749635848000025 ] ] ] } },
{ "type": "Feature", "properties": { "matched_key": "A_30262068", "navigation_parent_key": "A_302620", "admin_type": "city_thana", "admin_label": "City Thana (support)", "map_level": "support", "admin_rank": 2, "displayable": 0, "geometry_status": "EXACT/GEOMETRY", "location_label": "Sabujbag Thana" }, "geometry": { "type": "Polygon", "coordinates": [ [ [ 90.444178657000066, 23.754521897000075 ], [ 90.445271464000086, 23.752642370000046 ], [ 90.446937966000064, 23.75218377300007 ], [ 90.447162926000033, 23.752195010000037 ], [ 90.447230080000054, 23.751342714000032 ], [ 90.448575979000054, 23.751251947000071 ], [ 90.448504544000059, 23.751227988000039 ], [ 90.44849374000006, 23.750965848000078 ], [ 90.448405408000042, 23.750949376000051 ], [ 90.448444975000086, 23.750341146000039 ], [ 90.448722953000072, 23.750294577000034 ], [ 90.450486627000032, 23.751518285000031 ], [ 90.45128212700007, 23.751837484000077 ], [ 90.452230569000051, 23.752673951000077 ], [ 90.454119123000055, 23.750989926000045 ], [ 90.45451550000007, 23.750760119000063 ], [ 90.459686626000064, 23.74980226200006 ], [ 90.458692884000072, 23.749030976000029 ], [ 90.458524666000073, 23.748170906000041 ], [ 90.458173286000033, 23.748053904000074 ], [ 90.458358661000034, 23.747412969000038 ], [ 90.458579047000057, 23.747328671000048 ], [ 90.458926818000066, 23.747441504000051 ], [ 90.458921614000076, 23.747060156000032 ], [ 90.459174397000083, 23.747012443000074 ], [ 90.459296503000076, 23.746513371000049 ], [ 90.459349173000078, 23.745505140000034 ], [ 90.460374907000073, 23.74524520500006 ], [ 90.460341496000069, 23.744912830000032 ], [ 90.460730346000048, 23.744847270000037 ], [ 90.460712959000034, 23.744713972000056 ], [ 90.460890776000042, 23.744692758000042 ], [ 90.460936834000051, 23.744804879000071 ], [ 90.461823031000051, 23.744736763000049 ], [ 90.462614514000052, 23.744777748000047 ], [ 90.462626011000054, 23.744725138000035 ], [ 90.462880596000048, 23.744769782000049 ], [ 90.46282829200004, 23.745066044000055 ], [ 90.463330485000085, 23.745174865000024 ], [ 90.466712485000073, 23.745457166000051 ], [ 90.469398286000057, 23.746045467000044 ], [ 90.472295402000043, 23.746373004000077 ], [ 90.475976098000046, 23.743397403000074 ], [ 90.474662432000059, 23.741929436000078 ], [ 90.47292064800007, 23.739033341000038 ], [ 90.469362097000044, 23.738633784000058 ], [ 90.46613392900008, 23.734333665000065 ], [ 90.464152479000063, 23.734207473000026 ], [ 90.461784087000069, 23.734334056000023 ], [ 90.459043888000053, 23.73429318500007 ], [ 90.457849989000067, 23.734147397000072 ], [ 90.456743387000074, 23.734315569000046 ], [ 90.455692104000036, 23.734342569000034 ], [ 90.452808641000047, 23.733789425000055 ], [ 90.451109244000065, 23.732814554000072 ], [ 90.450344105000056, 23.732631969000067 ], [ 90.449124938000068, 23.732904373000054 ], [ 90.448101707000035, 23.733540652000045 ], [ 90.447526801000038, 23.734330967000062 ], [ 90.447132209000074, 23.734539727000026 ], [ 90.445541078000076, 23.734412639000027 ], [ 90.444697916000052, 23.734241128000065 ], [ 90.444706434000068, 23.733701110000027 ], [ 90.443505065000068, 23.733575460000054 ], [ 90.44353637100005, 23.733367830000077 ], [ 90.441951724000035, 23.733082357000058 ], [ 90.441486503000078, 23.733084895000047 ], [ 90.441486984000051, 23.733000662000052 ], [ 90.440850653000041, 23.732874816000049 ], [ 90.439453613000069, 23.733063583000046 ], [ 90.437839756000074, 23.733001907000073 ], [ 90.436450654000055, 23.733302579000053 ], [ 90.437207012000044, 23.734652919000041 ], [ 90.436690327000065, 23.734681103000071 ], [ 90.436680843000033, 23.734824128000071 ], [ 90.43625210600004, 23.734805668000035 ], [ 90.436182669000061, 23.734577796000053 ], [ 90.435824612000033, 23.734561196000072 ], [ 90.435632836000082, 23.735015161000035 ], [ 90.435241601000087, 23.735063894000064 ], [ 90.435060777000047, 23.734783923000066 ], [ 90.434159264000073, 23.734654091000039 ], [ 90.433696043000054, 23.734678160000044 ], [ 90.433785912000076, 23.73417173100006 ], [ 90.43354424100005, 23.734098323000069 ], [ 90.433718408000061, 23.733580927000048 ], [ 90.433079343000031, 23.733307866000075 ], [ 90.432698319000053, 23.73341620900004 ], [ 90.432702310000082, 23.733516498000029 ], [ 90.432378360000087, 23.733525051000072 ], [ 90.432253162000052, 23.733491503000039 ], [ 90.432275343000072, 23.733351586000026 ], [ 90.431885130000069, 23.733302844000036 ], [ 90.431818025000041, 23.733629747000066 ], [ 90.431413079000038, 23.733541546000026 ], [ 90.431498519000058, 23.733229904000041 ], [ 90.430698079000081, 23.733107336000046 ], [ 90.430639571000086, 23.733218147000059 ], [ 90.430284932000063, 23.733155907000025 ], [ 90.430219849000082, 23.733446195000056 ], [ 90.429445367000085, 23.733314524000036 ], [ 90.429378069000052, 23.732478993000029 ], [ 90.42854180300003, 23.732489908000048 ], [ 90.428648025000086, 23.734358737000036 ], [ 90.428434981000066, 23.738673013000039 ], [ 90.428138113000045, 23.739187654000034 ], [ 90.427219722000075, 23.740176009000038 ], [ 90.426948885000058, 23.740714473000025 ], [ 90.426712941000062, 23.743540963000044 ], [ 90.427475645000072, 23.743515738000042 ], [ 90.427476545000047, 23.743581192000079 ], [ 90.427623840000081, 23.743635750000067 ], [ 90.429757640000048, 23.743760749000046 ], [ 90.429894440000055, 23.743846649000034 ], [ 90.429891739000084, 23.744288549000032 ], [ 90.430637940000054, 23.744346249000046 ], [ 90.432109453000066, 23.743754852000052 ], [ 90.432984827000041, 23.743501469000023 ], [ 90.43359373800007, 23.743141284000046 ], [ 90.434192991000032, 23.742915599000071 ], [ 90.434334597000031, 23.742541127000038 ], [ 90.435397739000052, 23.742695636000064 ], [ 90.435393005000037, 23.742832538000073 ], [ 90.436021790000041, 23.742841801000054 ], [ 90.436690573000078, 23.741790986000069 ], [ 90.437352494000038, 23.742137590000027 ], [ 90.437067076000062, 23.742687144000058 ], [ 90.436967353000057, 23.744508002000032 ], [ 90.437379256000042, 23.744486358000074 ], [ 90.437825856000075, 23.744730658000037 ], [ 90.439082456000051, 23.745078958000079 ], [ 90.439428156000076, 23.745680658000026 ], [ 90.43954883300006, 23.746852226000044 ], [ 90.43973165500006, 23.746928400000058 ], [ 90.439766864000035, 23.74747713000005 ], [ 90.440042321000078, 23.747537427000054 ], [ 90.440356142000041, 23.747241860000031 ], [ 90.440811846000031, 23.747245613000075 ], [ 90.440881629000046, 23.746551817000068 ], [ 90.441533258000049, 23.746617707000041 ], [ 90.441558053000051, 23.746413655000026 ], [ 90.44197984300007, 23.74642827100007 ], [ 90.442159687000071, 23.746522250000055 ], [ 90.442084247000082, 23.746861075000027 ], [ 90.442230821000066, 23.746761827000057 ], [ 90.442425779000075, 23.746787519000065 ], [ 90.442132103000063, 23.748527086000024 ], [ 90.441899343000046, 23.749185272000034 ], [ 90.441831527000033, 23.749170631000027 ], [ 90.441774907000081, 23.749386198000025 ], [ 90.44167142200007, 23.749366982000026 ], [ 90.441540954000061, 23.749933726000052 ], [ 90.44196446400008, 23.749931612000069 ], [ 90.442100004000054, 23.750718835000043 ], [ 90.442230661000053, 23.750723320000077 ], [ 90.442197371000077, 23.751048155000035 ], [ 90.442356745000041, 23.751745605000053 ], [ 90.44230043500005, 23.752044426000055 ], [ 90.442408299000078, 23.753934655000023 ], [ 90.442532820000054, 23.753924379000068 ], [ 90.442550545000074, 23.754075256000078 ], [ 90.442703779000055, 23.754242584000053 ], [ 90.443267905000084, 23.754192598000031 ], [ 90.443678742000031, 23.754483644000061 ], [ 90.444178657000066, 23.754521897000075 ] ] ] } },
{ "type": "Feature", "properties": { "matched_key": "A_30262073", "navigation_parent_key": "A_302620", "admin_type": "city_thana", "admin_label": "City Thana (support)", "map_level": "support", "admin_rank": 2, "displayable": 0, "geometry_status": "EXACT/GEOMETRY", "location_label": "Shahjahanpur Thana" }, "geometry": { "type": "Polygon", "coordinates": [ [ [ 90.422415627000078, 23.748472916000026 ], [ 90.42353741200003, 23.748052851000068 ], [ 90.423580002000051, 23.748107868000034 ], [ 90.424039733000086, 23.747871172000032 ], [ 90.424564099000065, 23.747494886000027 ], [ 90.425598232000084, 23.746501640000076 ], [ 90.42635701200004, 23.745322171000055 ], [ 90.426585086000046, 23.744215369000074 ], [ 90.426668864000078, 23.744188260000044 ], [ 90.426828938000085, 23.741748416000064 ], [ 90.426979020000033, 23.740633550000041 ], [ 90.426766415000031, 23.74056405500005 ], [ 90.426535715000057, 23.740662255000075 ], [ 90.42606932800004, 23.74050072700004 ], [ 90.425754927000071, 23.740198627000041 ], [ 90.425417727000081, 23.739582127000062 ], [ 90.425378028000068, 23.739346327000078 ], [ 90.425357551000047, 23.738974547000055 ], [ 90.425852271000053, 23.738714088000052 ], [ 90.42557792100007, 23.737321592000058 ], [ 90.425736592000078, 23.733469834000061 ], [ 90.425725742000054, 23.733326473000034 ], [ 90.425611396000079, 23.733288550000054 ], [ 90.424956405000046, 23.733296554000049 ], [ 90.423929666000049, 23.735730141000033 ], [ 90.423573286000078, 23.736309462000065 ], [ 90.420835667000063, 23.739108289000058 ], [ 90.419544277000057, 23.740190071000029 ], [ 90.412412538000069, 23.745496377000052 ], [ 90.412606827000047, 23.749280894000037 ], [ 90.412882299000046, 23.749924069000031 ], [ 90.413498836000031, 23.749749311000073 ], [ 90.421460850000074, 23.748676270000033 ], [ 90.422415627000078, 23.748472916000026 ] ] ] } },
{ "type": "Feature", "properties": { "matched_key": "A_30262075", "navigation_parent_key": "A_302620", "admin_type": "city_thana", "admin_label": "City Thana (support)", "map_level": "support", "admin_rank": 2, "displayable": 0, "geometry_status": "EXACT/GEOMETRY", "location_label": "Shahbag Thana" }, "geometry": { "type": "Polygon", "coordinates": [ [ [ 90.395802041000081, 23.742652360000022 ], [ 90.395994243000075, 23.74139675400005 ], [ 90.398681427000042, 23.742045971000039 ], [ 90.399709850000079, 23.740966565000065 ], [ 90.400150223000082, 23.740648770000064 ], [ 90.401890323000032, 23.739816768000026 ], [ 90.403315184000064, 23.738842178000027 ], [ 90.403842403000056, 23.738279185000067 ], [ 90.404119923000053, 23.737773602000061 ], [ 90.40420273400008, 23.737442289000057 ], [ 90.405203389000064, 23.737599884000076 ], [ 90.405615923000084, 23.737524278000024 ], [ 90.406911215000036, 23.737544101000026 ], [ 90.406839793000074, 23.737100081000051 ], [ 90.406428193000067, 23.736426780000045 ], [ 90.406390792000082, 23.736005681000051 ], [ 90.410362493000036, 23.735979981000071 ], [ 90.410138993000032, 23.730846281000026 ], [ 90.410182536000036, 23.730197543000031 ], [ 90.410791493000033, 23.726664381000035 ], [ 90.410828865000042, 23.722970670000052 ], [ 90.404051095000057, 23.723281581000037 ], [ 90.40165337600007, 23.723725257000069 ], [ 90.395581929000059, 23.724612957000033 ], [ 90.395448449000071, 23.724600352000039 ], [ 90.395781225000064, 23.722856222000075 ], [ 90.39565211300004, 23.722538158000077 ], [ 90.392737788000034, 23.723378829000069 ], [ 90.392550340000071, 23.724160650000044 ], [ 90.392264040000043, 23.724733251000032 ], [ 90.391171539000084, 23.724799850000068 ], [ 90.391129048000039, 23.725057531000061 ], [ 90.390978540000049, 23.72506455100006 ], [ 90.390971414000035, 23.725215725000055 ], [ 90.390352910000047, 23.725210273000073 ], [ 90.390338340000085, 23.724913450000031 ], [ 90.38898996100005, 23.724987962000057 ], [ 90.38941483900004, 23.727151550000031 ], [ 90.389594791000036, 23.727478876000077 ], [ 90.38825816700006, 23.728819563000059 ], [ 90.387521868000078, 23.729818863000048 ], [ 90.38699755500005, 23.731368968000027 ], [ 90.387011060000077, 23.732441735000066 ], [ 90.387426957000059, 23.733702784000059 ], [ 90.387772142000074, 23.734304835000046 ], [ 90.390391411000053, 23.737662834000048 ], [ 90.390621900000042, 23.738043872000048 ], [ 90.391341358000034, 23.73972886200005 ], [ 90.391872873000068, 23.741721429000052 ], [ 90.392994523000084, 23.748671306000062 ], [ 90.393121251000082, 23.749822619000042 ], [ 90.393934021000064, 23.74824213100004 ], [ 90.395802041000081, 23.742652360000022 ] ] ] } },
{ "type": "Feature", "properties": { "matched_key": "A_30262076", "navigation_parent_key": "A_302620", "admin_type": "city_thana", "admin_label": "City Thana (support)", "map_level": "support", "admin_rank": 2, "displayable": 0, "geometry_status": "EXACT/GEOMETRY", "location_label": "Shyampur Thana" }, "geometry": { "type": "Polygon", "coordinates": [ [ [ 90.436033905000045, 23.702348697000048 ], [ 90.436662825000042, 23.702353212000048 ], [ 90.437759915000072, 23.702619391000042 ], [ 90.437777727000082, 23.702509291000069 ], [ 90.438362014000063, 23.702542335000032 ], [ 90.438488692000078, 23.701813222000055 ], [ 90.438756899000055, 23.701064823000024 ], [ 90.438202158000081, 23.700938342000029 ], [ 90.438364069000045, 23.700508041000035 ], [ 90.438137646000087, 23.700447713000074 ], [ 90.437482149000061, 23.700294829000029 ], [ 90.437423099000057, 23.700533285000063 ], [ 90.436365438000053, 23.700310458000047 ], [ 90.435714498000038, 23.700337033000039 ], [ 90.436083216000043, 23.697822261000056 ], [ 90.43613282900003, 23.697132048000071 ], [ 90.436058363000086, 23.696200211000075 ], [ 90.435900647000039, 23.695597215000078 ], [ 90.435484, 23.694663512000034 ], [ 90.435168311000041, 23.694160138000029 ], [ 90.434465952000039, 23.693404457000042 ], [ 90.437556933000053, 23.690086200000053 ], [ 90.437237381000045, 23.68979291900007 ], [ 90.437318581000056, 23.689366019000033 ], [ 90.437364887000058, 23.687973733000035 ], [ 90.437510463000081, 23.687976055000036 ], [ 90.437510008000061, 23.687844952000034 ], [ 90.43696947400008, 23.687836441000059 ], [ 90.436968952000086, 23.687679108000054 ], [ 90.436284135000051, 23.687651684000059 ], [ 90.43627390100005, 23.687708164000071 ], [ 90.435638468000036, 23.687769087000049 ], [ 90.435629067000036, 23.687946550000049 ], [ 90.433481800000038, 23.687932785000044 ], [ 90.430834473000061, 23.690516856000045 ], [ 90.428124600000046, 23.68809469100006 ], [ 90.426765656000043, 23.689234052000074 ], [ 90.425621531000047, 23.690481426000076 ], [ 90.42554135000006, 23.691086821000056 ], [ 90.421699700000033, 23.69494968500004 ], [ 90.420287053000038, 23.69626273800003 ], [ 90.421650387000057, 23.697198190000051 ], [ 90.422134082000071, 23.697728246000054 ], [ 90.422647725000047, 23.697834508000028 ], [ 90.422755321000068, 23.697726210000042 ], [ 90.423535639000079, 23.697991671000068 ], [ 90.423343972000055, 23.699014849000037 ], [ 90.423186839000039, 23.699385004000078 ], [ 90.423221668000053, 23.699811262000026 ], [ 90.423514393000062, 23.699797696000076 ], [ 90.424364518000061, 23.699955466000063 ], [ 90.424474235000048, 23.699517246000028 ], [ 90.424753288000034, 23.699552790000041 ], [ 90.424819477000085, 23.699383205000061 ], [ 90.425456705000045, 23.699473797000053 ], [ 90.425489587000072, 23.700011590000031 ], [ 90.42576568700008, 23.700001390000068 ], [ 90.425811787000043, 23.699237390000064 ], [ 90.426321087000076, 23.699210790000052 ], [ 90.426258587000063, 23.700020490000043 ], [ 90.425817388000041, 23.700219190000041 ], [ 90.425841872000035, 23.700335654000071 ], [ 90.426549806000082, 23.700337740000066 ], [ 90.42649306800007, 23.700529096000025 ], [ 90.426968231000046, 23.700563862000024 ], [ 90.426855272000068, 23.700995470000066 ], [ 90.42659569500006, 23.700982521000071 ], [ 90.426546832000042, 23.701368215000059 ], [ 90.428776723000055, 23.701407196000048 ], [ 90.428840383000079, 23.70129847100003 ], [ 90.429053230000079, 23.701338884000052 ], [ 90.429020983000044, 23.701398720000043 ], [ 90.429122620000044, 23.701439733000029 ], [ 90.42578582200008, 23.707303950000039 ], [ 90.425440176000052, 23.70829169700005 ], [ 90.425245527000072, 23.710091950000049 ], [ 90.425830731000076, 23.709953454000072 ], [ 90.42716923200004, 23.709240854000029 ], [ 90.428455133000057, 23.708326854000063 ], [ 90.429483234000031, 23.707764654000073 ], [ 90.43031303500004, 23.706682454000031 ], [ 90.430802935000031, 23.706272753000064 ], [ 90.431476136000072, 23.705832054000041 ], [ 90.432628136000062, 23.705338354000048 ], [ 90.433033137000052, 23.705082953000044 ], [ 90.433236119000071, 23.704705463000039 ], [ 90.433190617000037, 23.704022727000051 ], [ 90.433428838000054, 23.703629054000032 ], [ 90.433872738000048, 23.703423954000073 ], [ 90.435291178000057, 23.703045024000062 ], [ 90.435340779000057, 23.702624344000071 ], [ 90.436033905000045, 23.702348697000048 ] ] ] } },
{ "type": "Feature", "properties": { "matched_key": "A_30262080", "navigation_parent_key": "A_302620", "admin_type": "city_thana", "admin_label": "City Thana (support)", "map_level": "support", "admin_rank": 2, "displayable": 0, "geometry_status": "EXACT/GEOMETRY", "location_label": "Shere Bangla Nagar Thana" }, "geometry": { "type": "Polygon", "coordinates": [ [ [ 90.379418394000083, 23.758507687000076 ], [ 90.379684328000053, 23.75693990700006 ], [ 90.380395257000032, 23.756967511000028 ], [ 90.380394273000036, 23.756628800000044 ], [ 90.380653081000048, 23.756623645000047 ], [ 90.380614367000078, 23.756386638000038 ], [ 90.381199516000038, 23.756096668000055 ], [ 90.381252509000035, 23.755949154000064 ], [ 90.381370440000069, 23.755910572000062 ], [ 90.38099743500004, 23.755057779000026 ], [ 90.380687427000055, 23.755146757000034 ], [ 90.380584975000033, 23.754715710000028 ], [ 90.380909243000076, 23.754653942000061 ], [ 90.380878700000039, 23.754274654000028 ], [ 90.380590407000057, 23.754245936000075 ], [ 90.380530283000041, 23.753782593000039 ], [ 90.380654074000063, 23.753773039000066 ], [ 90.380571919000033, 23.753177969000035 ], [ 90.380652270000041, 23.753180028000031 ], [ 90.380648264000058, 23.753085276000036 ], [ 90.380507236000085, 23.753090576000034 ], [ 90.380450061000033, 23.752279669000075 ], [ 90.37816259300007, 23.751410771000053 ], [ 90.374167072000034, 23.758319521000033 ], [ 90.379418394000083, 23.758507687000076 ] ] ] } },
{ "type": "Feature", "properties": { "matched_key": "A_30262088", "navigation_parent_key": "A_302620", "admin_type": "city_thana", "admin_label": "City Thana (support)", "map_level": "support", "admin_rank": 2, "displayable": 0, "geometry_status": "EXACT/GEOMETRY", "location_label": "Sutrapur Thana" }, "geometry": { "type": "Polygon", "coordinates": [ [ [ 90.413316685000041, 23.71367858800005 ], [ 90.413617085000055, 23.713496888000066 ], [ 90.41440788500006, 23.712574288000042 ], [ 90.418066589000034, 23.710408033000078 ], [ 90.417818693000072, 23.709986424000078 ], [ 90.418550837000055, 23.709606077000046 ], [ 90.418360088000043, 23.709246112000073 ], [ 90.418576951000034, 23.709217354000032 ], [ 90.418631244000039, 23.709313758000064 ], [ 90.418948911000086, 23.709258372000079 ], [ 90.419025086000033, 23.709522585000059 ], [ 90.419394585000077, 23.70915138600003 ], [ 90.419882785000084, 23.708836985000062 ], [ 90.42021819100006, 23.708432282000047 ], [ 90.419926416000067, 23.706475928000032 ], [ 90.419216617000075, 23.704974628000059 ], [ 90.419156310000062, 23.704375610000056 ], [ 90.419365361000075, 23.70244371800004 ], [ 90.419265728000084, 23.702443021000079 ], [ 90.419196596000063, 23.701839229000029 ], [ 90.418776583000067, 23.701436163000039 ], [ 90.417791272000045, 23.701016557000059 ], [ 90.417581440000049, 23.70038710700004 ], [ 90.417363652000063, 23.699954138000066 ], [ 90.417259943000033, 23.699922804000039 ], [ 90.417156900000066, 23.699907274000054 ], [ 90.414604496000038, 23.702357418000076 ], [ 90.414483673000063, 23.702341933000071 ], [ 90.411867528000073, 23.704243478000024 ], [ 90.411991185000034, 23.704435397000054 ], [ 90.412055189000057, 23.704392692000056 ], [ 90.412388924000084, 23.704986246000033 ], [ 90.412460857000042, 23.707012722000059 ], [ 90.412626058000058, 23.708242822000045 ], [ 90.412593058000084, 23.708696522000025 ], [ 90.41234485800004, 23.708656122000036 ], [ 90.411929732000033, 23.708768733000056 ], [ 90.412018832000058, 23.709253333000049 ], [ 90.412002733000065, 23.709685532000037 ], [ 90.411823985000069, 23.710099421000052 ], [ 90.411657861000037, 23.710890206000045 ], [ 90.411478268000053, 23.71369909200007 ], [ 90.413316685000041, 23.71367858800005 ] ] ] } },
{ "type": "Feature", "properties": { "matched_key": "A_30262098", "navigation_parent_key": "A_302620", "admin_type": "city_thana", "admin_label": "City Thana (support)", "map_level": "support", "admin_rank": 2, "displayable": 0, "geometry_status": "EXACT/GEOMETRY", "location_label": "Wari Thana" }, "geometry": { "type": "Polygon", "coordinates": [ [ [ 90.420406294000031, 23.721688283000049 ], [ 90.420513272000051, 23.721510585000033 ], [ 90.421280194000076, 23.721463183000026 ], [ 90.421737706000044, 23.721555634000026 ], [ 90.42332450300006, 23.721432053000058 ], [ 90.424638421000054, 23.721542228000033 ], [ 90.425446040000054, 23.721873108000068 ], [ 90.427125216000036, 23.722068035000063 ], [ 90.427234820000081, 23.722255841000049 ], [ 90.427424474000077, 23.722355659000073 ], [ 90.428813683000044, 23.722335076000036 ], [ 90.428992135000044, 23.719952375000048 ], [ 90.428429092000044, 23.719908153000063 ], [ 90.428407378000031, 23.720020102000035 ], [ 90.428202849000058, 23.720033836000027 ], [ 90.428165959000069, 23.719964932000039 ], [ 90.427338325000051, 23.719968446000053 ], [ 90.427262542000051, 23.719142599000065 ], [ 90.427048117000083, 23.718518132000042 ], [ 90.427767689000063, 23.718554784000048 ], [ 90.427815851000048, 23.717852016000052 ], [ 90.427439467000056, 23.717995676000044 ], [ 90.427760713000055, 23.716696564000074 ], [ 90.426859581000031, 23.716672876000075 ], [ 90.426874585000064, 23.716497898000057 ], [ 90.426700584000059, 23.716428498000028 ], [ 90.426590938000061, 23.716168258000039 ], [ 90.426317965000067, 23.71618055700003 ], [ 90.426319593000073, 23.716282122000052 ], [ 90.426217112000074, 23.716296743000044 ], [ 90.426372022000066, 23.716685202000065 ], [ 90.426157025000066, 23.716725058000065 ], [ 90.425523095000074, 23.715471814000068 ], [ 90.425168047000057, 23.71451950900007 ], [ 90.423828494000077, 23.715021983000042 ], [ 90.422802877000038, 23.715726482000036 ], [ 90.421035513000049, 23.715466491000029 ], [ 90.420410075000063, 23.716638032000048 ], [ 90.420006821000072, 23.717195511000057 ], [ 90.41963873900005, 23.716553486000066 ], [ 90.419123982000031, 23.714802420000069 ], [ 90.418801109000071, 23.714197695000053 ], [ 90.418758709000031, 23.713253795000071 ], [ 90.418399309000051, 23.711796596000056 ], [ 90.418385708000073, 23.711489896000046 ], [ 90.418505808000077, 23.711352195000075 ], [ 90.418256909000036, 23.710957595000025 ], [ 90.418066589000034, 23.710408033000078 ], [ 90.41440788500006, 23.712574288000042 ], [ 90.413466885000048, 23.713607388000071 ], [ 90.413166485000033, 23.713708087000043 ], [ 90.411582561000046, 23.713683198000069 ], [ 90.411483065000084, 23.714783539000052 ], [ 90.41152416500006, 23.715788038000028 ], [ 90.411428867000041, 23.717958739000039 ], [ 90.411818466000057, 23.719058038000071 ], [ 90.411848267000039, 23.721661938000068 ], [ 90.41194364100005, 23.723056918000054 ], [ 90.413513494000085, 23.723106382000026 ], [ 90.414555994000068, 23.723018982000042 ], [ 90.416460595000046, 23.722233482000036 ], [ 90.420406294000031, 23.721688283000049 ] ] ] } },
{ "type": "Feature", "properties": { "matched_key": "A_30262502", "navigation_parent_key": "A_302625", "admin_type": "city_thana", "admin_label": "City Thana (support)", "map_level": "support", "admin_rank": 2, "displayable": 0, "geometry_status": "EXACT/GEOMETRY", "location_label": "Adabar Thana" }, "geometry": { "type": "Polygon", "coordinates": [ [ [ 90.35424138500008, 23.776156815000036 ], [ 90.355623638000054, 23.776222712000049 ], [ 90.356988447000049, 23.776427308000052 ], [ 90.359257650000075, 23.777153672000054 ], [ 90.360144925000043, 23.777025153000068 ], [ 90.360533370000041, 23.777078441000072 ], [ 90.36131929700008, 23.777347575000078 ], [ 90.361525383000071, 23.777338062000069 ], [ 90.361888004000036, 23.777147532000072 ], [ 90.362179489000084, 23.777408789000049 ], [ 90.365644953000071, 23.77491470700005 ], [ 90.363501678000034, 23.774332338000079 ], [ 90.362294108000071, 23.773831677000032 ], [ 90.361192832000086, 23.773536186000058 ], [ 90.358977759000084, 23.770163220000029 ], [ 90.358709630000078, 23.769463831000053 ], [ 90.358563020000076, 23.768341889000055 ], [ 90.358988201000045, 23.762566912000068 ], [ 90.358926476000079, 23.762424794000026 ], [ 90.356106221000061, 23.761652285000025 ], [ 90.355370656000048, 23.761570671000072 ], [ 90.354043512000032, 23.761905543000069 ], [ 90.353866567000068, 23.76228468000005 ], [ 90.353155067000046, 23.762405580000063 ], [ 90.353166367000085, 23.762508945000036 ], [ 90.352516366000032, 23.762664266000058 ], [ 90.352165339000067, 23.762934256000051 ], [ 90.351911506000079, 23.762837196000078 ], [ 90.352048766000053, 23.762721940000063 ], [ 90.351378001000057, 23.762631703000068 ], [ 90.349667023000052, 23.762205233000032 ], [ 90.348560891000034, 23.763401454000075 ], [ 90.347689789000071, 23.764737962000027 ], [ 90.346765417000086, 23.766355918000045 ], [ 90.345004453000058, 23.765824356000053 ], [ 90.344874239000035, 23.76584801100006 ], [ 90.344321818000083, 23.766867301000048 ], [ 90.344193818000065, 23.767212401000052 ], [ 90.344161718000066, 23.767644801000074 ], [ 90.343493518000059, 23.767321901000059 ], [ 90.344087018000039, 23.76632580200004 ], [ 90.341893318000075, 23.765341800000044 ], [ 90.341834375000076, 23.765716890000078 ], [ 90.341139274000057, 23.765556290000063 ], [ 90.340956990000052, 23.765912934000028 ], [ 90.340635381000084, 23.76697150900003 ], [ 90.342656900000065, 23.768174765000026 ], [ 90.343284114000085, 23.768769513000052 ], [ 90.343608460000041, 23.769419129000028 ], [ 90.343651335000061, 23.770329053000069 ], [ 90.343113793000043, 23.771418658000073 ], [ 90.343721287000051, 23.77197280200005 ], [ 90.343797209000059, 23.772075634000032 ], [ 90.343757315000062, 23.772139331000062 ], [ 90.343846973000041, 23.772143038000024 ], [ 90.344468623000068, 23.772985030000029 ], [ 90.345370728000034, 23.773687750000079 ], [ 90.346181285000057, 23.774202347000028 ], [ 90.34666909200007, 23.774410905000025 ], [ 90.347494099000073, 23.774474218000023 ], [ 90.348146934000056, 23.775180696000064 ], [ 90.349415474000068, 23.776096882000047 ], [ 90.349905595000052, 23.776095772000076 ], [ 90.350194395000074, 23.776280282000073 ], [ 90.350512532000039, 23.77665214700005 ], [ 90.350571830000035, 23.777261702000033 ], [ 90.35048626300005, 23.777607387000046 ], [ 90.350602796000032, 23.778058745000067 ], [ 90.350854648000052, 23.778186885000025 ], [ 90.351871435000078, 23.778082957000038 ], [ 90.353268700000058, 23.776444896000044 ], [ 90.35424138500008, 23.776156815000036 ] ] ] } },
{ "type": "Feature", "properties": { "matched_key": "A_30262504", "navigation_parent_key": "A_302625", "admin_type": "city_thana", "admin_label": "City Thana (support)", "map_level": "support", "admin_rank": 2, "displayable": 0, "geometry_status": "EXACT/GEOMETRY", "location_label": "Badda Thana" }, "geometry": { "type": "Polygon", "coordinates": [ [ [ 90.485951296000053, 23.818007802000068 ], [ 90.486679231000039, 23.81789486100007 ], [ 90.486862925000082, 23.817625572000054 ], [ 90.487125334000041, 23.817568291000043 ], [ 90.488882441000044, 23.817824667000025 ], [ 90.489313854000045, 23.817734807000022 ], [ 90.490360825000039, 23.816520051000055 ], [ 90.488934698000037, 23.815557399000056 ], [ 90.488469652000049, 23.815409840000029 ], [ 90.48798505700006, 23.815449760000035 ], [ 90.487078257000064, 23.81580488700007 ], [ 90.486431932000073, 23.815750476000062 ], [ 90.486088177000056, 23.815548332000049 ], [ 90.485092722000047, 23.814009205000048 ], [ 90.485071980000043, 23.813711203000025 ], [ 90.485330394000073, 23.812746194000056 ], [ 90.485245527000075, 23.811538393000035 ], [ 90.485000197000033, 23.810739806000072 ], [ 90.484553148000032, 23.809980241000062 ], [ 90.484145771000044, 23.808996999000044 ], [ 90.484345839000071, 23.808513144000074 ], [ 90.485149767000053, 23.807564485000057 ], [ 90.485289580000085, 23.807211786000039 ], [ 90.485287572000061, 23.806672114000037 ], [ 90.485185297000044, 23.806227592000027 ], [ 90.484656236000035, 23.805188284000053 ], [ 90.48396678000006, 23.804242057000067 ], [ 90.483091052000077, 23.80259413400006 ], [ 90.482766232000074, 23.80179580600003 ], [ 90.481949098000086, 23.799160927000059 ], [ 90.481785139000067, 23.79845466300003 ], [ 90.481700180000075, 23.79721072600006 ], [ 90.481777260000058, 23.796318545000076 ], [ 90.481566591000046, 23.793923383000049 ], [ 90.48136071600004, 23.792828857000075 ], [ 90.480872231000035, 23.791789404000042 ], [ 90.480041239000059, 23.790863921000039 ], [ 90.479130570000052, 23.790123842000071 ], [ 90.476600915000063, 23.788365854000062 ], [ 90.476256640000031, 23.787996593000059 ], [ 90.475911002000032, 23.787421848000065 ], [ 90.47536442300003, 23.786922238000045 ], [ 90.474071195000079, 23.786571696000067 ], [ 90.473019625000063, 23.786037497000052 ], [ 90.47225112600006, 23.785574685000029 ], [ 90.471317855000052, 23.784839145000035 ], [ 90.470369049000055, 23.784950426000023 ], [ 90.468915306000042, 23.785280012000044 ], [ 90.468321434000075, 23.785241217000078 ], [ 90.468051829000046, 23.78498640600003 ], [ 90.467778432000046, 23.784899586000051 ], [ 90.467419756000083, 23.784954868000057 ], [ 90.466883746000065, 23.785340365000025 ], [ 90.466524685000081, 23.785287254000025 ], [ 90.466283868000062, 23.784847658000047 ], [ 90.466042490000063, 23.78407837900005 ], [ 90.465622550000035, 23.783639319000031 ], [ 90.465263299000071, 23.783532014000059 ], [ 90.464568718000066, 23.782624097000053 ], [ 90.46424508900003, 23.782873460000076 ], [ 90.463473595000039, 23.782936747000065 ], [ 90.463467477000052, 23.78276740900003 ], [ 90.462926561000074, 23.781942572000048 ], [ 90.46208789700006, 23.781396369000049 ], [ 90.462323440000034, 23.780350170000077 ], [ 90.462321882000083, 23.779909848000045 ], [ 90.461962087000074, 23.779470598000046 ], [ 90.461242824000067, 23.779032423000046 ], [ 90.460285562000081, 23.778594952000049 ], [ 90.459745274000056, 23.777937199000064 ], [ 90.459443257000032, 23.777003250000064 ], [ 90.459082094000053, 23.776344962000053 ], [ 90.458719772000052, 23.775354739000022 ], [ 90.458837462000076, 23.774805674000049 ], [ 90.459375028000068, 23.774693428000035 ], [ 90.461466538000082, 23.774632999000062 ], [ 90.462181859000054, 23.774136336000026 ], [ 90.462180303000082, 23.773696016000031 ], [ 90.461820522000039, 23.773256763000063 ], [ 90.461303814000075, 23.773018950000051 ], [ 90.461227815000086, 23.77251562400005 ], [ 90.461100272000067, 23.772527295000032 ], [ 90.46050639200007, 23.771973578000029 ], [ 90.460621567000032, 23.771758715000033 ], [ 90.460843209000075, 23.771642891000056 ], [ 90.460831921000079, 23.771399053000039 ], [ 90.460715100000073, 23.771320367000044 ], [ 90.460123427000042, 23.771392133000063 ], [ 90.459753247000037, 23.771305171000051 ], [ 90.459940862000053, 23.770584279000047 ], [ 90.461204811000073, 23.769295656000054 ], [ 90.461214729000062, 23.769151110000053 ], [ 90.460494375000053, 23.768559382000035 ], [ 90.460429415000078, 23.768227637000052 ], [ 90.46047033900004, 23.767830090000075 ], [ 90.460921792000079, 23.766961637000065 ], [ 90.460597806000067, 23.766932175000022 ], [ 90.460058652000043, 23.767201444000023 ], [ 90.457587538000041, 23.767485647000058 ], [ 90.456447667000077, 23.767502163000074 ], [ 90.449193855000033, 23.768049192000035 ], [ 90.448927224000045, 23.764803607000033 ], [ 90.452675231000057, 23.76449976300006 ], [ 90.452367848000051, 23.760330913000075 ], [ 90.450492119000046, 23.760326122000038 ], [ 90.450468608000051, 23.761284395000075 ], [ 90.448651639000047, 23.761387753000065 ], [ 90.448696858000062, 23.76207776800004 ], [ 90.446159397000031, 23.762286006000068 ], [ 90.445111181000073, 23.762250477000066 ], [ 90.440321295000047, 23.762663609000072 ], [ 90.437478955000074, 23.762646844000074 ], [ 90.436671791000038, 23.763017199000046 ], [ 90.435724279000056, 23.763053746000026 ], [ 90.433814921000078, 23.763429447000078 ], [ 90.433822964000058, 23.763570149000032 ], [ 90.431599891000076, 23.764172969000072 ], [ 90.430016016000081, 23.764817874000073 ], [ 90.428005043000041, 23.765771739000058 ], [ 90.425893553000037, 23.766909578000025 ], [ 90.425531480000075, 23.766999959000032 ], [ 90.424267564000047, 23.767644737000069 ], [ 90.42421385800003, 23.767538753000053 ], [ 90.424285527000052, 23.767509201000053 ], [ 90.424257413000078, 23.767351211000062 ], [ 90.423098134000043, 23.767921175000026 ], [ 90.422628621000058, 23.76820562000006 ], [ 90.423082344000079, 23.769678017000047 ], [ 90.422300591000067, 23.76977499700007 ], [ 90.421447562000083, 23.770025718000056 ], [ 90.421489801000064, 23.770383717000072 ], [ 90.420362479000062, 23.770408036000049 ], [ 90.419645162000052, 23.770518375000051 ], [ 90.419151106000072, 23.770721665000053 ], [ 90.418632970000033, 23.77109947100007 ], [ 90.418054863000066, 23.77212367900006 ], [ 90.417846497000085, 23.772182953000026 ], [ 90.417697644000043, 23.772054645000026 ], [ 90.417252941000072, 23.772058105000042 ], [ 90.417155764000086, 23.771785137000052 ], [ 90.416754672000081, 23.771806543000025 ], [ 90.416864438000061, 23.77218109100005 ], [ 90.416725414000041, 23.772635343000047 ], [ 90.41719510300004, 23.772771818000024 ], [ 90.417725027000074, 23.773138457000073 ], [ 90.418228606000071, 23.773898073000055 ], [ 90.418705320000072, 23.775077765000049 ], [ 90.419435581000073, 23.776509677000035 ], [ 90.419720858000062, 23.777859243000023 ], [ 90.420015976000059, 23.778642 ], [ 90.420391165000069, 23.779334213000027 ], [ 90.42020928200003, 23.781337640000061 ], [ 90.419985308000037, 23.781507604000069 ], [ 90.419937347000086, 23.781663544000025 ], [ 90.420426956000085, 23.783023843000024 ], [ 90.420310965000056, 23.783200289000035 ], [ 90.420331884000063, 23.783410236000066 ], [ 90.420485832000054, 23.783782402000043 ], [ 90.42065844800004, 23.78385645000003 ], [ 90.42091952800007, 23.784158322000053 ], [ 90.421318703000054, 23.786004355000046 ], [ 90.421175288000086, 23.786237329000073 ], [ 90.421603627000081, 23.787421658000028 ], [ 90.421609894000085, 23.788033583000072 ], [ 90.421515545000034, 23.788643527000033 ], [ 90.423006185000077, 23.788456860000053 ], [ 90.423060332000034, 23.788042119000067 ], [ 90.423264873000051, 23.787912643000027 ], [ 90.423301140000035, 23.788085120000062 ], [ 90.423980162000078, 23.78840985100004 ], [ 90.424041628000055, 23.788577897000039 ], [ 90.424852651000037, 23.788957286000027 ], [ 90.425896654000042, 23.789302801000076 ], [ 90.426674820000073, 23.789963116000024 ], [ 90.427382911000052, 23.790159035000045 ], [ 90.430953385000066, 23.790780717000075 ], [ 90.431860466000046, 23.790831264000076 ], [ 90.432840766000083, 23.791119942000023 ], [ 90.434010206000039, 23.791258472000038 ], [ 90.433866266000052, 23.791850434000025 ], [ 90.433935035000047, 23.792029478000075 ], [ 90.434718325000063, 23.792066109000075 ], [ 90.434899144000042, 23.791431715000044 ], [ 90.43790036300004, 23.791574658000059 ], [ 90.438383050000084, 23.791606676000072 ], [ 90.438411454000061, 23.791945455000075 ], [ 90.438566954000066, 23.791940559000068 ], [ 90.438569654000048, 23.792071860000078 ], [ 90.438690947000055, 23.792120849000071 ], [ 90.439228106000087, 23.79204965200006 ], [ 90.43974017000005, 23.792137813000068 ], [ 90.440151154000034, 23.792094060000068 ], [ 90.442916457000081, 23.792582526000047 ], [ 90.442584378000049, 23.79305782800003 ], [ 90.44216709300008, 23.793388704000051 ], [ 90.441154064000045, 23.794437099000049 ], [ 90.440668723000044, 23.795691722000072 ], [ 90.441817499000081, 23.79614005600007 ], [ 90.442956825000067, 23.797236478000059 ], [ 90.445653586000049, 23.799319699000023 ], [ 90.447329707000051, 23.800028405000035 ], [ 90.448169007000047, 23.800741781000056 ], [ 90.449306913000044, 23.801397832000077 ], [ 90.449546002000034, 23.801342942000076 ], [ 90.449544485000047, 23.800902620000045 ], [ 90.449722881000071, 23.800683066000033 ], [ 90.450799576000065, 23.800844764000033 ], [ 90.451098933000083, 23.801008729000046 ], [ 90.451162089000036, 23.801886940000031 ], [ 90.451348952000046, 23.802342525000029 ], [ 90.451521541000034, 23.80221782600006 ], [ 90.45176233400008, 23.802655188000074 ], [ 90.453018010000051, 23.80276215300006 ], [ 90.453914, 23.802648872000077 ], [ 90.454151754000065, 23.802210106000075 ], [ 90.454150222000067, 23.801769783000054 ], [ 90.454326695000077, 23.800999259000037 ], [ 90.45456443900008, 23.800558233000061 ], [ 90.455042663000086, 23.800640029000078 ], [ 90.455044285000042, 23.801105532000065 ], [ 90.454688290000036, 23.801768200000026 ], [ 90.454631259000053, 23.802481921000037 ], [ 90.454811755000037, 23.802867522000042 ], [ 90.455290086000048, 23.802976757000067 ], [ 90.455645743000048, 23.802040861000023 ], [ 90.456302253000047, 23.801871823000056 ], [ 90.456300524000085, 23.801377308000042 ], [ 90.455881908000038, 23.801324352000051 ], [ 90.455642670000032, 23.801160218000064 ], [ 90.455401861000041, 23.800720603000059 ], [ 90.455640372000062, 23.80050086500006 ], [ 90.455938960000083, 23.800443531000042 ], [ 90.456115805000081, 23.799783649000062 ], [ 90.456533264000086, 23.799506929000074 ], [ 90.457010848000039, 23.799230028000068 ], [ 90.457489166000073, 23.799339258000032 ], [ 90.457670821000079, 23.800054530000068 ], [ 90.45808747500007, 23.800842236000051 ], [ 90.458614742000066, 23.801195155000073 ], [ 90.459052660000054, 23.801641228000051 ], [ 90.459053990000086, 23.80201977300004 ], [ 90.458918102000041, 23.802375784000048 ], [ 90.458920238000076, 23.802983749000077 ], [ 90.458784629000036, 23.80342005600005 ], [ 90.458224772000051, 23.803754384000058 ], [ 90.458045930000083, 23.804673451000042 ], [ 90.460199371000044, 23.80516156300007 ], [ 90.460498747000031, 23.805325508000067 ], [ 90.460798350000061, 23.805378808000057 ], [ 90.461038963000078, 23.805929060000039 ], [ 90.461398663000068, 23.806147018000047 ], [ 90.461936364000053, 23.806037021000066 ], [ 90.462948888000085, 23.80504269000005 ], [ 90.463900913000032, 23.803775306000034 ], [ 90.464201857000035, 23.804379566000023 ], [ 90.465697031000047, 23.804539899000076 ], [ 90.465936481000085, 23.804758211000035 ], [ 90.466058087000079, 23.805308814000057 ], [ 90.466716791000067, 23.805582310000034 ], [ 90.467195135000054, 23.805689251000047 ], [ 90.467734202000031, 23.805963102000078 ], [ 90.468154026000036, 23.80634795900005 ], [ 90.468455783000081, 23.807171242000038 ], [ 90.468400608000081, 23.808381738000037 ], [ 90.468466241000044, 23.810086388000059 ], [ 90.468289645000084, 23.810802734000049 ], [ 90.468351331000065, 23.811407710000026 ], [ 90.468891406000068, 23.811954782000043 ], [ 90.470029121000039, 23.812502289000065 ], [ 90.470390440000074, 23.813160548000042 ], [ 90.470692032000045, 23.813929629000029 ], [ 90.471112281000046, 23.814422866000029 ], [ 90.472310158000084, 23.814970171000027 ], [ 90.47308716100008, 23.815021983000065 ], [ 90.475118787000042, 23.814686060000042 ], [ 90.474397907000082, 23.81369924300003 ], [ 90.474755034000054, 23.813366207000058 ], [ 90.475294148000046, 23.813640031000034 ], [ 90.477573076000056, 23.815667517000065 ], [ 90.479251004000048, 23.816764250000062 ], [ 90.480748768000069, 23.817583786000057 ], [ 90.482423691000065, 23.817854038000064 ], [ 90.484815516000083, 23.818011377000062 ], [ 90.485951296000053, 23.818007802000068 ] ] ] } },
{ "type": "Feature", "properties": { "matched_key": "A_30262506", "navigation_parent_key": "A_302625", "admin_type": "city_thana", "admin_label": "City Thana (support)", "map_level": "support", "admin_rank": 2, "displayable": 0, "geometry_status": "EXACT/GEOMETRY", "location_label": "Bimanbandar Thana" }, "geometry": { "type": "Polygon", "coordinates": [ [ [ 90.392468571000052, 23.861258917000043 ], [ 90.397023750000074, 23.860863368000025 ], [ 90.397474833000047, 23.861007661000031 ], [ 90.399989069000071, 23.86068337100005 ], [ 90.399962856000059, 23.860775144000058 ], [ 90.400235500000065, 23.860750727000038 ], [ 90.40025816900004, 23.860571870000058 ], [ 90.400966169000071, 23.859455671000035 ], [ 90.401925890000086, 23.858307697000043 ], [ 90.402062913000066, 23.858386734000078 ], [ 90.406261544000074, 23.853333432000056 ], [ 90.406935120000071, 23.854115085000046 ], [ 90.407780086000059, 23.854227276000074 ], [ 90.407984811000063, 23.853840180000077 ], [ 90.408354745000054, 23.854016926000043 ], [ 90.410683596000069, 23.854565355000034 ], [ 90.410663660000068, 23.853923805000022 ], [ 90.410844021000059, 23.85281384600006 ], [ 90.411657142000081, 23.852983834000042 ], [ 90.41166142700007, 23.853065072000049 ], [ 90.41191946500004, 23.853071552000074 ], [ 90.411906746000057, 23.852306727000041 ], [ 90.41238334500008, 23.851244740000027 ], [ 90.415241246000051, 23.850859641000056 ], [ 90.415439346000085, 23.850751941000055 ], [ 90.417619548000062, 23.847601242000053 ], [ 90.419087447000038, 23.84700444200007 ], [ 90.419520548000037, 23.846707643000059 ], [ 90.419615848000035, 23.84648184200006 ], [ 90.419546048000086, 23.846194442000069 ], [ 90.41974564800006, 23.84610394200007 ], [ 90.419892325000035, 23.845810761000052 ], [ 90.41986134800004, 23.845465742000044 ], [ 90.420091048000074, 23.845433342000035 ], [ 90.42065524800006, 23.844244543000059 ], [ 90.421154149000074, 23.844271443000025 ], [ 90.421517436000045, 23.843619748000037 ], [ 90.421541507000086, 23.843410793000032 ], [ 90.421419209000078, 23.843353772000057 ], [ 90.42163294900007, 23.842554143000029 ], [ 90.421608749000086, 23.84235304300006 ], [ 90.420043750000048, 23.838915943000075 ], [ 90.419670011000051, 23.838592893000055 ], [ 90.419723867000073, 23.838355648000061 ], [ 90.418807256000036, 23.838057820000074 ], [ 90.41820049100005, 23.837752239000054 ], [ 90.418161148000081, 23.837862084000051 ], [ 90.41630813200004, 23.836296512000047 ], [ 90.415116882000063, 23.835507140000061 ], [ 90.414770451000038, 23.83535104200007 ], [ 90.41409185100008, 23.835223441000039 ], [ 90.413182952000057, 23.833617440000069 ], [ 90.413134903000071, 23.833406785000022 ], [ 90.411918178000064, 23.833140221000065 ], [ 90.410443390000069, 23.834083518000057 ], [ 90.406646250000051, 23.831645819000073 ], [ 90.406047263000062, 23.831700851000051 ], [ 90.400652616000059, 23.831123289000061 ], [ 90.398564557000043, 23.831343786000048 ], [ 90.396407087000057, 23.833543641000063 ], [ 90.395221144000061, 23.835012985000049 ], [ 90.392433433000065, 23.837933960000043 ], [ 90.392297613000039, 23.838247826000043 ], [ 90.393099511000059, 23.841873927000051 ], [ 90.391791443000045, 23.842103019000035 ], [ 90.39192398800003, 23.843462119000037 ], [ 90.393423140000039, 23.84363922600005 ], [ 90.393483389000039, 23.843835245000037 ], [ 90.39343569600004, 23.844300531000044 ], [ 90.393264588000079, 23.845156782000061 ], [ 90.393266709000045, 23.84585904000005 ], [ 90.393414061000044, 23.846018848000028 ], [ 90.393336648000059, 23.846195893000072 ], [ 90.393222212000069, 23.846157947000052 ], [ 90.392140690000076, 23.847559986000078 ], [ 90.391945222000061, 23.847666614000048 ], [ 90.387736686000039, 23.853125528000078 ], [ 90.386732403000053, 23.854596044000061 ], [ 90.385451886000055, 23.856864352000059 ], [ 90.392468571000052, 23.861258917000043 ] ] ] } },
{ "type": "Feature", "properties": { "matched_key": "A_30262507", "navigation_parent_key": "A_302625", "admin_type": "city_thana", "admin_label": "City Thana (support)", "map_level": "support", "admin_rank": 2, "displayable": 0, "geometry_status": "EXACT/GEOMETRY", "location_label": "Banani Thana" }, "geometry": { "type": "Polygon", "coordinates": [ [ [ 90.403224837000039, 23.800407448000044 ], [ 90.404977153000061, 23.800233440000056 ], [ 90.40622949200008, 23.800967798000045 ], [ 90.407911483000078, 23.800957330000074 ], [ 90.407848769000054, 23.800325232000034 ], [ 90.407648279000057, 23.800172210000028 ], [ 90.407509502000039, 23.798560300000076 ], [ 90.407575128000076, 23.798160442000039 ], [ 90.407757422000032, 23.797791893000067 ], [ 90.40895628100003, 23.797020971000052 ], [ 90.409171790000073, 23.796681684000077 ], [ 90.409893736000072, 23.792719074000047 ], [ 90.410290025000052, 23.791537038000058 ], [ 90.410406478000084, 23.791306401000043 ], [ 90.412849603000041, 23.788459204000048 ], [ 90.413894744000061, 23.786645412000041 ], [ 90.414043340000035, 23.78610758800005 ], [ 90.414032735000035, 23.784696308000036 ], [ 90.412932337000086, 23.782411803000059 ], [ 90.412439801000062, 23.781848597000078 ], [ 90.412056391000078, 23.781650907000028 ], [ 90.411775437000074, 23.781263264000074 ], [ 90.410907959000042, 23.781265392000023 ], [ 90.41090760700007, 23.780542984000078 ], [ 90.411731175000057, 23.778899846000058 ], [ 90.410942033000083, 23.778708104000032 ], [ 90.410767318000069, 23.777282937000052 ], [ 90.411301861000084, 23.77694572300004 ], [ 90.411480267000059, 23.776514869000039 ], [ 90.411832554000057, 23.776564117000078 ], [ 90.411972301000048, 23.776272504000076 ], [ 90.411996249000083, 23.775998432000051 ], [ 90.411869182000032, 23.77593541400006 ], [ 90.411745066000037, 23.775398773000063 ], [ 90.411090732000048, 23.774758126000052 ], [ 90.410784726000031, 23.773898595000048 ], [ 90.409167556000057, 23.773563497000055 ], [ 90.407762627000068, 23.77354043400004 ], [ 90.407782993000069, 23.773406272000045 ], [ 90.407672801000047, 23.773377885000059 ], [ 90.406588751000072, 23.773417599000027 ], [ 90.406472640000061, 23.772862614000076 ], [ 90.405129173000034, 23.77299068800005 ], [ 90.403894224000055, 23.773519594000049 ], [ 90.402587661000041, 23.773636704000069 ], [ 90.402404021000052, 23.774000687000068 ], [ 90.400581398000043, 23.773874856000077 ], [ 90.400057119000053, 23.774032117000047 ], [ 90.400022626000066, 23.774112394000042 ], [ 90.399602422000044, 23.774082879000048 ], [ 90.399000856000043, 23.775150259000043 ], [ 90.39854411400006, 23.776641784000049 ], [ 90.398289846000068, 23.778150850000031 ], [ 90.397560902000066, 23.778177611000046 ], [ 90.398967307000078, 23.785148624000044 ], [ 90.400232344000074, 23.793050188000052 ], [ 90.400555298000086, 23.793018730000028 ], [ 90.402170840000053, 23.801024338000047 ], [ 90.402913875000081, 23.800769102000061 ], [ 90.403224837000039, 23.800407448000044 ] ] ] } },
{ "type": "Feature", "properties": { "matched_key": "A_30262508", "navigation_parent_key": "A_302625", "admin_type": "city_thana", "admin_label": "City Thana (support)", "map_level": "support", "admin_rank": 2, "displayable": 0, "geometry_status": "EXACT/GEOMETRY", "location_label": "Cantonment Thana" }, "geometry": { "type": "Polygon", "coordinates": [ [ [ 90.392433433000065, 23.837933960000043 ], [ 90.395221144000061, 23.835012985000049 ], [ 90.396407087000057, 23.833543641000063 ], [ 90.398564557000043, 23.831343786000048 ], [ 90.400652616000059, 23.831123289000061 ], [ 90.406047263000062, 23.831700851000051 ], [ 90.406646250000051, 23.831645819000073 ], [ 90.410443390000069, 23.834083518000057 ], [ 90.411918178000064, 23.833140221000065 ], [ 90.413134903000071, 23.833406785000022 ], [ 90.413177467000082, 23.831009738000034 ], [ 90.413301538000042, 23.829688427000065 ], [ 90.412686519000033, 23.827903932000027 ], [ 90.412562956000045, 23.826865545000032 ], [ 90.412575692000075, 23.825847114000055 ], [ 90.412925923000046, 23.825019718000078 ], [ 90.413493558000084, 23.824248189000059 ], [ 90.413574525000058, 23.823656355000026 ], [ 90.414527285000077, 23.823586054000032 ], [ 90.41515836700006, 23.823667905000036 ], [ 90.415347616000076, 23.823552232000054 ], [ 90.415591113000062, 23.823129318000042 ], [ 90.41563351800005, 23.822706302000029 ], [ 90.415390139000067, 23.822429358000022 ], [ 90.415383226000074, 23.822297935000051 ], [ 90.415696487000048, 23.82175938000006 ], [ 90.41679453100005, 23.821060202000069 ], [ 90.417033682000067, 23.820411204000038 ], [ 90.417373147000035, 23.820120091000035 ], [ 90.416475407000064, 23.819556798000065 ], [ 90.416640892000032, 23.819235805000062 ], [ 90.416654442000038, 23.818271780000032 ], [ 90.417372413000066, 23.818182610000065 ], [ 90.417416378000041, 23.818121550000058 ], [ 90.417385255000056, 23.816918355000041 ], [ 90.417458158000045, 23.816320202000043 ], [ 90.416341358000068, 23.816234435000069 ], [ 90.415295422000042, 23.816262411000025 ], [ 90.415359185000057, 23.815811487000076 ], [ 90.415346525000075, 23.815456666000046 ], [ 90.415270703000033, 23.81533070200004 ], [ 90.415343062000034, 23.813250860000039 ], [ 90.41578439400007, 23.811981011000057 ], [ 90.415834400000051, 23.81147016400007 ], [ 90.415072996000049, 23.811679960000049 ], [ 90.414582615000086, 23.811640632000035 ], [ 90.414258706000055, 23.811467632000074 ], [ 90.414023989000043, 23.811170193000066 ], [ 90.413788363000037, 23.810585980000042 ], [ 90.413624118000087, 23.809515729000054 ], [ 90.413040581000075, 23.809456480000051 ], [ 90.41388098200008, 23.808504380000045 ], [ 90.415081582000084, 23.807456080000065 ], [ 90.415342482000085, 23.807074280000052 ], [ 90.41549705500006, 23.806475442000078 ], [ 90.414001476000067, 23.806197943000029 ], [ 90.413109152000061, 23.805744202000028 ], [ 90.413038636000067, 23.805369548000044 ], [ 90.412015448000034, 23.805245829000057 ], [ 90.412092385000051, 23.804739812000037 ], [ 90.410638199000061, 23.804328202000079 ], [ 90.409672674000035, 23.804217993000066 ], [ 90.40884582800004, 23.804269894000072 ], [ 90.408679660000075, 23.805085345000066 ], [ 90.40768050500003, 23.80499315000003 ], [ 90.407621556000038, 23.805173953000065 ], [ 90.406793045000086, 23.805106139000031 ], [ 90.406820981000067, 23.804620577000037 ], [ 90.406552165000051, 23.804594187000077 ], [ 90.406566204000057, 23.804097574000025 ], [ 90.406641973000035, 23.803907933000062 ], [ 90.406560240000033, 23.802458012000045 ], [ 90.406772208000064, 23.802355839000029 ], [ 90.406759931000067, 23.801565539000023 ], [ 90.406863669000074, 23.801409371000034 ], [ 90.406840481000074, 23.800972952000052 ], [ 90.40622949200008, 23.800967798000045 ], [ 90.404977153000061, 23.800233440000056 ], [ 90.403224837000039, 23.800407448000044 ], [ 90.402913875000081, 23.800769102000061 ], [ 90.402170840000053, 23.801024338000047 ], [ 90.400555298000086, 23.793018730000028 ], [ 90.400232344000074, 23.793050188000052 ], [ 90.398967307000078, 23.785148624000044 ], [ 90.397549966000042, 23.778123402000062 ], [ 90.395826215000056, 23.777309802000048 ], [ 90.395682874000045, 23.777353037000069 ], [ 90.393554231000053, 23.776130703000035 ], [ 90.392709639000032, 23.775751233000051 ], [ 90.389909989000046, 23.775336062000065 ], [ 90.390094371000032, 23.773192657000038 ], [ 90.389341119000051, 23.769486752000034 ], [ 90.389070326000081, 23.767739661000064 ], [ 90.38900559800004, 23.766186249000043 ], [ 90.389104063000048, 23.764645972000039 ], [ 90.388092684000071, 23.764666580000039 ], [ 90.383524640000076, 23.765398325000035 ], [ 90.383292988000051, 23.765378023000039 ], [ 90.383313599000076, 23.765803050000045 ], [ 90.382999959000074, 23.768247100000053 ], [ 90.381983620000085, 23.772670986000037 ], [ 90.379774272000077, 23.779687848000037 ], [ 90.37856955400008, 23.783820656000046 ], [ 90.378491298000085, 23.783814320000033 ], [ 90.378016304000084, 23.785083452000038 ], [ 90.378266179000036, 23.785184747000073 ], [ 90.378278488000035, 23.785399802000029 ], [ 90.377597082000079, 23.787471910000079 ], [ 90.377271126000039, 23.788916383000071 ], [ 90.377011613000036, 23.788904636000041 ], [ 90.376886370000079, 23.789586491000023 ], [ 90.37863666700008, 23.789809710000043 ], [ 90.378648904000045, 23.789999674000057 ], [ 90.37832768700008, 23.790876881000031 ], [ 90.379089442000065, 23.790865618000055 ], [ 90.379328961000056, 23.790714521000041 ], [ 90.381630861000076, 23.791101480000066 ], [ 90.383288231000051, 23.785613455000032 ], [ 90.383912242000065, 23.784100212000055 ], [ 90.383924701000069, 23.78313640600004 ], [ 90.384040939000045, 23.782923421000078 ], [ 90.385415438000052, 23.783161370000073 ], [ 90.385406590000059, 23.783258382000042 ], [ 90.385475710000037, 23.783263902000044 ], [ 90.385416656000075, 23.783817427000031 ], [ 90.385497524000073, 23.784820961000037 ], [ 90.385653683000044, 23.784935284000028 ], [ 90.385681782000063, 23.785050215000069 ], [ 90.385781717000043, 23.785065885000051 ], [ 90.38576800800007, 23.785194430000047 ], [ 90.386197813000081, 23.785314533000076 ], [ 90.386306848000061, 23.785652663000064 ], [ 90.386218756000062, 23.785786142000063 ], [ 90.38825661900006, 23.785799754000038 ], [ 90.388296324000066, 23.786189303000072 ], [ 90.388178606000054, 23.787613905000057 ], [ 90.388306808000038, 23.788388355000052 ], [ 90.387970462000055, 23.790132756000048 ], [ 90.387832115000037, 23.791592843000046 ], [ 90.387988621000034, 23.793768424000064 ], [ 90.38766508100008, 23.795822060000035 ], [ 90.388725708000038, 23.795994478000068 ], [ 90.389038374000052, 23.795629729000041 ], [ 90.389274764000049, 23.795817782000029 ], [ 90.389574560000085, 23.795597030000067 ], [ 90.389850301000081, 23.795811479000065 ], [ 90.390024882000034, 23.795640049000042 ], [ 90.391387162000058, 23.795738885000048 ], [ 90.392098824000072, 23.79557313600003 ], [ 90.39269967000007, 23.798391861000027 ], [ 90.391827307000085, 23.798499231000051 ], [ 90.390957717000049, 23.798492546000034 ], [ 90.390967676000059, 23.799129721000043 ], [ 90.390792499000042, 23.800127574000044 ], [ 90.390663134000079, 23.800295190000043 ], [ 90.390405547000057, 23.80101279400003 ], [ 90.390433877000078, 23.801801370000078 ], [ 90.390864017000069, 23.802531560000034 ], [ 90.391123846000085, 23.802761489000034 ], [ 90.391353086000038, 23.803202804000023 ], [ 90.391245129000083, 23.803246774000058 ], [ 90.391254938000031, 23.803332873000045 ], [ 90.391656214000079, 23.803344522000032 ], [ 90.391702749000046, 23.803731588000062 ], [ 90.389908417000072, 23.804296025000042 ], [ 90.389713768000036, 23.804675901000053 ], [ 90.391205858000035, 23.806477341000061 ], [ 90.389529929000048, 23.807372538000038 ], [ 90.393156814000065, 23.81198312600003 ], [ 90.393608707000055, 23.811976227000059 ], [ 90.394435667000039, 23.811792104000062 ], [ 90.394719874000032, 23.811642945000074 ], [ 90.394535811000083, 23.810805921000053 ], [ 90.395113665000054, 23.810612263000053 ], [ 90.395227030000058, 23.810819819000073 ], [ 90.39614804200005, 23.811211323000066 ], [ 90.396047137000039, 23.811586869000053 ], [ 90.394758314000057, 23.814492675000054 ], [ 90.39468994200007, 23.814811241000029 ], [ 90.394771872000035, 23.815323616000057 ], [ 90.395034715000065, 23.815801660000034 ], [ 90.395088935000047, 23.816280235000079 ], [ 90.394654195000044, 23.816586191000056 ], [ 90.394499732000043, 23.816844009000079 ], [ 90.394110965000039, 23.816930809000041 ], [ 90.393721293000056, 23.816717286000028 ], [ 90.393733826000073, 23.81578692100004 ], [ 90.393530651000049, 23.815559372000052 ], [ 90.393063531000053, 23.815300884000067 ], [ 90.391010472000062, 23.815194670000039 ], [ 90.390873789000068, 23.815456116000064 ], [ 90.389893867000069, 23.816118192000033 ], [ 90.389088807000064, 23.816187140000068 ], [ 90.388787710000031, 23.816337981000061 ], [ 90.389245138000035, 23.817378980000058 ], [ 90.389380923000033, 23.81908349400004 ], [ 90.38976232300007, 23.820143123000037 ], [ 90.389015283000049, 23.81997403500003 ], [ 90.388429082000073, 23.819938235000052 ], [ 90.385483217000058, 23.820419810000033 ], [ 90.385399928000083, 23.820611184000029 ], [ 90.384660240000073, 23.820840069000042 ], [ 90.383950935000087, 23.821231215000068 ], [ 90.383716481000079, 23.821459491000041 ], [ 90.382125643000052, 23.82251513600005 ], [ 90.38121007500007, 23.822911050000073 ], [ 90.381643593000035, 23.823086491000026 ], [ 90.381780697000067, 23.823447718000068 ], [ 90.381800451000061, 23.824487856000076 ], [ 90.381478395000045, 23.82527460600005 ], [ 90.381777534000037, 23.826003228000047 ], [ 90.382511975000057, 23.82680528700007 ], [ 90.382639643000061, 23.828279502000044 ], [ 90.383628254000087, 23.828487047000067 ], [ 90.384044816000085, 23.828655367000067 ], [ 90.385284389000049, 23.828851495000038 ], [ 90.386793725000075, 23.828892650000057 ], [ 90.38706022000008, 23.828029267000034 ], [ 90.388229123000031, 23.828275807000068 ], [ 90.388464834000047, 23.828259038000056 ], [ 90.388505065000061, 23.828124542000069 ], [ 90.388416696000036, 23.828110426000023 ], [ 90.388350487000082, 23.827838100000065 ], [ 90.38884356300008, 23.827599015000033 ], [ 90.388880652000068, 23.827655124000046 ], [ 90.389046256000086, 23.827605393000056 ], [ 90.389105520000044, 23.827181624000048 ], [ 90.389288721000071, 23.827030324000077 ], [ 90.389336693000075, 23.826843995000047 ], [ 90.389609838000069, 23.826504929000066 ], [ 90.391318684000055, 23.826986068000053 ], [ 90.392123044000073, 23.827102231000026 ], [ 90.392097643000056, 23.827422035000041 ], [ 90.393134449000058, 23.827430694000043 ], [ 90.388830516000041, 23.832139324000025 ], [ 90.388763416000074, 23.832376324000052 ], [ 90.388794847000042, 23.832795116000057 ], [ 90.389204010000071, 23.832858690000023 ], [ 90.389200419000076, 23.833657620000054 ], [ 90.389321170000073, 23.833726142000046 ], [ 90.389330470000061, 23.83405687100003 ], [ 90.388803507000034, 23.834322525000061 ], [ 90.388612211000066, 23.835411406000048 ], [ 90.387663499000041, 23.835639603000061 ], [ 90.387180650000062, 23.836717924000027 ], [ 90.387119750000068, 23.83715122600006 ], [ 90.38744113000007, 23.837126398000066 ], [ 90.387847383000064, 23.837448004000066 ], [ 90.387788871000055, 23.837866371000075 ], [ 90.38795009200004, 23.837913762000028 ], [ 90.387940400000048, 23.838298631000043 ], [ 90.388048034000064, 23.838410145000068 ], [ 90.388154090000057, 23.83912682700003 ], [ 90.388016675000074, 23.839920597000059 ], [ 90.387638749000075, 23.840320674000054 ], [ 90.387419486000056, 23.841552819000071 ], [ 90.387863595000056, 23.841618443000073 ], [ 90.388611530000048, 23.843289048000031 ], [ 90.390241958000047, 23.843498978000071 ], [ 90.391787200000067, 23.843594859000063 ], [ 90.39192398800003, 23.843462119000037 ], [ 90.391791443000045, 23.842103019000035 ], [ 90.393099511000059, 23.841873927000051 ], [ 90.392297613000039, 23.838247826000043 ], [ 90.392433433000065, 23.837933960000043 ] ] ] } },
{ "type": "Feature", "properties": { "matched_key": "A_30262510", "navigation_parent_key": "A_302625", "admin_type": "city_thana", "admin_label": "City Thana (support)", "map_level": "support", "admin_rank": 2, "displayable": 0, "geometry_status": "EXACT/GEOMETRY", "location_label": "Dakkhinkhan Thana" }, "geometry": { "type": "Polygon", "coordinates": [ [ [ 90.414894782000033, 23.884094144000073 ], [ 90.415015986000071, 23.882888048000041 ], [ 90.41476237300003, 23.882874328000071 ], [ 90.414951948000066, 23.881956211000045 ], [ 90.415966143000048, 23.881951601000026 ], [ 90.416198614000052, 23.882046479000053 ], [ 90.41655872900003, 23.882053068000062 ], [ 90.416566523000085, 23.881661420000057 ], [ 90.41672574200004, 23.881685376000064 ], [ 90.416850638000085, 23.880857128000059 ], [ 90.417948845000069, 23.880824504000032 ], [ 90.417952080000077, 23.880516286000045 ], [ 90.418016786000067, 23.880511150000075 ], [ 90.41802662200007, 23.880337145000055 ], [ 90.418114812000056, 23.880342163000023 ], [ 90.418271595000078, 23.880163863000064 ], [ 90.41833635200004, 23.879857256000037 ], [ 90.417793934000031, 23.879879326000037 ], [ 90.418021513000042, 23.879275187000076 ], [ 90.418198517000064, 23.879296396000029 ], [ 90.418316971000081, 23.87899311700005 ], [ 90.418148228000064, 23.878841235000039 ], [ 90.41818072500007, 23.878725281000072 ], [ 90.418050960000073, 23.878690603000052 ], [ 90.418151846000058, 23.878382521000049 ], [ 90.417930617000081, 23.878353022000056 ], [ 90.417958451000061, 23.877669984000079 ], [ 90.417869593000034, 23.877085863000048 ], [ 90.417762692000053, 23.877085562000048 ], [ 90.417883670000037, 23.876516275000029 ], [ 90.417558077000081, 23.876483462000067 ], [ 90.417647178000038, 23.876233357000046 ], [ 90.417574339000055, 23.876210852000042 ], [ 90.41751466900007, 23.875530913000034 ], [ 90.417687023000042, 23.873971360000041 ], [ 90.416535176000082, 23.87376968600006 ], [ 90.417659509000032, 23.872681721000049 ], [ 90.417695744000071, 23.872330660000046 ], [ 90.418166591000045, 23.87213205300003 ], [ 90.418441790000031, 23.872160261000033 ], [ 90.418495487000087, 23.871887677000075 ], [ 90.418913234000058, 23.871977171000026 ], [ 90.41905175100004, 23.871740123000052 ], [ 90.419298360000084, 23.871827606000068 ], [ 90.419592513000055, 23.871515226000042 ], [ 90.419555761000083, 23.871400615000027 ], [ 90.419648858000073, 23.871258884000042 ], [ 90.420541107000076, 23.870622836000052 ], [ 90.42055380100004, 23.870530196000061 ], [ 90.420646687000044, 23.870524565000039 ], [ 90.420706296000048, 23.870273472000065 ], [ 90.420906121000087, 23.870009361000029 ], [ 90.420939958000076, 23.869737472000054 ], [ 90.421039096000072, 23.869786361000024 ], [ 90.421353529000044, 23.869143344000065 ], [ 90.421334341000033, 23.868754813000066 ], [ 90.421506717000057, 23.868780867000055 ], [ 90.421462742000074, 23.868691698000077 ], [ 90.422267649000048, 23.866690303000041 ], [ 90.422248703000037, 23.866557647000036 ], [ 90.422456133000082, 23.866530008000041 ], [ 90.422350170000072, 23.866343129000029 ], [ 90.422588438000048, 23.866186531000039 ], [ 90.422994066000058, 23.866174715000056 ], [ 90.423010988000044, 23.866030728000055 ], [ 90.423338365000063, 23.86607559600003 ], [ 90.423348411000063, 23.865978372000029 ], [ 90.424340781000069, 23.865992282000036 ], [ 90.424382194000032, 23.865884048000055 ], [ 90.424595641000053, 23.865883460000077 ], [ 90.424605578000069, 23.865986364000037 ], [ 90.424798193000072, 23.866003757000044 ], [ 90.424797177000073, 23.865931348000061 ], [ 90.425075068000069, 23.865944209000077 ], [ 90.425286199000084, 23.865172276000067 ], [ 90.426626299000077, 23.865085777000047 ], [ 90.427218224000057, 23.865355622000038 ], [ 90.427162287000044, 23.865772970000023 ], [ 90.427653706000058, 23.865938474000075 ], [ 90.428006449000065, 23.865924203000077 ], [ 90.427907059000063, 23.867163418000075 ], [ 90.42862867100007, 23.867449081000075 ], [ 90.428475057000071, 23.867831463000073 ], [ 90.428542101000062, 23.867979872000035 ], [ 90.42874007000006, 23.868074160000049 ], [ 90.429007680000041, 23.867893552000055 ], [ 90.429716997000071, 23.867888378000032 ], [ 90.430006597000045, 23.867974278000077 ], [ 90.430377669000052, 23.868268688000057 ], [ 90.43072064200004, 23.868253390000064 ], [ 90.431385522000085, 23.868001287000027 ], [ 90.431450334000033, 23.86773917000005 ], [ 90.431900078000069, 23.867279740000072 ], [ 90.432414528000038, 23.866413737000073 ], [ 90.432657748000054, 23.866097599000057 ], [ 90.432940258000031, 23.865919219000034 ], [ 90.432667898000034, 23.865273479000052 ], [ 90.432674199000076, 23.865051480000034 ], [ 90.433285699000066, 23.86461668000004 ], [ 90.433811399000035, 23.864435180000044 ], [ 90.433826099000044, 23.864048880000041 ], [ 90.433698700000036, 23.863883280000039 ], [ 90.43384278700006, 23.863640052000051 ], [ 90.434549655000069, 23.863790890000075 ], [ 90.435635563000062, 23.863705767000056 ], [ 90.435733982000045, 23.863266954000039 ], [ 90.435841100000061, 23.863197981000042 ], [ 90.435903500000052, 23.862636681000026 ], [ 90.436041900000077, 23.862200681000047 ], [ 90.436092329000076, 23.862219252000045 ], [ 90.436545469000066, 23.860654798000041 ], [ 90.438056216000064, 23.858144052000057 ], [ 90.438668864000078, 23.857801340000037 ], [ 90.439041935000034, 23.857674910000071 ], [ 90.439135932000056, 23.858108452000067 ], [ 90.439260122000064, 23.858335130000057 ], [ 90.439742466000041, 23.85881769100007 ], [ 90.439703974000054, 23.858961190000059 ], [ 90.440070261000074, 23.859644442000047 ], [ 90.44073803100008, 23.860353824000072 ], [ 90.441246733000071, 23.860719664000044 ], [ 90.442686403000039, 23.86116170400004 ], [ 90.443465126000035, 23.861233415000072 ], [ 90.444523009000079, 23.860954883000034 ], [ 90.445668565000062, 23.860468344000026 ], [ 90.446543170000041, 23.859908068000038 ], [ 90.447246807000056, 23.858539897000071 ], [ 90.447478395000076, 23.857699225000033 ], [ 90.447751654000058, 23.85648358900005 ], [ 90.447921399000052, 23.854796318000069 ], [ 90.448308262000069, 23.852706481000041 ], [ 90.445120711000072, 23.854695039000035 ], [ 90.444679569000073, 23.854612713000051 ], [ 90.444562071000064, 23.854445765000037 ], [ 90.443977441000072, 23.854447451000055 ], [ 90.443299876000083, 23.853863897000053 ], [ 90.443027732000076, 23.853748809000024 ], [ 90.436845093000045, 23.853854539000054 ], [ 90.436930428000039, 23.852934797000046 ], [ 90.436109326000064, 23.852151831000072 ], [ 90.435200293000037, 23.851878377000048 ], [ 90.434857436000073, 23.851915193000025 ], [ 90.434174891000055, 23.851770144000056 ], [ 90.433745608000038, 23.851514960000031 ], [ 90.43434000600007, 23.850902280000071 ], [ 90.437315048000073, 23.848943448000057 ], [ 90.438390584000047, 23.847970868000061 ], [ 90.438660800000036, 23.847970098000076 ], [ 90.438804792000042, 23.847363925000025 ], [ 90.43787633200003, 23.847172597000053 ], [ 90.43744134800005, 23.84694164800004 ], [ 90.43655854900004, 23.846080948000065 ], [ 90.436381949000065, 23.845767347000049 ], [ 90.435493549000057, 23.844779847000041 ], [ 90.434773049000057, 23.844199747000062 ], [ 90.434060749000082, 23.843808547000037 ], [ 90.433576850000065, 23.843264847000057 ], [ 90.432786349000082, 23.842910146000065 ], [ 90.431401050000034, 23.842608646000031 ], [ 90.430886051000073, 23.842417191000038 ], [ 90.430071049000048, 23.842375046000029 ], [ 90.430477450000069, 23.841430546000026 ], [ 90.430662790000042, 23.841332467000029 ], [ 90.428887136000071, 23.841007900000022 ], [ 90.428628591000063, 23.841036996000071 ], [ 90.428043455000079, 23.840866555000048 ], [ 90.427762499000039, 23.840677543000027 ], [ 90.42545645000007, 23.84003464400007 ], [ 90.424662451000074, 23.840176945000053 ], [ 90.424397050000039, 23.840295844000025 ], [ 90.424695950000057, 23.840611144000036 ], [ 90.424037539000039, 23.840970391000042 ], [ 90.423604215000069, 23.841052338000054 ], [ 90.423521402000063, 23.84115293800005 ], [ 90.423290328000064, 23.840841948000048 ], [ 90.422624806000044, 23.840417786000046 ], [ 90.422561376000033, 23.840085775000034 ], [ 90.422046090000038, 23.839819527000031 ], [ 90.421141600000055, 23.839632238000036 ], [ 90.420385602000067, 23.839647164000041 ], [ 90.421608749000086, 23.84235304300006 ], [ 90.42163294900007, 23.842554143000029 ], [ 90.421419209000078, 23.843353772000057 ], [ 90.421541507000086, 23.843410793000032 ], [ 90.421517436000045, 23.843619748000037 ], [ 90.421154149000074, 23.844271443000025 ], [ 90.42065524800006, 23.844244543000059 ], [ 90.420091048000074, 23.845433342000035 ], [ 90.41986134800004, 23.845465742000044 ], [ 90.419892325000035, 23.845810761000052 ], [ 90.41974564800006, 23.84610394200007 ], [ 90.419546048000086, 23.846194442000069 ], [ 90.419615848000035, 23.84648184200006 ], [ 90.419520548000037, 23.846707643000059 ], [ 90.419087447000038, 23.84700444200007 ], [ 90.417619548000062, 23.847601242000053 ], [ 90.415715546000058, 23.850409441000068 ], [ 90.41536474600008, 23.850805141000023 ], [ 90.41238334500008, 23.851244740000027 ], [ 90.411906746000057, 23.852306727000041 ], [ 90.41191946500004, 23.853071552000074 ], [ 90.41166142700007, 23.853065072000049 ], [ 90.411657142000081, 23.852983834000042 ], [ 90.410844021000059, 23.85281384600006 ], [ 90.410663660000068, 23.853923805000022 ], [ 90.410683596000069, 23.854565355000034 ], [ 90.408354745000054, 23.854016926000043 ], [ 90.407984811000063, 23.853840180000077 ], [ 90.407780086000059, 23.854227276000074 ], [ 90.406935120000071, 23.854115085000046 ], [ 90.406406103000052, 23.853501188000052 ], [ 90.406130094000048, 23.855664115000025 ], [ 90.406103327000039, 23.859638504000031 ], [ 90.406258103000084, 23.859644885000023 ], [ 90.406234958000084, 23.861976704000028 ], [ 90.405859057000043, 23.876502543000072 ], [ 90.405805719000057, 23.876502315000039 ], [ 90.405595033000054, 23.87892213300006 ], [ 90.405620232000047, 23.880518868000024 ], [ 90.405826943000079, 23.882286019000048 ], [ 90.407294081000032, 23.882234031000053 ], [ 90.409515491000036, 23.882510397000033 ], [ 90.41210962200006, 23.883000246000051 ], [ 90.413122677000047, 23.883607207000068 ], [ 90.41460916300008, 23.884702640000057 ], [ 90.414894782000033, 23.884094144000073 ] ] ] } },
{ "type": "Feature", "properties": { "matched_key": "A_30262511", "navigation_parent_key": "A_302625", "admin_type": "city_thana", "admin_label": "City Thana (support)", "map_level": "support", "admin_rank": 2, "displayable": 0, "geometry_status": "EXACT/GEOMETRY", "location_label": "Darussalam Thana" }, "geometry": { "type": "Polygon", "coordinates": [ [ [ 90.341819803000078, 23.799212058000023 ], [ 90.342316133000054, 23.798269330000039 ], [ 90.343685103000041, 23.798480415000029 ], [ 90.345556314000078, 23.798495143000025 ], [ 90.346265014000039, 23.798294043000055 ], [ 90.346591114000034, 23.798336243000051 ], [ 90.347209115000055, 23.798242043000073 ], [ 90.347667770000044, 23.797984136000025 ], [ 90.347777195000049, 23.79783485300004 ], [ 90.348126149000052, 23.797321477000025 ], [ 90.348269421000055, 23.796752112000036 ], [ 90.349008103000074, 23.796753985000066 ], [ 90.349210712000058, 23.796365956000045 ], [ 90.35060820800004, 23.797001981000051 ], [ 90.353370701000074, 23.798747968000043 ], [ 90.353345440000055, 23.797348003000025 ], [ 90.353861001000041, 23.79085251500004 ], [ 90.354047021000042, 23.785692321000056 ], [ 90.353838498000073, 23.785033430000055 ], [ 90.353269320000038, 23.784063839000055 ], [ 90.35346693300005, 23.78398689900007 ], [ 90.356260855000073, 23.784256263000032 ], [ 90.355104560000086, 23.782362152000076 ], [ 90.357030992000034, 23.78214319500006 ], [ 90.357953135000059, 23.782149377000053 ], [ 90.358243128000083, 23.780571172000066 ], [ 90.358148156000084, 23.780261464000034 ], [ 90.358253456000057, 23.778848064000044 ], [ 90.358934956000041, 23.778764064000029 ], [ 90.358928656000046, 23.778277564000064 ], [ 90.358762357000046, 23.777757164000036 ], [ 90.358931656000038, 23.777631064000047 ], [ 90.358997706000082, 23.77705355300003 ], [ 90.356988447000049, 23.776427308000052 ], [ 90.355623638000054, 23.776222712000049 ], [ 90.354082563000077, 23.776163026000063 ], [ 90.353268700000058, 23.776444896000044 ], [ 90.351871435000078, 23.778082957000038 ], [ 90.350854648000052, 23.778186885000025 ], [ 90.350602796000032, 23.778058745000067 ], [ 90.35048626300005, 23.777607387000046 ], [ 90.350571830000035, 23.777261702000033 ], [ 90.350512532000039, 23.77665214700005 ], [ 90.350194395000074, 23.776280282000073 ], [ 90.349905595000052, 23.776095772000076 ], [ 90.349415474000068, 23.776096882000047 ], [ 90.348146934000056, 23.775180696000064 ], [ 90.347494099000073, 23.774474218000023 ], [ 90.34666909200007, 23.774410905000025 ], [ 90.346181285000057, 23.774202347000028 ], [ 90.345370728000034, 23.773687750000079 ], [ 90.344468623000068, 23.772985030000029 ], [ 90.343846973000041, 23.772143038000024 ], [ 90.343757315000062, 23.772139331000062 ], [ 90.343797209000059, 23.772075634000032 ], [ 90.343721287000051, 23.77197280200005 ], [ 90.343113793000043, 23.771418658000073 ], [ 90.342488468000056, 23.771783602000028 ], [ 90.339943861000052, 23.772879892000049 ], [ 90.33825347700008, 23.773418775000039 ], [ 90.334537947000058, 23.774095270000032 ], [ 90.334162935000052, 23.774249635000047 ], [ 90.333891729000072, 23.774460225000041 ], [ 90.333496557000046, 23.775129478000053 ], [ 90.333455674000049, 23.775454735000039 ], [ 90.333980083000085, 23.776390719000062 ], [ 90.336511193000035, 23.77810816300007 ], [ 90.337327600000037, 23.778795105000029 ], [ 90.337495656000044, 23.779022806000057 ], [ 90.337371190000056, 23.77952212100007 ], [ 90.337163461000046, 23.779847743000062 ], [ 90.336663609000084, 23.780363684000065 ], [ 90.335850336000078, 23.780900627000051 ], [ 90.335080570000059, 23.781898125000055 ], [ 90.334916135000071, 23.783083989000033 ], [ 90.335150137000085, 23.783909951000055 ], [ 90.335376480000036, 23.784379146000049 ], [ 90.335531540000034, 23.784322355000029 ], [ 90.336070336000034, 23.785346365000066 ], [ 90.33707608900005, 23.786407740000072 ], [ 90.337767581000037, 23.787399797000035 ], [ 90.338628496000069, 23.789138911000066 ], [ 90.339008727000078, 23.789799702000039 ], [ 90.339101336000056, 23.789788208000061 ], [ 90.339238137000052, 23.790022750000048 ], [ 90.339443274000075, 23.790584568000043 ], [ 90.339596128000039, 23.79227329500003 ], [ 90.339604067000039, 23.793675562000033 ], [ 90.33980994500007, 23.794519640000033 ], [ 90.339862692000054, 23.795221795000032 ], [ 90.339729283000054, 23.795822746000056 ], [ 90.339585775000046, 23.795843383000033 ], [ 90.339586680000082, 23.796193389000052 ], [ 90.339420092000069, 23.79653924400003 ], [ 90.339378966000083, 23.796767402000057 ], [ 90.33949003400005, 23.796776191000049 ], [ 90.339358464000043, 23.797142294000025 ], [ 90.339359924000064, 23.797704558000078 ], [ 90.339508110000054, 23.798065529000041 ], [ 90.33990514900006, 23.798335628000075 ], [ 90.340323604000048, 23.798583098000051 ], [ 90.34088778000006, 23.798715079000033 ], [ 90.341578133000041, 23.799000332000048 ], [ 90.341819803000078, 23.799212058000023 ] ] ] } },
{ "type": "Feature", "properties": { "matched_key": "A_30262516", "navigation_parent_key": "A_302625", "admin_type": "city_thana", "admin_label": "City Thana (support)", "map_level": "support", "admin_rank": 2, "displayable": 0, "geometry_status": "EXACT/GEOMETRY", "location_label": "Dhanmondi Thana" }, "geometry": { "type": "Polygon", "coordinates": [ [ [ 90.366457069000035, 23.752998165000065 ], [ 90.367314738000061, 23.752169232000028 ], [ 90.366647250000085, 23.751776791000054 ], [ 90.369627273000049, 23.747279900000024 ], [ 90.369341459000054, 23.747115071000053 ], [ 90.368876259000047, 23.747160070000064 ], [ 90.368814259000033, 23.747334070000022 ], [ 90.368355158000043, 23.747312770000065 ], [ 90.368380458000047, 23.747143670000071 ], [ 90.368270258000052, 23.747113270000057 ], [ 90.36843146800004, 23.746446599000024 ], [ 90.368156108000051, 23.746011439000029 ], [ 90.36753685900004, 23.74548283300004 ], [ 90.366744231000041, 23.745165340000028 ], [ 90.366308668000045, 23.745081476000053 ], [ 90.366175689000045, 23.745542197000077 ], [ 90.366282866000063, 23.745681219000062 ], [ 90.366208258000086, 23.745883569000057 ], [ 90.36611115900007, 23.74585606900007 ], [ 90.366058754000051, 23.745965081000065 ], [ 90.366283682000073, 23.74604628000003 ], [ 90.366210280000075, 23.746250734000057 ], [ 90.366416680000043, 23.746337534000077 ], [ 90.366316405000077, 23.746550034000052 ], [ 90.366222590000064, 23.746513355000047 ], [ 90.36623275900007, 23.746404880000057 ], [ 90.365907278000066, 23.746244779000051 ], [ 90.365768008000032, 23.746306856000047 ], [ 90.365681656000049, 23.746595437000053 ], [ 90.365105609000068, 23.746435126000051 ], [ 90.364437010000074, 23.747642409000036 ], [ 90.364660310000033, 23.747768510000071 ], [ 90.36510770700005, 23.747821351000027 ], [ 90.365094448000036, 23.748105649000024 ], [ 90.365009021000049, 23.748084463000055 ], [ 90.364944911000066, 23.748415668000064 ], [ 90.365318510000066, 23.748484009000038 ], [ 90.365207685000087, 23.748988143000076 ], [ 90.364504297000053, 23.748810234000075 ], [ 90.364474033000079, 23.749100131000034 ], [ 90.364311814000075, 23.749357504000045 ], [ 90.363612219000061, 23.74922076200005 ], [ 90.36334030900008, 23.749866409000049 ], [ 90.36372665600004, 23.749956668000038 ], [ 90.36420905500006, 23.750361668000039 ], [ 90.36486745600007, 23.750697668000043 ], [ 90.36451685600008, 23.751200469000025 ], [ 90.364267855000037, 23.75132566800005 ], [ 90.363047151000046, 23.751255404000062 ], [ 90.362190407000071, 23.752805108000075 ], [ 90.362734907000061, 23.752935809000064 ], [ 90.363450607000061, 23.752866809000068 ], [ 90.363809807000052, 23.752942609000058 ], [ 90.364208907000034, 23.752588909000053 ], [ 90.364395208000076, 23.752759109000067 ], [ 90.364492608000035, 23.752677809000033 ], [ 90.364594408000073, 23.752760409000075 ], [ 90.365324608000037, 23.752221510000027 ], [ 90.365946508000036, 23.752814510000064 ], [ 90.366094008000061, 23.752673310000034 ], [ 90.366457069000035, 23.752998165000065 ] ] ] } },
{ "type": "Feature", "properties": { "matched_key": "A_30262521", "navigation_parent_key": "A_302625", "admin_type": "city_thana", "admin_label": "City Thana (support)", "map_level": "support", "admin_rank": 2, "displayable": 0, "geometry_status": "EXACT/GEOMETRY", "location_label": "Bhasantek Thana" }, "geometry": { "type": "Polygon", "coordinates": [ [ [ 90.388165282000045, 23.819959136000023 ], [ 90.389015283000049, 23.81997403500003 ], [ 90.38976232300007, 23.820143123000037 ], [ 90.389380923000033, 23.81908349400004 ], [ 90.389245138000035, 23.817378980000058 ], [ 90.388787710000031, 23.816337981000061 ], [ 90.389088807000064, 23.816187140000068 ], [ 90.389893867000069, 23.816118192000033 ], [ 90.390873789000068, 23.815456116000064 ], [ 90.391010472000062, 23.815194670000039 ], [ 90.393063531000053, 23.815300884000067 ], [ 90.393530651000049, 23.815559372000052 ], [ 90.393733826000073, 23.81578692100004 ], [ 90.393721293000056, 23.816717286000028 ], [ 90.394110965000039, 23.816930809000041 ], [ 90.394499732000043, 23.816844009000079 ], [ 90.394654195000044, 23.816586191000056 ], [ 90.394980728000064, 23.816413741000076 ], [ 90.395088935000047, 23.816280235000079 ], [ 90.395068096000045, 23.816086093000024 ], [ 90.395034715000065, 23.815801660000034 ], [ 90.394771872000035, 23.815323616000057 ], [ 90.39468994200007, 23.814811241000029 ], [ 90.394758314000057, 23.814492675000054 ], [ 90.396047137000039, 23.811586869000053 ], [ 90.39614804200005, 23.811211323000066 ], [ 90.395227030000058, 23.810819819000073 ], [ 90.395113665000054, 23.810612263000053 ], [ 90.394535811000083, 23.810805921000053 ], [ 90.394719874000032, 23.811642945000074 ], [ 90.394435667000039, 23.811792104000062 ], [ 90.393608707000055, 23.811976227000059 ], [ 90.393156814000065, 23.81198312600003 ], [ 90.389529929000048, 23.807372538000038 ], [ 90.391205858000035, 23.806477341000061 ], [ 90.389713768000036, 23.804675901000053 ], [ 90.389908417000072, 23.804296025000042 ], [ 90.391702749000046, 23.803731588000062 ], [ 90.391656214000079, 23.803344522000032 ], [ 90.391254938000031, 23.803332873000045 ], [ 90.391245129000083, 23.803246774000058 ], [ 90.391353086000038, 23.803202804000023 ], [ 90.391123846000085, 23.802761489000034 ], [ 90.390864017000069, 23.802531560000034 ], [ 90.390433877000078, 23.801801370000078 ], [ 90.390405547000057, 23.80101279400003 ], [ 90.390663134000079, 23.800295190000043 ], [ 90.390792499000042, 23.800127574000044 ], [ 90.390967676000059, 23.799129721000043 ], [ 90.390957717000049, 23.798492546000034 ], [ 90.391827307000085, 23.798499231000051 ], [ 90.39269967000007, 23.798391861000027 ], [ 90.392098824000072, 23.79557313600003 ], [ 90.391387162000058, 23.795738885000048 ], [ 90.390024882000034, 23.795640049000042 ], [ 90.389850301000081, 23.795811479000065 ], [ 90.389574560000085, 23.795597030000067 ], [ 90.389274764000049, 23.795817782000029 ], [ 90.389038374000052, 23.795629729000041 ], [ 90.388725708000038, 23.795994478000068 ], [ 90.38766508100008, 23.795822060000035 ], [ 90.387386980000031, 23.79719328300007 ], [ 90.387322113000039, 23.798430666000058 ], [ 90.388438224000083, 23.798202355000058 ], [ 90.388481219000084, 23.798334225000076 ], [ 90.38753121700006, 23.804319424000028 ], [ 90.387574616000052, 23.80469262400004 ], [ 90.387819240000056, 23.805140479000045 ], [ 90.387493027000062, 23.805233223000073 ], [ 90.387468446000071, 23.805352777000053 ], [ 90.386507537000057, 23.805398204000028 ], [ 90.385698178000041, 23.805749147000029 ], [ 90.385354548000066, 23.805711650000035 ], [ 90.385395514000038, 23.805984606000038 ], [ 90.384839554000052, 23.806290744000023 ], [ 90.384582002000059, 23.807350461000055 ], [ 90.38456781900004, 23.807461487000069 ], [ 90.384767595000085, 23.807666825000069 ], [ 90.384855174000052, 23.808468580000067 ], [ 90.38428325600006, 23.808282317000078 ], [ 90.384241875000043, 23.808787059000053 ], [ 90.383457154000041, 23.80925022200006 ], [ 90.383685092000064, 23.811991763000037 ], [ 90.384303789000057, 23.811985501000038 ], [ 90.383769080000036, 23.815933337000047 ], [ 90.383713433000082, 23.816963604000023 ], [ 90.383963452000046, 23.820028832000048 ], [ 90.383743582000079, 23.820369466000045 ], [ 90.383950935000087, 23.821231215000068 ], [ 90.384660240000073, 23.820840069000042 ], [ 90.385399928000083, 23.820611184000029 ], [ 90.385483217000058, 23.820419810000033 ], [ 90.388165282000045, 23.819959136000023 ] ] ] } },
{ "type": "Feature", "properties": { "matched_key": "A_30262522", "navigation_parent_key": "A_302625", "admin_type": "city_thana", "admin_label": "City Thana (support)", "map_level": "support", "admin_rank": 2, "displayable": 0, "geometry_status": "EXACT/GEOMETRY", "location_label": "Bhatara Thana" }, "geometry": { "type": "Polygon", "coordinates": [ [ [ 90.458145496000043, 23.82946561600005 ], [ 90.458356198000047, 23.827375515000028 ], [ 90.462054424000087, 23.827750474000027 ], [ 90.462481547000039, 23.823464436000052 ], [ 90.463015203000054, 23.823741623000046 ], [ 90.465826599000081, 23.824173481000059 ], [ 90.466122299000062, 23.823294197000052 ], [ 90.466177522000066, 23.821918862000075 ], [ 90.466653961000077, 23.821477094000045 ], [ 90.466830184000059, 23.820650107000063 ], [ 90.466349625000078, 23.819938011000033 ], [ 90.465796954000041, 23.818877902000054 ], [ 90.461556861000076, 23.818548811000028 ], [ 90.460907668000061, 23.817507553000041 ], [ 90.460307941000053, 23.816864093000049 ], [ 90.458643712000082, 23.816367188000072 ], [ 90.45708105600005, 23.815200814000036 ], [ 90.454609036000079, 23.813965412000073 ], [ 90.454528946000039, 23.813344294000046 ], [ 90.454847122000047, 23.812700974000052 ], [ 90.452984706000052, 23.812557199000025 ], [ 90.453316366000081, 23.809164777000035 ], [ 90.450041450000072, 23.808893192000028 ], [ 90.449806872000067, 23.807612876000064 ], [ 90.450043313000037, 23.806785729000069 ], [ 90.450518429000056, 23.80596014200006 ], [ 90.450635795000039, 23.805300440000053 ], [ 90.450689615000044, 23.803649623000069 ], [ 90.450568454000063, 23.803209653000067 ], [ 90.450686768000082, 23.802825433000066 ], [ 90.451348952000046, 23.802342525000029 ], [ 90.451162089000036, 23.801886940000031 ], [ 90.451098933000083, 23.801008729000046 ], [ 90.450799576000065, 23.800844764000033 ], [ 90.449722881000071, 23.800683066000033 ], [ 90.449544485000047, 23.800902620000045 ], [ 90.449546002000034, 23.801342942000076 ], [ 90.449306913000044, 23.801397832000077 ], [ 90.448169007000047, 23.800741781000056 ], [ 90.447329707000051, 23.800028405000035 ], [ 90.445653586000049, 23.799319699000023 ], [ 90.442956825000067, 23.797236478000059 ], [ 90.441817499000081, 23.79614005600007 ], [ 90.440668723000044, 23.795691722000072 ], [ 90.441154064000045, 23.794437099000049 ], [ 90.44216709300008, 23.793388704000051 ], [ 90.442584378000049, 23.79305782800003 ], [ 90.442916457000081, 23.792582526000047 ], [ 90.440151154000034, 23.792094060000068 ], [ 90.43974017000005, 23.792137813000068 ], [ 90.439228106000087, 23.79204965200006 ], [ 90.438690947000055, 23.792120849000071 ], [ 90.438569654000048, 23.792071860000078 ], [ 90.438566954000066, 23.791940559000068 ], [ 90.438411454000061, 23.791945455000075 ], [ 90.438383050000084, 23.791606676000072 ], [ 90.43790036300004, 23.791574658000059 ], [ 90.434899144000042, 23.791431715000044 ], [ 90.434718325000063, 23.792066109000075 ], [ 90.433935035000047, 23.792029478000075 ], [ 90.433866266000052, 23.791850434000025 ], [ 90.434010206000039, 23.791258472000038 ], [ 90.432840766000083, 23.791119942000023 ], [ 90.431860466000046, 23.790831264000076 ], [ 90.430953385000066, 23.790780717000075 ], [ 90.427382911000052, 23.790159035000045 ], [ 90.426674820000073, 23.789963116000024 ], [ 90.426088247000052, 23.789444259000049 ], [ 90.426027761000057, 23.790555032000043 ], [ 90.425529070000039, 23.793026760000032 ], [ 90.42544900200005, 23.794061188000057 ], [ 90.425539628000081, 23.794573522000064 ], [ 90.424264046000076, 23.794540906000066 ], [ 90.422674887000085, 23.802638259000048 ], [ 90.421894534000046, 23.805889783000055 ], [ 90.42140908600004, 23.809237483000061 ], [ 90.421873426000047, 23.809302461000073 ], [ 90.422128240000063, 23.809504644000071 ], [ 90.422168149000072, 23.809640185000035 ], [ 90.421231295000041, 23.809737268000049 ], [ 90.421204217000081, 23.810245260000045 ], [ 90.421034914000074, 23.810318568000071 ], [ 90.420862039000042, 23.810374488000036 ], [ 90.42039998000007, 23.810285888000067 ], [ 90.42021033900005, 23.810844548000034 ], [ 90.420226169000046, 23.810920501000055 ], [ 90.420441719000053, 23.810957379000058 ], [ 90.420712639000044, 23.812029264000046 ], [ 90.419618363000041, 23.812014691000059 ], [ 90.41959399600006, 23.812123111000062 ], [ 90.419309365000061, 23.812117860000058 ], [ 90.418625520000035, 23.812420918000043 ], [ 90.418432365000058, 23.81208126100006 ], [ 90.417674475000069, 23.811811720000037 ], [ 90.417177045000074, 23.811486138000078 ], [ 90.416722267000068, 23.81168354700003 ], [ 90.415834400000051, 23.81147016400007 ], [ 90.41578439400007, 23.811981011000057 ], [ 90.415343062000034, 23.813250860000039 ], [ 90.415270703000033, 23.81533070200004 ], [ 90.415346525000075, 23.815456666000046 ], [ 90.415359185000057, 23.815811487000076 ], [ 90.415295422000042, 23.816262411000025 ], [ 90.416341358000068, 23.816234435000069 ], [ 90.417458158000045, 23.816320202000043 ], [ 90.417385255000056, 23.816918355000041 ], [ 90.417416378000041, 23.818121550000058 ], [ 90.417372413000066, 23.818182610000065 ], [ 90.416654442000038, 23.818271780000032 ], [ 90.416640892000032, 23.819235805000062 ], [ 90.416475407000064, 23.819556798000065 ], [ 90.417182210000078, 23.820035243000063 ], [ 90.41820122300004, 23.820543527000041 ], [ 90.419252052000047, 23.821401002000073 ], [ 90.419629712000074, 23.820914489000074 ], [ 90.420166718000075, 23.820940122000025 ], [ 90.421604117000072, 23.820562202000076 ], [ 90.422592976000033, 23.82073914700004 ], [ 90.422746376000077, 23.820823647000054 ], [ 90.422890432000031, 23.821041728000068 ], [ 90.423386478000054, 23.821151688000043 ], [ 90.424177196000073, 23.821034635000046 ], [ 90.425239290000036, 23.820549132000053 ], [ 90.42655871900007, 23.820883052000056 ], [ 90.426809519000074, 23.821043051000061 ], [ 90.427317680000044, 23.821005082000056 ], [ 90.427694479000081, 23.821135082000069 ], [ 90.42829817900008, 23.821162381000079 ], [ 90.429197979000037, 23.821514182000044 ], [ 90.42957180500008, 23.821554828000046 ], [ 90.429082348000065, 23.826501385000029 ], [ 90.436052816000085, 23.827958562000049 ], [ 90.439782060000084, 23.828646475000028 ], [ 90.439781328000038, 23.828778752000062 ], [ 90.442902857000036, 23.829382482000028 ], [ 90.457338824000033, 23.832548329000076 ], [ 90.458145496000043, 23.82946561600005 ] ] ] } },
{ "type": "Feature", "properties": { "matched_key": "A_30262526", "navigation_parent_key": "A_302625", "admin_type": "city_thana", "admin_label": "City Thana (support)", "map_level": "support", "admin_rank": 2, "displayable": 0, "geometry_status": "EXACT/GEOMETRY", "location_label": "Gulshan Thana" }, "geometry": { "type": "Polygon", "coordinates": [ [ [ 90.418625520000035, 23.812420918000043 ], [ 90.419309365000061, 23.812117860000058 ], [ 90.41959399600006, 23.812123111000062 ], [ 90.419618363000041, 23.812014691000059 ], [ 90.420712639000044, 23.812029264000046 ], [ 90.420441719000053, 23.810957379000058 ], [ 90.420226169000046, 23.810920501000055 ], [ 90.42021033900005, 23.810844548000034 ], [ 90.42039998000007, 23.810285888000067 ], [ 90.420862039000042, 23.810374488000036 ], [ 90.421034914000074, 23.810318568000071 ], [ 90.421204217000081, 23.810245260000045 ], [ 90.421231295000041, 23.809737268000049 ], [ 90.422168149000072, 23.809640185000035 ], [ 90.422128240000063, 23.809504644000071 ], [ 90.421873426000047, 23.809302461000073 ], [ 90.42140908600004, 23.809237483000061 ], [ 90.421894534000046, 23.805889783000055 ], [ 90.422674887000085, 23.802638259000048 ], [ 90.424264046000076, 23.794540906000066 ], [ 90.425539628000081, 23.794573522000064 ], [ 90.42544900200005, 23.794061188000057 ], [ 90.425529070000039, 23.793026760000032 ], [ 90.426027761000057, 23.790555032000043 ], [ 90.426088247000052, 23.789444259000049 ], [ 90.425896654000042, 23.789302801000076 ], [ 90.424852651000037, 23.788957286000027 ], [ 90.424041628000055, 23.788577897000039 ], [ 90.423980162000078, 23.78840985100004 ], [ 90.423301140000035, 23.788085120000062 ], [ 90.423264873000051, 23.787912643000027 ], [ 90.423060332000034, 23.788042119000067 ], [ 90.423006185000077, 23.788456860000053 ], [ 90.421515545000034, 23.788643527000033 ], [ 90.421609894000085, 23.788033583000072 ], [ 90.421603627000081, 23.787421658000028 ], [ 90.421175288000086, 23.786237329000073 ], [ 90.421318703000054, 23.786004355000046 ], [ 90.42091952800007, 23.784158322000053 ], [ 90.42065844800004, 23.78385645000003 ], [ 90.420485832000054, 23.783782402000043 ], [ 90.420331884000063, 23.783410236000066 ], [ 90.420310965000056, 23.783200289000035 ], [ 90.420426956000085, 23.783023843000024 ], [ 90.419937347000086, 23.781663544000025 ], [ 90.419985308000037, 23.781507604000069 ], [ 90.42020928200003, 23.781337640000061 ], [ 90.420391165000069, 23.779334213000027 ], [ 90.420015976000059, 23.778642 ], [ 90.419720858000062, 23.777859243000023 ], [ 90.419435581000073, 23.776509677000035 ], [ 90.418705320000072, 23.775077765000049 ], [ 90.418228606000071, 23.773898073000055 ], [ 90.417725027000074, 23.773138457000073 ], [ 90.41719510300004, 23.772771818000024 ], [ 90.416725414000041, 23.772635343000047 ], [ 90.416864438000061, 23.77218109100005 ], [ 90.416754672000081, 23.771806543000025 ], [ 90.415705655000068, 23.771000970000046 ], [ 90.41460283400005, 23.77256879600003 ], [ 90.413519919000066, 23.772097500000029 ], [ 90.413444521000031, 23.772493402000066 ], [ 90.412626656000043, 23.772542596000051 ], [ 90.412346479000064, 23.772376186000031 ], [ 90.412275014000045, 23.771904664000033 ], [ 90.41202304400008, 23.771784701000058 ], [ 90.411764650000066, 23.771682240000075 ], [ 90.411410944000068, 23.771826396000051 ], [ 90.41137361300008, 23.771747609000045 ], [ 90.410965818000079, 23.771878702000038 ], [ 90.410845395000081, 23.771238544000028 ], [ 90.410710489000053, 23.770947342000056 ], [ 90.410642669000083, 23.770952502000057 ], [ 90.40942371400007, 23.771232466000072 ], [ 90.409581651000053, 23.771703061000039 ], [ 90.409718453000039, 23.771696509000037 ], [ 90.409744242000045, 23.771847001000026 ], [ 90.409465886000078, 23.771893146000025 ], [ 90.409513490000052, 23.772362027000042 ], [ 90.409064355000055, 23.772384774000045 ], [ 90.40905368600005, 23.772280425000076 ], [ 90.408861539000043, 23.772289503000025 ], [ 90.408785264000073, 23.771530228000074 ], [ 90.408383067000045, 23.771609570000066 ], [ 90.408545202000084, 23.772471621000022 ], [ 90.407765999000048, 23.772609764000038 ], [ 90.407706816000086, 23.771552138000061 ], [ 90.406959830000062, 23.771672357000057 ], [ 90.40706023100006, 23.772118012000078 ], [ 90.406924767000078, 23.772145614000067 ], [ 90.406912829000078, 23.772064630000045 ], [ 90.406208113000048, 23.772161840000024 ], [ 90.406201868000039, 23.772069336000072 ], [ 90.405764660000045, 23.772107855000058 ], [ 90.405772497000044, 23.772325435000027 ], [ 90.405695901000058, 23.772328623000078 ], [ 90.405755552000073, 23.772913103000064 ], [ 90.406472640000061, 23.772862614000076 ], [ 90.406588751000072, 23.773417599000027 ], [ 90.407672801000047, 23.773377885000059 ], [ 90.407782993000069, 23.773406272000045 ], [ 90.407762627000068, 23.77354043400004 ], [ 90.409167556000057, 23.773563497000055 ], [ 90.410784726000031, 23.773898595000048 ], [ 90.411090732000048, 23.774758126000052 ], [ 90.411745066000037, 23.775398773000063 ], [ 90.411869182000032, 23.77593541400006 ], [ 90.411996249000083, 23.775998432000051 ], [ 90.411972301000048, 23.776272504000076 ], [ 90.411832554000057, 23.776564117000078 ], [ 90.411480267000059, 23.776514869000039 ], [ 90.411301861000084, 23.77694572300004 ], [ 90.410767318000069, 23.777282937000052 ], [ 90.410942033000083, 23.778708104000032 ], [ 90.411731175000057, 23.778899846000058 ], [ 90.41090760700007, 23.780542984000078 ], [ 90.410907959000042, 23.781265392000023 ], [ 90.411775437000074, 23.781263264000074 ], [ 90.412056391000078, 23.781650907000028 ], [ 90.412439801000062, 23.781848597000078 ], [ 90.412799234000033, 23.78222248000003 ], [ 90.413895498000045, 23.784364734000064 ], [ 90.414032735000035, 23.784696308000036 ], [ 90.414074112000037, 23.785170396000069 ], [ 90.414043340000035, 23.78610758800005 ], [ 90.413894744000061, 23.786645412000041 ], [ 90.41356367700007, 23.78729211600006 ], [ 90.412849603000041, 23.788459204000048 ], [ 90.410406478000084, 23.791306401000043 ], [ 90.410290025000052, 23.791537038000058 ], [ 90.409893736000072, 23.792719074000047 ], [ 90.409254504000046, 23.796451139000055 ], [ 90.409088933000078, 23.796867067000051 ], [ 90.407657799000049, 23.797914094000078 ], [ 90.407509502000039, 23.798560300000076 ], [ 90.407648279000057, 23.800172210000028 ], [ 90.407848769000054, 23.800325232000034 ], [ 90.407911483000078, 23.800957330000074 ], [ 90.406840481000074, 23.800972952000052 ], [ 90.406863669000074, 23.801409371000034 ], [ 90.406759931000067, 23.801565539000023 ], [ 90.406772208000064, 23.802355839000029 ], [ 90.406560240000033, 23.802458012000045 ], [ 90.406641973000035, 23.803907933000062 ], [ 90.406566204000057, 23.804097574000025 ], [ 90.406552165000051, 23.804594187000077 ], [ 90.406820981000067, 23.804620577000037 ], [ 90.406793045000086, 23.805106139000031 ], [ 90.407621556000038, 23.805173953000065 ], [ 90.40768050500003, 23.80499315000003 ], [ 90.408679660000075, 23.805085345000066 ], [ 90.40884582800004, 23.804269894000072 ], [ 90.409672674000035, 23.804217993000066 ], [ 90.410638199000061, 23.804328202000079 ], [ 90.412092385000051, 23.804739812000037 ], [ 90.412015448000034, 23.805245829000057 ], [ 90.413038636000067, 23.805369548000044 ], [ 90.413109152000061, 23.805744202000028 ], [ 90.414001476000067, 23.806197943000029 ], [ 90.415435485000046, 23.806428930000038 ], [ 90.41549705500006, 23.806475442000078 ], [ 90.415457682000067, 23.806771181000045 ], [ 90.415253682000071, 23.807245580000028 ], [ 90.41388098200008, 23.808504380000045 ], [ 90.413040581000075, 23.809456480000051 ], [ 90.413624118000087, 23.809515729000054 ], [ 90.413788363000037, 23.810585980000042 ], [ 90.414023989000043, 23.811170193000066 ], [ 90.414258706000055, 23.811467632000074 ], [ 90.414582615000086, 23.811640632000035 ], [ 90.415072996000049, 23.811679960000049 ], [ 90.415953688000059, 23.811461805000079 ], [ 90.416248341000085, 23.811540713000056 ], [ 90.416242297000053, 23.811600475000034 ], [ 90.416722267000068, 23.81168354700003 ], [ 90.417177045000074, 23.811486138000078 ], [ 90.417674475000069, 23.811811720000037 ], [ 90.418432365000058, 23.81208126100006 ], [ 90.418625520000035, 23.812420918000043 ] ] ] } },
{ "type": "Feature", "properties": { "matched_key": "A_30262527", "navigation_parent_key": "A_302625", "admin_type": "city_thana", "admin_label": "City Thana (support)", "map_level": "support", "admin_rank": 2, "displayable": 0, "geometry_status": "EXACT/GEOMETRY", "location_label": "Hatirjheel Thana" }, "geometry": { "type": "Polygon", "coordinates": [ [ [ 90.418130682000083, 23.772048957000038 ], [ 90.418632970000033, 23.77109947100007 ], [ 90.419151106000072, 23.770721665000053 ], [ 90.419645162000052, 23.770518375000051 ], [ 90.420362479000062, 23.770408036000049 ], [ 90.421489801000064, 23.770383717000072 ], [ 90.421447562000083, 23.770025718000056 ], [ 90.422300591000067, 23.76977499700007 ], [ 90.423082344000079, 23.769678017000047 ], [ 90.422628621000058, 23.76820562000006 ], [ 90.423122629000034, 23.767909815000053 ], [ 90.417024636000065, 23.757306234000055 ], [ 90.415027871000063, 23.757780296000078 ], [ 90.415038650000042, 23.757858278000072 ], [ 90.414807257000064, 23.757920213000034 ], [ 90.414850968000053, 23.758308490000047 ], [ 90.414694215000054, 23.758308249000038 ], [ 90.414615439000045, 23.758528830000046 ], [ 90.414548953000065, 23.758521058000042 ], [ 90.414562383000032, 23.758784932000026 ], [ 90.414627801000051, 23.758780454000032 ], [ 90.414636880000046, 23.758875583000076 ], [ 90.414571012000067, 23.759273946000064 ], [ 90.414790265000079, 23.759275534000039 ], [ 90.41476063600004, 23.759553134000043 ], [ 90.414688578000039, 23.759546732000047 ], [ 90.414617738000061, 23.759842688000049 ], [ 90.415321218000031, 23.759919797000066 ], [ 90.415252505000069, 23.760595914000078 ], [ 90.41505165600006, 23.761241921000078 ], [ 90.413639974000034, 23.761883514000033 ], [ 90.413241557000049, 23.761851718000059 ], [ 90.412746981000055, 23.762190510000039 ], [ 90.412216710000052, 23.762426818000051 ], [ 90.411919617000081, 23.762757820000047 ], [ 90.410527444000081, 23.763423696000075 ], [ 90.415477276000047, 23.769779953000068 ], [ 90.415779616000066, 23.770533345000047 ], [ 90.415752402000066, 23.771041489000027 ], [ 90.416754672000081, 23.771806543000025 ], [ 90.417155764000086, 23.771785137000052 ], [ 90.417252941000072, 23.772058105000042 ], [ 90.417697644000043, 23.772054645000026 ], [ 90.417846497000085, 23.772182953000026 ], [ 90.418130682000083, 23.772048957000038 ] ] ] } },
{ "type": "Feature", "properties": { "matched_key": "A_30262530", "navigation_parent_key": "A_302625", "admin_type": "city_thana", "admin_label": "City Thana (support)", "map_level": "support", "admin_rank": 2, "displayable": 0, "geometry_status": "EXACT/GEOMETRY", "location_label": "Kafrul Thana" }, "geometry": { "type": "Polygon", "coordinates": [ [ [ 90.379914449000069, 23.81290782700006 ], [ 90.382431711000038, 23.812087692000034 ], [ 90.383685092000064, 23.811991763000037 ], [ 90.383457154000041, 23.80925022200006 ], [ 90.384241875000043, 23.808787059000053 ], [ 90.38428325600006, 23.808282317000078 ], [ 90.384855174000052, 23.808468580000067 ], [ 90.384767595000085, 23.807666825000069 ], [ 90.38456781900004, 23.807461487000069 ], [ 90.384839554000052, 23.806290744000023 ], [ 90.385395514000038, 23.805984606000038 ], [ 90.385354548000066, 23.805711650000035 ], [ 90.385698178000041, 23.805749147000029 ], [ 90.386507537000057, 23.805398204000028 ], [ 90.387468446000071, 23.805352777000053 ], [ 90.387493027000062, 23.805233223000073 ], [ 90.387819240000056, 23.805140479000045 ], [ 90.387574616000052, 23.80469262400004 ], [ 90.38753121700006, 23.804319424000028 ], [ 90.388481219000084, 23.798334225000076 ], [ 90.388438224000083, 23.798202355000058 ], [ 90.387322113000039, 23.798430666000058 ], [ 90.387386980000031, 23.79719328300007 ], [ 90.387988621000034, 23.793768424000064 ], [ 90.387822414000084, 23.791827067000042 ], [ 90.387970462000055, 23.790132756000048 ], [ 90.388306808000038, 23.788388355000052 ], [ 90.388178606000054, 23.787613905000057 ], [ 90.388296324000066, 23.786189303000072 ], [ 90.38825661900006, 23.785799754000038 ], [ 90.386218756000062, 23.785786142000063 ], [ 90.386306848000061, 23.785652663000064 ], [ 90.386197813000081, 23.785314533000076 ], [ 90.38576800800007, 23.785194430000047 ], [ 90.385781717000043, 23.785065885000051 ], [ 90.385681782000063, 23.785050215000069 ], [ 90.385653683000044, 23.784935284000028 ], [ 90.385497524000073, 23.784820961000037 ], [ 90.385416656000075, 23.783817427000031 ], [ 90.385475710000037, 23.783263902000044 ], [ 90.385406590000059, 23.783258382000042 ], [ 90.385415438000052, 23.783161370000073 ], [ 90.384040939000045, 23.782923421000078 ], [ 90.383924701000069, 23.78313640600004 ], [ 90.383912242000065, 23.784100212000055 ], [ 90.383288231000051, 23.785613455000032 ], [ 90.381630861000076, 23.791101480000066 ], [ 90.379328961000056, 23.790714521000041 ], [ 90.379089442000065, 23.790865618000055 ], [ 90.37832768700008, 23.790876881000031 ], [ 90.378648904000045, 23.789999674000057 ], [ 90.37863666700008, 23.789809710000043 ], [ 90.376886370000079, 23.789586491000023 ], [ 90.377011613000036, 23.788904636000041 ], [ 90.377271126000039, 23.788916383000071 ], [ 90.377597082000079, 23.787471910000079 ], [ 90.378278488000035, 23.785399802000029 ], [ 90.378266179000036, 23.785184747000073 ], [ 90.378016304000084, 23.785083452000038 ], [ 90.378498995000086, 23.783795133000069 ], [ 90.373000260000083, 23.783093964000045 ], [ 90.37213212100005, 23.783152322000035 ], [ 90.371601677000058, 23.783004565000056 ], [ 90.371147175000033, 23.783086949000051 ], [ 90.370409874000075, 23.782998577000058 ], [ 90.37019852800006, 23.78315697000005 ], [ 90.370204306000062, 23.783464060000028 ], [ 90.370519887000057, 23.78368609100005 ], [ 90.370421557000043, 23.783964888000071 ], [ 90.370579703000033, 23.784052455000051 ], [ 90.370514953000054, 23.784190482000042 ], [ 90.370633946000055, 23.784537705000048 ], [ 90.370838690000085, 23.784655279000049 ], [ 90.371470507000083, 23.784372794000035 ], [ 90.371904667000081, 23.784672627000077 ], [ 90.372492281000063, 23.786035986000059 ], [ 90.373194242000068, 23.785933804000024 ], [ 90.374996532000068, 23.785932005000063 ], [ 90.375331910000057, 23.786012257000039 ], [ 90.375313061000043, 23.786661864000052 ], [ 90.375230960000067, 23.786888864000048 ], [ 90.376601160000064, 23.787028864000035 ], [ 90.376691461000064, 23.78728856400005 ], [ 90.37709277600004, 23.787234180000041 ], [ 90.371013178000055, 23.801494869000067 ], [ 90.37156570500008, 23.801616749000061 ], [ 90.371609332000048, 23.801445942000043 ], [ 90.371954902000084, 23.80147471500004 ], [ 90.372002852000037, 23.802116564000073 ], [ 90.371510870000066, 23.802090090000036 ], [ 90.371360383000081, 23.802329402000055 ], [ 90.37155701100005, 23.802423568000052 ], [ 90.371452036000051, 23.802774266000029 ], [ 90.371512994000057, 23.802869685000076 ], [ 90.371466833000056, 23.803012896000041 ], [ 90.371288653000079, 23.802990353000041 ], [ 90.371167554000067, 23.803197246000025 ], [ 90.370810147000043, 23.802974421000044 ], [ 90.370834283000079, 23.802817547000075 ], [ 90.370513779000078, 23.802737560000025 ], [ 90.369028602000071, 23.805941749000056 ], [ 90.368612097000039, 23.807102088000079 ], [ 90.369444495000039, 23.807274409000058 ], [ 90.37347458000005, 23.806497481000065 ], [ 90.374646375000054, 23.806147691000035 ], [ 90.377279715000043, 23.810484109000072 ], [ 90.376705727000058, 23.810818698000048 ], [ 90.376755365000065, 23.811005551000051 ], [ 90.376925311000036, 23.811189642000045 ], [ 90.376936353000076, 23.811424722000027 ], [ 90.377048566000042, 23.811428545000069 ], [ 90.37704853300005, 23.811582932000078 ], [ 90.377169099000071, 23.811573659000032 ], [ 90.377171081000085, 23.811767133000046 ], [ 90.377574964000075, 23.811856182000042 ], [ 90.377546272000075, 23.812050517000046 ], [ 90.377683832000059, 23.812099217000025 ], [ 90.378683503000047, 23.812144562000071 ], [ 90.379914449000069, 23.81290782700006 ] ] ] } },
{ "type": "Feature", "properties": { "matched_key": "A_30262537", "navigation_parent_key": "A_302625", "admin_type": "city_thana", "admin_label": "City Thana (support)", "map_level": "support", "admin_rank": 2, "displayable": 0, "geometry_status": "EXACT/GEOMETRY", "location_label": "Khilkhet Thana" }, "geometry": { "type": "Polygon", "coordinates": [ [ [ 90.472881544000074, 23.846849195000061 ], [ 90.47254795200007, 23.845216289000064 ], [ 90.472617914000068, 23.842337040000075 ], [ 90.472817469000063, 23.841686106000054 ], [ 90.474124393000068, 23.840083377000042 ], [ 90.476680869000063, 23.837828716000047 ], [ 90.477563314000065, 23.836304047000056 ], [ 90.478262311000037, 23.834127361000071 ], [ 90.478523608000046, 23.833756228000027 ], [ 90.480759284000044, 23.832263461000025 ], [ 90.482495347000054, 23.830605868000077 ], [ 90.483102310000049, 23.830616949000046 ], [ 90.483784558000082, 23.830767758000036 ], [ 90.484084628000062, 23.830980943000043 ], [ 90.484620138000082, 23.831912243000033 ], [ 90.485070134000068, 23.832201428000076 ], [ 90.486050873000067, 23.832137160000059 ], [ 90.486630805000061, 23.83160001300007 ], [ 90.486841526000035, 23.830146342000035 ], [ 90.487443873000075, 23.827281496000069 ], [ 90.488236502000063, 23.825262890000033 ], [ 90.488251467000055, 23.824819293000076 ], [ 90.488217014000043, 23.824498212000037 ], [ 90.487982540000075, 23.824040111000045 ], [ 90.487798802000043, 23.823811269000032 ], [ 90.487415503000079, 23.823567765000064 ], [ 90.487125886000058, 23.82314120500007 ], [ 90.487023044000068, 23.82271475400006 ], [ 90.486651535000078, 23.820505278000041 ], [ 90.486679231000039, 23.81789486100007 ], [ 90.485951296000053, 23.818007802000068 ], [ 90.484815516000083, 23.818011377000062 ], [ 90.482423691000065, 23.817854038000064 ], [ 90.480748768000069, 23.817583786000057 ], [ 90.479251004000048, 23.816764250000062 ], [ 90.477573076000056, 23.815667517000065 ], [ 90.475294148000046, 23.813640031000034 ], [ 90.474755034000054, 23.813366207000058 ], [ 90.474397907000082, 23.81369924300003 ], [ 90.475118787000042, 23.814686060000042 ], [ 90.47308716100008, 23.815021983000065 ], [ 90.472310158000084, 23.814970171000027 ], [ 90.471112281000046, 23.814422866000029 ], [ 90.470692032000045, 23.813929629000029 ], [ 90.470390440000074, 23.813160548000042 ], [ 90.470029121000039, 23.812502289000065 ], [ 90.468891406000068, 23.811954782000043 ], [ 90.468351331000065, 23.811407710000026 ], [ 90.468289645000084, 23.810802734000049 ], [ 90.468466241000044, 23.810086388000059 ], [ 90.468400608000081, 23.808381738000037 ], [ 90.468455783000081, 23.807171242000038 ], [ 90.468154026000036, 23.80634795900005 ], [ 90.467734202000031, 23.805963102000078 ], [ 90.467195135000054, 23.805689251000047 ], [ 90.466716791000067, 23.805582310000034 ], [ 90.466058087000079, 23.805308814000057 ], [ 90.465936481000085, 23.804758211000035 ], [ 90.465697031000047, 23.804539899000076 ], [ 90.464201857000035, 23.804379566000023 ], [ 90.463900913000032, 23.803775306000034 ], [ 90.462948888000085, 23.80504269000005 ], [ 90.461936364000053, 23.806037021000066 ], [ 90.461398663000068, 23.806147018000047 ], [ 90.461038963000078, 23.805929060000039 ], [ 90.460798350000061, 23.805378808000057 ], [ 90.460498747000031, 23.805325508000067 ], [ 90.460199371000044, 23.80516156300007 ], [ 90.458045930000083, 23.804673451000042 ], [ 90.458224772000051, 23.803754384000058 ], [ 90.458784629000036, 23.80342005600005 ], [ 90.458920238000076, 23.802983749000077 ], [ 90.458918102000041, 23.802375784000048 ], [ 90.459053990000086, 23.80201977300004 ], [ 90.459052660000054, 23.801641228000051 ], [ 90.458614742000066, 23.801195155000073 ], [ 90.45808747500007, 23.800842236000051 ], [ 90.457670821000079, 23.800054530000068 ], [ 90.457489166000073, 23.799339258000032 ], [ 90.457010848000039, 23.799230028000068 ], [ 90.456533264000086, 23.799506929000074 ], [ 90.456115805000081, 23.799783649000062 ], [ 90.455938960000083, 23.800443531000042 ], [ 90.455640372000062, 23.80050086500006 ], [ 90.455401861000041, 23.800720603000059 ], [ 90.455642670000032, 23.801160218000064 ], [ 90.455881908000038, 23.801324352000051 ], [ 90.456300524000085, 23.801377308000042 ], [ 90.456302253000047, 23.801871823000056 ], [ 90.455645743000048, 23.802040861000023 ], [ 90.455290086000048, 23.802976757000067 ], [ 90.454811755000037, 23.802867522000042 ], [ 90.454631259000053, 23.802481921000037 ], [ 90.454688290000036, 23.801768200000026 ], [ 90.455044285000042, 23.801105532000065 ], [ 90.455042663000086, 23.800640029000078 ], [ 90.45456443900008, 23.800558233000061 ], [ 90.454326695000077, 23.800999259000037 ], [ 90.454150222000067, 23.801769783000054 ], [ 90.454151754000065, 23.802210106000075 ], [ 90.453914, 23.802648872000077 ], [ 90.453018010000051, 23.80276215300006 ], [ 90.45176233400008, 23.802655188000074 ], [ 90.451521541000034, 23.80221782600006 ], [ 90.450686768000082, 23.802825433000066 ], [ 90.450568454000063, 23.803209653000067 ], [ 90.450690565000059, 23.803925107000055 ], [ 90.450635795000039, 23.805300440000053 ], [ 90.450518429000056, 23.80596014200006 ], [ 90.450043313000037, 23.806785729000069 ], [ 90.449806872000067, 23.807612876000064 ], [ 90.450041450000072, 23.808893192000028 ], [ 90.453316366000081, 23.809164777000035 ], [ 90.452984706000052, 23.812557199000025 ], [ 90.454847122000047, 23.812700974000052 ], [ 90.454528946000039, 23.813344294000046 ], [ 90.454609036000079, 23.813965412000073 ], [ 90.45708105600005, 23.815200814000036 ], [ 90.458643712000082, 23.816367188000072 ], [ 90.460307941000053, 23.816864093000049 ], [ 90.460907668000061, 23.817507553000041 ], [ 90.461556861000076, 23.818548811000028 ], [ 90.465796954000041, 23.818877902000054 ], [ 90.466349625000078, 23.819938011000033 ], [ 90.466830184000059, 23.820650107000063 ], [ 90.466653961000077, 23.821477094000045 ], [ 90.466177522000066, 23.821918862000075 ], [ 90.466122299000062, 23.823294197000052 ], [ 90.465826599000081, 23.824173481000059 ], [ 90.463015203000054, 23.823741623000046 ], [ 90.462481547000039, 23.823464436000052 ], [ 90.462054424000087, 23.827750474000027 ], [ 90.458356198000047, 23.827375515000028 ], [ 90.458145496000043, 23.82946561600005 ], [ 90.457338824000033, 23.832548329000076 ], [ 90.442902857000036, 23.829382482000028 ], [ 90.439781328000038, 23.828778752000062 ], [ 90.439782060000084, 23.828646475000028 ], [ 90.436052816000085, 23.827958562000049 ], [ 90.429082348000065, 23.826501385000029 ], [ 90.42957180500008, 23.821554828000046 ], [ 90.429197979000037, 23.821514182000044 ], [ 90.42829817900008, 23.821162381000079 ], [ 90.427694479000081, 23.821135082000069 ], [ 90.427317680000044, 23.821005082000056 ], [ 90.426809519000074, 23.821043051000061 ], [ 90.42655871900007, 23.820883052000056 ], [ 90.425239290000036, 23.820549132000053 ], [ 90.424177196000073, 23.821034635000046 ], [ 90.423386478000054, 23.821151688000043 ], [ 90.422890432000031, 23.821041728000068 ], [ 90.422746376000077, 23.820823647000054 ], [ 90.422592976000033, 23.82073914700004 ], [ 90.421604117000072, 23.820562202000076 ], [ 90.420166718000075, 23.820940122000025 ], [ 90.419629712000074, 23.820914489000074 ], [ 90.419252052000047, 23.821401002000073 ], [ 90.41820122300004, 23.820543527000041 ], [ 90.417373147000035, 23.820120091000035 ], [ 90.417033682000067, 23.820411204000038 ], [ 90.41679453100005, 23.821060202000069 ], [ 90.415696487000048, 23.82175938000006 ], [ 90.415383226000074, 23.822297935000051 ], [ 90.415390139000067, 23.822429358000022 ], [ 90.41563351800005, 23.822706302000029 ], [ 90.415591113000062, 23.823129318000042 ], [ 90.415347616000076, 23.823552232000054 ], [ 90.41515836700006, 23.823667905000036 ], [ 90.414527285000077, 23.823586054000032 ], [ 90.413574525000058, 23.823656355000026 ], [ 90.413493558000084, 23.824248189000059 ], [ 90.412925923000046, 23.825019718000078 ], [ 90.412575692000075, 23.825847114000055 ], [ 90.412562956000045, 23.826865545000032 ], [ 90.412686519000033, 23.827903932000027 ], [ 90.413301538000042, 23.829688427000065 ], [ 90.413177467000082, 23.831009738000034 ], [ 90.413134903000071, 23.833406785000022 ], [ 90.413182952000057, 23.833617440000069 ], [ 90.41409185100008, 23.835223441000039 ], [ 90.414770451000038, 23.83535104200007 ], [ 90.415116882000063, 23.835507140000061 ], [ 90.41630813200004, 23.836296512000047 ], [ 90.418161148000081, 23.837862084000051 ], [ 90.41820049100005, 23.837752239000054 ], [ 90.418807256000036, 23.838057820000074 ], [ 90.419723867000073, 23.838355648000061 ], [ 90.419670011000051, 23.838592893000055 ], [ 90.420043750000048, 23.838915943000075 ], [ 90.420385602000067, 23.839647164000041 ], [ 90.421141600000055, 23.839632238000036 ], [ 90.422046090000038, 23.839819527000031 ], [ 90.422561376000033, 23.840085775000034 ], [ 90.422624806000044, 23.840417786000046 ], [ 90.423290328000064, 23.840841948000048 ], [ 90.423521402000063, 23.84115293800005 ], [ 90.423604215000069, 23.841052338000054 ], [ 90.424037539000039, 23.840970391000042 ], [ 90.424695950000057, 23.840611144000036 ], [ 90.424397050000039, 23.840295844000025 ], [ 90.424662451000074, 23.840176945000053 ], [ 90.42545645000007, 23.84003464400007 ], [ 90.427762499000039, 23.840677543000027 ], [ 90.428043455000079, 23.840866555000048 ], [ 90.428628591000063, 23.841036996000071 ], [ 90.428887136000071, 23.841007900000022 ], [ 90.430662790000042, 23.841332467000029 ], [ 90.430477450000069, 23.841430546000026 ], [ 90.430071049000048, 23.842375046000029 ], [ 90.430886051000073, 23.842417191000038 ], [ 90.431401050000034, 23.842608646000031 ], [ 90.432786349000082, 23.842910146000065 ], [ 90.433576850000065, 23.843264847000057 ], [ 90.434060749000082, 23.843808547000037 ], [ 90.434773049000057, 23.844199747000062 ], [ 90.435493549000057, 23.844779847000041 ], [ 90.436381949000065, 23.845767347000049 ], [ 90.43655854900004, 23.846080948000065 ], [ 90.43744134800005, 23.84694164800004 ], [ 90.43787633200003, 23.847172597000053 ], [ 90.438804792000042, 23.847363925000025 ], [ 90.438660800000036, 23.847970098000076 ], [ 90.438390584000047, 23.847970868000061 ], [ 90.437315048000073, 23.848943448000057 ], [ 90.43434000600007, 23.850902280000071 ], [ 90.433745608000038, 23.851514960000031 ], [ 90.434174891000055, 23.851770144000056 ], [ 90.434857436000073, 23.851915193000025 ], [ 90.435200293000037, 23.851878377000048 ], [ 90.436109326000064, 23.852151831000072 ], [ 90.436930428000039, 23.852934797000046 ], [ 90.436845093000045, 23.853854539000054 ], [ 90.443027732000076, 23.853748809000024 ], [ 90.443299876000083, 23.853863897000053 ], [ 90.443977441000072, 23.854447451000055 ], [ 90.444562071000064, 23.854445765000037 ], [ 90.444679569000073, 23.854612713000051 ], [ 90.445120711000072, 23.854695039000035 ], [ 90.448308262000069, 23.852706481000041 ], [ 90.448673729000063, 23.850824445000057 ], [ 90.44936580500007, 23.850217264000037 ], [ 90.449978458000032, 23.849894831000029 ], [ 90.451182383000059, 23.849460018000059 ], [ 90.453588942000067, 23.848402951000025 ], [ 90.457623191000039, 23.847013601000072 ], [ 90.459745738000038, 23.84620115000007 ], [ 90.460109080000052, 23.846202325000036 ], [ 90.460597403000065, 23.846835383000041 ], [ 90.461060952000082, 23.847750770000061 ], [ 90.462111617000062, 23.848594397000056 ], [ 90.462446105000083, 23.849110492000023 ], [ 90.463244727000074, 23.850871642000072 ], [ 90.463526665000074, 23.851105633000032 ], [ 90.463936717000081, 23.851294077000034 ], [ 90.466070771000034, 23.851754740000047 ], [ 90.466614292000031, 23.85398151000004 ], [ 90.467010448000053, 23.854658207000057 ], [ 90.467366373000061, 23.854941719000067 ], [ 90.467528456000082, 23.855219023000075 ], [ 90.468316369000036, 23.855848888000025 ], [ 90.469549632000053, 23.85742577700006 ], [ 90.471516050000048, 23.858052028000031 ], [ 90.472403024000073, 23.858907371000043 ], [ 90.474366220000036, 23.857803862000026 ], [ 90.474512202000085, 23.855079033000038 ], [ 90.47416250200007, 23.851806074000024 ], [ 90.47327765700004, 23.848518460000037 ], [ 90.473283494000043, 23.848167579000062 ], [ 90.472881544000074, 23.846849195000061 ] ] ] } },
{ "type": "Feature", "properties": { "matched_key": "A_30262548", "navigation_parent_key": "A_302625", "admin_type": "city_thana", "admin_label": "City Thana (support)", "map_level": "support", "admin_rank": 2, "displayable": 0, "geometry_status": "EXACT/GEOMETRY", "location_label": "Mirpur Thana" }, "geometry": { "type": "Polygon", "coordinates": [ [ [ 90.364516984000034, 23.810227937000036 ], [ 90.366708931000062, 23.810263203000034 ], [ 90.367659737000054, 23.810441530000048 ], [ 90.368836332000058, 23.806391689000066 ], [ 90.370513779000078, 23.802737560000025 ], [ 90.370834283000079, 23.802817547000075 ], [ 90.370810147000043, 23.802974421000044 ], [ 90.371167554000067, 23.803197246000025 ], [ 90.371288653000079, 23.802990353000041 ], [ 90.371466833000056, 23.803012896000041 ], [ 90.371512994000057, 23.802869685000076 ], [ 90.371452036000051, 23.802774266000029 ], [ 90.37155701100005, 23.802423568000052 ], [ 90.371360383000081, 23.802329402000055 ], [ 90.371510870000066, 23.802090090000036 ], [ 90.372002852000037, 23.802116564000073 ], [ 90.371954902000084, 23.80147471500004 ], [ 90.371609332000048, 23.801445942000043 ], [ 90.37156570500008, 23.801616749000061 ], [ 90.371013178000055, 23.801494869000067 ], [ 90.37709277600004, 23.787234180000041 ], [ 90.376691461000064, 23.78728856400005 ], [ 90.376601160000064, 23.787028864000035 ], [ 90.375230960000067, 23.786888864000048 ], [ 90.375313061000043, 23.786661864000052 ], [ 90.375331910000057, 23.786012257000039 ], [ 90.374996532000068, 23.785932005000063 ], [ 90.373194242000068, 23.785933804000024 ], [ 90.372492281000063, 23.786035986000059 ], [ 90.371904667000081, 23.784672627000077 ], [ 90.371470507000083, 23.784372794000035 ], [ 90.370838690000085, 23.784655279000049 ], [ 90.370633946000055, 23.784537705000048 ], [ 90.370514953000054, 23.784190482000042 ], [ 90.370579703000033, 23.784052455000051 ], [ 90.370421557000043, 23.783964888000071 ], [ 90.370519887000057, 23.78368609100005 ], [ 90.370204306000062, 23.783464060000028 ], [ 90.369357059000038, 23.783191164000073 ], [ 90.368726061000075, 23.783092751000027 ], [ 90.367224689000068, 23.783222782000053 ], [ 90.366506180000044, 23.783029071000044 ], [ 90.366086658000086, 23.782799264000062 ], [ 90.365465295000035, 23.782341780000024 ], [ 90.364981380000074, 23.781277100000068 ], [ 90.364565670000047, 23.780031606000023 ], [ 90.364032997000038, 23.779075427000066 ], [ 90.363767142000086, 23.778768953000053 ], [ 90.362252173000059, 23.777517006000039 ], [ 90.361996090000048, 23.777192440000078 ], [ 90.361780065000062, 23.777156817000048 ], [ 90.361525383000071, 23.777338062000069 ], [ 90.36131929700008, 23.777347575000078 ], [ 90.360533370000041, 23.777078441000072 ], [ 90.360144925000043, 23.777025153000068 ], [ 90.35943431700008, 23.77715326200007 ], [ 90.358997706000082, 23.77705355300003 ], [ 90.358931656000038, 23.777631064000047 ], [ 90.358762357000046, 23.777757164000036 ], [ 90.358928656000046, 23.778277564000064 ], [ 90.358934956000041, 23.778764064000029 ], [ 90.358253456000057, 23.778848064000044 ], [ 90.358148156000084, 23.780261464000034 ], [ 90.358243128000083, 23.780571172000066 ], [ 90.357953135000059, 23.782149377000053 ], [ 90.357030992000034, 23.78214319500006 ], [ 90.355104560000086, 23.782362152000076 ], [ 90.356260855000073, 23.784256263000032 ], [ 90.35346693300005, 23.78398689900007 ], [ 90.353269320000038, 23.784063839000055 ], [ 90.353838498000073, 23.785033430000055 ], [ 90.354047021000042, 23.785692321000056 ], [ 90.353861001000041, 23.79085251500004 ], [ 90.353345440000055, 23.797348003000025 ], [ 90.353370701000074, 23.798747968000043 ], [ 90.354291137000075, 23.799253930000077 ], [ 90.355353558000047, 23.800077952000038 ], [ 90.354214453000054, 23.801518982000061 ], [ 90.352154779000045, 23.804470518000073 ], [ 90.351699508000081, 23.805377055000065 ], [ 90.351603375000082, 23.806133737000039 ], [ 90.357342215000074, 23.807997546000024 ], [ 90.360634130000051, 23.809326202000022 ], [ 90.361139731000037, 23.809567703000027 ], [ 90.361007330000064, 23.810258403000034 ], [ 90.362569431000054, 23.810516203000077 ], [ 90.363670830000046, 23.810300803000075 ], [ 90.364516984000034, 23.810227937000036 ] ] ] } },
{ "type": "Feature", "properties": { "matched_key": "A_30262550", "navigation_parent_key": "A_302625", "admin_type": "city_thana", "admin_label": "City Thana (support)", "map_level": "support", "admin_rank": 2, "displayable": 0, "geometry_status": "EXACT/GEOMETRY", "location_label": "Mohammadpur Thana" }, "geometry": { "type": "Polygon", "coordinates": [ [ [ 90.370880240000076, 23.763961430000052 ], [ 90.373355374000084, 23.759520542000075 ], [ 90.374167072000034, 23.758319521000033 ], [ 90.37495309500008, 23.756929911000043 ], [ 90.371395208000081, 23.754701212000043 ], [ 90.367253575000063, 23.752273659000025 ], [ 90.366457069000035, 23.752998165000065 ], [ 90.366094008000061, 23.752673310000034 ], [ 90.365946508000036, 23.752814510000064 ], [ 90.365324608000037, 23.752221510000027 ], [ 90.364594408000073, 23.752760409000075 ], [ 90.364492608000035, 23.752677809000033 ], [ 90.364395208000076, 23.752759109000067 ], [ 90.364208907000034, 23.752588909000053 ], [ 90.363809807000052, 23.752942609000058 ], [ 90.363450607000061, 23.752866809000068 ], [ 90.362734907000061, 23.752935809000064 ], [ 90.362190407000071, 23.752805108000075 ], [ 90.363047151000046, 23.751255404000062 ], [ 90.364267855000037, 23.75132566800005 ], [ 90.36451685600008, 23.751200469000025 ], [ 90.36486745600007, 23.750697668000043 ], [ 90.36420905500006, 23.750361668000039 ], [ 90.36372665600004, 23.749956668000038 ], [ 90.36334030900008, 23.749866409000049 ], [ 90.363612219000061, 23.74922076200005 ], [ 90.364311814000075, 23.749357504000045 ], [ 90.364474033000079, 23.749100131000034 ], [ 90.364504297000053, 23.748810234000075 ], [ 90.365207685000087, 23.748988143000076 ], [ 90.365318510000066, 23.748484009000038 ], [ 90.364944911000066, 23.748415668000064 ], [ 90.365009021000049, 23.748084463000055 ], [ 90.365094448000036, 23.748105649000024 ], [ 90.36510770700005, 23.747821351000027 ], [ 90.364660310000033, 23.747768510000071 ], [ 90.364437010000074, 23.747642409000036 ], [ 90.364480210000067, 23.747530209000047 ], [ 90.365105609000068, 23.746435126000051 ], [ 90.365681656000049, 23.746595437000053 ], [ 90.365768008000032, 23.746306856000047 ], [ 90.365907278000066, 23.746244779000051 ], [ 90.36623275900007, 23.746404880000057 ], [ 90.366222590000064, 23.746513355000047 ], [ 90.366316405000077, 23.746550034000052 ], [ 90.366416680000043, 23.746337534000077 ], [ 90.366210280000075, 23.746250734000057 ], [ 90.366283682000073, 23.74604628000003 ], [ 90.366058754000051, 23.745965081000065 ], [ 90.36611115900007, 23.74585606900007 ], [ 90.366208258000086, 23.745883569000057 ], [ 90.366282866000063, 23.745681219000062 ], [ 90.366175689000045, 23.745542197000077 ], [ 90.366191962000073, 23.745392845000026 ], [ 90.366308668000045, 23.745081476000053 ], [ 90.366744231000041, 23.745165340000028 ], [ 90.366828756000075, 23.744911729000023 ], [ 90.366777077000052, 23.744883472000026 ], [ 90.367092122000031, 23.744235416000038 ], [ 90.36617341200008, 23.743934310000043 ], [ 90.365777512000079, 23.744861110000045 ], [ 90.365191211000081, 23.74465950900003 ], [ 90.364564187000042, 23.744565163000061 ], [ 90.36459231200007, 23.744458809000037 ], [ 90.364283612000065, 23.744427510000037 ], [ 90.364274584000043, 23.744088892000036 ], [ 90.363908411000068, 23.744081209000058 ], [ 90.363996912000061, 23.743540609000036 ], [ 90.363365912000063, 23.743608209000058 ], [ 90.363369312000032, 23.743557315000032 ], [ 90.363008948000072, 23.743514216000051 ], [ 90.363006558000052, 23.743588785000043 ], [ 90.362563993000037, 23.743550693000032 ], [ 90.362565972000084, 23.743691678000062 ], [ 90.362026305000086, 23.743612064000047 ], [ 90.362038158000075, 23.743523407000055 ], [ 90.361842170000045, 23.743392898000025 ], [ 90.361681612000041, 23.743419108000069 ], [ 90.361572218000049, 23.743883994000043 ], [ 90.35972042800006, 23.743872718000034 ], [ 90.360153308000065, 23.742474541000036 ], [ 90.357051014000035, 23.741807846000029 ], [ 90.355866809000077, 23.74167785800006 ], [ 90.355283614000086, 23.741416346000051 ], [ 90.352414413000076, 23.741123945000027 ], [ 90.351719532000061, 23.740768046000028 ], [ 90.351865584000052, 23.740313760000049 ], [ 90.351830241000073, 23.739941250000072 ], [ 90.349906738000072, 23.738893332000032 ], [ 90.349157995000041, 23.741302188000077 ], [ 90.346563357000036, 23.743438039000068 ], [ 90.344724315000065, 23.745234485000026 ], [ 90.344096992000061, 23.745723637000026 ], [ 90.34319713800005, 23.746827598000039 ], [ 90.341494874000034, 23.748321726000029 ], [ 90.340346071000056, 23.748751046000052 ], [ 90.339317356000038, 23.748902343000054 ], [ 90.337486075000072, 23.748908611000047 ], [ 90.335772535000046, 23.748670724000078 ], [ 90.333634983000081, 23.748582769000052 ], [ 90.332108740000081, 23.748678640000037 ], [ 90.330888275000063, 23.748916102000067 ], [ 90.330023631000074, 23.749200216000077 ], [ 90.329465011000082, 23.749481415000048 ], [ 90.329160654000077, 23.749904331000039 ], [ 90.328907547000085, 23.750467142000048 ], [ 90.329369215000042, 23.751870710000048 ], [ 90.330430412000055, 23.753641068000036 ], [ 90.333019921000073, 23.756327186000078 ], [ 90.333990548000031, 23.757180918000074 ], [ 90.336419127000056, 23.75972054600004 ], [ 90.33690462800007, 23.760331440000073 ], [ 90.33795957600006, 23.762465311000028 ], [ 90.338548994000064, 23.76411696100007 ], [ 90.339279440000041, 23.765508615000044 ], [ 90.340028853000035, 23.766640538000047 ], [ 90.340635381000084, 23.76697150900003 ], [ 90.340956990000052, 23.765912934000028 ], [ 90.341139274000057, 23.765556290000063 ], [ 90.341834375000076, 23.765716890000078 ], [ 90.341893318000075, 23.765341800000044 ], [ 90.344087018000039, 23.76632580200004 ], [ 90.343493518000059, 23.767321901000059 ], [ 90.344161718000066, 23.767644801000074 ], [ 90.344193818000065, 23.767212401000052 ], [ 90.344321818000083, 23.766867301000048 ], [ 90.344874239000035, 23.76584801100006 ], [ 90.345004453000058, 23.765824356000053 ], [ 90.346765417000086, 23.766355918000045 ], [ 90.347689789000071, 23.764737962000027 ], [ 90.348560891000034, 23.763401454000075 ], [ 90.349667023000052, 23.762205233000032 ], [ 90.351378001000057, 23.762631703000068 ], [ 90.352048766000053, 23.762721940000063 ], [ 90.351911506000079, 23.762837196000078 ], [ 90.352165339000067, 23.762934256000051 ], [ 90.352516366000032, 23.762664266000058 ], [ 90.353166367000085, 23.762508945000036 ], [ 90.353155067000046, 23.762405580000063 ], [ 90.353866567000068, 23.76228468000005 ], [ 90.354043512000032, 23.761905543000069 ], [ 90.355370656000048, 23.761570671000072 ], [ 90.356106221000061, 23.761652285000025 ], [ 90.358926476000079, 23.762424794000026 ], [ 90.358988201000045, 23.762566912000068 ], [ 90.358563020000076, 23.768341889000055 ], [ 90.358709630000078, 23.769463831000053 ], [ 90.358977759000084, 23.770163220000029 ], [ 90.361192832000086, 23.773536186000058 ], [ 90.362294108000071, 23.773831677000032 ], [ 90.363501678000034, 23.774332338000079 ], [ 90.365644953000071, 23.77491470700005 ], [ 90.366295709000042, 23.774386764000042 ], [ 90.366907735000041, 23.773674007000068 ], [ 90.367235935000053, 23.773246445000041 ], [ 90.367587288000038, 23.772545597000033 ], [ 90.370880240000076, 23.763961430000052 ] ] ] } },
{ "type": "Feature", "properties": { "matched_key": "A_30262564", "navigation_parent_key": "A_302625", "admin_type": "city_thana", "admin_label": "City Thana (support)", "map_level": "support", "admin_rank": 2, "displayable": 0, "geometry_status": "EXACT/GEOMETRY", "location_label": "Pallabi Thana" }, "geometry": { "type": "Polygon", "coordinates": [ [ [ 90.363681236000048, 23.84924432400004 ], [ 90.364089957000033, 23.847689796000054 ], [ 90.364865681000083, 23.84657020800006 ], [ 90.365776567000069, 23.844871262000026 ], [ 90.365865928000062, 23.844839406000062 ], [ 90.366355377000048, 23.843992456000024 ], [ 90.367820794000068, 23.842129520000071 ], [ 90.368118429000049, 23.84187563200004 ], [ 90.368223155000067, 23.841545783000072 ], [ 90.369116444000042, 23.840352500000051 ], [ 90.36941691100003, 23.840082425000048 ], [ 90.369418719000066, 23.839986827000075 ], [ 90.369775986000036, 23.839904717000024 ], [ 90.369790696000052, 23.839966211000046 ], [ 90.371160140000086, 23.839609301000053 ], [ 90.37193830700005, 23.839706757000044 ], [ 90.37260675400006, 23.839677155000061 ], [ 90.374026991000051, 23.839455594000071 ], [ 90.374139040000045, 23.839378608000061 ], [ 90.374512197000058, 23.840370720000067 ], [ 90.374466432000077, 23.840719269000033 ], [ 90.374663828000052, 23.840898965000065 ], [ 90.374981998000067, 23.840954113000066 ], [ 90.375611639000056, 23.840903827000034 ], [ 90.376052512000058, 23.840749455000037 ], [ 90.376205540000058, 23.840488851000032 ], [ 90.376571268000077, 23.840262100000075 ], [ 90.377342921000036, 23.840231532000075 ], [ 90.378098400000056, 23.840000238000073 ], [ 90.378206702000057, 23.83971316700007 ], [ 90.377927639000063, 23.839160782000079 ], [ 90.376699048000035, 23.838069939000036 ], [ 90.376651835000075, 23.837817597000026 ], [ 90.376752196000041, 23.837848730000076 ], [ 90.377015249000067, 23.837174154000024 ], [ 90.377101384000071, 23.836413976000074 ], [ 90.377406318000055, 23.835849229000075 ], [ 90.377431924000064, 23.835662837000029 ], [ 90.379167425000048, 23.833508738000035 ], [ 90.379469626000059, 23.833087837000051 ], [ 90.379492226000082, 23.832898538000052 ], [ 90.380868586000076, 23.831842750000078 ], [ 90.38098162600005, 23.831845338000051 ], [ 90.381175610000071, 23.832123886000034 ], [ 90.380596534000063, 23.834223528000052 ], [ 90.380210248000083, 23.834750215000042 ], [ 90.379815394000047, 23.835840206000057 ], [ 90.379356349000034, 23.835916441000052 ], [ 90.379071921000047, 23.836377158000062 ], [ 90.378934848000085, 23.838377157000025 ], [ 90.379291311000031, 23.838534898000034 ], [ 90.37948166700005, 23.840282268000067 ], [ 90.37908993700006, 23.841066786000056 ], [ 90.378934952000066, 23.842643311000074 ], [ 90.379137395000043, 23.843667984000035 ], [ 90.379602648000059, 23.844236917000046 ], [ 90.381092491000061, 23.844835106000062 ], [ 90.381696439000052, 23.845262648000073 ], [ 90.382125269000085, 23.845206889000053 ], [ 90.383105470000032, 23.844630549000044 ], [ 90.384246341000051, 23.84458606100003 ], [ 90.384780937000073, 23.844693008000036 ], [ 90.385567608000031, 23.844299564000039 ], [ 90.386156313000072, 23.844331406000038 ], [ 90.38639846500007, 23.844455340000025 ], [ 90.387305992000051, 23.844205415000033 ], [ 90.38726099400003, 23.843859009000028 ], [ 90.388349996000045, 23.843903070000067 ], [ 90.388368237000066, 23.843624404000025 ], [ 90.388689143000079, 23.843599113000039 ], [ 90.388709500000061, 23.843301359000066 ], [ 90.388553169000033, 23.843195171000048 ], [ 90.387863595000056, 23.841618443000073 ], [ 90.387419486000056, 23.841552819000071 ], [ 90.387638749000075, 23.840320674000054 ], [ 90.388016675000074, 23.839920597000059 ], [ 90.388154090000057, 23.83912682700003 ], [ 90.388048034000064, 23.838410145000068 ], [ 90.387940400000048, 23.838298631000043 ], [ 90.38795009200004, 23.837913762000028 ], [ 90.387788871000055, 23.837866371000075 ], [ 90.387847383000064, 23.837448004000066 ], [ 90.38744113000007, 23.837126398000066 ], [ 90.387119750000068, 23.83715122600006 ], [ 90.387180650000062, 23.836717924000027 ], [ 90.387663499000041, 23.835639603000061 ], [ 90.388612211000066, 23.835411406000048 ], [ 90.388803507000034, 23.834322525000061 ], [ 90.389330470000061, 23.83405687100003 ], [ 90.389321170000073, 23.833726142000046 ], [ 90.389200419000076, 23.833657620000054 ], [ 90.389204010000071, 23.832858690000023 ], [ 90.388794847000042, 23.832795116000057 ], [ 90.388763416000074, 23.832376324000052 ], [ 90.388830516000041, 23.832139324000025 ], [ 90.393134449000058, 23.827430694000043 ], [ 90.392097643000056, 23.827422035000041 ], [ 90.392123044000073, 23.827102231000026 ], [ 90.391318684000055, 23.826986068000053 ], [ 90.389609838000069, 23.826504929000066 ], [ 90.389336693000075, 23.826843995000047 ], [ 90.389288721000071, 23.827030324000077 ], [ 90.389105520000044, 23.827181624000048 ], [ 90.389046256000086, 23.827605393000056 ], [ 90.388880652000068, 23.827655124000046 ], [ 90.38884356300008, 23.827599015000033 ], [ 90.388350487000082, 23.827838100000065 ], [ 90.388416696000036, 23.828110426000023 ], [ 90.388505065000061, 23.828124542000069 ], [ 90.388464834000047, 23.828259038000056 ], [ 90.388229123000031, 23.828275807000068 ], [ 90.38706022000008, 23.828029267000034 ], [ 90.386793725000075, 23.828892650000057 ], [ 90.385284389000049, 23.828851495000038 ], [ 90.384044816000085, 23.828655367000067 ], [ 90.383628254000087, 23.828487047000067 ], [ 90.382639643000061, 23.828279502000044 ], [ 90.382511975000057, 23.82680528700007 ], [ 90.381777534000037, 23.826003228000047 ], [ 90.381478395000045, 23.82527460600005 ], [ 90.381800451000061, 23.824487856000076 ], [ 90.381780697000067, 23.823447718000068 ], [ 90.381643593000035, 23.823086491000026 ], [ 90.38121007500007, 23.822911050000073 ], [ 90.382125643000052, 23.82251513600005 ], [ 90.383716481000079, 23.821459491000041 ], [ 90.383950935000087, 23.821231215000068 ], [ 90.383743582000079, 23.820369466000045 ], [ 90.383963452000046, 23.820028832000048 ], [ 90.383713433000082, 23.816963604000023 ], [ 90.383769080000036, 23.815933337000047 ], [ 90.384303789000057, 23.811985501000038 ], [ 90.38297970800005, 23.811998900000049 ], [ 90.382431711000038, 23.812087692000034 ], [ 90.379914449000069, 23.81290782700006 ], [ 90.378683503000047, 23.812144562000071 ], [ 90.377546272000075, 23.812050517000046 ], [ 90.377574964000075, 23.811856182000042 ], [ 90.377171081000085, 23.811767133000046 ], [ 90.377169099000071, 23.811573659000032 ], [ 90.37704853300005, 23.811582932000078 ], [ 90.377048566000042, 23.811428545000069 ], [ 90.376936353000076, 23.811424722000027 ], [ 90.376925311000036, 23.811189642000045 ], [ 90.376755365000065, 23.811005551000051 ], [ 90.376705727000058, 23.810818698000048 ], [ 90.377279715000043, 23.810484109000072 ], [ 90.374646375000054, 23.806147691000035 ], [ 90.37347458000005, 23.806497481000065 ], [ 90.369444495000039, 23.807274409000058 ], [ 90.36861211300004, 23.807096177000062 ], [ 90.367659737000054, 23.810441530000048 ], [ 90.366708931000062, 23.810263203000034 ], [ 90.364260131000037, 23.810229503000073 ], [ 90.362329130000035, 23.810516203000077 ], [ 90.361007330000064, 23.810258403000034 ], [ 90.360810430000072, 23.81133370200007 ], [ 90.360878530000036, 23.811815903000024 ], [ 90.36108973000006, 23.812416202000065 ], [ 90.362054830000034, 23.81416620300007 ], [ 90.362619277000078, 23.814839564000067 ], [ 90.362433230000079, 23.815678602000048 ], [ 90.362060429000053, 23.816284703000065 ], [ 90.361878329000035, 23.816913702000022 ], [ 90.361280630000067, 23.817884003000074 ], [ 90.361148159000038, 23.81863097400003 ], [ 90.360007198000062, 23.818526981000048 ], [ 90.359971036000047, 23.818601151000053 ], [ 90.359891149000077, 23.819004208000024 ], [ 90.359959213000081, 23.819009828000048 ], [ 90.359929529000055, 23.819501502000037 ], [ 90.359587059000035, 23.821773415000052 ], [ 90.359160131000067, 23.821734728000024 ], [ 90.35914355500006, 23.821822644000065 ], [ 90.357925293000051, 23.821652027000027 ], [ 90.358001353000077, 23.82117399200007 ], [ 90.358119554000041, 23.821190836000028 ], [ 90.358141750000073, 23.820846986000049 ], [ 90.357670847000065, 23.820758966000028 ], [ 90.356811692000065, 23.820743449000076 ], [ 90.356918131000043, 23.821569713000031 ], [ 90.356893416000048, 23.824331860000029 ], [ 90.359347786000058, 23.824329589000058 ], [ 90.35933764300006, 23.824620345000028 ], [ 90.359442415000046, 23.824624826000047 ], [ 90.359318608000081, 23.826784085000043 ], [ 90.35924859000005, 23.826786029000061 ], [ 90.359221690000084, 23.827254130000028 ], [ 90.35890308900008, 23.827712230000031 ], [ 90.35877928900004, 23.82847392900004 ], [ 90.358993142000031, 23.828474335000067 ], [ 90.359077477000085, 23.828972528000065 ], [ 90.357905914000071, 23.82897117400006 ], [ 90.354976106000038, 23.829366339000046 ], [ 90.354919765000034, 23.829908224000064 ], [ 90.355160312000066, 23.831012172000044 ], [ 90.355572728000084, 23.83121280000006 ], [ 90.35623152800008, 23.832721657000036 ], [ 90.356003587000032, 23.832970726000042 ], [ 90.355704883000044, 23.833946470000058 ], [ 90.355731769000045, 23.834978523000075 ], [ 90.355640353000069, 23.835753041000032 ], [ 90.355845698000053, 23.83674196000004 ], [ 90.355286944000056, 23.83763226800005 ], [ 90.355511788000058, 23.840055044000053 ], [ 90.355434353000078, 23.840241629000047 ], [ 90.355154422000055, 23.840486038000051 ], [ 90.355108905000066, 23.840944992000061 ], [ 90.355235099000083, 23.841489583000055 ], [ 90.35562524900007, 23.841646412000046 ], [ 90.355533202000061, 23.842191507000052 ], [ 90.355175394000071, 23.842971960000057 ], [ 90.355318931000056, 23.843026999000074 ], [ 90.355510075000041, 23.843351721000033 ], [ 90.355428582000059, 23.843401590000042 ], [ 90.355321109000045, 23.843826357000069 ], [ 90.354127455000082, 23.84430330400005 ], [ 90.353693608000071, 23.844554948000052 ], [ 90.353260163000073, 23.844955624000079 ], [ 90.353098329000034, 23.845479871000066 ], [ 90.353154033000067, 23.845879425000078 ], [ 90.354105811000068, 23.846276923000062 ], [ 90.354676933000064, 23.846625612000025 ], [ 90.354924064000045, 23.847675054000035 ], [ 90.355305546000068, 23.84802417700007 ], [ 90.356066878000036, 23.848347584000066 ], [ 90.358511957000076, 23.848741595000035 ], [ 90.359163835000061, 23.848764915000061 ], [ 90.35989679000005, 23.848587074000022 ], [ 90.361688825000044, 23.848533201000066 ], [ 90.362123848000067, 23.848706052000068 ], [ 90.362885688000063, 23.849205552000058 ], [ 90.363355649000084, 23.849360256000068 ], [ 90.363681236000048, 23.84924432400004 ] ] ] } },
{ "type": "Feature", "properties": { "matched_key": "A_30262566", "navigation_parent_key": "A_302625", "admin_type": "city_thana", "admin_label": "City Thana (support)", "map_level": "support", "admin_rank": 2, "displayable": 0, "geometry_status": "EXACT/GEOMETRY", "location_label": "Ramna Thana" }, "geometry": { "type": "Polygon", "coordinates": [ [ [ 90.410527444000081, 23.763423696000075 ], [ 90.411919617000081, 23.762757820000047 ], [ 90.412216710000052, 23.762426818000051 ], [ 90.412746981000055, 23.762190510000039 ], [ 90.413241557000049, 23.761851718000059 ], [ 90.413639974000034, 23.761883514000033 ], [ 90.41505165600006, 23.761241921000078 ], [ 90.415267007000068, 23.760523977000048 ], [ 90.415321218000031, 23.759919797000066 ], [ 90.414617738000061, 23.759842688000049 ], [ 90.414688578000039, 23.759546732000047 ], [ 90.41476063600004, 23.759553134000043 ], [ 90.414790265000079, 23.759275534000039 ], [ 90.414571012000067, 23.759273946000064 ], [ 90.414636880000046, 23.758875583000076 ], [ 90.414546014000052, 23.758670505000055 ], [ 90.414548953000065, 23.758521058000042 ], [ 90.414615439000045, 23.758528830000046 ], [ 90.414694215000054, 23.758308249000038 ], [ 90.414850968000053, 23.758308490000047 ], [ 90.414807257000064, 23.757920213000034 ], [ 90.415038650000042, 23.757858278000072 ], [ 90.414846872000055, 23.757150489000026 ], [ 90.414752573000044, 23.757153783000035 ], [ 90.414685764000069, 23.756786097000031 ], [ 90.415125646000035, 23.756718 ], [ 90.414922378000085, 23.755991553000058 ], [ 90.414756858000032, 23.756115314000056 ], [ 90.414547595000045, 23.75614543100005 ], [ 90.414536957000053, 23.756038473000046 ], [ 90.414375307000057, 23.756036961000063 ], [ 90.414387906000059, 23.755816625000023 ], [ 90.414303947000064, 23.755798560000073 ], [ 90.414179966000063, 23.755576734000044 ], [ 90.414622514000087, 23.755432339000038 ], [ 90.414637728000059, 23.754911467000056 ], [ 90.414563714000053, 23.754912197000067 ], [ 90.414538297000036, 23.754714165000053 ], [ 90.414363527000035, 23.754738350000025 ], [ 90.414349414000071, 23.754613669000037 ], [ 90.41417683700007, 23.754643886000053 ], [ 90.414159251000058, 23.755088495000052 ], [ 90.414041644000065, 23.755091678000042 ], [ 90.41399909900008, 23.75454402500003 ], [ 90.414103171000079, 23.754543118000072 ], [ 90.414104833000067, 23.754455299000028 ], [ 90.41441463700005, 23.75445019600005 ], [ 90.414410848000045, 23.754214518000026 ], [ 90.413924941000062, 23.754174814000066 ], [ 90.413941992000048, 23.754046521000078 ], [ 90.414087261000077, 23.754046491000054 ], [ 90.414014001000055, 23.753787149000061 ], [ 90.413857520000079, 23.753812663000076 ], [ 90.413816648000079, 23.753655281000079 ], [ 90.413676278000082, 23.753656841000065 ], [ 90.413629452000066, 23.752846834000025 ], [ 90.41376864700004, 23.752883604000033 ], [ 90.413779931000079, 23.752633716000048 ], [ 90.413854628000081, 23.752485823000029 ], [ 90.413933297000085, 23.752485612000044 ], [ 90.41401828100004, 23.752037895000058 ], [ 90.412782646000039, 23.749938457000042 ], [ 90.412882299000046, 23.749924069000031 ], [ 90.412737909000043, 23.749635848000025 ], [ 90.411156455000082, 23.749854136000067 ], [ 90.41108425200008, 23.749445810000054 ], [ 90.411618855000086, 23.749333790000037 ], [ 90.411556823000069, 23.748940397000069 ], [ 90.41115463400007, 23.748950609000076 ], [ 90.411074074000055, 23.748453304000066 ], [ 90.410803996000084, 23.748451897000052 ], [ 90.410806307000087, 23.748361076000037 ], [ 90.410685671000067, 23.748284199000068 ], [ 90.410538959000064, 23.748418096000023 ], [ 90.410358118000033, 23.748387286000025 ], [ 90.410354286000086, 23.748255654000047 ], [ 90.41001962100006, 23.748235387000022 ], [ 90.409420517000058, 23.748293395000076 ], [ 90.40932005600007, 23.748443176000023 ], [ 90.409000143000071, 23.748148524000044 ], [ 90.408019347000049, 23.748808758000052 ], [ 90.407403737000038, 23.749023886000032 ], [ 90.406511094000052, 23.749179188000028 ], [ 90.405285488000061, 23.749129829000026 ], [ 90.402962138000078, 23.748395049000067 ], [ 90.400128971000072, 23.747341313000049 ], [ 90.394762373000049, 23.745882899000037 ], [ 90.393934021000064, 23.74824213100004 ], [ 90.393075198000076, 23.749910756000077 ], [ 90.39332802000007, 23.749896293000063 ], [ 90.393956332000073, 23.750055493000048 ], [ 90.396041740000044, 23.750671527000065 ], [ 90.398050199000068, 23.751660614000059 ], [ 90.398696473000086, 23.751569307000068 ], [ 90.398973719000082, 23.751966372000027 ], [ 90.399539127000082, 23.752147819000072 ], [ 90.400415243000054, 23.752651367000055 ], [ 90.400775636000049, 23.75297560100006 ], [ 90.401798936000034, 23.753496118000044 ], [ 90.401539445000083, 23.753803626000035 ], [ 90.401666662000082, 23.753862810000044 ], [ 90.401927473000057, 23.754244508000056 ], [ 90.402389828000082, 23.755997458000024 ], [ 90.402705488000038, 23.756228972000031 ], [ 90.403554771000074, 23.755700920000038 ], [ 90.406169527000031, 23.75885065600005 ], [ 90.407383119000031, 23.759771025000077 ], [ 90.40937083700004, 23.761888387000056 ], [ 90.410527444000081, 23.763423696000075 ] ] ] } },
{ "type": "Feature", "properties": { "matched_key": "A_30262567", "navigation_parent_key": "A_302625", "admin_type": "city_thana", "admin_label": "City Thana (support)", "map_level": "support", "admin_rank": 2, "displayable": 0, "geometry_status": "EXACT/GEOMETRY", "location_label": "Rampura Thana" }, "geometry": { "type": "Polygon", "coordinates": [ [ [ 90.423122629000034, 23.767909815000053 ], [ 90.424257413000078, 23.767351211000062 ], [ 90.424285527000052, 23.767509201000053 ], [ 90.42421385800003, 23.767538753000053 ], [ 90.424267564000047, 23.767644737000069 ], [ 90.425531480000075, 23.766999959000032 ], [ 90.425893553000037, 23.766909578000025 ], [ 90.428005043000041, 23.765771739000058 ], [ 90.430016016000081, 23.764817874000073 ], [ 90.431599891000076, 23.764172969000072 ], [ 90.433067023000035, 23.763735030000078 ], [ 90.432673950000037, 23.762953122000056 ], [ 90.432488827000043, 23.762736326000038 ], [ 90.432102950000058, 23.761817750000034 ], [ 90.431996800000036, 23.761375072000078 ], [ 90.431678790000035, 23.761461064000059 ], [ 90.431599131000041, 23.761247121000054 ], [ 90.431493010000054, 23.761280647000035 ], [ 90.431427166000049, 23.761102809000079 ], [ 90.431313694000039, 23.761135724000042 ], [ 90.43125258300006, 23.760949628000049 ], [ 90.431149839000057, 23.760973574000047 ], [ 90.431082587000049, 23.760771479000027 ], [ 90.430305500000031, 23.760997373000066 ], [ 90.429320300000086, 23.758823573000029 ], [ 90.429176900000073, 23.75869747400003 ], [ 90.427500500000065, 23.757940674000054 ], [ 90.427360400000055, 23.758303374000036 ], [ 90.42659892000006, 23.758019507000029 ], [ 90.426110269000048, 23.757941295000023 ], [ 90.426378867000039, 23.757162191000077 ], [ 90.426427259000036, 23.756785219000051 ], [ 90.426559825000083, 23.75679401900004 ], [ 90.426706721000073, 23.756401008000068 ], [ 90.426846519000037, 23.75641870000004 ], [ 90.426944576000039, 23.755988166000066 ], [ 90.426787897000054, 23.755919315000028 ], [ 90.426883633000045, 23.755317471000069 ], [ 90.426952125000071, 23.755279097000027 ], [ 90.426883631000067, 23.754781495000032 ], [ 90.426963036000075, 23.754648042000042 ], [ 90.426938975000041, 23.754508198000053 ], [ 90.426715157000046, 23.754501998000023 ], [ 90.426848155000073, 23.753456422000056 ], [ 90.426843051000048, 23.752687481000066 ], [ 90.425478444000078, 23.752677360000064 ], [ 90.425131011000076, 23.751002885000048 ], [ 90.424972311000033, 23.750672377000058 ], [ 90.424591326000041, 23.750974550000024 ], [ 90.423906247000048, 23.751346759000057 ], [ 90.421614213000055, 23.752068848000079 ], [ 90.420437108000044, 23.75231390700003 ], [ 90.418380409000065, 23.75239590700005 ], [ 90.417953910000051, 23.752341908000062 ], [ 90.417044844000031, 23.752043713000035 ], [ 90.416675443000031, 23.751687713000024 ], [ 90.416280344000086, 23.750683913000046 ], [ 90.416060480000056, 23.749414104000039 ], [ 90.413498836000031, 23.749749311000073 ], [ 90.412782646000039, 23.749938457000042 ], [ 90.41401828100004, 23.752037895000058 ], [ 90.413933297000085, 23.752485612000044 ], [ 90.413854628000081, 23.752485823000029 ], [ 90.413779931000079, 23.752633716000048 ], [ 90.41376864700004, 23.752883604000033 ], [ 90.413629452000066, 23.752846834000025 ], [ 90.413676278000082, 23.753656841000065 ], [ 90.413816648000079, 23.753655281000079 ], [ 90.413857520000079, 23.753812663000076 ], [ 90.414014001000055, 23.753787149000061 ], [ 90.414087261000077, 23.754046491000054 ], [ 90.413941992000048, 23.754046521000078 ], [ 90.413924941000062, 23.754174814000066 ], [ 90.414410848000045, 23.754214518000026 ], [ 90.41441463700005, 23.75445019600005 ], [ 90.414104833000067, 23.754455299000028 ], [ 90.414103171000079, 23.754543118000072 ], [ 90.41399909900008, 23.75454402500003 ], [ 90.414041644000065, 23.755091678000042 ], [ 90.414159251000058, 23.755088495000052 ], [ 90.41417683700007, 23.754643886000053 ], [ 90.414349414000071, 23.754613669000037 ], [ 90.414363527000035, 23.754738350000025 ], [ 90.414538297000036, 23.754714165000053 ], [ 90.414563714000053, 23.754912197000067 ], [ 90.414637728000059, 23.754911467000056 ], [ 90.414622514000087, 23.755432339000038 ], [ 90.414179966000063, 23.755576734000044 ], [ 90.414303947000064, 23.755798560000073 ], [ 90.414387906000059, 23.755816625000023 ], [ 90.414375307000057, 23.756036961000063 ], [ 90.414536957000053, 23.756038473000046 ], [ 90.414547595000045, 23.75614543100005 ], [ 90.414756858000032, 23.756115314000056 ], [ 90.414922378000085, 23.755991553000058 ], [ 90.415125646000035, 23.756718 ], [ 90.414685764000069, 23.756786097000031 ], [ 90.414752573000044, 23.757153783000035 ], [ 90.414846872000055, 23.757150489000026 ], [ 90.415042785000082, 23.75777757000003 ], [ 90.417024636000065, 23.757306234000055 ], [ 90.423122629000034, 23.767909815000053 ] ] ] } },
{ "type": "Feature", "properties": { "matched_key": "A_30262570", "navigation_parent_key": "A_302625", "admin_type": "city_thana", "admin_label": "City Thana (support)", "map_level": "support", "admin_rank": 2, "displayable": 0, "geometry_status": "EXACT/GEOMETRY", "location_label": "Rupnagar Thana" }, "geometry": { "type": "Polygon", "coordinates": [ [ [ 90.355511788000058, 23.840055044000053 ], [ 90.355286944000056, 23.83763226800005 ], [ 90.355845698000053, 23.83674196000004 ], [ 90.355640353000069, 23.835753041000032 ], [ 90.355731769000045, 23.834978523000075 ], [ 90.355704883000044, 23.833946470000058 ], [ 90.356003587000032, 23.832970726000042 ], [ 90.35623152800008, 23.832721657000036 ], [ 90.355572728000084, 23.83121280000006 ], [ 90.355160312000066, 23.831012172000044 ], [ 90.354919765000034, 23.829908224000064 ], [ 90.354976106000038, 23.829366339000046 ], [ 90.357905914000071, 23.82897117400006 ], [ 90.359077477000085, 23.828972528000065 ], [ 90.358993142000031, 23.828474335000067 ], [ 90.35877928900004, 23.82847392900004 ], [ 90.35890308900008, 23.827712230000031 ], [ 90.359221690000084, 23.827254130000028 ], [ 90.359372654000083, 23.826215522000041 ], [ 90.359442415000046, 23.824624826000047 ], [ 90.35933764300006, 23.824620345000028 ], [ 90.359347786000058, 23.824329589000058 ], [ 90.356893416000048, 23.824331860000029 ], [ 90.356918131000043, 23.821569713000031 ], [ 90.356811692000065, 23.820743449000076 ], [ 90.357670847000065, 23.820758966000028 ], [ 90.358141750000073, 23.820846986000049 ], [ 90.358119554000041, 23.821190836000028 ], [ 90.358001353000077, 23.82117399200007 ], [ 90.357925293000051, 23.821652027000027 ], [ 90.35914355500006, 23.821822644000065 ], [ 90.359160131000067, 23.821734728000024 ], [ 90.359587059000035, 23.821773415000052 ], [ 90.359929529000055, 23.819501502000037 ], [ 90.359959213000081, 23.819009828000048 ], [ 90.359891149000077, 23.819004208000024 ], [ 90.359971036000047, 23.818601151000053 ], [ 90.360007198000062, 23.818526981000048 ], [ 90.361148159000038, 23.81863097400003 ], [ 90.361280630000067, 23.817884003000074 ], [ 90.361878329000035, 23.816913702000022 ], [ 90.362060429000053, 23.816284703000065 ], [ 90.362420529000076, 23.815707502000066 ], [ 90.362619277000078, 23.814839564000067 ], [ 90.362054830000034, 23.81416620300007 ], [ 90.36108973000006, 23.812416202000065 ], [ 90.360878530000036, 23.811815903000024 ], [ 90.360810430000072, 23.81133370200007 ], [ 90.361139731000037, 23.809567703000027 ], [ 90.358324114000084, 23.808360246000063 ], [ 90.35609981500005, 23.807579245000056 ], [ 90.35518094300005, 23.80938367300007 ], [ 90.354841730000032, 23.809306402000061 ], [ 90.354287403000058, 23.811444255000026 ], [ 90.354372633000082, 23.811878780000029 ], [ 90.353305964000072, 23.812919950000037 ], [ 90.352687802000048, 23.813727507000067 ], [ 90.352244088000077, 23.813696907000065 ], [ 90.352167786000052, 23.813843857000052 ], [ 90.351990602000058, 23.81389845800004 ], [ 90.351440839000077, 23.814402718000053 ], [ 90.351771044000031, 23.814953899000045 ], [ 90.351855033000049, 23.815274903000045 ], [ 90.351839893000033, 23.815825557000039 ], [ 90.351799114000073, 23.816116255000054 ], [ 90.351501289000055, 23.816644611000072 ], [ 90.35122107400008, 23.817540007000048 ], [ 90.351838547000057, 23.818410415000073 ], [ 90.352521621000051, 23.818944180000074 ], [ 90.352566056000057, 23.820007080000039 ], [ 90.35250159900005, 23.820764329000042 ], [ 90.351504550000072, 23.820942498000022 ], [ 90.351206261000073, 23.821302610000032 ], [ 90.351215396000043, 23.821608489000027 ], [ 90.351715727000055, 23.82218855800005 ], [ 90.351976079000053, 23.823040195000033 ], [ 90.352086582000084, 23.823173510000061 ], [ 90.35212664200003, 23.82361247700004 ], [ 90.351891638000041, 23.82368526700003 ], [ 90.351470642000038, 23.824110423000036 ], [ 90.351249879000079, 23.824128850000022 ], [ 90.351049161000049, 23.824356343000034 ], [ 90.351122720000035, 23.825626376000059 ], [ 90.350971594000043, 23.826100848000067 ], [ 90.349880372000086, 23.826062027000035 ], [ 90.349869225000077, 23.825772821000044 ], [ 90.35007799300007, 23.825575576000062 ], [ 90.350030873000037, 23.825441853000029 ], [ 90.349671823000051, 23.825148744000046 ], [ 90.349084465000033, 23.825054481000052 ], [ 90.34858222400004, 23.825339820000067 ], [ 90.348556924000036, 23.825717921000034 ], [ 90.348432216000049, 23.825731922000045 ], [ 90.348421233000067, 23.825876522000044 ], [ 90.348034453000082, 23.825832930000047 ], [ 90.347946535000062, 23.825986077000039 ], [ 90.347922278000055, 23.826631390000045 ], [ 90.348092923000081, 23.82669442100007 ], [ 90.347965824000084, 23.827128421000054 ], [ 90.346681120000085, 23.827059708000036 ], [ 90.346472824000045, 23.826308020000056 ], [ 90.345041123000044, 23.82669272000004 ], [ 90.345180523000067, 23.827015519000042 ], [ 90.345283022000046, 23.827768820000074 ], [ 90.344911822000086, 23.828516719000049 ], [ 90.344491822000066, 23.828757719000066 ], [ 90.343523721000054, 23.828877219000049 ], [ 90.343078469000034, 23.829100851000078 ], [ 90.343804947000081, 23.83010973100005 ], [ 90.344975645000034, 23.83073261100003 ], [ 90.346944797000049, 23.831602072000067 ], [ 90.347492679000084, 23.832011811000029 ], [ 90.347436883000057, 23.832030001000078 ], [ 90.348863775000041, 23.833435827000073 ], [ 90.349377200000049, 23.834493710000061 ], [ 90.349435330000063, 23.835116812000024 ], [ 90.348905453000043, 23.836856744000045 ], [ 90.348849418000043, 23.837245263000057 ], [ 90.348952066000038, 23.837764391000064 ], [ 90.349898343000064, 23.839568719000056 ], [ 90.350400595000053, 23.840339843000038 ], [ 90.350788346000058, 23.84074993400003 ], [ 90.351729444000057, 23.841301022000039 ], [ 90.352698344000032, 23.841689455000051 ], [ 90.354476008000063, 23.842703774000029 ], [ 90.355175394000071, 23.842971960000057 ], [ 90.355533202000061, 23.842191507000052 ], [ 90.35562524900007, 23.841646412000046 ], [ 90.355235099000083, 23.841489583000055 ], [ 90.355108905000066, 23.840944992000061 ], [ 90.355154422000055, 23.840486038000051 ], [ 90.355434353000078, 23.840241629000047 ], [ 90.355511788000058, 23.840055044000053 ] ] ] } },
{ "type": "Feature", "properties": { "matched_key": "A_30262574", "navigation_parent_key": "A_302625", "admin_type": "city_thana", "admin_label": "City Thana (support)", "map_level": "support", "admin_rank": 2, "displayable": 0, "geometry_status": "EXACT/GEOMETRY", "location_label": "Shah Ali Thana" }, "geometry": { "type": "Polygon", "coordinates": [ [ [ 90.345041123000044, 23.82669272000004 ], [ 90.346472824000045, 23.826308020000056 ], [ 90.346681120000085, 23.827059708000036 ], [ 90.347965824000084, 23.827128421000054 ], [ 90.348092923000081, 23.82669442100007 ], [ 90.347922278000055, 23.826631390000045 ], [ 90.347946535000062, 23.825986077000039 ], [ 90.348034453000082, 23.825832930000047 ], [ 90.348421233000067, 23.825876522000044 ], [ 90.348432216000049, 23.825731922000045 ], [ 90.348556924000036, 23.825717921000034 ], [ 90.34858222400004, 23.825339820000067 ], [ 90.349084465000033, 23.825054481000052 ], [ 90.349671823000051, 23.825148744000046 ], [ 90.350030873000037, 23.825441853000029 ], [ 90.35007799300007, 23.825575576000062 ], [ 90.349869225000077, 23.825772821000044 ], [ 90.349880372000086, 23.826062027000035 ], [ 90.350971594000043, 23.826100848000067 ], [ 90.351122720000035, 23.825626376000059 ], [ 90.351049161000049, 23.824356343000034 ], [ 90.351249879000079, 23.824128850000022 ], [ 90.351470642000038, 23.824110423000036 ], [ 90.351891638000041, 23.82368526700003 ], [ 90.35212664200003, 23.82361247700004 ], [ 90.352086582000084, 23.823173510000061 ], [ 90.351976079000053, 23.823040195000033 ], [ 90.351715727000055, 23.82218855800005 ], [ 90.351215396000043, 23.821608489000027 ], [ 90.351206261000073, 23.821302610000032 ], [ 90.351504550000072, 23.820942498000022 ], [ 90.35250159900005, 23.820764329000042 ], [ 90.352566056000057, 23.820007080000039 ], [ 90.352521621000051, 23.818944180000074 ], [ 90.351838547000057, 23.818410415000073 ], [ 90.35122107400008, 23.817540007000048 ], [ 90.351501289000055, 23.816644611000072 ], [ 90.351799114000073, 23.816116255000054 ], [ 90.351839893000033, 23.815825557000039 ], [ 90.351855033000049, 23.815274903000045 ], [ 90.351771044000031, 23.814953899000045 ], [ 90.351440839000077, 23.814402718000053 ], [ 90.351990602000058, 23.81389845800004 ], [ 90.352167786000052, 23.813843857000052 ], [ 90.352244088000077, 23.813696907000065 ], [ 90.352687802000048, 23.813727507000067 ], [ 90.353305964000072, 23.812919950000037 ], [ 90.354372633000082, 23.811878780000029 ], [ 90.354287403000058, 23.811444255000026 ], [ 90.354841730000032, 23.809306402000061 ], [ 90.35518094300005, 23.80938367300007 ], [ 90.35609981500005, 23.807579245000056 ], [ 90.351603375000082, 23.806133737000039 ], [ 90.351699508000081, 23.805377055000065 ], [ 90.352154779000045, 23.804470518000073 ], [ 90.355345428000078, 23.800021517000062 ], [ 90.354291137000075, 23.799253930000077 ], [ 90.353325860000041, 23.798727746000054 ], [ 90.35060820800004, 23.797001981000051 ], [ 90.349210712000058, 23.796365956000045 ], [ 90.349008103000074, 23.796753985000066 ], [ 90.348269421000055, 23.796752112000036 ], [ 90.348126149000052, 23.797321477000025 ], [ 90.347777195000049, 23.79783485300004 ], [ 90.347667770000044, 23.797984136000025 ], [ 90.347209115000055, 23.798242043000073 ], [ 90.346591114000034, 23.798336243000051 ], [ 90.346265014000039, 23.798294043000055 ], [ 90.345790815000043, 23.798459243000025 ], [ 90.345228514000041, 23.798501943000076 ], [ 90.343685103000041, 23.798480415000029 ], [ 90.342316133000054, 23.798269330000039 ], [ 90.342043582000031, 23.798683167000036 ], [ 90.341812294000079, 23.799155624000036 ], [ 90.341856698000072, 23.799478433000047 ], [ 90.342283251000083, 23.800471052000034 ], [ 90.342470176000063, 23.801330975000042 ], [ 90.342564483000046, 23.802900148000049 ], [ 90.342228807000083, 23.803691438000044 ], [ 90.341974612000058, 23.804678582000065 ], [ 90.341720968000061, 23.805053990000033 ], [ 90.340908981000041, 23.805898058000025 ], [ 90.339994277000073, 23.806649767000067 ], [ 90.339334432000044, 23.807493493000038 ], [ 90.338526308000041, 23.809839175000036 ], [ 90.338324784000065, 23.810681889000023 ], [ 90.338530922000075, 23.811618549000059 ], [ 90.339454919000048, 23.814660439000079 ], [ 90.340019404000031, 23.816298574000029 ], [ 90.340487161000055, 23.817311430000075 ], [ 90.340578251000068, 23.817887043000042 ], [ 90.340531308000038, 23.818239411000036 ], [ 90.34032277600005, 23.818513100000075 ], [ 90.339905884000075, 23.818654021000043 ], [ 90.339311286000054, 23.818655332000048 ], [ 90.338226510000084, 23.818459002000054 ], [ 90.337463767000031, 23.81845389700004 ], [ 90.336693604000061, 23.818902686000058 ], [ 90.336373219000052, 23.819350489000044 ], [ 90.336111309000046, 23.820346880000045 ], [ 90.336160938000035, 23.820793876000039 ], [ 90.336483327000053, 23.821359955000048 ], [ 90.337015289000078, 23.822049771000025 ], [ 90.33875486200003, 23.823906632000046 ], [ 90.340180065000084, 23.825204158000076 ], [ 90.341402538000068, 23.825937596000074 ], [ 90.342134285000043, 23.826274687000023 ], [ 90.34226338600007, 23.826597309000078 ], [ 90.342265960000077, 23.82687730400005 ], [ 90.342198659000076, 23.826954232000048 ], [ 90.342477925000082, 23.828376211000034 ], [ 90.343078469000034, 23.829100851000078 ], [ 90.343523721000054, 23.828877219000049 ], [ 90.344491822000066, 23.828757719000066 ], [ 90.344911822000086, 23.828516719000049 ], [ 90.345283022000046, 23.827768820000074 ], [ 90.345180523000067, 23.827015519000042 ], [ 90.345041123000044, 23.82669272000004 ] ] ] } },
{ "type": "Feature", "properties": { "matched_key": "A_30262580", "navigation_parent_key": "A_302625", "admin_type": "city_thana", "admin_label": "City Thana (support)", "map_level": "support", "admin_rank": 2, "displayable": 0, "geometry_status": "EXACT/GEOMETRY", "location_label": "Shere Bangla Nagar Thana" }, "geometry": { "type": "Polygon", "coordinates": [ [ [ 90.37856955400008, 23.783820656000046 ], [ 90.382183180000084, 23.771900480000056 ], [ 90.382999959000074, 23.768247100000053 ], [ 90.383313599000076, 23.765803050000045 ], [ 90.383292988000051, 23.765378023000039 ], [ 90.383524640000076, 23.765398325000035 ], [ 90.387690445000032, 23.764710494000042 ], [ 90.389104063000048, 23.764645972000039 ], [ 90.389190172000042, 23.762663137000061 ], [ 90.389483171000052, 23.760539779000055 ], [ 90.389643077000073, 23.759656455000027 ], [ 90.389755042000047, 23.759563591000074 ], [ 90.390194644000076, 23.757862127000067 ], [ 90.38950740000007, 23.756109312000035 ], [ 90.387159548000056, 23.751118016000078 ], [ 90.386405840000066, 23.751338940000039 ], [ 90.385983296000063, 23.751554515000066 ], [ 90.384978858000068, 23.752442200000075 ], [ 90.384673964000058, 23.752623609000068 ], [ 90.384255487000075, 23.752764652000053 ], [ 90.383451075000039, 23.752850200000069 ], [ 90.383141594000051, 23.753142264000076 ], [ 90.382777635000082, 23.753134148000072 ], [ 90.382564435000063, 23.753014447000055 ], [ 90.382556149000038, 23.753152923000073 ], [ 90.382228572000031, 23.753119668000068 ], [ 90.382204596000065, 23.753295682000044 ], [ 90.381354112000054, 23.753252817000032 ], [ 90.381114801000081, 23.753422764000049 ], [ 90.380812468000045, 23.753443081000057 ], [ 90.380731635000075, 23.753097248000074 ], [ 90.380648264000058, 23.753085276000036 ], [ 90.380652270000041, 23.753180028000031 ], [ 90.380571919000033, 23.753177969000035 ], [ 90.380654074000063, 23.753773039000066 ], [ 90.380530283000041, 23.753782593000039 ], [ 90.380590407000057, 23.754245936000075 ], [ 90.380875038000056, 23.754236787000025 ], [ 90.380909243000076, 23.754653942000061 ], [ 90.380584975000033, 23.754715710000028 ], [ 90.380687427000055, 23.755146757000034 ], [ 90.38099743500004, 23.755057779000026 ], [ 90.381370440000069, 23.755910572000062 ], [ 90.381252509000035, 23.755949154000064 ], [ 90.381199516000038, 23.756096668000055 ], [ 90.380614367000078, 23.756386638000038 ], [ 90.380653081000048, 23.756623645000047 ], [ 90.380394273000036, 23.756628800000044 ], [ 90.380395257000032, 23.756967511000028 ], [ 90.379684328000053, 23.75693990700006 ], [ 90.379418394000083, 23.758507687000076 ], [ 90.374146832000065, 23.758319570000026 ], [ 90.373355374000084, 23.759520542000075 ], [ 90.370880240000076, 23.763961430000052 ], [ 90.367587288000038, 23.772545597000033 ], [ 90.367235935000053, 23.773246445000041 ], [ 90.366074217000062, 23.774588263000055 ], [ 90.364790656000082, 23.775580350000041 ], [ 90.362179489000084, 23.777408789000049 ], [ 90.363767142000086, 23.778768953000053 ], [ 90.364032997000038, 23.779075427000066 ], [ 90.364565670000047, 23.780031606000023 ], [ 90.364981380000074, 23.781277100000068 ], [ 90.365465295000035, 23.782341780000024 ], [ 90.365740454000047, 23.782593696000049 ], [ 90.366506180000044, 23.783029071000044 ], [ 90.367224689000068, 23.783222782000053 ], [ 90.368726061000075, 23.783092751000027 ], [ 90.369357059000038, 23.783191164000073 ], [ 90.370204306000062, 23.783464060000028 ], [ 90.37019852800006, 23.78315697000005 ], [ 90.370409874000075, 23.782998577000058 ], [ 90.371147175000033, 23.783086949000051 ], [ 90.371601677000058, 23.783004565000056 ], [ 90.37213212100005, 23.783152322000035 ], [ 90.373000260000083, 23.783093964000045 ], [ 90.37856955400008, 23.783820656000046 ] ] ] } },
{ "type": "Feature", "properties": { "matched_key": "A_30262590", "navigation_parent_key": "A_302625", "admin_type": "city_thana", "admin_label": "City Thana (support)", "map_level": "support", "admin_rank": 2, "displayable": 0, "geometry_status": "EXACT/GEOMETRY", "location_label": "Tejgaon Thana" }, "geometry": { "type": "Polygon", "coordinates": [ [ [ 90.397549966000042, 23.778123402000062 ], [ 90.39724202900004, 23.77581183500007 ], [ 90.397470610000084, 23.775782101000061 ], [ 90.395875239000077, 23.766119400000036 ], [ 90.395728718000044, 23.766200319000063 ], [ 90.395444614000041, 23.764170805000049 ], [ 90.395576081000058, 23.764181663000045 ], [ 90.394375163000063, 23.756856457000026 ], [ 90.39416618000007, 23.756148273000065 ], [ 90.394063307000067, 23.756213467000066 ], [ 90.393841266000038, 23.754668921000075 ], [ 90.393901750000055, 23.754231924000067 ], [ 90.394502808000084, 23.75311124600006 ], [ 90.394656916000031, 23.753247331000068 ], [ 90.395044176000056, 23.752778699000032 ], [ 90.395526086000075, 23.752384518000042 ], [ 90.396321739000086, 23.752015939000046 ], [ 90.398050199000068, 23.751660614000059 ], [ 90.396041740000044, 23.750671527000065 ], [ 90.39332802000007, 23.749896293000063 ], [ 90.39284406400003, 23.749923978000027 ], [ 90.387136824000038, 23.750957995000078 ], [ 90.38950740000007, 23.756109312000035 ], [ 90.390194644000076, 23.757862127000067 ], [ 90.389755042000047, 23.759563591000074 ], [ 90.389643077000073, 23.759656455000027 ], [ 90.389483171000052, 23.760539779000055 ], [ 90.389190172000042, 23.762663137000061 ], [ 90.38900559800004, 23.766186249000043 ], [ 90.389070326000081, 23.767739661000064 ], [ 90.389341119000051, 23.769486752000034 ], [ 90.390094371000032, 23.773192657000038 ], [ 90.389909989000046, 23.775336062000065 ], [ 90.392709639000032, 23.775751233000051 ], [ 90.393554231000053, 23.776130703000035 ], [ 90.395682874000045, 23.777353037000069 ], [ 90.395826215000056, 23.777309802000048 ], [ 90.397549966000042, 23.778123402000062 ] ] ] } },
{ "type": "Feature", "properties": { "matched_key": "A_30262592", "navigation_parent_key": "A_302625", "admin_type": "city_thana", "admin_label": "City Thana (support)", "map_level": "support", "admin_rank": 2, "displayable": 0, "geometry_status": "EXACT/GEOMETRY", "location_label": "Tejgaon Shilpa Elaka Thana" }, "geometry": { "type": "Polygon", "coordinates": [ [ [ 90.399602422000044, 23.774082879000048 ], [ 90.400022626000066, 23.774112394000042 ], [ 90.400057119000053, 23.774032117000047 ], [ 90.400581398000043, 23.773874856000077 ], [ 90.402404021000052, 23.774000687000068 ], [ 90.402587661000041, 23.773636704000069 ], [ 90.404112050000037, 23.773460789000069 ], [ 90.405129173000034, 23.77299068800005 ], [ 90.405755552000073, 23.772913103000064 ], [ 90.405695901000058, 23.772328623000078 ], [ 90.405772497000044, 23.772325435000027 ], [ 90.405764660000045, 23.772107855000058 ], [ 90.406201868000039, 23.772069336000072 ], [ 90.406208113000048, 23.772161840000024 ], [ 90.406912829000078, 23.772064630000045 ], [ 90.406924767000078, 23.772145614000067 ], [ 90.40706023100006, 23.772118012000078 ], [ 90.406959830000062, 23.771672357000057 ], [ 90.407510543000058, 23.771573414000045 ], [ 90.407706816000086, 23.771552138000061 ], [ 90.407765999000048, 23.772609764000038 ], [ 90.408545202000084, 23.772471621000022 ], [ 90.408383067000045, 23.771609570000066 ], [ 90.408785264000073, 23.771530228000074 ], [ 90.408861539000043, 23.772289503000025 ], [ 90.40905368600005, 23.772280425000076 ], [ 90.409064355000055, 23.772384774000045 ], [ 90.409513490000052, 23.772362027000042 ], [ 90.409465886000078, 23.771893146000025 ], [ 90.409744242000045, 23.771847001000026 ], [ 90.409718453000039, 23.771696509000037 ], [ 90.409581651000053, 23.771703061000039 ], [ 90.40942371400007, 23.771232466000072 ], [ 90.410642669000083, 23.770952502000057 ], [ 90.410710489000053, 23.770947342000056 ], [ 90.410845395000081, 23.771238544000028 ], [ 90.410965818000079, 23.771878702000038 ], [ 90.41137361300008, 23.771747609000045 ], [ 90.411410944000068, 23.771826396000051 ], [ 90.411764650000066, 23.771682240000075 ], [ 90.41202304400008, 23.771784701000058 ], [ 90.412275014000045, 23.771904664000033 ], [ 90.412346479000064, 23.772376186000031 ], [ 90.412626656000043, 23.772542596000051 ], [ 90.413444521000031, 23.772493402000066 ], [ 90.413519919000066, 23.772097500000029 ], [ 90.41460283400005, 23.77256879600003 ], [ 90.415705655000068, 23.771000970000046 ], [ 90.415752402000066, 23.771041489000027 ], [ 90.415806509000049, 23.770695855000042 ], [ 90.415477276000047, 23.769779953000068 ], [ 90.40937083700004, 23.761888387000056 ], [ 90.407383119000031, 23.759771025000077 ], [ 90.406169527000031, 23.75885065600005 ], [ 90.403554771000074, 23.755700920000038 ], [ 90.402705488000038, 23.756228972000031 ], [ 90.402389828000082, 23.755997458000024 ], [ 90.401927473000057, 23.754244508000056 ], [ 90.401666662000082, 23.753862810000044 ], [ 90.401539445000083, 23.753803626000035 ], [ 90.401798936000034, 23.753496118000044 ], [ 90.400775636000049, 23.75297560100006 ], [ 90.400415243000054, 23.752651367000055 ], [ 90.399539127000082, 23.752147819000072 ], [ 90.398973719000082, 23.751966372000027 ], [ 90.398696473000086, 23.751569307000068 ], [ 90.397499810000056, 23.751738372000034 ], [ 90.396321739000086, 23.752015939000046 ], [ 90.395526086000075, 23.752384518000042 ], [ 90.395044176000056, 23.752778699000032 ], [ 90.394656916000031, 23.753247331000068 ], [ 90.394502808000084, 23.75311124600006 ], [ 90.393901750000055, 23.754231924000067 ], [ 90.393841266000038, 23.754668921000075 ], [ 90.394063307000067, 23.756213467000066 ], [ 90.39416618000007, 23.756148273000065 ], [ 90.394375163000063, 23.756856457000026 ], [ 90.395576081000058, 23.764181663000045 ], [ 90.395444614000041, 23.764170805000049 ], [ 90.395728718000044, 23.766200319000063 ], [ 90.395875239000077, 23.766119400000036 ], [ 90.397470610000084, 23.775782101000061 ], [ 90.39724202900004, 23.77581183500007 ], [ 90.397560902000066, 23.778177611000046 ], [ 90.398289846000068, 23.778150850000031 ], [ 90.39854411400006, 23.776641784000049 ], [ 90.399000856000043, 23.775150259000043 ], [ 90.399602422000044, 23.774082879000048 ] ] ] } },
{ "type": "Feature", "properties": { "matched_key": "A_30262593", "navigation_parent_key": "A_302625", "admin_type": "city_thana", "admin_label": "City Thana (support)", "map_level": "support", "admin_rank": 2, "displayable": 0, "geometry_status": "EXACT/GEOMETRY", "location_label": "Turag Thana" }, "geometry": { "type": "Polygon", "coordinates": [ [ [ 90.385813081000038, 23.897967158000029 ], [ 90.387539269000058, 23.895786042000054 ], [ 90.388885563000031, 23.894681612000056 ], [ 90.38924058200007, 23.894154133000029 ], [ 90.389495314000044, 23.893495939000047 ], [ 90.389686015000052, 23.892594486000064 ], [ 90.390035879000038, 23.891947792000053 ], [ 90.390220936000048, 23.891827645000035 ], [ 90.388514465000071, 23.891308361000029 ], [ 90.387715537000076, 23.890914403000068 ], [ 90.386462818000041, 23.890496947000031 ], [ 90.386490539000079, 23.889604685000052 ], [ 90.386750002000042, 23.888755170000024 ], [ 90.386810981000053, 23.888284701000032 ], [ 90.386822365000057, 23.887917597000069 ], [ 90.386717389000069, 23.887596142000064 ], [ 90.386621151000043, 23.88757202000005 ], [ 90.387165151000033, 23.887180621000027 ], [ 90.387564129000054, 23.887268101000075 ], [ 90.387697589000084, 23.886828030000061 ], [ 90.387588398000048, 23.886599001000036 ], [ 90.387812944000075, 23.886120164000033 ], [ 90.387662378000073, 23.885170706000054 ], [ 90.38792952700004, 23.884096889000034 ], [ 90.387735568000039, 23.883599846000038 ], [ 90.388091554000084, 23.883152821000067 ], [ 90.387609955000073, 23.883064721000039 ], [ 90.387757555000064, 23.882514621000041 ], [ 90.387137387000053, 23.882309031000034 ], [ 90.387438943000063, 23.881560167000032 ], [ 90.387162142000079, 23.881447667000032 ], [ 90.387265543000069, 23.881007767000028 ], [ 90.387990577000039, 23.878956502000051 ], [ 90.386238049000042, 23.878350235000028 ], [ 90.38309716200007, 23.876831628000048 ], [ 90.382648645000074, 23.876704034000056 ], [ 90.381696458000079, 23.876062847000071 ], [ 90.37954951200004, 23.87558266800005 ], [ 90.379097720000061, 23.87432829200003 ], [ 90.378306391000081, 23.873682170000052 ], [ 90.37808569200007, 23.873362066000027 ], [ 90.378183096000043, 23.873217800000077 ], [ 90.378606750000074, 23.873198259000048 ], [ 90.378659461000041, 23.872683001000041 ], [ 90.378865010000084, 23.872279967000054 ], [ 90.378935399000056, 23.871697291000032 ], [ 90.378277743000069, 23.870768748000046 ], [ 90.378685405000056, 23.870903626000029 ], [ 90.378685306000079, 23.870403829000054 ], [ 90.379267920000075, 23.870347258000038 ], [ 90.37927232100003, 23.86903625900004 ], [ 90.381151377000037, 23.869028963000062 ], [ 90.381173759000035, 23.868751556000063 ], [ 90.382048621000081, 23.868635759000028 ], [ 90.382041171000083, 23.868428601000062 ], [ 90.382870496000066, 23.868422227000053 ], [ 90.382935517000078, 23.867171109000026 ], [ 90.383398921000037, 23.867169260000026 ], [ 90.383487783000078, 23.866900680000072 ], [ 90.383815839000079, 23.866699136000022 ], [ 90.383943812000041, 23.866475369000057 ], [ 90.38430240200006, 23.866468500000053 ], [ 90.384382046000042, 23.866070635000028 ], [ 90.384686920000036, 23.866095009000048 ], [ 90.384743922000041, 23.865398560000074 ], [ 90.38521942300008, 23.865344060000041 ], [ 90.385299822000036, 23.864309461000062 ], [ 90.385438023000063, 23.864037161000056 ], [ 90.385888722000061, 23.864278361000061 ], [ 90.387120674000073, 23.862448760000063 ], [ 90.387357096000073, 23.86243150100006 ], [ 90.38741585300005, 23.862521748000063 ], [ 90.387549704000037, 23.862530253000045 ], [ 90.387555320000047, 23.862452571000063 ], [ 90.38787667400004, 23.862499671000023 ], [ 90.387916953000058, 23.862380204000033 ], [ 90.388378995000039, 23.862495723000052 ], [ 90.388494254000079, 23.862630875000036 ], [ 90.389408393000053, 23.862780459000078 ], [ 90.389475969000046, 23.862871819000077 ], [ 90.389916674000062, 23.862781086000041 ], [ 90.39047342300006, 23.862120662000052 ], [ 90.391267515000038, 23.862179470000058 ], [ 90.392052514000056, 23.862998060000052 ], [ 90.392609895000078, 23.86325542000003 ], [ 90.392691728000045, 23.862891604000026 ], [ 90.392558046000033, 23.862720755000055 ], [ 90.392607350000048, 23.862688281000032 ], [ 90.392436623000037, 23.86242846500005 ], [ 90.392320678000033, 23.862498304000042 ], [ 90.392146194000077, 23.862285815000064 ], [ 90.392427818000044, 23.862093673000061 ], [ 90.392072116000065, 23.861674807000043 ], [ 90.391935373000081, 23.861352529000044 ], [ 90.392070507000085, 23.86101172900004 ], [ 90.385451886000055, 23.856864352000059 ], [ 90.386732403000053, 23.854596044000061 ], [ 90.387736686000039, 23.853125528000078 ], [ 90.391945222000061, 23.847666614000048 ], [ 90.392140690000076, 23.847559986000078 ], [ 90.393222212000069, 23.846157947000052 ], [ 90.393336648000059, 23.846195893000072 ], [ 90.393414061000044, 23.846018848000028 ], [ 90.393266709000045, 23.84585904000005 ], [ 90.393264588000079, 23.845156782000061 ], [ 90.39343569600004, 23.844300531000044 ], [ 90.393483389000039, 23.843835245000037 ], [ 90.393423140000039, 23.84363922600005 ], [ 90.39192398800003, 23.843462119000037 ], [ 90.391787200000067, 23.843594859000063 ], [ 90.391443059000039, 23.843594279000058 ], [ 90.388709500000061, 23.843301359000066 ], [ 90.388689143000079, 23.843599113000039 ], [ 90.388368237000066, 23.843624404000025 ], [ 90.388349996000045, 23.843903070000067 ], [ 90.38726099400003, 23.843859009000028 ], [ 90.387305992000051, 23.844205415000033 ], [ 90.387052121000067, 23.844278312000029 ], [ 90.38639846500007, 23.844455340000025 ], [ 90.386156313000072, 23.844331406000038 ], [ 90.385567608000031, 23.844299564000039 ], [ 90.384780937000073, 23.844693008000036 ], [ 90.384246341000051, 23.84458606100003 ], [ 90.383105470000032, 23.844630549000044 ], [ 90.382125269000085, 23.845206889000053 ], [ 90.381696439000052, 23.845262648000073 ], [ 90.381092491000061, 23.844835106000062 ], [ 90.379602648000059, 23.844236917000046 ], [ 90.379137395000043, 23.843667984000035 ], [ 90.378934952000066, 23.842643311000074 ], [ 90.37908993700006, 23.841066786000056 ], [ 90.37948166700005, 23.840282268000067 ], [ 90.379291311000031, 23.838534898000034 ], [ 90.378934848000085, 23.838377157000025 ], [ 90.379071921000047, 23.836377158000062 ], [ 90.379356349000034, 23.835916441000052 ], [ 90.379815394000047, 23.835840206000057 ], [ 90.380210248000083, 23.834750215000042 ], [ 90.380596534000063, 23.834223528000052 ], [ 90.381175610000071, 23.832123886000034 ], [ 90.38098162600005, 23.831845338000051 ], [ 90.380868586000076, 23.831842750000078 ], [ 90.379492226000082, 23.832898538000052 ], [ 90.379469626000059, 23.833087837000051 ], [ 90.379167425000048, 23.833508738000035 ], [ 90.377431924000064, 23.835662837000029 ], [ 90.377406318000055, 23.835849229000075 ], [ 90.377101384000071, 23.836413976000074 ], [ 90.377015249000067, 23.837174154000024 ], [ 90.376752196000041, 23.837848730000076 ], [ 90.376651835000075, 23.837817597000026 ], [ 90.376648448000083, 23.837883405000071 ], [ 90.376779325000086, 23.838201131000062 ], [ 90.377791389000038, 23.839012136000065 ], [ 90.378014481000037, 23.839287019000039 ], [ 90.378206702000057, 23.83971316700007 ], [ 90.378020645000049, 23.840068544000076 ], [ 90.377342921000036, 23.840231532000075 ], [ 90.376571268000077, 23.840262100000075 ], [ 90.376205540000058, 23.840488851000032 ], [ 90.376052512000058, 23.840749455000037 ], [ 90.375611639000056, 23.840903827000034 ], [ 90.374981998000067, 23.840954113000066 ], [ 90.374663828000052, 23.840898965000065 ], [ 90.374466432000077, 23.840719269000033 ], [ 90.374512197000058, 23.840370720000067 ], [ 90.374139040000045, 23.839378608000061 ], [ 90.374026991000051, 23.839455594000071 ], [ 90.37260675400006, 23.839677155000061 ], [ 90.37193830700005, 23.839706757000044 ], [ 90.371160140000086, 23.839609301000053 ], [ 90.369790696000052, 23.839966211000046 ], [ 90.369775986000036, 23.839904717000024 ], [ 90.369418719000066, 23.839986827000075 ], [ 90.36941691100003, 23.840082425000048 ], [ 90.369116444000042, 23.840352500000051 ], [ 90.368223155000067, 23.841545783000072 ], [ 90.368118429000049, 23.84187563200004 ], [ 90.367820794000068, 23.842129520000071 ], [ 90.366355377000048, 23.843992456000024 ], [ 90.365865928000062, 23.844839406000062 ], [ 90.365776567000069, 23.844871262000026 ], [ 90.364865681000083, 23.84657020800006 ], [ 90.364089957000033, 23.847689796000054 ], [ 90.363681236000048, 23.84924432400004 ], [ 90.363355649000084, 23.849360256000068 ], [ 90.362885688000063, 23.849205552000058 ], [ 90.362123848000067, 23.848706052000068 ], [ 90.361688825000044, 23.848533201000066 ], [ 90.35989679000005, 23.848587074000022 ], [ 90.359163835000061, 23.848764915000061 ], [ 90.358511957000076, 23.848741595000035 ], [ 90.356066878000036, 23.848347584000066 ], [ 90.355305546000068, 23.84802417700007 ], [ 90.354924064000045, 23.847675054000035 ], [ 90.354676933000064, 23.846625612000025 ], [ 90.354105811000068, 23.846276923000062 ], [ 90.353154033000067, 23.845879425000078 ], [ 90.353098329000034, 23.845479871000066 ], [ 90.353260163000073, 23.844955624000079 ], [ 90.353693608000071, 23.844554948000052 ], [ 90.354127455000082, 23.84430330400005 ], [ 90.355321109000045, 23.843826357000069 ], [ 90.355428582000059, 23.843401590000042 ], [ 90.355510075000041, 23.843351721000033 ], [ 90.355318931000056, 23.843026999000074 ], [ 90.354476008000063, 23.842703774000029 ], [ 90.352698344000032, 23.841689455000051 ], [ 90.351729444000057, 23.841301022000039 ], [ 90.350788346000058, 23.84074993400003 ], [ 90.350400595000053, 23.840339843000038 ], [ 90.349102149000032, 23.838118571000052 ], [ 90.348849418000043, 23.837245263000057 ], [ 90.349435330000063, 23.835116812000024 ], [ 90.349377200000049, 23.834493710000061 ], [ 90.348863775000041, 23.833435827000073 ], [ 90.347436883000057, 23.832030001000078 ], [ 90.347492679000084, 23.832011811000029 ], [ 90.346697087000052, 23.831453594000038 ], [ 90.344975645000034, 23.83073261100003 ], [ 90.343804947000081, 23.83010973100005 ], [ 90.342477925000082, 23.828376211000034 ], [ 90.342265788000077, 23.827279247000035 ], [ 90.340993410000067, 23.827650138000024 ], [ 90.340196523000031, 23.827986095000028 ], [ 90.339960102000077, 23.828395334000049 ], [ 90.339844337000045, 23.828951079000035 ], [ 90.339289319000045, 23.829322629000046 ], [ 90.33740669000008, 23.829841607000048 ], [ 90.337204046000068, 23.830029470000056 ], [ 90.336850893000076, 23.831342196000037 ], [ 90.336776055000087, 23.832067208000069 ], [ 90.336826279000036, 23.832505171000037 ], [ 90.336696764000067, 23.832494163000035 ], [ 90.336690800000042, 23.832561919000057 ], [ 90.336909610000077, 23.832929510000042 ], [ 90.338072335000049, 23.833794073000035 ], [ 90.338436852000086, 23.834260698000037 ], [ 90.338387141000055, 23.834732749000068 ], [ 90.337551664000046, 23.83653879700006 ], [ 90.337683892000086, 23.837832394000031 ], [ 90.33790226900004, 23.838265471000057 ], [ 90.338957373000085, 23.839496072000031 ], [ 90.341137100000083, 23.84106063400003 ], [ 90.341356718000043, 23.841726287000029 ], [ 90.341212381000048, 23.842153386000064 ], [ 90.340978728000039, 23.842456488000039 ], [ 90.339912542000036, 23.843583372000069 ], [ 90.33831200700007, 23.845038847000069 ], [ 90.336964931000068, 23.846026325000025 ], [ 90.336799579000058, 23.846640888000024 ], [ 90.336873554000078, 23.847241379000025 ], [ 90.337165928000047, 23.848040104000063 ], [ 90.337893378000047, 23.84880626100005 ], [ 90.338511508000067, 23.849306201000047 ], [ 90.339540639000063, 23.849954265000065 ], [ 90.340531127000077, 23.851076606000049 ], [ 90.340436363000038, 23.851219077000053 ], [ 90.340584583000066, 23.851568751000059 ], [ 90.341386072000034, 23.852935377000051 ], [ 90.342367067000055, 23.853466111000046 ], [ 90.343164719000072, 23.853364980000038 ], [ 90.343819286000041, 23.854165143000046 ], [ 90.344617289000041, 23.854194971000027 ], [ 90.345487541000068, 23.85392656700003 ], [ 90.347007851000058, 23.852988302000028 ], [ 90.347732626000038, 23.852720214000044 ], [ 90.348925634000068, 23.852652031000048 ], [ 90.349846358000036, 23.854043183000044 ], [ 90.35008926900008, 23.854672637000078 ], [ 90.350132750000057, 23.85558730200006 ], [ 90.350285042000053, 23.855602607000037 ], [ 90.345962713000063, 23.857178645000033 ], [ 90.344883768000045, 23.857776375000071 ], [ 90.34614606100007, 23.858681757000056 ], [ 90.346635922000075, 23.859187300000031 ], [ 90.347548947000064, 23.860518768000077 ], [ 90.348901261000037, 23.862862524000036 ], [ 90.350476292000053, 23.864904642000056 ], [ 90.351712473000077, 23.869188293000036 ], [ 90.351894605000041, 23.875361616000077 ], [ 90.352043614000081, 23.876483495000059 ], [ 90.352432228000055, 23.877083514000049 ], [ 90.357642585000065, 23.881287458000031 ], [ 90.358773517000031, 23.882628598000053 ], [ 90.358985231000077, 23.884002949000035 ], [ 90.358388854000054, 23.885092414000042 ], [ 90.357654254000067, 23.88689826500007 ], [ 90.357147036000072, 23.888660369000036 ], [ 90.357111571000075, 23.889185296000051 ], [ 90.357732291000048, 23.889853968000068 ], [ 90.358879397000067, 23.890848473000062 ], [ 90.359303444000034, 23.89156762500005 ], [ 90.359479812000075, 23.892319216000033 ], [ 90.359832475000076, 23.893168054000057 ], [ 90.360213403000046, 23.893334851000077 ], [ 90.360345962000054, 23.893576008000025 ], [ 90.360629452000069, 23.89373792300006 ], [ 90.361371830000053, 23.893767795000031 ], [ 90.362115280000069, 23.893962499000054 ], [ 90.36459185800004, 23.894767297000044 ], [ 90.367811479000068, 23.895606409000038 ], [ 90.369545361000064, 23.896252579000077 ], [ 90.370500656000047, 23.896444476000056 ], [ 90.373116835000076, 23.89643815200003 ], [ 90.373965737000049, 23.896567057000027 ], [ 90.374779299000068, 23.89679088500003 ], [ 90.375699373000032, 23.897113804000071 ], [ 90.376938960000075, 23.897729483000035 ], [ 90.379276757000071, 23.899315675000025 ], [ 90.379949418000081, 23.899639178000029 ], [ 90.380621230000031, 23.899671385000033 ], [ 90.384718942000063, 23.898588609000058 ], [ 90.385813081000038, 23.897967158000029 ] ] ] } },
{ "type": "Feature", "properties": { "matched_key": "A_30262594", "navigation_parent_key": "A_302625", "admin_type": "city_thana", "admin_label": "City Thana (support)", "map_level": "support", "admin_rank": 2, "displayable": 0, "geometry_status": "EXACT/GEOMETRY", "location_label": "Uttra Pashchim Thana" }, "geometry": { "type": "Polygon", "coordinates": [ [ [ 90.39273083300003, 23.88857867300004 ], [ 90.39254601500005, 23.886944303000064 ], [ 90.392707327000039, 23.886282277000078 ], [ 90.392999399000075, 23.885619916000053 ], [ 90.393063161000043, 23.885183945000051 ], [ 90.393046291000076, 23.884883665000075 ], [ 90.392700298000079, 23.883954223000046 ], [ 90.392731706000063, 23.883579305000069 ], [ 90.392894100000035, 23.883278567000048 ], [ 90.393415570000059, 23.882751104000079 ], [ 90.393756452000048, 23.882194746000039 ], [ 90.393814429000031, 23.881254434000027 ], [ 90.393927552000036, 23.880847875000029 ], [ 90.394353598000066, 23.88078942900006 ], [ 90.395394304000035, 23.881164350000063 ], [ 90.396158950000085, 23.881348789000072 ], [ 90.398259497000083, 23.881548892000069 ], [ 90.399606997000035, 23.881956448000039 ], [ 90.400792756000044, 23.882192794000048 ], [ 90.401113494000072, 23.880207343000052 ], [ 90.401215858000057, 23.880088613000055 ], [ 90.401335663000054, 23.878318870000044 ], [ 90.400543364000043, 23.875070471000072 ], [ 90.40048416500008, 23.870914370000037 ], [ 90.399980769000081, 23.862260470000024 ], [ 90.400235500000065, 23.860750727000038 ], [ 90.399962856000059, 23.860775144000058 ], [ 90.399989069000071, 23.86068337100005 ], [ 90.397474833000047, 23.861007661000031 ], [ 90.397023750000074, 23.860863368000025 ], [ 90.395620179000048, 23.860939238000071 ], [ 90.392468571000052, 23.861258917000043 ], [ 90.392070507000085, 23.86101172900004 ], [ 90.391935373000081, 23.861352529000044 ], [ 90.392072116000065, 23.861674807000043 ], [ 90.392427818000044, 23.862093673000061 ], [ 90.392146194000077, 23.862285815000064 ], [ 90.392320678000033, 23.862498304000042 ], [ 90.392436623000037, 23.86242846500005 ], [ 90.392607350000048, 23.862688281000032 ], [ 90.392558046000033, 23.862720755000055 ], [ 90.392691728000045, 23.862891604000026 ], [ 90.392609895000078, 23.86325542000003 ], [ 90.392052514000056, 23.862998060000052 ], [ 90.391267515000038, 23.862179470000058 ], [ 90.39047342300006, 23.862120662000052 ], [ 90.389916674000062, 23.862781086000041 ], [ 90.389475969000046, 23.862871819000077 ], [ 90.389408393000053, 23.862780459000078 ], [ 90.388494254000079, 23.862630875000036 ], [ 90.388378995000039, 23.862495723000052 ], [ 90.387916953000058, 23.862380204000033 ], [ 90.38787667400004, 23.862499671000023 ], [ 90.387555320000047, 23.862452571000063 ], [ 90.387549704000037, 23.862530253000045 ], [ 90.387182430000053, 23.862417243000039 ], [ 90.385888722000061, 23.864278361000061 ], [ 90.385438023000063, 23.864037161000056 ], [ 90.385299822000036, 23.864309461000062 ], [ 90.38521942300008, 23.865344060000041 ], [ 90.384743922000041, 23.865398560000074 ], [ 90.384686920000036, 23.866095009000048 ], [ 90.384382046000042, 23.866070635000028 ], [ 90.38430240200006, 23.866468500000053 ], [ 90.383943812000041, 23.866475369000057 ], [ 90.383815839000079, 23.866699136000022 ], [ 90.383487783000078, 23.866900680000072 ], [ 90.383398921000037, 23.867169260000026 ], [ 90.382935517000078, 23.867171109000026 ], [ 90.382870496000066, 23.868422227000053 ], [ 90.382041171000083, 23.868428601000062 ], [ 90.382048621000081, 23.868635759000028 ], [ 90.381173759000035, 23.868751556000063 ], [ 90.381151377000037, 23.869028963000062 ], [ 90.37927232100003, 23.86903625900004 ], [ 90.379267920000075, 23.870347258000038 ], [ 90.378685306000079, 23.870403829000054 ], [ 90.378685405000056, 23.870903626000029 ], [ 90.378277743000069, 23.870768748000046 ], [ 90.378935399000056, 23.871697291000032 ], [ 90.378865010000084, 23.872279967000054 ], [ 90.378659461000041, 23.872683001000041 ], [ 90.378606750000074, 23.873198259000048 ], [ 90.378183096000043, 23.873217800000077 ], [ 90.37808569200007, 23.873362066000027 ], [ 90.378306391000081, 23.873682170000052 ], [ 90.379097720000061, 23.87432829200003 ], [ 90.37954951200004, 23.87558266800005 ], [ 90.381696458000079, 23.876062847000071 ], [ 90.382648645000074, 23.876704034000056 ], [ 90.38309716200007, 23.876831628000048 ], [ 90.386238049000042, 23.878350235000028 ], [ 90.387990577000039, 23.878956502000051 ], [ 90.387265543000069, 23.881007767000028 ], [ 90.387162142000079, 23.881447667000032 ], [ 90.387438943000063, 23.881560167000032 ], [ 90.387137387000053, 23.882309031000034 ], [ 90.387757555000064, 23.882514621000041 ], [ 90.387609955000073, 23.883064721000039 ], [ 90.388091554000084, 23.883152821000067 ], [ 90.387735568000039, 23.883599846000038 ], [ 90.38792952700004, 23.884096889000034 ], [ 90.387662378000073, 23.885170706000054 ], [ 90.387812944000075, 23.886120164000033 ], [ 90.387588398000048, 23.886599001000036 ], [ 90.387697589000084, 23.886828030000061 ], [ 90.387564129000054, 23.887268101000075 ], [ 90.387165151000033, 23.887180621000027 ], [ 90.386621151000043, 23.88757202000005 ], [ 90.386717389000069, 23.887596142000064 ], [ 90.386822365000057, 23.887917597000069 ], [ 90.386810981000053, 23.888284701000032 ], [ 90.386750002000042, 23.888755170000024 ], [ 90.386490539000079, 23.889604685000052 ], [ 90.386470676000044, 23.890517241000055 ], [ 90.387715537000076, 23.890914403000068 ], [ 90.388514465000071, 23.891308361000029 ], [ 90.390220936000048, 23.891827645000035 ], [ 90.391039592000084, 23.891091694000067 ], [ 90.39242316900004, 23.88957074800004 ], [ 90.39273083300003, 23.88857867300004 ] ] ] } },
{ "type": "Feature", "properties": { "matched_key": "A_30262595", "navigation_parent_key": "A_302625", "admin_type": "city_thana", "admin_label": "City Thana (support)", "map_level": "support", "admin_rank": 2, "displayable": 0, "geometry_status": "EXACT/GEOMETRY", "location_label": "Uttara Purba Thana" }, "geometry": { "type": "Polygon", "coordinates": [ [ [ 90.403649985000072, 23.882339955000077 ], [ 90.40516997800006, 23.88235773200006 ], [ 90.405517922000058, 23.882256442000028 ], [ 90.405826943000079, 23.882286019000048 ], [ 90.405620232000047, 23.880518868000024 ], [ 90.405595033000054, 23.87892213300006 ], [ 90.405805719000057, 23.876502315000039 ], [ 90.405859057000043, 23.876502543000072 ], [ 90.405957682000064, 23.873060215000066 ], [ 90.406258103000084, 23.859644885000023 ], [ 90.406103327000039, 23.859638504000031 ], [ 90.406130094000048, 23.855664115000025 ], [ 90.406406103000052, 23.853501188000052 ], [ 90.406261544000074, 23.853333432000056 ], [ 90.402426826000067, 23.857965782000065 ], [ 90.402062913000066, 23.858386734000078 ], [ 90.401925890000086, 23.858307697000043 ], [ 90.400765669000066, 23.859727870000029 ], [ 90.40025816900004, 23.860571870000058 ], [ 90.40000156900004, 23.861963970000033 ], [ 90.40048416500008, 23.870914370000037 ], [ 90.400543364000043, 23.875070471000072 ], [ 90.401335663000054, 23.878318870000044 ], [ 90.401215858000057, 23.880088613000055 ], [ 90.401113494000072, 23.880207343000052 ], [ 90.400792756000044, 23.882192794000048 ], [ 90.402654957000038, 23.882603313000061 ], [ 90.403003139000077, 23.882578504000037 ], [ 90.403649985000072, 23.882339955000077 ] ] ] } },
{ "type": "Feature", "properties": { "matched_key": "A_30262596", "navigation_parent_key": "A_302625", "admin_type": "city_thana", "admin_label": "City Thana (support)", "map_level": "support", "admin_rank": 2, "displayable": 0, "geometry_status": "EXACT/GEOMETRY", "location_label": "Uttarkhan Thana" }, "geometry": { "type": "Polygon", "coordinates": [ [ [ 90.438750866000078, 23.900340751000044 ], [ 90.439730937000036, 23.900195695000036 ], [ 90.440635453000084, 23.899861173000033 ], [ 90.441054353000084, 23.89954384300006 ], [ 90.441894471000069, 23.899232081000036 ], [ 90.442510394000067, 23.899076760000071 ], [ 90.443295509000052, 23.899022566000042 ], [ 90.444807578000052, 23.898245944000053 ], [ 90.445872138000084, 23.898037380000062 ], [ 90.447272180000084, 23.897364931000027 ], [ 90.447830969000051, 23.896848469000076 ], [ 90.448670165000067, 23.896279250000077 ], [ 90.449734426000077, 23.895813242000031 ], [ 90.451023671000087, 23.895603984000047 ], [ 90.453042050000079, 23.895494183000039 ], [ 90.454220185000054, 23.895644256000026 ], [ 90.454950307000047, 23.89584983900005 ], [ 90.455791270000077, 23.895795416000055 ], [ 90.456801364000057, 23.895997903000023 ], [ 90.457698992000076, 23.895995235000044 ], [ 90.458815058000084, 23.896144607000053 ], [ 90.458715029000075, 23.89578322400007 ], [ 90.458893891000059, 23.895266908000053 ], [ 90.459399073000043, 23.894645037000032 ], [ 90.459847703000037, 23.894227827000066 ], [ 90.460521860000085, 23.893966659000057 ], [ 90.461307255000065, 23.89339614000005 ], [ 90.461588112000072, 23.892877223000028 ], [ 90.460633793000056, 23.891844252000055 ], [ 90.460582187000057, 23.891460447000043 ], [ 90.460690367000041, 23.890912548000074 ], [ 90.460633857000062, 23.890290200000038 ], [ 90.460970622000048, 23.890030112000034 ], [ 90.461083088000066, 23.889718487000039 ], [ 90.461588237000058, 23.889251107000064 ], [ 90.461756628000046, 23.888837061000061 ], [ 90.461698102000071, 23.888648653000075 ], [ 90.46091479200004, 23.887751472000048 ], [ 90.460690553000063, 23.886407165000037 ], [ 90.460690574000068, 23.885889148000047 ], [ 90.460465701000032, 23.885165100000052 ], [ 90.460297342000047, 23.884906631000035 ], [ 90.460578208000072, 23.883869697000023 ], [ 90.460914969000044, 23.883350600000028 ], [ 90.461532544000079, 23.882778346000066 ], [ 90.461772196000084, 23.882668521000028 ], [ 90.462077148000049, 23.882648331000041 ], [ 90.462072818000081, 23.881428994000032 ], [ 90.461628884000049, 23.880888393000077 ], [ 90.460838452000075, 23.879581088000066 ], [ 90.460786621000068, 23.878813502000071 ], [ 90.460980988000074, 23.878225826000062 ], [ 90.462894235000078, 23.877632988000073 ], [ 90.463630416000058, 23.87749529000007 ], [ 90.464218458000062, 23.87713222800005 ], [ 90.464854316000071, 23.876407731000029 ], [ 90.46524445600005, 23.875638813000023 ], [ 90.46612407300006, 23.874416800000063 ], [ 90.466662337000059, 23.873873235000076 ], [ 90.467543550000073, 23.873102822000078 ], [ 90.468817298000033, 23.872240886000043 ], [ 90.470286487000067, 23.871107376000055 ], [ 90.471294114000045, 23.869997845000057 ], [ 90.47184993500008, 23.868889695000064 ], [ 90.472435784000083, 23.867939513000067 ], [ 90.473019166000086, 23.866311920000044 ], [ 90.472768550000069, 23.864912692000075 ], [ 90.472712233000038, 23.86292577200004 ], [ 90.472907341000052, 23.862563884000053 ], [ 90.473100152000086, 23.861569746000043 ], [ 90.472750192000035, 23.859854694000035 ], [ 90.472403024000073, 23.858907371000043 ], [ 90.471516050000048, 23.858052028000031 ], [ 90.469549632000053, 23.85742577700006 ], [ 90.468316369000036, 23.855848888000025 ], [ 90.467528456000082, 23.855219023000075 ], [ 90.467366373000061, 23.854941719000067 ], [ 90.467010448000053, 23.854658207000057 ], [ 90.466614292000031, 23.85398151000004 ], [ 90.466070771000034, 23.851754740000047 ], [ 90.463936717000081, 23.851294077000034 ], [ 90.463526665000074, 23.851105633000032 ], [ 90.463244727000074, 23.850871642000072 ], [ 90.462446105000083, 23.849110492000023 ], [ 90.462111617000062, 23.848594397000056 ], [ 90.461060952000082, 23.847750770000061 ], [ 90.460597403000065, 23.846835383000041 ], [ 90.460109080000052, 23.846202325000036 ], [ 90.459745738000038, 23.84620115000007 ], [ 90.457623191000039, 23.847013601000072 ], [ 90.453588942000067, 23.848402951000025 ], [ 90.451182383000059, 23.849460018000059 ], [ 90.449978458000032, 23.849894831000029 ], [ 90.44936580500007, 23.850217264000037 ], [ 90.448673729000063, 23.850824445000057 ], [ 90.448092489000032, 23.853680336000025 ], [ 90.447751654000058, 23.85648358900005 ], [ 90.447246807000056, 23.858539897000071 ], [ 90.446543170000041, 23.859908068000038 ], [ 90.445668565000062, 23.860468344000026 ], [ 90.444523009000079, 23.860954883000034 ], [ 90.443465126000035, 23.861233415000072 ], [ 90.442686403000039, 23.86116170400004 ], [ 90.441246733000071, 23.860719664000044 ], [ 90.44073803100008, 23.860353824000072 ], [ 90.440070261000074, 23.859644442000047 ], [ 90.439703974000054, 23.858961190000059 ], [ 90.439742466000041, 23.85881769100007 ], [ 90.439260122000064, 23.858335130000057 ], [ 90.439135932000056, 23.858108452000067 ], [ 90.439041935000034, 23.857674910000071 ], [ 90.438668864000078, 23.857801340000037 ], [ 90.438056216000064, 23.858144052000057 ], [ 90.436545469000066, 23.860654798000041 ], [ 90.436092329000076, 23.862219252000045 ], [ 90.436041900000077, 23.862200681000047 ], [ 90.435903500000052, 23.862636681000026 ], [ 90.435841100000061, 23.863197981000042 ], [ 90.435733982000045, 23.863266954000039 ], [ 90.435635563000062, 23.863705767000056 ], [ 90.434549655000069, 23.863790890000075 ], [ 90.43384278700006, 23.863640052000051 ], [ 90.433698700000036, 23.863883280000039 ], [ 90.433826099000044, 23.864048880000041 ], [ 90.433811399000035, 23.864435180000044 ], [ 90.433285699000066, 23.86461668000004 ], [ 90.432674199000076, 23.865051480000034 ], [ 90.432667898000034, 23.865273479000052 ], [ 90.432940258000031, 23.865919219000034 ], [ 90.432657748000054, 23.866097599000057 ], [ 90.432414528000038, 23.866413737000073 ], [ 90.431900078000069, 23.867279740000072 ], [ 90.431450334000033, 23.86773917000005 ], [ 90.431385522000085, 23.868001287000027 ], [ 90.43072064200004, 23.868253390000064 ], [ 90.430377669000052, 23.868268688000057 ], [ 90.430006597000045, 23.867974278000077 ], [ 90.429716997000071, 23.867888378000032 ], [ 90.429007680000041, 23.867893552000055 ], [ 90.42874007000006, 23.868074160000049 ], [ 90.428542101000062, 23.867979872000035 ], [ 90.428475057000071, 23.867831463000073 ], [ 90.42862867100007, 23.867449081000075 ], [ 90.427907059000063, 23.867163418000075 ], [ 90.428006449000065, 23.865924203000077 ], [ 90.427653706000058, 23.865938474000075 ], [ 90.427162287000044, 23.865772970000023 ], [ 90.427218224000057, 23.865355622000038 ], [ 90.426626299000077, 23.865085777000047 ], [ 90.425286199000084, 23.865172276000067 ], [ 90.425075068000069, 23.865944209000077 ], [ 90.424797177000073, 23.865931348000061 ], [ 90.424798193000072, 23.866003757000044 ], [ 90.424605578000069, 23.865986364000037 ], [ 90.424595641000053, 23.865883460000077 ], [ 90.424382194000032, 23.865884048000055 ], [ 90.424340781000069, 23.865992282000036 ], [ 90.423348411000063, 23.865978372000029 ], [ 90.423338365000063, 23.86607559600003 ], [ 90.423010988000044, 23.866030728000055 ], [ 90.422994066000058, 23.866174715000056 ], [ 90.422588438000048, 23.866186531000039 ], [ 90.422350170000072, 23.866343129000029 ], [ 90.422456133000082, 23.866530008000041 ], [ 90.422248703000037, 23.866557647000036 ], [ 90.422267649000048, 23.866690303000041 ], [ 90.421462742000074, 23.868691698000077 ], [ 90.421506717000057, 23.868780867000055 ], [ 90.421334341000033, 23.868754813000066 ], [ 90.421353529000044, 23.869143344000065 ], [ 90.421039096000072, 23.869786361000024 ], [ 90.420939958000076, 23.869737472000054 ], [ 90.420906121000087, 23.870009361000029 ], [ 90.420706296000048, 23.870273472000065 ], [ 90.420646687000044, 23.870524565000039 ], [ 90.42055380100004, 23.870530196000061 ], [ 90.420541107000076, 23.870622836000052 ], [ 90.419648858000073, 23.871258884000042 ], [ 90.419555761000083, 23.871400615000027 ], [ 90.419592513000055, 23.871515226000042 ], [ 90.419298360000084, 23.871827606000068 ], [ 90.41905175100004, 23.871740123000052 ], [ 90.418913234000058, 23.871977171000026 ], [ 90.418495487000087, 23.871887677000075 ], [ 90.418441790000031, 23.872160261000033 ], [ 90.418166591000045, 23.87213205300003 ], [ 90.417695744000071, 23.872330660000046 ], [ 90.417659509000032, 23.872681721000049 ], [ 90.416535176000082, 23.87376968600006 ], [ 90.417687023000042, 23.873971360000041 ], [ 90.41751466900007, 23.875530913000034 ], [ 90.417574339000055, 23.876210852000042 ], [ 90.417647178000038, 23.876233357000046 ], [ 90.417558077000081, 23.876483462000067 ], [ 90.417883670000037, 23.876516275000029 ], [ 90.417762692000053, 23.877085562000048 ], [ 90.417869593000034, 23.877085863000048 ], [ 90.417958451000061, 23.877669984000079 ], [ 90.417930617000081, 23.878353022000056 ], [ 90.418151846000058, 23.878382521000049 ], [ 90.418050960000073, 23.878690603000052 ], [ 90.41818072500007, 23.878725281000072 ], [ 90.418148228000064, 23.878841235000039 ], [ 90.418316971000081, 23.87899311700005 ], [ 90.418198517000064, 23.879296396000029 ], [ 90.418021513000042, 23.879275187000076 ], [ 90.417793934000031, 23.879879326000037 ], [ 90.41833635200004, 23.879857256000037 ], [ 90.418271595000078, 23.880163863000064 ], [ 90.418114812000056, 23.880342163000023 ], [ 90.41802662200007, 23.880337145000055 ], [ 90.418016786000067, 23.880511150000075 ], [ 90.417952080000077, 23.880516286000045 ], [ 90.417948845000069, 23.880824504000032 ], [ 90.416850638000085, 23.880857128000059 ], [ 90.41672574200004, 23.881685376000064 ], [ 90.416566523000085, 23.881661420000057 ], [ 90.41655872900003, 23.882053068000062 ], [ 90.416198614000052, 23.882046479000053 ], [ 90.415966143000048, 23.881951601000026 ], [ 90.414951948000066, 23.881956211000045 ], [ 90.41476237300003, 23.882874328000071 ], [ 90.415015986000071, 23.882888048000041 ], [ 90.414992694000034, 23.883501047000038 ], [ 90.414894782000033, 23.884094144000073 ], [ 90.41460916300008, 23.884702640000057 ], [ 90.415080472000056, 23.885336133000067 ], [ 90.415900437000062, 23.88602714600006 ], [ 90.418025374000081, 23.886633324000059 ], [ 90.419138515000043, 23.887036748000071 ], [ 90.421668308000051, 23.887716288000036 ], [ 90.422174909000034, 23.887936188000026 ], [ 90.423147963000076, 23.889426529000048 ], [ 90.424803370000063, 23.890995405000069 ], [ 90.425971617000073, 23.891897658000062 ], [ 90.42921106600005, 23.89399994200005 ], [ 90.430277669000077, 23.894810751000023 ], [ 90.43119534300007, 23.895642776000045 ], [ 90.432032898000045, 23.896223005000024 ], [ 90.434039074000054, 23.896877990000064 ], [ 90.435440520000043, 23.898064163000072 ], [ 90.437286147000066, 23.900314639000044 ], [ 90.43743171400007, 23.900303944000029 ], [ 90.437754301000041, 23.90069359000006 ], [ 90.438205484000036, 23.900660692000031 ], [ 90.438750866000078, 23.900340751000044 ] ] ] } }
]
}
