{
"type": "FeatureCollection",
"name": "city_ward",
"crs": { "type": "name", "properties": { "name": "urn:ogc:def:crs:OGC:1.3:CRS84" } },
"features": [
{ "type": "Feature", "properties": { "matched_key": "U_30262005027", "navigation_parent_key": "A_302620", "admin_type": "city_ward", "admin_label": "City Corporation Ward", "map_level": "ward", "admin_rank": 3, "displayable": 1, "geometry_status": "EXACT/GEOMETRY", "location_label": "Ward No. 27 (Part)" }, "geometry": { "type": "Polygon", "coordinates": [ [ [ 90.400740210000038, 23.723157338000078 ], [ 90.40053630500006, 23.722196041000075 ], [ 90.399947023000038, 23.722329673000047 ], [ 90.399909425000033, 23.722210557000039 ], [ 90.400004497000054, 23.722166678000065 ], [ 90.399992914000052, 23.722003116000053 ], [ 90.399876406000033, 23.722001159000058 ], [ 90.399588693000055, 23.721711891000041 ], [ 90.399419633000036, 23.721408456000063 ], [ 90.399528328000031, 23.721262343000035 ], [ 90.399118784000052, 23.720878181000046 ], [ 90.398980494000057, 23.720599647000029 ], [ 90.398899591000031, 23.720626623000044 ], [ 90.398662219000073, 23.720349097000053 ], [ 90.39872829400008, 23.72029987600007 ], [ 90.398564225000086, 23.719945424000059 ], [ 90.398542276000057, 23.719384625000032 ], [ 90.398822668000037, 23.719357201000037 ], [ 90.398785925000084, 23.718951528000048 ], [ 90.39855188000007, 23.718980332000058 ], [ 90.398635683000066, 23.718327621000071 ], [ 90.398367824000047, 23.718341612000074 ], [ 90.39831263800005, 23.718915190000075 ], [ 90.39839033700008, 23.720154491000073 ], [ 90.399808191000034, 23.72225727700004 ], [ 90.400205492000055, 23.723076578000075 ], [ 90.400303440000073, 23.723888737000038 ], [ 90.400749359000031, 23.723836442000049 ], [ 90.400740210000038, 23.723157338000078 ] ] ] } },
{ "type": "Feature", "properties": { "matched_key": "U_30262005030", "navigation_parent_key": "A_302620", "admin_type": "city_ward", "admin_label": "City Corporation Ward", "map_level": "ward", "admin_rank": 3, "displayable": 1, "geometry_status": "EXACT/GEOMETRY", "location_label": "Ward No. 30 (Part)" }, "geometry": { "type": "Polygon", "coordinates": [ [ [ 90.401049488000069, 23.714066151000054 ], [ 90.401058707000061, 23.713502204000065 ], [ 90.401033487000063, 23.713403329000073 ], [ 90.400866114000053, 23.71346111500003 ], [ 90.400880225000037, 23.713188473000059 ], [ 90.400712618000057, 23.713181999000028 ], [ 90.400683058000084, 23.712517405000028 ], [ 90.400875158000076, 23.712526468000078 ], [ 90.400894873000084, 23.712607672000047 ], [ 90.401041303000056, 23.712580277000029 ], [ 90.401009032000047, 23.712525706000065 ], [ 90.401544496000042, 23.712329792000048 ], [ 90.401529333000042, 23.712255006000078 ], [ 90.402105583000036, 23.712175620000039 ], [ 90.402078494000079, 23.71195061800006 ], [ 90.402437698000085, 23.711862140000051 ], [ 90.402459533000069, 23.711719206000055 ], [ 90.403183249000051, 23.711541798000042 ], [ 90.402804419000063, 23.710546736000026 ], [ 90.402096392000033, 23.710716083000023 ], [ 90.401738458000068, 23.711011833000043 ], [ 90.401142262000064, 23.711132544000066 ], [ 90.40107736300007, 23.711006706000035 ], [ 90.40016599900008, 23.71142519600005 ], [ 90.400016231000052, 23.711542549000058 ], [ 90.400317620000067, 23.712156243000038 ], [ 90.400135157000079, 23.71221597400006 ], [ 90.400043204000042, 23.712023111000065 ], [ 90.399706636000076, 23.712133276000031 ], [ 90.399588111000071, 23.711745235000024 ], [ 90.399025554000048, 23.711920106000036 ], [ 90.399134819000039, 23.712404794000065 ], [ 90.399644102000082, 23.713184924000075 ], [ 90.399300053000047, 23.713500688000067 ], [ 90.399392116000058, 23.71364587100004 ], [ 90.399683345000085, 23.713594675000024 ], [ 90.399827408000078, 23.713732185000026 ], [ 90.40014762900006, 23.713691164000068 ], [ 90.400148306000062, 23.713913207000076 ], [ 90.400294689000077, 23.713909960000024 ], [ 90.400339374000055, 23.714291395000032 ], [ 90.40021611800006, 23.714303664000056 ], [ 90.400237238000045, 23.714587522000045 ], [ 90.40045923200006, 23.714636806000044 ], [ 90.400498132000052, 23.714547106000055 ], [ 90.401062632000048, 23.714327707000052 ], [ 90.401179024000044, 23.714129397000079 ], [ 90.401049488000069, 23.714066151000054 ] ] ] } },
{ "type": "Feature", "properties": { "matched_key": "U_30262005031", "navigation_parent_key": "A_302620", "admin_type": "city_ward", "admin_label": "City Corporation Ward", "map_level": "ward", "admin_rank": 3, "displayable": 1, "geometry_status": "EXACT/GEOMETRY", "location_label": "Ward No. 31 (Part)" }, "geometry": { "type": "Polygon", "coordinates": [ [ [ 90.400224428000058, 23.718502440000066 ], [ 90.400897774000043, 23.717892240000026 ], [ 90.401353573000051, 23.717586038000036 ], [ 90.40186037400008, 23.717433038000024 ], [ 90.402357282000082, 23.717386092000027 ], [ 90.402575013000046, 23.716430161000062 ], [ 90.402620629000069, 23.715510990000041 ], [ 90.402735832000076, 23.715289392000045 ], [ 90.403001133000032, 23.715131106000058 ], [ 90.402845533000061, 23.713815806000071 ], [ 90.403947203000087, 23.713637811000069 ], [ 90.404087286000049, 23.713272471000039 ], [ 90.403426215000081, 23.712619881000023 ], [ 90.403183249000051, 23.711541798000042 ], [ 90.402459533000069, 23.711719206000055 ], [ 90.402437698000085, 23.711862140000051 ], [ 90.402078494000079, 23.71195061800006 ], [ 90.402105583000036, 23.712175620000039 ], [ 90.401529333000042, 23.712255006000078 ], [ 90.401544496000042, 23.712329792000048 ], [ 90.401009032000047, 23.712525706000065 ], [ 90.401041303000056, 23.712580277000029 ], [ 90.400894873000084, 23.712607672000047 ], [ 90.400875158000076, 23.712526468000078 ], [ 90.400683058000084, 23.712517405000028 ], [ 90.400712618000057, 23.713181999000028 ], [ 90.400880225000037, 23.713188473000059 ], [ 90.400866114000053, 23.71346111500003 ], [ 90.401033487000063, 23.713403329000073 ], [ 90.401049488000069, 23.714066151000054 ], [ 90.401179024000044, 23.714129397000079 ], [ 90.400988134000045, 23.714374206000059 ], [ 90.400498132000052, 23.714547106000055 ], [ 90.400261134000061, 23.715082606000067 ], [ 90.400284787000032, 23.715750720000074 ], [ 90.399560493000081, 23.715915720000055 ], [ 90.399589605000074, 23.716107130000069 ], [ 90.39936620900005, 23.716136623000068 ], [ 90.399374574000035, 23.716310239000052 ], [ 90.39929989400008, 23.716294810000022 ], [ 90.399255534000076, 23.716414110000073 ], [ 90.399089706000041, 23.716425292000054 ], [ 90.399080593000065, 23.716702441000052 ], [ 90.398979773000065, 23.716696140000067 ], [ 90.398966616000052, 23.716868711000075 ], [ 90.398787494000032, 23.716862002000028 ], [ 90.398787970000058, 23.717018538000048 ], [ 90.398617374000082, 23.717012658000044 ], [ 90.398608601000035, 23.717430857000068 ], [ 90.398499340000058, 23.717535505000058 ], [ 90.398390206000045, 23.718341940000073 ], [ 90.398723688000075, 23.718320159000029 ], [ 90.39977908700007, 23.718566860000067 ], [ 90.400224428000058, 23.718502440000066 ] ] ] } },
{ "type": "Feature", "properties": { "matched_key": "U_30262005032", "navigation_parent_key": "A_302620", "admin_type": "city_ward", "admin_label": "City Corporation Ward", "map_level": "ward", "admin_rank": 3, "displayable": 1, "geometry_status": "EXACT/GEOMETRY", "location_label": "Ward No. 32 (Part)" }, "geometry": { "type": "Polygon", "coordinates": [ [ [ 90.404587749000086, 23.717577744000039 ], [ 90.405792248000068, 23.717386344000033 ], [ 90.406435714000054, 23.717421904000048 ], [ 90.406429254000045, 23.71719537000007 ], [ 90.406561540000041, 23.717112178000036 ], [ 90.406558178000068, 23.717032843000027 ], [ 90.406406626000035, 23.717043757000056 ], [ 90.406362210000054, 23.716812986000036 ], [ 90.406628038000065, 23.716775449000068 ], [ 90.406557425000074, 23.715200984000035 ], [ 90.40645668500008, 23.71511485700006 ], [ 90.406051386000058, 23.715042958000026 ], [ 90.405694986000071, 23.715070257000036 ], [ 90.405592285000068, 23.714351157000067 ], [ 90.405745110000055, 23.713973212000042 ], [ 90.40459816300006, 23.713550291000047 ], [ 90.404087286000049, 23.713272471000039 ], [ 90.403947203000087, 23.713637811000069 ], [ 90.402845533000061, 23.713815806000071 ], [ 90.403001133000032, 23.715131106000058 ], [ 90.402735832000076, 23.715289392000045 ], [ 90.402620629000069, 23.715510990000041 ], [ 90.402575013000046, 23.716430161000062 ], [ 90.402357282000082, 23.717386092000027 ], [ 90.403257087000043, 23.717538658000024 ], [ 90.404587749000086, 23.717577744000039 ] ] ] } },
{ "type": "Feature", "properties": { "matched_key": "U_30262005033", "navigation_parent_key": "A_302620", "admin_type": "city_ward", "admin_label": "City Corporation Ward", "map_level": "ward", "admin_rank": 3, "displayable": 1, "geometry_status": "EXACT/GEOMETRY", "location_label": "Ward No. 33" }, "geometry": { "type": "Polygon", "coordinates": [ [ [ 90.404821842000047, 23.723238098000024 ], [ 90.404810237000049, 23.723003657000049 ], [ 90.404654347000076, 23.723012986000072 ], [ 90.404646638000031, 23.722744885000054 ], [ 90.404786254000044, 23.722700196000062 ], [ 90.404782104000049, 23.722550731000069 ], [ 90.404928922000067, 23.722541527000033 ], [ 90.40489122300005, 23.722307829000044 ], [ 90.405085523000082, 23.722244028000034 ], [ 90.405156322000039, 23.721960629000023 ], [ 90.40525819800007, 23.722006135000072 ], [ 90.405287972000053, 23.72188157100004 ], [ 90.405493338000042, 23.721912020000048 ], [ 90.405487794000067, 23.721804556000052 ], [ 90.40531825100004, 23.721754889000067 ], [ 90.405468864000056, 23.721139982000068 ], [ 90.405607434000046, 23.721145709000041 ], [ 90.405610446000082, 23.721049650000054 ], [ 90.405343122000033, 23.721017729000039 ], [ 90.405353323000043, 23.720896529000072 ], [ 90.405129744000078, 23.72084151200005 ], [ 90.405134738000072, 23.720695926000076 ], [ 90.405337623000037, 23.720366930000068 ], [ 90.405734341000084, 23.720422762000055 ], [ 90.405777495000052, 23.720241279000049 ], [ 90.406017691000045, 23.720314685000062 ], [ 90.406071986000086, 23.720160273000033 ], [ 90.405963972000052, 23.720101724000074 ], [ 90.406090564000067, 23.719828421000045 ], [ 90.406188526000051, 23.719866463000074 ], [ 90.406246382000063, 23.719770727000025 ], [ 90.406267119000063, 23.719507412000041 ], [ 90.406366047000063, 23.719517191000023 ], [ 90.40646726600005, 23.719182151000041 ], [ 90.40670276700007, 23.719080636000058 ], [ 90.40677114500005, 23.71880502700003 ], [ 90.406590934000064, 23.718723047000026 ], [ 90.406714457000078, 23.718218925000031 ], [ 90.40643258700004, 23.718179149000036 ], [ 90.406475501000045, 23.717429174000074 ], [ 90.405792248000068, 23.717386344000033 ], [ 90.404587749000086, 23.717577744000039 ], [ 90.403257087000043, 23.717538658000024 ], [ 90.402460574000031, 23.717390838000028 ], [ 90.402099375000034, 23.717398438000032 ], [ 90.401353573000051, 23.717586038000036 ], [ 90.400731144000076, 23.718036165000058 ], [ 90.400436588000048, 23.718395260000023 ], [ 90.400224428000058, 23.718502440000066 ], [ 90.39977908700007, 23.718566860000067 ], [ 90.398635683000066, 23.718327621000071 ], [ 90.39855188000007, 23.718980332000058 ], [ 90.398785925000084, 23.718951528000048 ], [ 90.398822668000037, 23.719357201000037 ], [ 90.398542276000057, 23.719384625000032 ], [ 90.398564225000086, 23.719945424000059 ], [ 90.39872829400008, 23.72029987600007 ], [ 90.398662219000073, 23.720349097000053 ], [ 90.398899591000031, 23.720626623000044 ], [ 90.398980494000057, 23.720599647000029 ], [ 90.399118784000052, 23.720878181000046 ], [ 90.399528328000031, 23.721262343000035 ], [ 90.399419633000036, 23.721408456000063 ], [ 90.399588693000055, 23.721711891000041 ], [ 90.399876406000033, 23.722001159000058 ], [ 90.399992914000052, 23.722003116000053 ], [ 90.400004497000054, 23.722166678000065 ], [ 90.399909425000033, 23.722210557000039 ], [ 90.399947023000038, 23.722329673000047 ], [ 90.40053630500006, 23.722196041000075 ], [ 90.400761368000076, 23.723258900000076 ], [ 90.400749359000031, 23.723836442000049 ], [ 90.402419752000071, 23.723589563000075 ], [ 90.403252114000054, 23.72338226200003 ], [ 90.404821842000047, 23.723238098000024 ] ] ] } },
{ "type": "Feature", "properties": { "matched_key": "U_30262005034", "navigation_parent_key": "A_302620", "admin_type": "city_ward", "admin_label": "City Corporation Ward", "map_level": "ward", "admin_rank": 3, "displayable": 1, "geometry_status": "EXACT/GEOMETRY", "location_label": "Ward No. 34" }, "geometry": { "type": "Polygon", "coordinates": [ [ [ 90.404821842000047, 23.723238098000024 ], [ 90.411939778000033, 23.722953666000024 ], [ 90.411848243000065, 23.721661943000072 ], [ 90.411818442000083, 23.719058045000054 ], [ 90.411437342000056, 23.718058144000054 ], [ 90.411445348000086, 23.717580327000064 ], [ 90.410939547000055, 23.717542540000068 ], [ 90.410906356000055, 23.717842642000051 ], [ 90.410665781000034, 23.717874590000065 ], [ 90.410635261000039, 23.717754493000029 ], [ 90.410339090000036, 23.717770438000059 ], [ 90.410229608000066, 23.717620729000032 ], [ 90.409800891000032, 23.717574912000032 ], [ 90.409777025000039, 23.717837820000057 ], [ 90.409456283000054, 23.717863759000068 ], [ 90.409439818000067, 23.717953105000049 ], [ 90.409225778000064, 23.718026879000035 ], [ 90.408814036000081, 23.718095978000065 ], [ 90.408769045000042, 23.717818709000028 ], [ 90.408427662000065, 23.717859704000034 ], [ 90.408186660000069, 23.718028004000075 ], [ 90.407693109000036, 23.718129016000034 ], [ 90.407671289000064, 23.717970165000054 ], [ 90.407495921000077, 23.717974774000027 ], [ 90.407396522000056, 23.717501489000028 ], [ 90.406475501000045, 23.717429174000074 ], [ 90.40643258700004, 23.718179149000036 ], [ 90.406714457000078, 23.718218925000031 ], [ 90.406590934000064, 23.718723047000026 ], [ 90.40677114500005, 23.71880502700003 ], [ 90.40670276700007, 23.719080636000058 ], [ 90.40646726600005, 23.719182151000041 ], [ 90.406366047000063, 23.719517191000023 ], [ 90.406267119000063, 23.719507412000041 ], [ 90.406246382000063, 23.719770727000025 ], [ 90.406188526000051, 23.719866463000074 ], [ 90.406090564000067, 23.719828421000045 ], [ 90.405963972000052, 23.720101724000074 ], [ 90.406071986000086, 23.720160273000033 ], [ 90.406017691000045, 23.720314685000062 ], [ 90.405777495000052, 23.720241279000049 ], [ 90.405734341000084, 23.720422762000055 ], [ 90.405337623000037, 23.720366930000068 ], [ 90.405251167000074, 23.720594289000076 ], [ 90.405184623000082, 23.720592899000053 ], [ 90.405129744000078, 23.72084151200005 ], [ 90.405353323000043, 23.720896529000072 ], [ 90.405343122000033, 23.721017729000039 ], [ 90.405610446000082, 23.721049650000054 ], [ 90.405607434000046, 23.721145709000041 ], [ 90.405468864000056, 23.721139982000068 ], [ 90.40531825100004, 23.721754889000067 ], [ 90.405487794000067, 23.721804556000052 ], [ 90.405493338000042, 23.721912020000048 ], [ 90.405287972000053, 23.72188157100004 ], [ 90.40525819800007, 23.722006135000072 ], [ 90.405156322000039, 23.721960629000023 ], [ 90.405085523000082, 23.722244028000034 ], [ 90.40489122300005, 23.722307829000044 ], [ 90.404928922000067, 23.722541527000033 ], [ 90.404782104000049, 23.722550731000069 ], [ 90.404786254000044, 23.722700196000062 ], [ 90.404646638000031, 23.722744885000054 ], [ 90.404654347000076, 23.723012986000072 ], [ 90.404810237000049, 23.723003657000049 ], [ 90.404821842000047, 23.723238098000024 ] ] ] } },
{ "type": "Feature", "properties": { "matched_key": "U_30262005035", "navigation_parent_key": "A_302620", "admin_type": "city_ward", "admin_label": "City Corporation Ward", "map_level": "ward", "admin_rank": 3, "displayable": 1, "geometry_status": "EXACT/GEOMETRY", "location_label": "Ward No. 35" }, "geometry": { "type": "Polygon", "coordinates": [ [ [ 90.408196479000082, 23.718017975000066 ], [ 90.408427662000065, 23.717859704000034 ], [ 90.408769045000042, 23.717818709000028 ], [ 90.408814036000081, 23.718095978000065 ], [ 90.409225778000064, 23.718026879000035 ], [ 90.409439818000067, 23.717953105000049 ], [ 90.409456283000054, 23.717863759000068 ], [ 90.409777025000039, 23.717837820000057 ], [ 90.409800891000032, 23.717574912000032 ], [ 90.410229608000066, 23.717620729000032 ], [ 90.410339090000036, 23.717770438000059 ], [ 90.410635261000039, 23.717754493000029 ], [ 90.410665781000034, 23.717874590000065 ], [ 90.410906356000055, 23.717842642000051 ], [ 90.410939547000055, 23.717542540000068 ], [ 90.411445348000086, 23.717580327000064 ], [ 90.411524141000086, 23.715788045000068 ], [ 90.411483040000064, 23.714783545000046 ], [ 90.411582537000072, 23.713683204000063 ], [ 90.411140421000084, 23.713780285000041 ], [ 90.411157263000064, 23.713435351000044 ], [ 90.411071465000077, 23.713317553000024 ], [ 90.410719464000067, 23.713152452000031 ], [ 90.410603528000081, 23.712793855000029 ], [ 90.410315276000063, 23.712908593000066 ], [ 90.40943528400004, 23.712963943000034 ], [ 90.409037506000061, 23.713283343000057 ], [ 90.408688289000054, 23.713384822000023 ], [ 90.408322596000062, 23.713381570000024 ], [ 90.408315315000038, 23.713451793000047 ], [ 90.40803399300006, 23.713474285000075 ], [ 90.40802435900008, 23.713588218000041 ], [ 90.407662518000052, 23.713570266000033 ], [ 90.407429643000057, 23.713453789000027 ], [ 90.407404882000037, 23.713546718000032 ], [ 90.407230116000051, 23.713519284000029 ], [ 90.407175369000072, 23.713899107000032 ], [ 90.406850505000079, 23.713888616000077 ], [ 90.406880350000051, 23.714349579000043 ], [ 90.405745110000055, 23.713973212000042 ], [ 90.405592285000068, 23.714351157000067 ], [ 90.405694986000071, 23.715070257000036 ], [ 90.406051386000058, 23.715042958000026 ], [ 90.40645668500008, 23.71511485700006 ], [ 90.406557425000074, 23.715200984000035 ], [ 90.406628038000065, 23.716775449000068 ], [ 90.406362210000054, 23.716812986000036 ], [ 90.406406626000035, 23.717043757000056 ], [ 90.406558178000068, 23.717032843000027 ], [ 90.406561540000041, 23.717112178000036 ], [ 90.406429254000045, 23.71719537000007 ], [ 90.406435714000054, 23.717421904000048 ], [ 90.407396522000056, 23.717501489000028 ], [ 90.407495921000077, 23.717974774000027 ], [ 90.407671289000064, 23.717970165000054 ], [ 90.407693109000036, 23.718129016000034 ], [ 90.408196479000082, 23.718017975000066 ] ] ] } },
{ "type": "Feature", "properties": { "matched_key": "U_30262009027", "navigation_parent_key": "A_302620", "admin_type": "city_ward", "admin_label": "City Corporation Ward", "map_level": "ward", "admin_rank": 3, "displayable": 1, "geometry_status": "EXACT/GEOMETRY", "location_label": "Ward No. 27 (Part)" }, "geometry": { "type": "Polygon", "coordinates": [ [ [ 90.390971582000077, 23.725211652000041 ], [ 90.390978516000075, 23.725064557000053 ], [ 90.391129024000065, 23.725057538000044 ], [ 90.391171515000053, 23.724799856000061 ], [ 90.392264017000059, 23.724733258000072 ], [ 90.39255031600004, 23.724160655000048 ], [ 90.39273776400006, 23.723378835000062 ], [ 90.395652089000066, 23.722538164000071 ], [ 90.395781201000034, 23.722856227000022 ], [ 90.395448426000087, 23.724600358000032 ], [ 90.400303440000073, 23.723888737000038 ], [ 90.400205492000055, 23.723076578000075 ], [ 90.399661137000066, 23.721980791000078 ], [ 90.398841337000079, 23.720909391000077 ], [ 90.398381637000057, 23.720112591000031 ], [ 90.398215337000067, 23.720252491000053 ], [ 90.398199336000062, 23.720689891000063 ], [ 90.397721337000064, 23.721188791000031 ], [ 90.397570537000036, 23.721646791000069 ], [ 90.397015357000043, 23.721443933000046 ], [ 90.396935657000085, 23.721541932000036 ], [ 90.396648967000033, 23.721574080000039 ], [ 90.396623025000054, 23.72136424100006 ], [ 90.396378457000083, 23.720994033000068 ], [ 90.395717241000057, 23.720887413000071 ], [ 90.395655865000037, 23.720504236000068 ], [ 90.395567622000044, 23.720506761000024 ], [ 90.39554941800003, 23.720415797000044 ], [ 90.39559323900005, 23.720104064000054 ], [ 90.39553456200008, 23.719702507000022 ], [ 90.395430230000045, 23.71954590100006 ], [ 90.39550785800003, 23.719354532000068 ], [ 90.395213258000069, 23.71875863300005 ], [ 90.394417295000039, 23.719060528000057 ], [ 90.394200657000056, 23.718879432000051 ], [ 90.393705981000039, 23.71890571800003 ], [ 90.393758363000074, 23.719148782000048 ], [ 90.393686935000062, 23.719162751000056 ], [ 90.39373198800007, 23.719387243000028 ], [ 90.393667411000081, 23.719405332000065 ], [ 90.393602137000073, 23.719923666000057 ], [ 90.393263087000037, 23.719927541000061 ], [ 90.393054215000063, 23.720636503000037 ], [ 90.393030416000045, 23.721263314000055 ], [ 90.392804636000051, 23.721344101000057 ], [ 90.392328490000068, 23.721291153000038 ], [ 90.392071144000056, 23.72138926100007 ], [ 90.391972827000075, 23.721930926000027 ], [ 90.391761164000059, 23.721872092000069 ], [ 90.391188803000034, 23.721910467000043 ], [ 90.39112246500008, 23.721511035000049 ], [ 90.390839031000041, 23.721516884000039 ], [ 90.390831679000087, 23.720885838000072 ], [ 90.39093525100003, 23.720586871000023 ], [ 90.390866809000045, 23.720321135000063 ], [ 90.390926173000082, 23.720308192000061 ], [ 90.39093887100006, 23.720059896000066 ], [ 90.390533021000067, 23.719979099000057 ], [ 90.39055002300006, 23.720204592000073 ], [ 90.390076457000077, 23.720213219000073 ], [ 90.390021617000059, 23.719859248000034 ], [ 90.38984775800003, 23.719840332000047 ], [ 90.389517506000061, 23.720641884000031 ], [ 90.38969290600005, 23.720705128000077 ], [ 90.38970596200005, 23.720905845000061 ], [ 90.389886599000079, 23.720896785000036 ], [ 90.389883872000041, 23.721367531000055 ], [ 90.389745576000053, 23.722039967000057 ], [ 90.389788415000055, 23.722211660000028 ], [ 90.389827267000044, 23.722322338000026 ], [ 90.390266656000051, 23.722116031000041 ], [ 90.390576128000077, 23.722211801000071 ], [ 90.390575108000064, 23.722994160000042 ], [ 90.390441924000072, 23.723862249000035 ], [ 90.390224341000078, 23.723861659000079 ], [ 90.390263799000081, 23.724915941000063 ], [ 90.390338316000054, 23.724913456000024 ], [ 90.390352886000073, 23.725210279000066 ], [ 90.390971582000077, 23.725211652000041 ] ] ] } },
{ "type": "Feature", "properties": { "matched_key": "U_30262009028", "navigation_parent_key": "A_302620", "admin_type": "city_ward", "admin_label": "City Corporation Ward", "map_level": "ward", "admin_rank": 3, "displayable": 1, "geometry_status": "EXACT/GEOMETRY", "location_label": "Ward No. 28" }, "geometry": { "type": "Polygon", "coordinates": [ [ [ 90.391972827000075, 23.721930926000027 ], [ 90.392071144000056, 23.72138926100007 ], [ 90.392328490000068, 23.721291153000038 ], [ 90.392804636000051, 23.721344101000057 ], [ 90.393030416000045, 23.721263314000055 ], [ 90.393054215000063, 23.720636503000037 ], [ 90.393263087000037, 23.719927541000061 ], [ 90.393602137000073, 23.719923666000057 ], [ 90.393667411000081, 23.719405332000065 ], [ 90.39373198800007, 23.719387243000028 ], [ 90.393686935000062, 23.719162751000056 ], [ 90.393758363000074, 23.719148782000048 ], [ 90.393705981000039, 23.71890571800003 ], [ 90.394200657000056, 23.718879432000051 ], [ 90.394417295000039, 23.719060528000057 ], [ 90.395213258000069, 23.71875863300005 ], [ 90.395076058000086, 23.718302232000042 ], [ 90.39529335800006, 23.718092933000037 ], [ 90.395618757000079, 23.717436832000033 ], [ 90.395864857000049, 23.716655033000052 ], [ 90.395999958000061, 23.716567233000035 ], [ 90.396785557000044, 23.716423932000055 ], [ 90.396987835000061, 23.716308497000057 ], [ 90.396943436000072, 23.716093471000079 ], [ 90.396823333000043, 23.716092723000031 ], [ 90.396645058000047, 23.715639687000078 ], [ 90.396571708000067, 23.715666578000025 ], [ 90.396408286000053, 23.715365699000074 ], [ 90.396301959000084, 23.715327731000059 ], [ 90.395883659000049, 23.715545332000033 ], [ 90.395901986000069, 23.715709559000061 ], [ 90.395664842000031, 23.715780066000036 ], [ 90.395692104000034, 23.715868900000032 ], [ 90.395102271000042, 23.716064464000056 ], [ 90.395144826000035, 23.71618922600004 ], [ 90.395518288000062, 23.71614382000007 ], [ 90.395602096000061, 23.716384533000053 ], [ 90.395322283000041, 23.716413888000034 ], [ 90.395286834000046, 23.716300837000063 ], [ 90.395219285000053, 23.71631446300006 ], [ 90.395228173000078, 23.716407556000036 ], [ 90.39495901500004, 23.716449967000074 ], [ 90.394940471000041, 23.716330023000069 ], [ 90.394573292000075, 23.716365014000075 ], [ 90.39457125000007, 23.716267874000039 ], [ 90.394379916000048, 23.716268360000072 ], [ 90.394401332000086, 23.716457988000059 ], [ 90.394232401000068, 23.716467573000045 ], [ 90.394221186000038, 23.716230377000045 ], [ 90.393985017000034, 23.716226304000031 ], [ 90.393012030000079, 23.716529968000032 ], [ 90.393090972000039, 23.716699146000053 ], [ 90.39291305200004, 23.716819410000028 ], [ 90.392591581000033, 23.716414085000054 ], [ 90.392506500000081, 23.716358262000028 ], [ 90.392323013000066, 23.716429764000054 ], [ 90.392564311000058, 23.71666893400004 ], [ 90.392464058000087, 23.71678993200004 ], [ 90.392509658000051, 23.717045332000055 ], [ 90.392418458000066, 23.717212332000031 ], [ 90.392409157000031, 23.717520131000072 ], [ 90.391711827000051, 23.717699777000064 ], [ 90.391565142000047, 23.71742994300007 ], [ 90.391285088000075, 23.717493169000022 ], [ 90.391377151000086, 23.717733337000027 ], [ 90.390859137000064, 23.718074760000036 ], [ 90.390768623000042, 23.718229081000061 ], [ 90.390765456000054, 23.718472855000073 ], [ 90.390575344000069, 23.718518068000037 ], [ 90.390566311000043, 23.718669630000022 ], [ 90.390343703000042, 23.718703650000066 ], [ 90.390376555000046, 23.718901049000067 ], [ 90.389984173000073, 23.71889892300004 ], [ 90.389998130000038, 23.719262446000073 ], [ 90.389707583000074, 23.719825185000047 ], [ 90.390021617000059, 23.719859248000034 ], [ 90.390076457000077, 23.720213219000073 ], [ 90.39055002300006, 23.720204592000073 ], [ 90.390533021000067, 23.719979099000057 ], [ 90.39093887100006, 23.720059896000066 ], [ 90.390926173000082, 23.720308192000061 ], [ 90.390866809000045, 23.720321135000063 ], [ 90.39093525100003, 23.720586871000023 ], [ 90.390831679000087, 23.720885838000072 ], [ 90.390839031000041, 23.721516884000039 ], [ 90.39112246500008, 23.721511035000049 ], [ 90.391188803000034, 23.721910467000043 ], [ 90.391761164000059, 23.721872092000069 ], [ 90.391972827000075, 23.721930926000027 ] ] ] } },
{ "type": "Feature", "properties": { "matched_key": "U_30262009029", "navigation_parent_key": "A_302620", "admin_type": "city_ward", "admin_label": "City Corporation Ward", "map_level": "ward", "admin_rank": 3, "displayable": 1, "geometry_status": "EXACT/GEOMETRY", "location_label": "Ward No. 29" }, "geometry": { "type": "Polygon", "coordinates": [ [ [ 90.390566311000043, 23.718669630000022 ], [ 90.390575344000069, 23.718518068000037 ], [ 90.390769336000062, 23.718468066000071 ], [ 90.390768623000042, 23.718229081000061 ], [ 90.390859137000064, 23.718074760000036 ], [ 90.391377151000086, 23.717733337000027 ], [ 90.391285088000075, 23.717493169000022 ], [ 90.391565142000047, 23.71742994300007 ], [ 90.391711827000051, 23.717699777000064 ], [ 90.392409157000031, 23.717520131000072 ], [ 90.392418458000066, 23.717212332000031 ], [ 90.392509658000051, 23.717045332000055 ], [ 90.392464058000087, 23.71678993200004 ], [ 90.392564311000058, 23.71666893400004 ], [ 90.392323013000066, 23.716429764000054 ], [ 90.392506500000081, 23.716358262000028 ], [ 90.392591581000033, 23.716414085000054 ], [ 90.39291305200004, 23.716819410000028 ], [ 90.393090972000039, 23.716699146000053 ], [ 90.393012030000079, 23.716529968000032 ], [ 90.393985017000034, 23.716226304000031 ], [ 90.394221186000038, 23.716230377000045 ], [ 90.394232401000068, 23.716467573000045 ], [ 90.394401332000086, 23.716457988000059 ], [ 90.394379916000048, 23.716268360000072 ], [ 90.39457125000007, 23.716267874000039 ], [ 90.394573292000075, 23.716365014000075 ], [ 90.394940471000041, 23.716330023000069 ], [ 90.39495901500004, 23.716449967000074 ], [ 90.395228173000078, 23.716407556000036 ], [ 90.395219285000053, 23.71631446300006 ], [ 90.395286834000046, 23.716300837000063 ], [ 90.395322283000041, 23.716413888000034 ], [ 90.395602096000061, 23.716384533000053 ], [ 90.395518288000062, 23.71614382000007 ], [ 90.395144826000035, 23.71618922600004 ], [ 90.395102271000042, 23.716064464000056 ], [ 90.395692104000034, 23.715868900000032 ], [ 90.395664842000031, 23.715780066000036 ], [ 90.395901986000069, 23.715709559000061 ], [ 90.395800191000035, 23.715413245000036 ], [ 90.395316627000057, 23.715632588000062 ], [ 90.394790387000057, 23.715750207000042 ], [ 90.394681137000077, 23.715649624000037 ], [ 90.394485755000062, 23.715629809000063 ], [ 90.394451999000069, 23.715409430000022 ], [ 90.394325255000069, 23.715321387000074 ], [ 90.394212392000043, 23.714841127000057 ], [ 90.39413406500006, 23.714808538000057 ], [ 90.39396756900004, 23.714391495000029 ], [ 90.393872016000046, 23.714410283000063 ], [ 90.393577531000062, 23.713659583000037 ], [ 90.393408351000062, 23.713427274000026 ], [ 90.392852934000075, 23.713577181000062 ], [ 90.392838059000042, 23.713030132000029 ], [ 90.391984628000046, 23.712995027000034 ], [ 90.392072047000056, 23.712776400000052 ], [ 90.391739935000032, 23.712713717000042 ], [ 90.391771779000067, 23.712599879000038 ], [ 90.391681510000069, 23.712573554000073 ], [ 90.391439082000034, 23.712606898000047 ], [ 90.391345466000075, 23.711583986000051 ], [ 90.391220068000052, 23.711682087000042 ], [ 90.391215861000035, 23.711540877000061 ], [ 90.39067056500005, 23.712002047000055 ], [ 90.390248904000032, 23.712194140000065 ], [ 90.390068760000077, 23.71208596200006 ], [ 90.389079669000068, 23.711835541000028 ], [ 90.387781945000086, 23.71171234600007 ], [ 90.387439021000034, 23.711855466000031 ], [ 90.387439714000038, 23.712028200000077 ], [ 90.386839506000058, 23.712364566000076 ], [ 90.385995491000074, 23.713060572000074 ], [ 90.385500128000047, 23.713034532000052 ], [ 90.385371, 23.712908399000071 ], [ 90.38496658300005, 23.712782949000029 ], [ 90.384220628000037, 23.713274815000034 ], [ 90.383234335000054, 23.713561786000071 ], [ 90.38450485900006, 23.714399831000037 ], [ 90.385348090000036, 23.715226879000056 ], [ 90.385452864000058, 23.715100739000036 ], [ 90.38591686500007, 23.715698896000049 ], [ 90.386408371000073, 23.716096537000055 ], [ 90.386696037000036, 23.716115316000071 ], [ 90.386744982000039, 23.716023997000036 ], [ 90.38713886000005, 23.716153915000064 ], [ 90.387117973000045, 23.716268885000034 ], [ 90.387883094000074, 23.716291856000055 ], [ 90.387883999000053, 23.716428551000035 ], [ 90.388043387000039, 23.716396632000055 ], [ 90.38807857900008, 23.716214131000072 ], [ 90.388825521000058, 23.716201865000073 ], [ 90.388816358000042, 23.716654731000062 ], [ 90.389084657000069, 23.716772631000026 ], [ 90.389095849000057, 23.716867825000065 ], [ 90.389304648000063, 23.716988007000054 ], [ 90.389543831000083, 23.717039205000049 ], [ 90.389727515000061, 23.718158907000031 ], [ 90.389984173000073, 23.71889892300004 ], [ 90.390292094000074, 23.718938689000026 ], [ 90.390376555000046, 23.718901049000067 ], [ 90.390343703000042, 23.718703650000066 ], [ 90.390566311000043, 23.718669630000022 ] ] ] } },
{ "type": "Feature", "properties": { "matched_key": "U_30262009030", "navigation_parent_key": "A_302620", "admin_type": "city_ward", "admin_label": "City Corporation Ward", "map_level": "ward", "admin_rank": 3, "displayable": 1, "geometry_status": "EXACT/GEOMETRY", "location_label": "Ward No. 30 (Part)" }, "geometry": { "type": "Polygon", "coordinates": [ [ [ 90.394790387000057, 23.715750207000042 ], [ 90.395800191000035, 23.715413245000036 ], [ 90.395853158000079, 23.715556132000074 ], [ 90.396323342000073, 23.715360505000035 ], [ 90.396499508000034, 23.71519842500004 ], [ 90.396579115000065, 23.715362187000039 ], [ 90.396873151000079, 23.715303160000076 ], [ 90.397013607000076, 23.71539935100003 ], [ 90.397175548000064, 23.715391287000045 ], [ 90.397106895000036, 23.715074280000067 ], [ 90.397391536000043, 23.715038712000023 ], [ 90.397381142000086, 23.714949835000027 ], [ 90.397779038000067, 23.714767008000024 ], [ 90.397751584000048, 23.714521632000071 ], [ 90.397985650000066, 23.714405212000031 ], [ 90.397974582000074, 23.714311185000042 ], [ 90.399025186000074, 23.713714689000028 ], [ 90.399644102000082, 23.713184924000075 ], [ 90.399134819000039, 23.712404794000065 ], [ 90.399025554000048, 23.711920106000036 ], [ 90.399588111000071, 23.711745235000024 ], [ 90.399706636000076, 23.712133276000031 ], [ 90.400043204000042, 23.712023111000065 ], [ 90.400135157000079, 23.71221597400006 ], [ 90.400317620000067, 23.712156243000038 ], [ 90.400016231000052, 23.711542549000058 ], [ 90.40016599900008, 23.71142519600005 ], [ 90.40107736300007, 23.711006706000035 ], [ 90.401142262000064, 23.711132544000066 ], [ 90.401738458000068, 23.711011833000043 ], [ 90.402096392000033, 23.710716083000023 ], [ 90.402804419000063, 23.710546736000026 ], [ 90.402307670000084, 23.70962939900005 ], [ 90.401267515000086, 23.710124371000063 ], [ 90.400513051000075, 23.710616336000044 ], [ 90.39894232100005, 23.711241381000036 ], [ 90.398341274000074, 23.711394232000032 ], [ 90.396785941000076, 23.711429839000061 ], [ 90.394946751000077, 23.711283252000044 ], [ 90.394608256000083, 23.711464760000069 ], [ 90.394036003000053, 23.711597190000077 ], [ 90.393280940000068, 23.711282973000039 ], [ 90.391293947000065, 23.71091090300007 ], [ 90.391199798000059, 23.711001469000053 ], [ 90.391220068000052, 23.711682087000042 ], [ 90.391345466000075, 23.711583986000051 ], [ 90.391439082000034, 23.712606898000047 ], [ 90.391681510000069, 23.712573554000073 ], [ 90.391771779000067, 23.712599879000038 ], [ 90.391739935000032, 23.712713717000042 ], [ 90.392072047000056, 23.712776400000052 ], [ 90.391984628000046, 23.712995027000034 ], [ 90.392838059000042, 23.713030132000029 ], [ 90.392852934000075, 23.713577181000062 ], [ 90.393408351000062, 23.713427274000026 ], [ 90.393577531000062, 23.713659583000037 ], [ 90.393872016000046, 23.714410283000063 ], [ 90.39396756900004, 23.714391495000029 ], [ 90.39413406500006, 23.714808538000057 ], [ 90.394212392000043, 23.714841127000057 ], [ 90.394325255000069, 23.715321387000074 ], [ 90.394451999000069, 23.715409430000022 ], [ 90.394485755000062, 23.715629809000063 ], [ 90.394681137000077, 23.715649624000037 ], [ 90.394790387000057, 23.715750207000042 ] ] ] } },
{ "type": "Feature", "properties": { "matched_key": "U_30262009031", "navigation_parent_key": "A_302620", "admin_type": "city_ward", "admin_label": "City Corporation Ward", "map_level": "ward", "admin_rank": 3, "displayable": 1, "geometry_status": "EXACT/GEOMETRY", "location_label": "Ward No. 31 (Part)" }, "geometry": { "type": "Polygon", "coordinates": [ [ [ 90.397570537000036, 23.721646791000069 ], [ 90.397721337000064, 23.721188791000031 ], [ 90.398199336000062, 23.720689891000063 ], [ 90.398215337000067, 23.720252491000053 ], [ 90.398381637000057, 23.720112591000031 ], [ 90.398313329000075, 23.718733181000061 ], [ 90.398499340000058, 23.717535505000058 ], [ 90.398608601000035, 23.717430857000068 ], [ 90.398617374000082, 23.717012658000044 ], [ 90.398787970000058, 23.717018538000048 ], [ 90.398787494000032, 23.716862002000028 ], [ 90.398966616000052, 23.716868711000075 ], [ 90.398979773000065, 23.716696140000067 ], [ 90.399080593000065, 23.716702441000052 ], [ 90.399089706000041, 23.716425292000054 ], [ 90.399255534000076, 23.716414110000073 ], [ 90.39929989400008, 23.716294810000022 ], [ 90.399374574000035, 23.716310239000052 ], [ 90.39936620900005, 23.716136623000068 ], [ 90.399589605000074, 23.716107130000069 ], [ 90.399560493000081, 23.715915720000055 ], [ 90.400284787000032, 23.715750720000074 ], [ 90.400261134000061, 23.715082606000067 ], [ 90.40045923200006, 23.714636806000044 ], [ 90.400237238000045, 23.714587522000045 ], [ 90.40021611800006, 23.714303664000056 ], [ 90.400339374000055, 23.714291395000032 ], [ 90.400294689000077, 23.713909960000024 ], [ 90.400148306000062, 23.713913207000076 ], [ 90.40014762900006, 23.713691164000068 ], [ 90.399827408000078, 23.713732185000026 ], [ 90.399683345000085, 23.713594675000024 ], [ 90.399392116000058, 23.71364587100004 ], [ 90.399300053000047, 23.713500688000067 ], [ 90.397974582000074, 23.714311185000042 ], [ 90.397985650000066, 23.714405212000031 ], [ 90.397751584000048, 23.714521632000071 ], [ 90.397779038000067, 23.714767008000024 ], [ 90.397381142000086, 23.714949835000027 ], [ 90.397391536000043, 23.715038712000023 ], [ 90.397106895000036, 23.715074280000067 ], [ 90.397175548000064, 23.715391287000045 ], [ 90.397013607000076, 23.71539935100003 ], [ 90.396873151000079, 23.715303160000076 ], [ 90.396579115000065, 23.715362187000039 ], [ 90.396499508000034, 23.71519842500004 ], [ 90.396323342000073, 23.715360505000035 ], [ 90.396408286000053, 23.715365699000074 ], [ 90.396571708000067, 23.715666578000025 ], [ 90.396645058000047, 23.715639687000078 ], [ 90.396823333000043, 23.716092723000031 ], [ 90.396943436000072, 23.716093471000079 ], [ 90.396987835000061, 23.716308497000057 ], [ 90.396785557000044, 23.716423932000055 ], [ 90.395999958000061, 23.716567233000035 ], [ 90.395864857000049, 23.716655033000052 ], [ 90.395618757000079, 23.717436832000033 ], [ 90.39529335800006, 23.718092933000037 ], [ 90.395076058000086, 23.718302232000042 ], [ 90.39550785800003, 23.719354532000068 ], [ 90.395430230000045, 23.71954590100006 ], [ 90.39553456200008, 23.719702507000022 ], [ 90.39559323900005, 23.720104064000054 ], [ 90.39554941800003, 23.720415797000044 ], [ 90.395567622000044, 23.720506761000024 ], [ 90.395655865000037, 23.720504236000068 ], [ 90.395717241000057, 23.720887413000071 ], [ 90.396378457000083, 23.720994033000068 ], [ 90.396623025000054, 23.72136424100006 ], [ 90.396648967000033, 23.721574080000039 ], [ 90.396935657000085, 23.721541932000036 ], [ 90.397015357000043, 23.721443933000046 ], [ 90.397570537000036, 23.721646791000069 ] ] ] } },
{ "type": "Feature", "properties": { "matched_key": "U_30262012064", "navigation_parent_key": "A_302620", "admin_type": "city_ward", "admin_label": "City Corporation Ward", "map_level": "ward", "admin_rank": 3, "displayable": 1, "geometry_status": "EXACT/GEOMETRY", "location_label": "Ward No. 64 (Part)" }, "geometry": { "type": "Polygon", "coordinates": [ [ [ 90.467892542000072, 23.728625334000071 ], [ 90.468041664000054, 23.728487137000059 ], [ 90.468299307000052, 23.728515712000046 ], [ 90.468969911000045, 23.727594633000024 ], [ 90.470812047000038, 23.726432890000069 ], [ 90.471692629000074, 23.72627665400006 ], [ 90.472371809000038, 23.726044256000023 ], [ 90.474245841000084, 23.725253978000069 ], [ 90.474249222000083, 23.722878242000036 ], [ 90.476414425000087, 23.718684574000065 ], [ 90.476567923000061, 23.718067522000069 ], [ 90.476513542000077, 23.717725848000043 ], [ 90.480587566000054, 23.718038182000043 ], [ 90.48048435700008, 23.717558169000029 ], [ 90.480355524000061, 23.717538246000061 ], [ 90.480231930000059, 23.717107333000058 ], [ 90.480071107000072, 23.715549743000054 ], [ 90.480213769000045, 23.715160904000072 ], [ 90.480341811000073, 23.715059433000079 ], [ 90.480526932000032, 23.715098389000048 ], [ 90.480619402000059, 23.714755448000062 ], [ 90.479125539000052, 23.714509430000078 ], [ 90.478539320000039, 23.71423502500005 ], [ 90.478347597000038, 23.713986878000071 ], [ 90.477773566000053, 23.713931961000071 ], [ 90.477280166000071, 23.713943536000045 ], [ 90.477137307000078, 23.714520909000044 ], [ 90.476864932000069, 23.714473960000078 ], [ 90.476801197000043, 23.714654775000042 ], [ 90.476625658000046, 23.714654465000024 ], [ 90.476524899000083, 23.714631602000054 ], [ 90.476539113000058, 23.714543374000073 ], [ 90.476175954000041, 23.714509260000057 ], [ 90.476105441000072, 23.713858028000061 ], [ 90.475187051000034, 23.713743370000032 ], [ 90.473592541000073, 23.71375742500004 ], [ 90.473591820000081, 23.713448545000062 ], [ 90.473044490000063, 23.713304468000047 ], [ 90.473053070000049, 23.71315177300005 ], [ 90.472715639000057, 23.713132948000066 ], [ 90.472996077000062, 23.710978552000029 ], [ 90.472224847000064, 23.711077716000034 ], [ 90.469980970000051, 23.710933566000051 ], [ 90.468662451000057, 23.716858892000062 ], [ 90.468760458000077, 23.716869144000043 ], [ 90.468715410000073, 23.717584473000045 ], [ 90.467848450000076, 23.71853154300004 ], [ 90.466774850000036, 23.719479344000035 ], [ 90.461883239000031, 23.723514920000071 ], [ 90.461177476000046, 23.724334355000053 ], [ 90.460603427000081, 23.72718237600003 ], [ 90.460460931000057, 23.728738594000049 ], [ 90.460438260000046, 23.730347863000077 ], [ 90.461982430000035, 23.730668617000049 ], [ 90.466066700000056, 23.731281856000066 ], [ 90.466212929000051, 23.731017217000044 ], [ 90.466810243000054, 23.730687991000025 ], [ 90.466926202000082, 23.730534089000059 ], [ 90.466984022000076, 23.730411978000063 ], [ 90.466956887000038, 23.729852051000023 ], [ 90.467602502000034, 23.728969441000061 ], [ 90.467876613000044, 23.728801513000064 ], [ 90.467892542000072, 23.728625334000071 ] ] ] } },
{ "type": "Feature", "properties": { "matched_key": "U_30262012065", "navigation_parent_key": "A_302620", "admin_type": "city_ward", "admin_label": "City Corporation Ward", "map_level": "ward", "admin_rank": 3, "displayable": 1, "geometry_status": "EXACT/GEOMETRY", "location_label": "Ward No. 65 (Part)" }, "geometry": { "type": "Polygon", "coordinates": [ [ [ 90.473675853000032, 23.70627551900003 ], [ 90.474055099000054, 23.706260301000043 ], [ 90.47405923000008, 23.706119902000069 ], [ 90.474178419000054, 23.706121547000066 ], [ 90.474201447000041, 23.705990734000068 ], [ 90.474303959000054, 23.705996020000043 ], [ 90.474314423000067, 23.70592907200006 ], [ 90.474106544000051, 23.705864072000054 ], [ 90.47415129500007, 23.705415169000048 ], [ 90.474043116000075, 23.705410762000042 ], [ 90.473964745000046, 23.704436973000043 ], [ 90.473619032000045, 23.704411511000046 ], [ 90.473378124000078, 23.704481853000061 ], [ 90.473410634000061, 23.703364301000079 ], [ 90.473325443000078, 23.701955432000034 ], [ 90.475028638000083, 23.701705998000023 ], [ 90.477521960000047, 23.701671532000034 ], [ 90.477954450000084, 23.699573730000054 ], [ 90.477980350000053, 23.697926730000063 ], [ 90.478533551000055, 23.697915030000047 ], [ 90.47846515100008, 23.697617230000048 ], [ 90.478330450000044, 23.697539330000041 ], [ 90.478286151000077, 23.697405930000059 ], [ 90.478116800000066, 23.696538402000044 ], [ 90.478581052000038, 23.695388330000071 ], [ 90.478838453000037, 23.694143754000038 ], [ 90.478808689000061, 23.693563897000047 ], [ 90.47481481300008, 23.693101875000025 ], [ 90.473426112000084, 23.693067475000078 ], [ 90.471510456000033, 23.693217483000069 ], [ 90.470310858000062, 23.693411781000066 ], [ 90.469702458000086, 23.693587681000054 ], [ 90.466585928000086, 23.694950036000023 ], [ 90.466529637000065, 23.695425115000035 ], [ 90.465542036000045, 23.697427515000072 ], [ 90.464324914000031, 23.70068145700003 ], [ 90.464135395000085, 23.700757544000055 ], [ 90.463755577000086, 23.701644611000063 ], [ 90.465709459000038, 23.702215852000052 ], [ 90.467822333000072, 23.702292807000049 ], [ 90.46949358300003, 23.704884480000032 ], [ 90.470539583000061, 23.706671880000044 ], [ 90.469980970000051, 23.710933566000051 ], [ 90.472224847000064, 23.711077716000034 ], [ 90.472996077000062, 23.710978552000029 ], [ 90.47346483900003, 23.708065089000058 ], [ 90.47339917000005, 23.708034676000068 ], [ 90.473488023000073, 23.707790225000053 ], [ 90.473567647000039, 23.706952882000053 ], [ 90.473763678000068, 23.706942398000024 ], [ 90.473675853000032, 23.70627551900003 ] ] ] } },
{ "type": "Feature", "properties": { "matched_key": "U_30262012066", "navigation_parent_key": "A_302620", "admin_type": "city_ward", "admin_label": "City Corporation Ward", "map_level": "ward", "admin_rank": 3, "displayable": 1, "geometry_status": "EXACT/GEOMETRY", "location_label": "Ward No. 66" }, "geometry": { "type": "Polygon", "coordinates": [ [ [ 90.486854976000075, 23.718468846000064 ], [ 90.486834093000084, 23.717293414000039 ], [ 90.486849153000037, 23.717346529000054 ], [ 90.487371830000086, 23.717232838000029 ], [ 90.487238151000042, 23.716577805000043 ], [ 90.48783284700005, 23.716364634000058 ], [ 90.48759258900003, 23.714664205000076 ], [ 90.487773502000039, 23.714582108000059 ], [ 90.487732134000055, 23.714309747000073 ], [ 90.487148778000062, 23.712900524000077 ], [ 90.48708977800004, 23.712402024000028 ], [ 90.487273120000054, 23.711290107000025 ], [ 90.487273601000084, 23.71049757000003 ], [ 90.487757800000054, 23.709672497000042 ], [ 90.487960259000033, 23.709689240000046 ], [ 90.488058217000059, 23.708951472000024 ], [ 90.488250923000066, 23.708958206000034 ], [ 90.48835974900004, 23.708806882000033 ], [ 90.488466222000056, 23.708818676000078 ], [ 90.488552673000072, 23.708510711000031 ], [ 90.489346922000038, 23.707581395000034 ], [ 90.489614778000032, 23.707633894000026 ], [ 90.489784056000076, 23.706699186000037 ], [ 90.490267455000037, 23.706677687000024 ], [ 90.490387256000076, 23.706302187000063 ], [ 90.490533397000036, 23.706337261000044 ], [ 90.49060881500003, 23.706153208000046 ], [ 90.49077254000008, 23.706210044000045 ], [ 90.490839945000062, 23.706026489000067 ], [ 90.490785765000055, 23.705999218000045 ], [ 90.490947048000066, 23.705819467000026 ], [ 90.491161835000071, 23.705746103000024 ], [ 90.491090153000073, 23.705719757000054 ], [ 90.491229524000062, 23.705390003000048 ], [ 90.491489558000069, 23.705494600000065 ], [ 90.492182038000067, 23.704118597000047 ], [ 90.493324420000079, 23.70438387300004 ], [ 90.49458495500005, 23.704443854000033 ], [ 90.494645002000084, 23.704434630000037 ], [ 90.49464290800006, 23.703879143000051 ], [ 90.49443795600007, 23.703504955000028 ], [ 90.493417110000053, 23.703320788000042 ], [ 90.492803150000043, 23.702758219000032 ], [ 90.491883635000079, 23.702291458000047 ], [ 90.491469269000049, 23.700508874000036 ], [ 90.491059131000043, 23.699853069000028 ], [ 90.490344929000059, 23.699855331000037 ], [ 90.49003971500008, 23.700043722000032 ], [ 90.489632038000082, 23.700045010000053 ], [ 90.488711855000076, 23.699390809000079 ], [ 90.488505617000044, 23.698829193000051 ], [ 90.488199010000073, 23.698642740000025 ], [ 90.487791336000043, 23.698644024000032 ], [ 90.487484730000062, 23.698457567000048 ], [ 90.485444433000055, 23.698274296000022 ], [ 90.483607255000038, 23.697810362000041 ], [ 90.483403032000069, 23.697623575000023 ], [ 90.483402004000084, 23.697343575000048 ], [ 90.483095398000046, 23.69715485200004 ], [ 90.481383116000075, 23.696640820000027 ], [ 90.480061977000048, 23.695960715000069 ], [ 90.480058368000073, 23.694973935000064 ], [ 90.479698747000043, 23.694365359000074 ], [ 90.478823943000066, 23.693989880000061 ], [ 90.478581052000038, 23.695388330000071 ], [ 90.47812164700008, 23.69647281400006 ], [ 90.478286151000077, 23.697405930000059 ], [ 90.478330450000044, 23.697539330000041 ], [ 90.47846515100008, 23.697617230000048 ], [ 90.478533551000055, 23.697915030000047 ], [ 90.477980350000053, 23.697926730000063 ], [ 90.477954450000084, 23.699573730000054 ], [ 90.477521960000047, 23.701671532000034 ], [ 90.475028638000083, 23.701705998000023 ], [ 90.473325443000078, 23.701955432000034 ], [ 90.473410634000061, 23.703364301000079 ], [ 90.473378124000078, 23.704481853000061 ], [ 90.473619032000045, 23.704411511000046 ], [ 90.473964745000046, 23.704436973000043 ], [ 90.474043116000075, 23.705410762000042 ], [ 90.47415129500007, 23.705415169000048 ], [ 90.474106544000051, 23.705864072000054 ], [ 90.474314423000067, 23.70592907200006 ], [ 90.474303959000054, 23.705996020000043 ], [ 90.474201447000041, 23.705990734000068 ], [ 90.474178419000054, 23.706121547000066 ], [ 90.47405923000008, 23.706119902000069 ], [ 90.474055099000054, 23.706260301000043 ], [ 90.473675853000032, 23.70627551900003 ], [ 90.473763678000068, 23.706942398000024 ], [ 90.473567647000039, 23.706952882000053 ], [ 90.473488023000073, 23.707790225000053 ], [ 90.47339917000005, 23.708034676000068 ], [ 90.47346483900003, 23.708065089000058 ], [ 90.473171901000057, 23.709699925000052 ], [ 90.472715639000057, 23.713132948000066 ], [ 90.473053070000049, 23.71315177300005 ], [ 90.473044490000063, 23.713304468000047 ], [ 90.473591820000081, 23.713448545000062 ], [ 90.473592541000073, 23.71375742500004 ], [ 90.475187051000034, 23.713743370000032 ], [ 90.476105441000072, 23.713858028000061 ], [ 90.476175954000041, 23.714509260000057 ], [ 90.476539113000058, 23.714543374000073 ], [ 90.476524899000083, 23.714631602000054 ], [ 90.476625658000046, 23.714654465000024 ], [ 90.476801197000043, 23.714654775000042 ], [ 90.476864932000069, 23.714473960000078 ], [ 90.477137307000078, 23.714520909000044 ], [ 90.477280166000071, 23.713943536000045 ], [ 90.477773566000053, 23.713931961000071 ], [ 90.478347597000038, 23.713986878000071 ], [ 90.478539320000039, 23.71423502500005 ], [ 90.479125539000052, 23.714509430000078 ], [ 90.480619402000059, 23.714755448000062 ], [ 90.480526932000032, 23.715098389000048 ], [ 90.480341811000073, 23.715059433000079 ], [ 90.480213769000045, 23.715160904000072 ], [ 90.480071107000072, 23.715549743000054 ], [ 90.480231930000059, 23.717107333000058 ], [ 90.480355524000061, 23.717538246000061 ], [ 90.48048435700008, 23.717558169000029 ], [ 90.480587566000054, 23.718038182000043 ], [ 90.486376040000039, 23.718880432000049 ], [ 90.486854976000075, 23.718468846000064 ] ] ] } },
{ "type": "Feature", "properties": { "matched_key": "U_30262012067", "navigation_parent_key": "A_302620", "admin_type": "city_ward", "admin_label": "City Corporation Ward", "map_level": "ward", "admin_rank": 3, "displayable": 1, "geometry_status": "EXACT/GEOMETRY", "location_label": "Ward No. 67" }, "geometry": { "type": "Polygon", "coordinates": [ [ [ 90.510187857000062, 23.712653685000078 ], [ 90.510779067000044, 23.712233626000057 ], [ 90.511879173000068, 23.711169540000071 ], [ 90.511980680000079, 23.710885898000072 ], [ 90.510734150000076, 23.709564149000073 ], [ 90.509715959000062, 23.709048940000059 ], [ 90.509741127000041, 23.708970133000037 ], [ 90.509241418000045, 23.708694089000062 ], [ 90.508813079000049, 23.70867159900007 ], [ 90.508238087000052, 23.708479313000055 ], [ 90.507728616000065, 23.708451112000034 ], [ 90.50604349200006, 23.70811010500006 ], [ 90.504351495000037, 23.707925267000064 ], [ 90.502954211000031, 23.707957345000068 ], [ 90.502221601000031, 23.70787062200003 ], [ 90.503353466000078, 23.706285834000028 ], [ 90.503183608000086, 23.706105195000077 ], [ 90.501753954000037, 23.705640152000058 ], [ 90.499079757000061, 23.705478106000044 ], [ 90.49915704600005, 23.705138008000063 ], [ 90.499283074000061, 23.705093455000053 ], [ 90.49923037700006, 23.704176033000067 ], [ 90.49805458600008, 23.70411920500004 ], [ 90.498093314000073, 23.703695503000063 ], [ 90.49443795600007, 23.703504955000028 ], [ 90.49464290800006, 23.703879143000051 ], [ 90.494645002000084, 23.704434630000037 ], [ 90.49458495500005, 23.704443854000033 ], [ 90.493324420000079, 23.70438387300004 ], [ 90.492182038000067, 23.704118597000047 ], [ 90.491489558000069, 23.705494600000065 ], [ 90.491229524000062, 23.705390003000048 ], [ 90.491090153000073, 23.705719757000054 ], [ 90.491161835000071, 23.705746103000024 ], [ 90.490947048000066, 23.705819467000026 ], [ 90.490785765000055, 23.705999218000045 ], [ 90.490839945000062, 23.706026489000067 ], [ 90.49077254000008, 23.706210044000045 ], [ 90.49060881500003, 23.706153208000046 ], [ 90.490533397000036, 23.706337261000044 ], [ 90.490387256000076, 23.706302187000063 ], [ 90.490267455000037, 23.706677687000024 ], [ 90.489784056000076, 23.706699186000037 ], [ 90.489614778000032, 23.707633894000026 ], [ 90.489346922000038, 23.707581395000034 ], [ 90.488552673000072, 23.708510711000031 ], [ 90.488466222000056, 23.708818676000078 ], [ 90.48835974900004, 23.708806882000033 ], [ 90.488250923000066, 23.708958206000034 ], [ 90.488058217000059, 23.708951472000024 ], [ 90.487960259000033, 23.709689240000046 ], [ 90.487757800000054, 23.709672497000042 ], [ 90.487236865000057, 23.710633189000077 ], [ 90.487269001000072, 23.710796564000077 ], [ 90.488627428000086, 23.711053528000036 ], [ 90.498246641000037, 23.712441458000058 ], [ 90.498709328000075, 23.712704602000031 ], [ 90.49878403200006, 23.712586109000029 ], [ 90.50519438300006, 23.713568919000068 ], [ 90.506020393000085, 23.713589224000032 ], [ 90.507409869000071, 23.714001583000027 ], [ 90.510187857000062, 23.712653685000078 ] ] ] } },
{ "type": "Feature", "properties": { "matched_key": "U_30262012068", "navigation_parent_key": "A_302620", "admin_type": "city_ward", "admin_label": "City Corporation Ward", "map_level": "ward", "admin_rank": 3, "displayable": 1, "geometry_status": "EXACT/GEOMETRY", "location_label": "Ward No. 68" }, "geometry": { "type": "Polygon", "coordinates": [ [ [ 90.501621110000031, 23.717556564000063 ], [ 90.50308936600004, 23.716382103000058 ], [ 90.507409869000071, 23.714001583000027 ], [ 90.506020393000085, 23.713589224000032 ], [ 90.50519438300006, 23.713568919000068 ], [ 90.49878403200006, 23.712586109000029 ], [ 90.498709328000075, 23.712704602000031 ], [ 90.498246641000037, 23.712441458000058 ], [ 90.493765228000086, 23.711843022000039 ], [ 90.487310867000076, 23.710802140000055 ], [ 90.487100479000048, 23.712743323000041 ], [ 90.487732134000055, 23.714309747000073 ], [ 90.487773502000039, 23.714582108000059 ], [ 90.48759258900003, 23.714664205000076 ], [ 90.48783284700005, 23.716364634000058 ], [ 90.487238151000042, 23.716577805000043 ], [ 90.487371830000086, 23.717232838000029 ], [ 90.486849153000037, 23.717346529000054 ], [ 90.486834093000084, 23.717293414000039 ], [ 90.486854976000075, 23.718468846000064 ], [ 90.486376040000039, 23.718880432000049 ], [ 90.488841947000083, 23.719340914000043 ], [ 90.490545347000079, 23.719834013000025 ], [ 90.493331941000065, 23.720393021000064 ], [ 90.498007071000075, 23.721673247000069 ], [ 90.498827448000043, 23.721778905000065 ], [ 90.499757657000032, 23.721782598000061 ], [ 90.50034134100008, 23.720570751000025 ], [ 90.500438642000063, 23.719716874000028 ], [ 90.500837542000056, 23.718525569000064 ], [ 90.501621110000031, 23.717556564000063 ] ] ] } },
{ "type": "Feature", "properties": { "matched_key": "U_30262012069", "navigation_parent_key": "A_302620", "admin_type": "city_ward", "admin_label": "City Corporation Ward", "map_level": "ward", "admin_rank": 3, "displayable": 1, "geometry_status": "EXACT/GEOMETRY", "location_label": "Ward No. 69" }, "geometry": { "type": "Polygon", "coordinates": [ [ [ 90.499260688000049, 23.72291363000005 ], [ 90.499757657000032, 23.721782598000061 ], [ 90.498827448000043, 23.721778905000065 ], [ 90.498007071000075, 23.721673247000069 ], [ 90.493331941000065, 23.720393021000064 ], [ 90.490483699000038, 23.719816168000023 ], [ 90.490438325000071, 23.72014396000003 ], [ 90.48779905400005, 23.726176396000028 ], [ 90.486839737000082, 23.72857358400006 ], [ 90.485167064000052, 23.73225222800005 ], [ 90.483642283000052, 23.736150558000077 ], [ 90.483025869000073, 23.737117263000073 ], [ 90.481712880000032, 23.738271304000023 ], [ 90.483340570000053, 23.739975899000058 ], [ 90.487484335000033, 23.738359464000041 ], [ 90.492326112000057, 23.737358891000042 ], [ 90.492084401000056, 23.735213885000064 ], [ 90.492363257000079, 23.73419234000005 ], [ 90.492642889000081, 23.733541119000051 ], [ 90.493025083000077, 23.733095056000025 ], [ 90.493669680000039, 23.732962031000056 ], [ 90.494799679000039, 23.732922289000044 ], [ 90.495686968000086, 23.732752349000066 ], [ 90.496291352000071, 23.732526860000064 ], [ 90.497147397000049, 23.732043135000026 ], [ 90.498201125000037, 23.73129909000005 ], [ 90.499630890000049, 23.729953172000023 ], [ 90.500714877000064, 23.728630938000038 ], [ 90.50095495100004, 23.728072410000038 ], [ 90.501072841000052, 23.727311050000026 ], [ 90.50090894300007, 23.726622863000046 ], [ 90.499283399000035, 23.723563885000033 ], [ 90.499260688000049, 23.72291363000005 ] ] ] } },
{ "type": "Feature", "properties": { "matched_key": "U_30262012070", "navigation_parent_key": "A_302620", "admin_type": "city_ward", "admin_label": "City Corporation Ward", "map_level": "ward", "admin_rank": 3, "displayable": 1, "geometry_status": "EXACT/GEOMETRY", "location_label": "Ward No. 70" }, "geometry": { "type": "Polygon", "coordinates": [ [ [ 90.483375640000077, 23.759034867000025 ], [ 90.483615160000056, 23.758291204000045 ], [ 90.484056329000055, 23.757677883000042 ], [ 90.48455978700008, 23.75732404300004 ], [ 90.485566905000042, 23.756837650000023 ], [ 90.486836857000071, 23.75644300600004 ], [ 90.487843746000067, 23.755900145000055 ], [ 90.488528174000066, 23.755396689000065 ], [ 90.488788741000064, 23.755043601000068 ], [ 90.488928611000063, 23.754559929000038 ], [ 90.488907192000056, 23.754243864000046 ], [ 90.488744163000035, 23.753781472000071 ], [ 90.48793145500008, 23.752280154000061 ], [ 90.487566171000083, 23.751852271000075 ], [ 90.486372877000065, 23.751076990000058 ], [ 90.486029009000049, 23.750798068000051 ], [ 90.485866827000052, 23.750559220000071 ], [ 90.485764043000074, 23.750130506000062 ], [ 90.485782838000034, 23.74974205500007 ], [ 90.485881901000084, 23.749333030000059 ], [ 90.486102458000062, 23.748941688000059 ], [ 90.487490165000054, 23.747580202000051 ], [ 90.487891210000043, 23.746910544000059 ], [ 90.489901993000046, 23.745066099000042 ], [ 90.490948496000044, 23.744319864000033 ], [ 90.491815135000081, 23.744019043000037 ], [ 90.492642001000036, 23.743905761000065 ], [ 90.493509356000061, 23.743959448000055 ], [ 90.494457638000085, 23.743843513000058 ], [ 90.494658768000079, 23.743675772000074 ], [ 90.494778666000059, 23.74343377200006 ], [ 90.494369964000043, 23.742062161000035 ], [ 90.493821195000066, 23.740948418000073 ], [ 90.492907541000079, 23.739503897000077 ], [ 90.492561736000084, 23.738705637000066 ], [ 90.492326112000057, 23.737358891000042 ], [ 90.487484335000033, 23.738359464000041 ], [ 90.483340570000053, 23.739975899000058 ], [ 90.481712880000032, 23.738271304000023 ], [ 90.483025869000073, 23.737117263000073 ], [ 90.483642283000052, 23.736150558000077 ], [ 90.485167064000052, 23.73225222800005 ], [ 90.486839737000082, 23.72857358400006 ], [ 90.48779905400005, 23.726176396000028 ], [ 90.490438325000071, 23.72014396000003 ], [ 90.490483699000038, 23.719816168000023 ], [ 90.488841947000083, 23.719340914000043 ], [ 90.48686727900008, 23.718947426000057 ], [ 90.480286746000047, 23.717993316000047 ], [ 90.476513542000077, 23.717725848000043 ], [ 90.476567923000061, 23.718067522000069 ], [ 90.476414425000087, 23.718684574000065 ], [ 90.474249222000083, 23.722878242000036 ], [ 90.474245841000084, 23.725253978000069 ], [ 90.472371809000038, 23.726044256000023 ], [ 90.471692629000074, 23.72627665400006 ], [ 90.470812047000038, 23.726432890000069 ], [ 90.468969911000045, 23.727594633000024 ], [ 90.468299307000052, 23.728515712000046 ], [ 90.468041664000054, 23.728487137000059 ], [ 90.467892542000072, 23.728625334000071 ], [ 90.467876613000044, 23.728801513000064 ], [ 90.467602502000034, 23.728969441000061 ], [ 90.466956887000038, 23.729852051000023 ], [ 90.466984022000076, 23.730411978000063 ], [ 90.466926202000082, 23.730534089000059 ], [ 90.466810243000054, 23.730687991000025 ], [ 90.466212929000051, 23.731017217000044 ], [ 90.466066700000056, 23.731281856000066 ], [ 90.461982430000035, 23.730668617000049 ], [ 90.460438260000046, 23.730347863000077 ], [ 90.460212122000087, 23.731069436000041 ], [ 90.458740656000032, 23.734256167000069 ], [ 90.461784063000039, 23.734334063000063 ], [ 90.464152455000033, 23.734207479000077 ], [ 90.46613390400006, 23.734333671000059 ], [ 90.46936207300007, 23.738633791000041 ], [ 90.472920624000039, 23.739033347000031 ], [ 90.474662407000039, 23.741929441000025 ], [ 90.475976075000062, 23.743397408000078 ], [ 90.471552645000031, 23.747004187000073 ], [ 90.472580791000041, 23.747095857000033 ], [ 90.473215408000044, 23.74757037300003 ], [ 90.474314437000032, 23.749102505000053 ], [ 90.474432189000083, 23.749948929000027 ], [ 90.474327868000046, 23.752810255000043 ], [ 90.47404386900007, 23.753815978000034 ], [ 90.474045218000072, 23.754188555000042 ], [ 90.474449463000042, 23.754715711000074 ], [ 90.474569944000052, 23.756144711000047 ], [ 90.474745750000068, 23.757099344000039 ], [ 90.475216270000033, 23.758042913000054 ], [ 90.475427079000042, 23.758268562000069 ], [ 90.475445540000067, 23.758783986000026 ], [ 90.475939809000067, 23.758857137000064 ], [ 90.476032756000052, 23.75875162400007 ], [ 90.47653663400007, 23.758945464000078 ], [ 90.478955274000043, 23.759520574000078 ], [ 90.480395281000085, 23.759992560000057 ], [ 90.481695368000032, 23.760820523000064 ], [ 90.481727629000034, 23.761006811000073 ], [ 90.48216023100008, 23.76117301000005 ], [ 90.483187717000078, 23.761959678000039 ], [ 90.483381676000079, 23.760669703000076 ], [ 90.483318015000066, 23.759872797000071 ], [ 90.483375640000077, 23.759034867000025 ] ] ] } },
{ "type": "Feature", "properties": { "matched_key": "U_30262016015", "navigation_parent_key": "A_302620", "admin_type": "city_ward", "admin_label": "City Corporation Ward", "map_level": "ward", "admin_rank": 3, "displayable": 1, "geometry_status": "EXACT/GEOMETRY", "location_label": "Ward No. 15" }, "geometry": { "type": "Polygon", "coordinates": [ [ [ 90.374953070000061, 23.756929917000036 ], [ 90.381693454000072, 23.745314825000037 ], [ 90.385319968000033, 23.746026062000055 ], [ 90.383725756000047, 23.741527352000048 ], [ 90.383426346000078, 23.740850662000071 ], [ 90.383086861000038, 23.740519561000042 ], [ 90.383545527000081, 23.738405138000076 ], [ 90.381379606000053, 23.737984592000032 ], [ 90.381084155000053, 23.737864900000034 ], [ 90.379910209000059, 23.737686160000067 ], [ 90.378624855000055, 23.737338373000057 ], [ 90.377381290000073, 23.738438061000068 ], [ 90.377384604000042, 23.738526156000034 ], [ 90.376029514000038, 23.738400852000041 ], [ 90.373769112000048, 23.742577052000058 ], [ 90.372651952000069, 23.741928787000063 ], [ 90.371173228000032, 23.742037862000075 ], [ 90.371170349000067, 23.741846775000056 ], [ 90.370633290000058, 23.741861917000051 ], [ 90.369732902000067, 23.741624902000069 ], [ 90.369716169000071, 23.741690915000049 ], [ 90.369365454000047, 23.741608109000026 ], [ 90.369316954000055, 23.741670958000043 ], [ 90.369037735000063, 23.741623828000058 ], [ 90.36900171700006, 23.741510395000034 ], [ 90.368330382000067, 23.741413162000072 ], [ 90.36797868900004, 23.741745816000048 ], [ 90.367910212000083, 23.741960647000042 ], [ 90.366477789000044, 23.741906115000063 ], [ 90.366474688000039, 23.743051016000038 ], [ 90.366399388000048, 23.743476916000077 ], [ 90.36617338800005, 23.743934316000036 ], [ 90.367092098000057, 23.744235422000031 ], [ 90.366825809000034, 23.744810580000035 ], [ 90.367171252000048, 23.744834983000032 ], [ 90.367254039000045, 23.744641372000046 ], [ 90.36776926400006, 23.744857830000058 ], [ 90.367920068000046, 23.744472207000058 ], [ 90.367947188000073, 23.74394361700007 ], [ 90.368621389000054, 23.74384961800007 ], [ 90.368484061000061, 23.744370238000045 ], [ 90.368856338000057, 23.744579032000047 ], [ 90.369434169000044, 23.744503334000058 ], [ 90.370005843000058, 23.744746546000044 ], [ 90.37052514700008, 23.744857773000035 ], [ 90.370507481000061, 23.74492127700006 ], [ 90.370726373000082, 23.744991025000047 ], [ 90.369359944000053, 23.747125751000056 ], [ 90.369627248000086, 23.747279906000074 ], [ 90.369600737000042, 23.747324040000024 ], [ 90.366647226000055, 23.751776797000048 ], [ 90.367314714000031, 23.752169238000079 ], [ 90.367239084000062, 23.752265515000033 ], [ 90.37139518400005, 23.754701218000037 ], [ 90.374953070000061, 23.756929917000036 ] ] ] } },
{ "type": "Feature", "properties": { "matched_key": "U_30262024040", "navigation_parent_key": "A_302620", "admin_type": "city_ward", "admin_label": "City Corporation Ward", "map_level": "ward", "admin_rank": 3, "displayable": 1, "geometry_status": "EXACT/GEOMETRY", "location_label": "Ward No. 40 (Part)" }, "geometry": { "type": "Polygon", "coordinates": [ [ [ 90.421014289000084, 23.715508172000057 ], [ 90.422802853000064, 23.71572648800003 ], [ 90.423828470000046, 23.715021989000036 ], [ 90.425168023000083, 23.714519516000053 ], [ 90.425143905000084, 23.712975432000064 ], [ 90.425263471000051, 23.709695679000049 ], [ 90.424609005000036, 23.709421851000059 ], [ 90.424180874000058, 23.71013085800007 ], [ 90.423777262000044, 23.709958090000043 ], [ 90.423165330000074, 23.709429015000069 ], [ 90.422849645000042, 23.709728621000068 ], [ 90.422486028000037, 23.709653139000068 ], [ 90.422274858000037, 23.710134137000068 ], [ 90.42060015800007, 23.71008045800005 ], [ 90.420634041000085, 23.710774138000033 ], [ 90.419145151000066, 23.710942761000069 ], [ 90.418385683000054, 23.711489902000039 ], [ 90.418463085000042, 23.712198902000068 ], [ 90.418758685000057, 23.713253801000064 ], [ 90.418801085000041, 23.714197701000046 ], [ 90.419123958000057, 23.714802426000062 ], [ 90.419638714000087, 23.71655349200006 ], [ 90.420006797000042, 23.71719551700005 ], [ 90.420410051000033, 23.716638038000042 ], [ 90.421014289000084, 23.715508172000057 ] ] ] } },
{ "type": "Feature", "properties": { "matched_key": "U_30262024044", "navigation_parent_key": "A_302620", "admin_type": "city_ward", "admin_label": "City Corporation Ward", "map_level": "ward", "admin_rank": 3, "displayable": 1, "geometry_status": "EXACT/GEOMETRY", "location_label": "Ward No. 44 (Part)" }, "geometry": { "type": "Polygon", "coordinates": [ [ [ 90.42060015800007, 23.71008045800005 ], [ 90.422274858000037, 23.710134137000068 ], [ 90.422486028000037, 23.709653139000068 ], [ 90.422849645000042, 23.709728621000068 ], [ 90.423165330000074, 23.709429015000069 ], [ 90.42255956300005, 23.709135391000075 ], [ 90.42026896200008, 23.708425691000059 ], [ 90.420122761000073, 23.708483392000062 ], [ 90.419882761000054, 23.708836990000066 ], [ 90.419394561000047, 23.709151392000024 ], [ 90.419025063000049, 23.709522590000063 ], [ 90.418948887000056, 23.709258378000072 ], [ 90.418631219000076, 23.709313764000058 ], [ 90.418576927000061, 23.709217361000071 ], [ 90.418360064000069, 23.709246118000067 ], [ 90.418550812000035, 23.70960608300004 ], [ 90.417818669000042, 23.709986430000072 ], [ 90.418505784000047, 23.711352200000078 ], [ 90.419145151000066, 23.710942761000069 ], [ 90.420634041000085, 23.710774138000033 ], [ 90.42060015800007, 23.71008045800005 ] ] ] } },
{ "type": "Feature", "properties": { "matched_key": "U_30262024045", "navigation_parent_key": "A_302620", "admin_type": "city_ward", "admin_label": "City Corporation Ward", "map_level": "ward", "admin_rank": 3, "displayable": 1, "geometry_status": "EXACT/GEOMETRY", "location_label": "Ward No. 45" }, "geometry": { "type": "Polygon", "coordinates": [ [ [ 90.424612336000052, 23.709424505000072 ], [ 90.425263471000051, 23.709695679000049 ], [ 90.425440152000078, 23.708291704000032 ], [ 90.425785798000049, 23.707303956000032 ], [ 90.426279270000066, 23.706338382000069 ], [ 90.426942405000034, 23.705324920000066 ], [ 90.428330322000079, 23.702897323000059 ], [ 90.427801817000045, 23.702677372000039 ], [ 90.427803747000041, 23.702473035000025 ], [ 90.427499431000058, 23.702469693000069 ], [ 90.427500430000066, 23.702577831000042 ], [ 90.427167548000057, 23.702569788000062 ], [ 90.427163922000034, 23.702651651000053 ], [ 90.427000406000047, 23.702649712000039 ], [ 90.427000688000078, 23.702536791000057 ], [ 90.426745034000078, 23.70253331300006 ], [ 90.426613853000049, 23.703151833000049 ], [ 90.426296223000065, 23.703136424000036 ], [ 90.426292873000079, 23.703078209000068 ], [ 90.425554374000058, 23.703100434000078 ], [ 90.425521291000052, 23.702639245000057 ], [ 90.425154060000068, 23.702658762000056 ], [ 90.42516351900008, 23.702263569000024 ], [ 90.424699179000072, 23.70226598000005 ], [ 90.424692480000033, 23.701982580000049 ], [ 90.423857530000078, 23.702001375000066 ], [ 90.423867203000043, 23.702689877000068 ], [ 90.423082558000033, 23.702693972000077 ], [ 90.423062423000033, 23.702500135000037 ], [ 90.422531607000053, 23.70250162800005 ], [ 90.422534863000067, 23.70258078300003 ], [ 90.422205213000041, 23.70260410000003 ], [ 90.422182914000075, 23.702786400000036 ], [ 90.421856114000036, 23.702800998000043 ], [ 90.421252114000083, 23.702782500000069 ], [ 90.421220697000081, 23.702100973000029 ], [ 90.420446226000081, 23.702149801000076 ], [ 90.420459594000079, 23.702069184000038 ], [ 90.420060694000085, 23.702212883000072 ], [ 90.419249394000076, 23.70222145300005 ], [ 90.419265704000054, 23.702443027000072 ], [ 90.419365337000045, 23.702443724000034 ], [ 90.419156286000032, 23.704375617000039 ], [ 90.419216593000044, 23.704974634000052 ], [ 90.419926392000036, 23.706475935000071 ], [ 90.420218167000087, 23.70843228800004 ], [ 90.422874763000038, 23.709264290000078 ], [ 90.423777262000044, 23.709958090000043 ], [ 90.424153863000072, 23.71012679100005 ], [ 90.424612336000052, 23.709424505000072 ] ] ] } },
{ "type": "Feature", "properties": { "matched_key": "U_30262024046", "navigation_parent_key": "A_302620", "admin_type": "city_ward", "admin_label": "City Corporation Ward", "map_level": "ward", "admin_rank": 3, "displayable": 1, "geometry_status": "EXACT/GEOMETRY", "location_label": "Ward No. 46" }, "geometry": { "type": "Polygon", "coordinates": [ [ [ 90.426613997000061, 23.703145920000054 ], [ 90.426745034000078, 23.70253331300006 ], [ 90.427000688000078, 23.702536791000057 ], [ 90.427000406000047, 23.702649712000039 ], [ 90.427163922000034, 23.702651651000053 ], [ 90.427167548000057, 23.702569788000062 ], [ 90.427500430000066, 23.702577831000042 ], [ 90.427499431000058, 23.702469693000069 ], [ 90.427803747000041, 23.702473035000025 ], [ 90.427801817000045, 23.702677372000039 ], [ 90.428330322000079, 23.702897323000059 ], [ 90.429094196000051, 23.701532108000038 ], [ 90.429053206000049, 23.701338890000045 ], [ 90.428840358000059, 23.701298478000069 ], [ 90.428776699000082, 23.701407202000041 ], [ 90.426546808000069, 23.701368221000052 ], [ 90.42659567000004, 23.700982527000065 ], [ 90.426855247000049, 23.70099547500007 ], [ 90.426968207000073, 23.700563868000074 ], [ 90.426493045000086, 23.700529103000065 ], [ 90.426549782000052, 23.700337746000059 ], [ 90.425841848000061, 23.700335660000064 ], [ 90.425817364000068, 23.700219196000035 ], [ 90.426258563000033, 23.700020496000036 ], [ 90.426321063000046, 23.699210795000056 ], [ 90.42581176300007, 23.699237397000047 ], [ 90.425765664000039, 23.700001395000072 ], [ 90.425489563000042, 23.700011596000024 ], [ 90.42545668200006, 23.699473804000036 ], [ 90.424819453000055, 23.699383211000054 ], [ 90.42475326400006, 23.699552796000035 ], [ 90.424474211000074, 23.699517252000078 ], [ 90.424364495000077, 23.699955472000056 ], [ 90.423514369000031, 23.699797702000069 ], [ 90.423221643000034, 23.699811268000076 ], [ 90.423186815000065, 23.699385010000071 ], [ 90.423343948000081, 23.69901485500003 ], [ 90.423535615000048, 23.697991677000061 ], [ 90.422755297000037, 23.697726217000024 ], [ 90.422647701000074, 23.697834514000078 ], [ 90.42213405800004, 23.697728252000047 ], [ 90.421650363000083, 23.697198196000045 ], [ 90.420287029000065, 23.696262744000023 ], [ 90.419262487000083, 23.697331853000037 ], [ 90.419057396000085, 23.697804355000073 ], [ 90.417499295000084, 23.699432152000043 ], [ 90.417500648000043, 23.699858934000076 ], [ 90.417363628000032, 23.69995414400006 ], [ 90.417791247000082, 23.701016563000053 ], [ 90.418776559000037, 23.701436169000033 ], [ 90.419017441000051, 23.701611650000075 ], [ 90.419196572000033, 23.701839235000023 ], [ 90.419249394000076, 23.70222145300005 ], [ 90.420060694000085, 23.702212883000072 ], [ 90.420459594000079, 23.702069184000038 ], [ 90.420446226000081, 23.702149801000076 ], [ 90.421220697000081, 23.702100973000029 ], [ 90.421252114000083, 23.702782500000069 ], [ 90.421856114000036, 23.702800998000043 ], [ 90.422182914000075, 23.702786400000036 ], [ 90.422205213000041, 23.70260410000003 ], [ 90.422534863000067, 23.70258078300003 ], [ 90.422531607000053, 23.70250162800005 ], [ 90.423062423000033, 23.702500135000037 ], [ 90.423082558000033, 23.702693972000077 ], [ 90.423867203000043, 23.702689877000068 ], [ 90.423857530000078, 23.702001375000066 ], [ 90.424692480000033, 23.701982580000049 ], [ 90.424699179000072, 23.70226598000005 ], [ 90.42516351900008, 23.702263569000024 ], [ 90.425154060000068, 23.702658762000056 ], [ 90.425521291000052, 23.702639245000057 ], [ 90.425554374000058, 23.703100434000078 ], [ 90.426292873000079, 23.703078209000068 ], [ 90.426296223000065, 23.703136424000036 ], [ 90.426613997000061, 23.703145920000054 ] ] ] } },
{ "type": "Feature", "properties": { "matched_key": "U_30262028014", "navigation_parent_key": "A_302620", "admin_type": "city_ward", "admin_label": "City Corporation Ward", "map_level": "ward", "admin_rank": 3, "displayable": 1, "geometry_status": "EXACT/GEOMETRY", "location_label": "Ward No. 14" }, "geometry": { "type": "MultiPolygon", "coordinates": [ [ [ [ 90.366321589000052, 23.743645516000072 ], [ 90.366486288000033, 23.742967216000068 ], [ 90.366477789000044, 23.741906115000063 ], [ 90.367910212000083, 23.741960647000042 ], [ 90.36797868900004, 23.741745816000048 ], [ 90.368330382000067, 23.741413162000072 ], [ 90.36900171700006, 23.741510395000034 ], [ 90.369037735000063, 23.741623828000058 ], [ 90.369316954000055, 23.741670958000043 ], [ 90.369365454000047, 23.741608109000026 ], [ 90.369716169000071, 23.741690915000049 ], [ 90.369732902000067, 23.741624902000069 ], [ 90.370633290000058, 23.741861917000051 ], [ 90.371170349000067, 23.741846775000056 ], [ 90.371173228000032, 23.742037862000075 ], [ 90.372651952000069, 23.741928787000063 ], [ 90.373769112000048, 23.742577052000058 ], [ 90.375968214000068, 23.738461852000057 ], [ 90.376187414000071, 23.738367653000068 ], [ 90.377384604000042, 23.738526156000034 ], [ 90.377381290000073, 23.738438061000068 ], [ 90.376459670000031, 23.738289252000072 ], [ 90.371303497000042, 23.736946612000054 ], [ 90.370428996000044, 23.736503862000063 ], [ 90.370287744000052, 23.736093825000069 ], [ 90.370161128000063, 23.735268259000065 ], [ 90.370358064000072, 23.733303319000072 ], [ 90.37064655000006, 23.73205992100003 ], [ 90.370582469000055, 23.732018974000027 ], [ 90.368737769000063, 23.732389098000056 ], [ 90.366843394000057, 23.732570518000045 ], [ 90.365840995000042, 23.732121416000041 ], [ 90.365242994000084, 23.731980417000045 ], [ 90.364575835000039, 23.732714582000028 ], [ 90.364326267000081, 23.732569915000056 ], [ 90.364229325000053, 23.73271640300004 ], [ 90.363889491000066, 23.732587738000063 ], [ 90.363508363000051, 23.733061645000078 ], [ 90.362701817000072, 23.732500472000027 ], [ 90.362156352000056, 23.734214568000027 ], [ 90.361078434000035, 23.738546253000038 ], [ 90.356324291000078, 23.737894251000057 ], [ 90.356203191000077, 23.738057552000043 ], [ 90.355615090000072, 23.737995351000052 ], [ 90.355408890000035, 23.73846515200006 ], [ 90.355052089000083, 23.738855552000075 ], [ 90.354534490000049, 23.739228751000041 ], [ 90.354013411000039, 23.739397589000077 ], [ 90.352623797000035, 23.73889206900003 ], [ 90.351830217000042, 23.739941255000076 ], [ 90.351865560000078, 23.740313766000043 ], [ 90.351719508000031, 23.740768052000078 ], [ 90.352414389000046, 23.741123951000077 ], [ 90.355283590000056, 23.741416352000044 ], [ 90.355866785000046, 23.741677864000053 ], [ 90.357050990000062, 23.741807851000033 ], [ 90.360153284000035, 23.742474547000029 ], [ 90.359720404000086, 23.743872725000074 ], [ 90.361572194000075, 23.743884 ], [ 90.361681588000067, 23.743419114000062 ], [ 90.361842146000072, 23.743392904000075 ], [ 90.362038134000045, 23.743523413000048 ], [ 90.362026281000055, 23.74361207000004 ], [ 90.362565948000054, 23.743691684000055 ], [ 90.362563970000053, 23.743550700000071 ], [ 90.362666526000055, 23.743554115000052 ], [ 90.362686220000057, 23.74377873800006 ], [ 90.363370544000077, 23.743779178000068 ], [ 90.363365888000033, 23.743608216000041 ], [ 90.363996888000031, 23.743540615000029 ], [ 90.363908387000038, 23.744081215000051 ], [ 90.364274560000069, 23.74408889800003 ], [ 90.364283589000081, 23.74442751600003 ], [ 90.36459228800004, 23.74445881500003 ], [ 90.364564162000079, 23.744565169000055 ], [ 90.36519118700005, 23.744659515000023 ], [ 90.365777489000038, 23.744861116000038 ], [ 90.366321589000052, 23.743645516000072 ] ] ], [ [ [ 90.368867011000077, 23.74718596200006 ], [ 90.369359944000053, 23.747125751000056 ], [ 90.370726373000082, 23.744991025000047 ], [ 90.370507481000061, 23.74492127700006 ], [ 90.37052514700008, 23.744857773000035 ], [ 90.370005843000058, 23.744746546000044 ], [ 90.369434169000044, 23.744503334000058 ], [ 90.368856338000057, 23.744579032000047 ], [ 90.368484061000061, 23.744370238000045 ], [ 90.368621389000054, 23.74384961800007 ], [ 90.368244989000061, 23.743873117000078 ], [ 90.367947188000073, 23.74394361700007 ], [ 90.367920068000046, 23.744472207000058 ], [ 90.36776926400006, 23.744857830000058 ], [ 90.367254039000045, 23.744641372000046 ], [ 90.367171252000048, 23.744834983000032 ], [ 90.366825809000034, 23.744810580000035 ], [ 90.366744034000078, 23.745205532000057 ], [ 90.367536835000067, 23.745482839000033 ], [ 90.368317895000075, 23.746196222000037 ], [ 90.368445663000045, 23.746568 ], [ 90.368270234000079, 23.74711327600005 ], [ 90.368380434000073, 23.747143675000075 ], [ 90.368355135000058, 23.747312777000047 ], [ 90.368814235000059, 23.747334075000026 ], [ 90.368867011000077, 23.74718596200006 ] ] ] ] } },
{ "type": "Feature", "properties": { "matched_key": "U_30262028022", "navigation_parent_key": "A_302620", "admin_type": "city_ward", "admin_label": "City Corporation Ward", "map_level": "ward", "admin_rank": 3, "displayable": 1, "geometry_status": "EXACT/GEOMETRY", "location_label": "Ward No. 22" }, "geometry": { "type": "Polygon", "coordinates": [ [ [ 90.363661691000061, 23.732820091000065 ], [ 90.363724015000059, 23.73282830900007 ], [ 90.363889491000066, 23.732587738000063 ], [ 90.364229325000053, 23.73271640300004 ], [ 90.364326267000081, 23.732569915000056 ], [ 90.364575835000039, 23.732714582000028 ], [ 90.365242994000084, 23.731980417000045 ], [ 90.365840995000042, 23.732121416000041 ], [ 90.366843394000057, 23.732570518000045 ], [ 90.367181194000068, 23.732505717000038 ], [ 90.367531493000058, 23.732544917000041 ], [ 90.369716838000045, 23.732206573000042 ], [ 90.371599094000032, 23.731738218000032 ], [ 90.375465596000083, 23.729664220000075 ], [ 90.375831897000069, 23.728743819000044 ], [ 90.376063896000062, 23.728558421000059 ], [ 90.376345398000069, 23.728140621000023 ], [ 90.376802596000061, 23.727289721000034 ], [ 90.376948798000058, 23.726788021000061 ], [ 90.376991912000051, 23.726071200000035 ], [ 90.376354555000034, 23.725841574000071 ], [ 90.376043656000036, 23.724972076000029 ], [ 90.374401635000083, 23.722625103000041 ], [ 90.374098047000075, 23.722862814000052 ], [ 90.373058720000074, 23.723386973000061 ], [ 90.37020433400005, 23.724655681000058 ], [ 90.369870104000086, 23.724878740000065 ], [ 90.368395396000039, 23.726348691000055 ], [ 90.367284295000047, 23.727293823000025 ], [ 90.365361422000035, 23.729199784000059 ], [ 90.363149932000056, 23.73177664800005 ], [ 90.362701817000072, 23.732500472000027 ], [ 90.363508363000051, 23.733061645000078 ], [ 90.363661691000061, 23.732820091000065 ] ] ] } },
{ "type": "Feature", "properties": { "matched_key": "U_30262029040", "navigation_parent_key": "A_302620", "admin_type": "city_ward", "admin_label": "City Corporation Ward", "map_level": "ward", "admin_rank": 3, "displayable": 1, "geometry_status": "EXACT/GEOMETRY", "location_label": "Ward No. 40 (Part)" }, "geometry": { "type": "Polygon", "coordinates": [ [ [ 90.426589450000051, 23.711793133000072 ], [ 90.426939226000059, 23.710488862000034 ], [ 90.425890955000057, 23.709911988000044 ], [ 90.425293028000056, 23.710057099000039 ], [ 90.425143905000084, 23.712975432000064 ], [ 90.425181083000041, 23.714658389000078 ], [ 90.426584145000049, 23.713931581000054 ], [ 90.426559956000062, 23.713848097000039 ], [ 90.426660768000033, 23.713773614000047 ], [ 90.426478055000075, 23.713105190000078 ], [ 90.426589450000051, 23.711793133000072 ] ] ] } },
{ "type": "Feature", "properties": { "matched_key": "U_30262029048", "navigation_parent_key": "A_302620", "admin_type": "city_ward", "admin_label": "City Corporation Ward", "map_level": "ward", "admin_rank": 3, "displayable": 1, "geometry_status": "EXACT/GEOMETRY", "location_label": "Ward No. 48" }, "geometry": { "type": "Polygon", "coordinates": [ [ [ 90.428866280000079, 23.717302780000068 ], [ 90.429267334000031, 23.717371118000074 ], [ 90.429361501000074, 23.716402964000054 ], [ 90.429179805000047, 23.715261097000052 ], [ 90.428950001000032, 23.714517509000075 ], [ 90.429824456000063, 23.71451350600006 ], [ 90.429824179000036, 23.714426278000076 ], [ 90.430192939000051, 23.714403314000037 ], [ 90.430204070000059, 23.714235995000024 ], [ 90.431017553000061, 23.713889932000029 ], [ 90.431097094000052, 23.714190605000056 ], [ 90.431309588000033, 23.714212316000044 ], [ 90.431749294000042, 23.714531329000067 ], [ 90.43215125100005, 23.714641260000064 ], [ 90.43351245100007, 23.714529561000063 ], [ 90.435197851000055, 23.714180459000033 ], [ 90.435404050000045, 23.714208659000064 ], [ 90.437259141000084, 23.714981343000034 ], [ 90.439202410000064, 23.715680655000028 ], [ 90.440388241000051, 23.715769452000075 ], [ 90.440387548000047, 23.714981 ], [ 90.440543134000052, 23.714014551000048 ], [ 90.441235439000081, 23.712065245000076 ], [ 90.441441615000031, 23.710460042000022 ], [ 90.440068278000069, 23.710778205000054 ], [ 90.438621603000058, 23.710984963000044 ], [ 90.437237316000051, 23.711020495000071 ], [ 90.43640761100005, 23.710861 ], [ 90.434383075000085, 23.71013462600007 ], [ 90.430660464000084, 23.711168858000065 ], [ 90.429473090000045, 23.711853040000051 ], [ 90.428444408000075, 23.710884964000059 ], [ 90.426939226000059, 23.710488862000034 ], [ 90.426523596000038, 23.712129152000045 ], [ 90.426478055000075, 23.713105190000078 ], [ 90.426660768000033, 23.713773614000047 ], [ 90.426531545000046, 23.713972374000036 ], [ 90.425181083000041, 23.714658389000078 ], [ 90.426157001000036, 23.716725064000059 ], [ 90.426371998000036, 23.716685208000058 ], [ 90.426217088000044, 23.716296750000026 ], [ 90.426319569000043, 23.716282128000046 ], [ 90.426317941000036, 23.716180563000023 ], [ 90.42659091400003, 23.716168264000032 ], [ 90.426700560000086, 23.716428504000078 ], [ 90.426874561000034, 23.71649790400005 ], [ 90.426859557000057, 23.716672882000069 ], [ 90.427760689000081, 23.716696570000067 ], [ 90.427439443000083, 23.717995682000037 ], [ 90.427975626000034, 23.717793405000066 ], [ 90.42835068100004, 23.717395132000036 ], [ 90.428866280000079, 23.717302780000068 ] ] ] } },
{ "type": "Feature", "properties": { "matched_key": "U_30262029049", "navigation_parent_key": "A_302620", "admin_type": "city_ward", "admin_label": "City Corporation Ward", "map_level": "ward", "admin_rank": 3, "displayable": 1, "geometry_status": "EXACT/GEOMETRY", "location_label": "Ward No. 49" }, "geometry": { "type": "Polygon", "coordinates": [ [ [ 90.442427380000083, 23.722492743000032 ], [ 90.44268456900005, 23.722236891000023 ], [ 90.442818808000084, 23.722285561000035 ], [ 90.443586838000044, 23.721752902000048 ], [ 90.444171434000054, 23.721206248000044 ], [ 90.444261353000059, 23.720931156000063 ], [ 90.444234748000042, 23.720740044000024 ], [ 90.444130150000035, 23.720513309000069 ], [ 90.443863323000073, 23.720287038000038 ], [ 90.441856031000043, 23.718973353000024 ], [ 90.44136566800006, 23.718573488000061 ], [ 90.440922519000083, 23.718013134000046 ], [ 90.440465126000049, 23.716963346000057 ], [ 90.440385549000041, 23.716539700000055 ], [ 90.440388241000051, 23.715769452000075 ], [ 90.439202410000064, 23.715680655000028 ], [ 90.437259141000084, 23.714981343000034 ], [ 90.435404050000045, 23.714208659000064 ], [ 90.435197851000055, 23.714180459000033 ], [ 90.43351245100007, 23.714529561000063 ], [ 90.43215125100005, 23.714641260000064 ], [ 90.431749294000042, 23.714531329000067 ], [ 90.431309588000033, 23.714212316000044 ], [ 90.431097094000052, 23.714190605000056 ], [ 90.431017553000061, 23.713889932000029 ], [ 90.430204070000059, 23.714235995000024 ], [ 90.430192939000051, 23.714403314000037 ], [ 90.429824179000036, 23.714426278000076 ], [ 90.429824456000063, 23.71451350600006 ], [ 90.428950001000032, 23.714517509000075 ], [ 90.429179805000047, 23.715261097000052 ], [ 90.429361501000074, 23.716402964000054 ], [ 90.429267334000031, 23.717371118000074 ], [ 90.428805143000034, 23.717303537000078 ], [ 90.42835068100004, 23.717395132000036 ], [ 90.428018275000056, 23.71775804400005 ], [ 90.427815827000074, 23.717852023000034 ], [ 90.427767665000033, 23.718554790000042 ], [ 90.427048092000064, 23.718518138000036 ], [ 90.427262519000067, 23.719142605000059 ], [ 90.427338300000031, 23.719968452000046 ], [ 90.428165934000049, 23.719964938000032 ], [ 90.428202824000039, 23.720033842000078 ], [ 90.428407354000058, 23.720020108000028 ], [ 90.428429068000071, 23.719908159000056 ], [ 90.428992111000071, 23.719952381000041 ], [ 90.429060952000043, 23.719244673000048 ], [ 90.429546150000078, 23.719444553000073 ], [ 90.42959086500008, 23.719359539000038 ], [ 90.429801651000048, 23.719417109000062 ], [ 90.429818117000082, 23.719491149000078 ], [ 90.430572176000055, 23.719468469000049 ], [ 90.431270037000047, 23.719567558000051 ], [ 90.43126735900006, 23.720806780000032 ], [ 90.431558142000085, 23.721386692000067 ], [ 90.431629833000045, 23.721717248000061 ], [ 90.431787692000057, 23.721728279000047 ], [ 90.431769811000038, 23.722248539000077 ], [ 90.43187535900006, 23.722419779000063 ], [ 90.43265258200006, 23.722592171000031 ], [ 90.434448119000081, 23.722692843000061 ], [ 90.434826776000079, 23.722629744000074 ], [ 90.435399154000038, 23.722301098000059 ], [ 90.43549037400004, 23.722598237000057 ], [ 90.43624929300006, 23.722729328000071 ], [ 90.436595375000081, 23.722860445000038 ], [ 90.436679513000058, 23.723044076000065 ], [ 90.437242448000063, 23.722824285000058 ], [ 90.438938422000035, 23.722941728000023 ], [ 90.439060424000047, 23.722002137000061 ], [ 90.439215706000084, 23.721868002000065 ], [ 90.441373021000061, 23.722029079000038 ], [ 90.44149802700008, 23.722150604000035 ], [ 90.441281091000064, 23.723712811000041 ], [ 90.442848065000078, 23.723598013000071 ], [ 90.442434023000033, 23.722644016000061 ], [ 90.442427380000083, 23.722492743000032 ] ] ] } },
{ "type": "Feature", "properties": { "matched_key": "U_30262029050", "navigation_parent_key": "A_302620", "admin_type": "city_ward", "admin_label": "City Corporation Ward", "map_level": "ward", "admin_rank": 3, "displayable": 1, "geometry_status": "EXACT/GEOMETRY", "location_label": "Ward No. 50" }, "geometry": { "type": "Polygon", "coordinates": [ [ [ 90.430660464000084, 23.711168858000065 ], [ 90.434383075000085, 23.71013462600007 ], [ 90.43640761100005, 23.710861 ], [ 90.437237316000051, 23.711020495000071 ], [ 90.438621603000058, 23.710984963000044 ], [ 90.440068278000069, 23.710778205000054 ], [ 90.441367743000058, 23.71047377900004 ], [ 90.441080377000048, 23.709490663000054 ], [ 90.440738714000076, 23.708903090000035 ], [ 90.439689600000065, 23.708031040000037 ], [ 90.439399311000045, 23.707859197000062 ], [ 90.439283174000082, 23.707911816000035 ], [ 90.43875504500005, 23.707437090000042 ], [ 90.43844880100005, 23.706977304000077 ], [ 90.438342503000058, 23.706173715000034 ], [ 90.438968099000078, 23.704047057000025 ], [ 90.438989656000047, 23.703710538000053 ], [ 90.438827119000052, 23.70332260400005 ], [ 90.438632126000073, 23.703128958000036 ], [ 90.437826131000065, 23.702636713000061 ], [ 90.436662801000068, 23.702353218000042 ], [ 90.436033881000071, 23.702348703000041 ], [ 90.435340755000084, 23.702624350000065 ], [ 90.435291154000083, 23.703045029000066 ], [ 90.433499814000072, 23.703577460000076 ], [ 90.433194013000048, 23.704012060000025 ], [ 90.433236095000041, 23.704705469000032 ], [ 90.433190998000043, 23.704881490000048 ], [ 90.432970112000078, 23.705135760000076 ], [ 90.43122941200005, 23.705970759000024 ], [ 90.430313010000077, 23.706682460000025 ], [ 90.429483210000058, 23.707764661000056 ], [ 90.428455109000083, 23.708326860000057 ], [ 90.427320008000038, 23.709150960000045 ], [ 90.425890955000057, 23.709911988000044 ], [ 90.42696840800005, 23.710501762000035 ], [ 90.428444408000075, 23.710884964000059 ], [ 90.429473090000045, 23.711853040000051 ], [ 90.430660464000084, 23.711168858000065 ] ] ] } },
{ "type": "Feature", "properties": { "matched_key": "U_30262029061", "navigation_parent_key": "A_302620", "admin_type": "city_ward", "admin_label": "City Corporation Ward", "map_level": "ward", "admin_rank": 3, "displayable": 1, "geometry_status": "EXACT/GEOMETRY", "location_label": "Ward No. 61 (Part)" }, "geometry": { "type": "Polygon", "coordinates": [ [ [ 90.443452289000049, 23.705916395000031 ], [ 90.449532832000045, 23.703057474000047 ], [ 90.448011358000031, 23.701787699000079 ], [ 90.447037760000057, 23.701126599000077 ], [ 90.446919659000059, 23.701505399000041 ], [ 90.44666845900008, 23.701854299000047 ], [ 90.44591556000006, 23.701824 ], [ 90.444727959000033, 23.701971998000033 ], [ 90.443741059000047, 23.701856197000041 ], [ 90.442353457000081, 23.702406597000049 ], [ 90.44112122000007, 23.702767360000053 ], [ 90.437777703000052, 23.702509296000073 ], [ 90.437759891000042, 23.702619397000035 ], [ 90.438632126000073, 23.703128958000036 ], [ 90.438827119000052, 23.70332260400005 ], [ 90.438989656000047, 23.703710538000053 ], [ 90.438968099000078, 23.704047057000025 ], [ 90.438342503000058, 23.706173715000034 ], [ 90.438344727000072, 23.706471781000062 ], [ 90.438532142000042, 23.707148682000025 ], [ 90.439283174000082, 23.707911816000035 ], [ 90.44127357900004, 23.707089925000048 ], [ 90.44339657200004, 23.706017466000048 ], [ 90.443452289000049, 23.705916395000031 ] ] ] } },
{ "type": "Feature", "properties": { "matched_key": "U_30262029062", "navigation_parent_key": "A_302620", "admin_type": "city_ward", "admin_label": "City Corporation Ward", "map_level": "ward", "admin_rank": 3, "displayable": 1, "geometry_status": "EXACT/GEOMETRY", "location_label": "Ward No. 62" }, "geometry": { "type": "MultiPolygon", "coordinates": [ [ [ [ 90.441367743000058, 23.71047377900004 ], [ 90.442207431000043, 23.710360552000054 ], [ 90.443746953000073, 23.710362919000033 ], [ 90.443807198000059, 23.710170831000028 ], [ 90.443981661000066, 23.710184112000036 ], [ 90.444090637000045, 23.709620078000057 ], [ 90.444805478000035, 23.709727607000048 ], [ 90.44490845200005, 23.709245533000058 ], [ 90.445840511000085, 23.709332504000031 ], [ 90.445817687000044, 23.709490299000038 ], [ 90.445880679000084, 23.709521565000045 ], [ 90.446173954000074, 23.709614739000074 ], [ 90.446199403000037, 23.709542254000041 ], [ 90.446351375000063, 23.709581965000041 ], [ 90.447069484000053, 23.709866675000058 ], [ 90.447336159000031, 23.709907383000029 ], [ 90.447533854000085, 23.709570872000029 ], [ 90.448171754000043, 23.709858072000031 ], [ 90.448402882000039, 23.709398873000055 ], [ 90.448605497000074, 23.709528746000046 ], [ 90.44862671900006, 23.70947276000004 ], [ 90.448747949000051, 23.709516862000044 ], [ 90.44879278500008, 23.709416045000069 ], [ 90.448939091000057, 23.709467859000029 ], [ 90.449175733000061, 23.709031261000064 ], [ 90.449214892000043, 23.708680604000051 ], [ 90.450328254000055, 23.708411373000047 ], [ 90.450288266000086, 23.708179112000039 ], [ 90.450356590000069, 23.708140974000059 ], [ 90.450863355000081, 23.708068973000024 ], [ 90.451265222000075, 23.708102893000046 ], [ 90.451364348000084, 23.70778927200007 ], [ 90.451808852000056, 23.707840293000061 ], [ 90.451713845000086, 23.70756450500005 ], [ 90.451959401000067, 23.707576943000049 ], [ 90.452065645000062, 23.70772872200007 ], [ 90.452823, 23.707794343000046 ], [ 90.453580047000059, 23.707972268000049 ], [ 90.453543130000071, 23.708064605000061 ], [ 90.454267602000073, 23.708261243000038 ], [ 90.454653581000059, 23.707286353000029 ], [ 90.455973872000072, 23.707606342000076 ], [ 90.456164802000046, 23.707069244000024 ], [ 90.456964081000081, 23.707080697000038 ], [ 90.456937712000069, 23.706814531000077 ], [ 90.457334136000043, 23.705201607000049 ], [ 90.45759513400003, 23.705131608000045 ], [ 90.457703436000031, 23.704940606000036 ], [ 90.457563241000059, 23.703811814000062 ], [ 90.456959740000059, 23.703787313000078 ], [ 90.456592927000031, 23.703638483000077 ], [ 90.456664613000044, 23.703174775000036 ], [ 90.456136294000032, 23.703122559000064 ], [ 90.456094651000058, 23.703436314000044 ], [ 90.454653628000074, 23.703305106000073 ], [ 90.453435830000046, 23.703022705000024 ], [ 90.45351633000007, 23.702556104000053 ], [ 90.453707158000043, 23.702180879000025 ], [ 90.45381104900008, 23.701522429000079 ], [ 90.453710450000074, 23.701072952000061 ], [ 90.443452289000049, 23.705916395000031 ], [ 90.44339657200004, 23.706017466000048 ], [ 90.44127357900004, 23.707089925000048 ], [ 90.439399311000045, 23.707859197000062 ], [ 90.44079847900008, 23.708975463000058 ], [ 90.441080377000048, 23.709490663000054 ], [ 90.441367743000058, 23.71047377900004 ] ] ], [ [ [ 90.45825245900005, 23.702106385000036 ], [ 90.458587149000039, 23.700631274000045 ], [ 90.458946139000034, 23.700649841000029 ], [ 90.459139780000044, 23.700189718000047 ], [ 90.459065834000057, 23.700156359000061 ], [ 90.459247288000086, 23.699669118000031 ], [ 90.458915775000037, 23.699596703000054 ], [ 90.459107016000075, 23.698915207000027 ], [ 90.458968363000054, 23.698652472000049 ], [ 90.456669464000072, 23.699747976000026 ], [ 90.45682240800005, 23.700145032000023 ], [ 90.456617631000086, 23.701524014000029 ], [ 90.456657373000041, 23.70182378100003 ], [ 90.457304363000048, 23.701877872000068 ], [ 90.45825245900005, 23.702106385000036 ] ] ] ] } },
{ "type": "Feature", "properties": { "matched_key": "U_30262029063", "navigation_parent_key": "A_302620", "admin_type": "city_ward", "admin_label": "City Corporation Ward", "map_level": "ward", "admin_rank": 3, "displayable": 1, "geometry_status": "EXACT/GEOMETRY", "location_label": "Ward No. 63" }, "geometry": { "type": "Polygon", "coordinates": [ [ [ 90.444469062000053, 23.724616284000035 ], [ 90.444751068000073, 23.724599668000053 ], [ 90.445289016000061, 23.724837480000076 ], [ 90.445399847000033, 23.724791998000057 ], [ 90.445579601000077, 23.724278889000061 ], [ 90.445768266000073, 23.724041245000024 ], [ 90.446121018000042, 23.72373312600007 ], [ 90.446385887000076, 23.723366548000058 ], [ 90.446823763000054, 23.72306081000005 ], [ 90.450171819000047, 23.723310404000074 ], [ 90.452500020000059, 23.723614904000044 ], [ 90.457493746000068, 23.724616200000071 ], [ 90.458032594000031, 23.723066042000028 ], [ 90.460047017000079, 23.718132809000053 ], [ 90.460892257000069, 23.718309816000044 ], [ 90.46157273700004, 23.715950802000066 ], [ 90.46173546600005, 23.71598993300006 ], [ 90.462398500000063, 23.713003047000029 ], [ 90.462467316000073, 23.712246569000058 ], [ 90.462665190000052, 23.712233065000078 ], [ 90.462905189000082, 23.710862924000025 ], [ 90.463140707000036, 23.710920567000073 ], [ 90.463383250000049, 23.709961656000075 ], [ 90.46309401700006, 23.709888207000063 ], [ 90.462355117000072, 23.709462106000046 ], [ 90.459201300000075, 23.708900045000064 ], [ 90.458004801000072, 23.708491845000026 ], [ 90.458286805000057, 23.707306735000031 ], [ 90.456964081000081, 23.707080697000038 ], [ 90.456221624000079, 23.707053433000056 ], [ 90.455973872000072, 23.707606342000076 ], [ 90.454653581000059, 23.707286353000029 ], [ 90.454267602000073, 23.708261243000038 ], [ 90.453543130000071, 23.708064605000061 ], [ 90.453580047000059, 23.707972268000049 ], [ 90.452823, 23.707794343000046 ], [ 90.452065645000062, 23.70772872200007 ], [ 90.451959401000067, 23.707576943000049 ], [ 90.451713845000086, 23.70756450500005 ], [ 90.451808852000056, 23.707840293000061 ], [ 90.451364348000084, 23.70778927200007 ], [ 90.451265222000075, 23.708102893000046 ], [ 90.450863355000081, 23.708068973000024 ], [ 90.450356590000069, 23.708140974000059 ], [ 90.450288266000086, 23.708179112000039 ], [ 90.450328254000055, 23.708411373000047 ], [ 90.449214892000043, 23.708680604000051 ], [ 90.449175733000061, 23.709031261000064 ], [ 90.448939091000057, 23.709467859000029 ], [ 90.44879278500008, 23.709416045000069 ], [ 90.448747949000051, 23.709516862000044 ], [ 90.44862671900006, 23.70947276000004 ], [ 90.448605497000074, 23.709528746000046 ], [ 90.448402882000039, 23.709398873000055 ], [ 90.448171754000043, 23.709858072000031 ], [ 90.447533854000085, 23.709570872000029 ], [ 90.447336159000031, 23.709907383000029 ], [ 90.447069484000053, 23.709866675000058 ], [ 90.446351375000063, 23.709581965000041 ], [ 90.446199403000037, 23.709542254000041 ], [ 90.446173954000074, 23.709614739000074 ], [ 90.445880679000084, 23.709521565000045 ], [ 90.445817687000044, 23.709490299000038 ], [ 90.445840511000085, 23.709332504000031 ], [ 90.44490845200005, 23.709245533000058 ], [ 90.444805478000035, 23.709727607000048 ], [ 90.444090637000045, 23.709620078000057 ], [ 90.443981661000066, 23.710184112000036 ], [ 90.443807198000059, 23.710170831000028 ], [ 90.443746953000073, 23.710362919000033 ], [ 90.442207431000043, 23.710360552000054 ], [ 90.441441615000031, 23.710460042000022 ], [ 90.441235439000081, 23.712065245000076 ], [ 90.440614434000054, 23.713764251000043 ], [ 90.440436347000059, 23.714605301000063 ], [ 90.440378349000071, 23.716379800000027 ], [ 90.440465126000049, 23.716963346000057 ], [ 90.440752857000064, 23.717732811000076 ], [ 90.44136566800006, 23.718573488000061 ], [ 90.444130150000035, 23.720513309000069 ], [ 90.444261353000059, 23.720931156000063 ], [ 90.444171434000054, 23.721206248000044 ], [ 90.443586838000044, 23.721752902000048 ], [ 90.442818808000084, 23.722285561000035 ], [ 90.44268456900005, 23.722236891000023 ], [ 90.442543898000054, 23.722316277000061 ], [ 90.442418904000078, 23.722524380000038 ], [ 90.443445786000041, 23.724831484000049 ], [ 90.443567508000058, 23.724923716000035 ], [ 90.443855799000062, 23.724952245000054 ], [ 90.444469062000053, 23.724616284000035 ] ] ] } },
{ "type": "Feature", "properties": { "matched_key": "U_30262029064", "navigation_parent_key": "A_302620", "admin_type": "city_ward", "admin_label": "City Corporation Ward", "map_level": "ward", "admin_rank": 3, "displayable": 1, "geometry_status": "EXACT/GEOMETRY", "location_label": "Ward No. 64 (Part)" }, "geometry": { "type": "Polygon", "coordinates": [ [ [ 90.468026412000086, 23.718337136000059 ], [ 90.468715410000073, 23.717584473000045 ], [ 90.468760458000077, 23.716869144000043 ], [ 90.468662451000057, 23.716858892000062 ], [ 90.469980970000051, 23.710933566000051 ], [ 90.46894801600007, 23.710898109000027 ], [ 90.467651473000046, 23.710472491000075 ], [ 90.467627090000065, 23.710185782000053 ], [ 90.467134968000039, 23.710072316000037 ], [ 90.466514707000044, 23.71009091600007 ], [ 90.466324523000083, 23.709890742000027 ], [ 90.466166022000039, 23.709841033000032 ], [ 90.465415749000044, 23.709793104000028 ], [ 90.464641716000074, 23.709625408000022 ], [ 90.464632744000085, 23.709816820000071 ], [ 90.464522292000083, 23.709980426000072 ], [ 90.463456117000078, 23.709829208000031 ], [ 90.463140707000036, 23.710920567000073 ], [ 90.462905189000082, 23.710862924000025 ], [ 90.462665190000052, 23.712233065000078 ], [ 90.462467316000073, 23.712246569000058 ], [ 90.462398500000063, 23.713003047000029 ], [ 90.46173546600005, 23.71598993300006 ], [ 90.46157273700004, 23.715950802000066 ], [ 90.460892257000069, 23.718309816000044 ], [ 90.460047017000079, 23.718132809000053 ], [ 90.458032594000031, 23.723066042000028 ], [ 90.457493746000068, 23.724616200000071 ], [ 90.460660305000033, 23.726908867000077 ], [ 90.461054189000038, 23.724707539000065 ], [ 90.461363386000073, 23.724054188000025 ], [ 90.461883239000031, 23.723514920000071 ], [ 90.466118050000034, 23.720047944000044 ], [ 90.468026412000086, 23.718337136000059 ] ] ] } },
{ "type": "Feature", "properties": { "matched_key": "U_30262029065", "navigation_parent_key": "A_302620", "admin_type": "city_ward", "admin_label": "City Corporation Ward", "map_level": "ward", "admin_rank": 3, "displayable": 1, "geometry_status": "EXACT/GEOMETRY", "location_label": "Ward No. 65 (Part)" }, "geometry": { "type": "Polygon", "coordinates": [ [ [ 90.469980970000051, 23.710933566000051 ], [ 90.470539583000061, 23.706671880000044 ], [ 90.46949358300003, 23.704884480000032 ], [ 90.467822333000072, 23.702292807000049 ], [ 90.465709459000038, 23.702215852000052 ], [ 90.463755577000086, 23.701644611000063 ], [ 90.464135395000085, 23.700757544000055 ], [ 90.464324914000031, 23.70068145700003 ], [ 90.465542036000045, 23.697427515000072 ], [ 90.466529637000065, 23.695425115000035 ], [ 90.466585928000086, 23.694950036000023 ], [ 90.458968363000054, 23.698652472000049 ], [ 90.459107016000075, 23.698915207000027 ], [ 90.458915775000037, 23.699596703000054 ], [ 90.459247288000086, 23.699669118000031 ], [ 90.459065834000057, 23.700156359000061 ], [ 90.459139780000044, 23.700189718000047 ], [ 90.458946139000034, 23.700649841000029 ], [ 90.458587149000039, 23.700631274000045 ], [ 90.45825245900005, 23.702106385000036 ], [ 90.457304363000048, 23.701877872000068 ], [ 90.456657373000041, 23.70182378100003 ], [ 90.456617631000086, 23.701524014000029 ], [ 90.45682240800005, 23.700145032000023 ], [ 90.456669464000072, 23.699747976000026 ], [ 90.453723522000075, 23.701126225000053 ], [ 90.45381104900008, 23.701522429000079 ], [ 90.453707158000043, 23.702180879000025 ], [ 90.45351633000007, 23.702556104000053 ], [ 90.453435830000046, 23.703022705000024 ], [ 90.454653628000074, 23.703305106000073 ], [ 90.456094651000058, 23.703436314000044 ], [ 90.456136294000032, 23.703122559000064 ], [ 90.456664613000044, 23.703174775000036 ], [ 90.456592927000031, 23.703638483000077 ], [ 90.456959740000059, 23.703787313000078 ], [ 90.457563241000059, 23.703811814000062 ], [ 90.457703436000031, 23.704940606000036 ], [ 90.45759513400003, 23.705131608000045 ], [ 90.457334136000043, 23.705201607000049 ], [ 90.456922155000086, 23.706995746000075 ], [ 90.457064646000049, 23.707121805000043 ], [ 90.458286805000057, 23.707306735000031 ], [ 90.458004801000072, 23.708491845000026 ], [ 90.459201300000075, 23.708900045000064 ], [ 90.462355117000072, 23.709462106000046 ], [ 90.463352917000066, 23.709971707000022 ], [ 90.463535765000074, 23.709815974000037 ], [ 90.464166917000057, 23.709979007000072 ], [ 90.464522292000083, 23.709980426000072 ], [ 90.464632744000085, 23.709816820000071 ], [ 90.464641716000074, 23.709625408000022 ], [ 90.465415749000044, 23.709793104000028 ], [ 90.466166022000039, 23.709841033000032 ], [ 90.466324523000083, 23.709890742000027 ], [ 90.466514707000044, 23.71009091600007 ], [ 90.467134968000039, 23.710072316000037 ], [ 90.467627090000065, 23.710185782000053 ], [ 90.467651473000046, 23.710472491000075 ], [ 90.46894801600007, 23.710898109000027 ], [ 90.469980970000051, 23.710933566000051 ] ] ] } },
{ "type": "Feature", "properties": { "matched_key": "U_30262032052", "navigation_parent_key": "A_302620", "admin_type": "city_ward", "admin_label": "City Corporation Ward", "map_level": "ward", "admin_rank": 3, "displayable": 1, "geometry_status": "EXACT/GEOMETRY", "location_label": "Ward No. 52" }, "geometry": { "type": "Polygon", "coordinates": [ [ [ 90.438880611000059, 23.700737557000025 ], [ 90.438951519000057, 23.700048645000038 ], [ 90.439773344000059, 23.700152499000069 ], [ 90.439787601000035, 23.699990061000051 ], [ 90.440838109000083, 23.700208901000053 ], [ 90.441922595000051, 23.700205448000077 ], [ 90.442173895000053, 23.699699149000025 ], [ 90.442704997000078, 23.699288148000051 ], [ 90.443074797000065, 23.698364850000075 ], [ 90.44329577700006, 23.697296119000043 ], [ 90.442691489000083, 23.697136556000032 ], [ 90.44284110500007, 23.695832235000069 ], [ 90.442849288000048, 23.695365018000075 ], [ 90.442764532000069, 23.695355173000053 ], [ 90.442792356000041, 23.694913032000045 ], [ 90.443118889000061, 23.694863147000035 ], [ 90.44313108700004, 23.694781307000028 ], [ 90.443287751000071, 23.694793247000064 ], [ 90.443309953000039, 23.694683737000048 ], [ 90.443541001000085, 23.694651481000051 ], [ 90.443665442000054, 23.693498850000026 ], [ 90.443399136000039, 23.693228221000027 ], [ 90.443702216000077, 23.693212200000062 ], [ 90.441667783000071, 23.692160533000049 ], [ 90.44152577400007, 23.692776577000075 ], [ 90.440678087000038, 23.692660972000056 ], [ 90.44067715500006, 23.692838017000042 ], [ 90.440439334000075, 23.693395826000028 ], [ 90.44021129500004, 23.693291377000037 ], [ 90.440001322000057, 23.69363534200005 ], [ 90.439755864000063, 23.693498236000039 ], [ 90.439652229000046, 23.693633250000062 ], [ 90.439582145000031, 23.693735436000054 ], [ 90.439761323000084, 23.693861114000072 ], [ 90.439670241000044, 23.694057580000049 ], [ 90.43949301300006, 23.693943352000076 ], [ 90.439385109000057, 23.693959910000046 ], [ 90.439358241000036, 23.694159784000078 ], [ 90.439129163000075, 23.694055835000029 ], [ 90.439094426000054, 23.694109035000054 ], [ 90.438802606000081, 23.694043426000064 ], [ 90.438583707000078, 23.694488732000025 ], [ 90.438302281000063, 23.694398547000048 ], [ 90.438181412000063, 23.694573827000056 ], [ 90.437637909000046, 23.694470975000058 ], [ 90.437489183000082, 23.694868735000057 ], [ 90.437428942000054, 23.694868906000067 ], [ 90.437109262000035, 23.695851869000023 ], [ 90.436525522000068, 23.695755440000028 ], [ 90.436568425000075, 23.695611266000071 ], [ 90.436280124000064, 23.695542294000063 ], [ 90.436255401000039, 23.695683073000055 ], [ 90.435895392000077, 23.695583850000048 ], [ 90.436058339000056, 23.696200218000058 ], [ 90.436132805000057, 23.697132053000075 ], [ 90.435714474000065, 23.700337040000022 ], [ 90.436365414000079, 23.70031046400004 ], [ 90.437423075000083, 23.700533292000046 ], [ 90.437482125000031, 23.700294836000069 ], [ 90.438137622000056, 23.700447720000057 ], [ 90.438364045000071, 23.700508047000028 ], [ 90.438202133000061, 23.700938348000022 ], [ 90.438756875000081, 23.701064830000064 ], [ 90.438880611000059, 23.700737557000025 ] ] ] } },
{ "type": "Feature", "properties": { "matched_key": "U_30262032053", "navigation_parent_key": "A_302620", "admin_type": "city_ward", "admin_label": "City Corporation Ward", "map_level": "ward", "admin_rank": 3, "displayable": 1, "geometry_status": "EXACT/GEOMETRY", "location_label": "Ward No. 53" }, "geometry": { "type": "Polygon", "coordinates": [ [ [ 90.437109262000035, 23.695851869000023 ], [ 90.437637909000046, 23.694470975000058 ], [ 90.438181412000063, 23.694573827000056 ], [ 90.438302281000063, 23.694398547000048 ], [ 90.438583707000078, 23.694488732000025 ], [ 90.438802606000081, 23.694043426000064 ], [ 90.439094426000054, 23.694109035000054 ], [ 90.439129163000075, 23.694055835000029 ], [ 90.439358241000036, 23.694159784000078 ], [ 90.439385109000057, 23.693959910000046 ], [ 90.43949301300006, 23.693943352000076 ], [ 90.439670241000044, 23.694057580000049 ], [ 90.439761323000084, 23.693861114000072 ], [ 90.439582145000031, 23.693735436000054 ], [ 90.439652229000046, 23.693633250000062 ], [ 90.439755864000063, 23.693498236000039 ], [ 90.440001322000057, 23.69363534200005 ], [ 90.44021129500004, 23.693291377000037 ], [ 90.440439334000075, 23.693395826000028 ], [ 90.44067715500006, 23.692838017000042 ], [ 90.440678087000038, 23.692660972000056 ], [ 90.44152577400007, 23.692776577000075 ], [ 90.441667783000071, 23.692160533000049 ], [ 90.443282378000049, 23.692978461000052 ], [ 90.443295718000059, 23.692705815000068 ], [ 90.444836848000079, 23.692692773000033 ], [ 90.444848636000074, 23.692968030000031 ], [ 90.445365973000037, 23.692924591000065 ], [ 90.445398066000052, 23.693142499000032 ], [ 90.446082046000072, 23.693125995000059 ], [ 90.446145857000033, 23.692596416000072 ], [ 90.446611609000058, 23.691623574000062 ], [ 90.446744473000081, 23.690708293000057 ], [ 90.447478898000043, 23.690745377000042 ], [ 90.447469219000084, 23.69044393300004 ], [ 90.447384319000037, 23.690461733000063 ], [ 90.44730301900006, 23.690058933000046 ], [ 90.44787801800004, 23.689932933000023 ], [ 90.447775620000073, 23.689394833000051 ], [ 90.44856911800008, 23.689289533000078 ], [ 90.448374443000034, 23.688205251000056 ], [ 90.448237049000056, 23.688204804000065 ], [ 90.448053911000045, 23.688072396000052 ], [ 90.447983580000084, 23.687815976000024 ], [ 90.448194867000041, 23.68702391000005 ], [ 90.446596496000041, 23.686836349000032 ], [ 90.445267895000086, 23.686583348000056 ], [ 90.44360058400008, 23.686706645000072 ], [ 90.443537375000062, 23.686806871000044 ], [ 90.44356807500003, 23.68774780900003 ], [ 90.443435002000058, 23.687747099000035 ], [ 90.443376847000081, 23.688090823000039 ], [ 90.442554101000042, 23.687891322000041 ], [ 90.442398488000038, 23.687735958000076 ], [ 90.442292069000075, 23.687444963000075 ], [ 90.442064522000067, 23.687407227000051 ], [ 90.441889168000046, 23.687528053000051 ], [ 90.441910217000043, 23.687659675000077 ], [ 90.441771741000082, 23.687659499000063 ], [ 90.441775476000032, 23.687758639000037 ], [ 90.441113162000079, 23.687960919000034 ], [ 90.441068474000076, 23.688162018000071 ], [ 90.440759959000047, 23.68831721600003 ], [ 90.440760271000045, 23.688431098000024 ], [ 90.440447114000051, 23.688396544000057 ], [ 90.44043580400006, 23.688488327000073 ], [ 90.439522728000043, 23.688970304000065 ], [ 90.439222672000085, 23.689295592000065 ], [ 90.439115077000054, 23.689287602000036 ], [ 90.439033979000044, 23.689500151000061 ], [ 90.438980037000078, 23.689482917000078 ], [ 90.438630964000083, 23.689937049000036 ], [ 90.438479210000082, 23.690320413000052 ], [ 90.438137576000031, 23.690213571000072 ], [ 90.438114753000036, 23.690414266000062 ], [ 90.437556909000079, 23.690086206000046 ], [ 90.434465927000076, 23.693404463000036 ], [ 90.435168287000067, 23.694160144000023 ], [ 90.435690313000066, 23.695059655000023 ], [ 90.435895392000077, 23.695583850000048 ], [ 90.436255401000039, 23.695683073000055 ], [ 90.436280124000064, 23.695542294000063 ], [ 90.436568425000075, 23.695611266000071 ], [ 90.436525522000068, 23.695755440000028 ], [ 90.437109262000035, 23.695851869000023 ] ] ] } },
{ "type": "Feature", "properties": { "matched_key": "U_30262032058", "navigation_parent_key": "A_302620", "admin_type": "city_ward", "admin_label": "City Corporation Ward", "map_level": "ward", "admin_rank": 3, "displayable": 1, "geometry_status": "EXACT/GEOMETRY", "location_label": "Ward No. 58" }, "geometry": { "type": "Polygon", "coordinates": [ [ [ 90.430834449000031, 23.690516862000038 ], [ 90.433481776000065, 23.687932792000026 ], [ 90.435629043000063, 23.687946556000043 ], [ 90.435638444000062, 23.687769093000043 ], [ 90.436273877000076, 23.687708171000054 ], [ 90.436284111000077, 23.687651690000052 ], [ 90.436968928000056, 23.687679114000048 ], [ 90.436969450000049, 23.687836447000052 ], [ 90.437509983000041, 23.687844958000028 ], [ 90.437510438000061, 23.687976061000029 ], [ 90.437364863000084, 23.687973740000075 ], [ 90.437242856000069, 23.689829325000062 ], [ 90.437740756000039, 23.690240109000058 ], [ 90.438114753000036, 23.690414266000062 ], [ 90.438137576000031, 23.690213571000072 ], [ 90.438479210000082, 23.690320413000052 ], [ 90.438630964000083, 23.689937049000036 ], [ 90.438980037000078, 23.689482917000078 ], [ 90.439033979000044, 23.689500151000061 ], [ 90.439115077000054, 23.689287602000036 ], [ 90.439222672000085, 23.689295592000065 ], [ 90.439522728000043, 23.688970304000065 ], [ 90.44043580400006, 23.688488327000073 ], [ 90.440447114000051, 23.688396544000057 ], [ 90.440760271000045, 23.688431098000024 ], [ 90.440759959000047, 23.68831721600003 ], [ 90.441068474000076, 23.688162018000071 ], [ 90.441113162000079, 23.687960919000034 ], [ 90.441775476000032, 23.687758639000037 ], [ 90.441771741000082, 23.687659499000063 ], [ 90.441910217000043, 23.687659675000077 ], [ 90.441889168000046, 23.687528053000051 ], [ 90.442027536000069, 23.687490487000048 ], [ 90.442014934000042, 23.687427687000024 ], [ 90.44226747600004, 23.687422453000067 ], [ 90.442398488000038, 23.687735958000076 ], [ 90.442554101000042, 23.687891322000041 ], [ 90.443376847000081, 23.688090823000039 ], [ 90.443435002000058, 23.687747099000035 ], [ 90.44356807500003, 23.68774780900003 ], [ 90.443537375000062, 23.686806871000044 ], [ 90.44360058400008, 23.686706645000072 ], [ 90.444801252000047, 23.686586564000038 ], [ 90.444409240000084, 23.685943859000076 ], [ 90.444393821000062, 23.685505355000032 ], [ 90.442985735000036, 23.685514010000077 ], [ 90.442038610000054, 23.685318589000076 ], [ 90.443712355000059, 23.683512456000074 ], [ 90.440136275000043, 23.680566492000025 ], [ 90.440233140000032, 23.680479065000043 ], [ 90.439351642000076, 23.680119330000025 ], [ 90.438546568000049, 23.680816745000072 ], [ 90.43727603800005, 23.68104840500007 ], [ 90.434902713000042, 23.682376090000048 ], [ 90.435190458000079, 23.68263948200007 ], [ 90.433024315000068, 23.68472302300006 ], [ 90.432490147000067, 23.684460318000049 ], [ 90.430444902000033, 23.685861533000036 ], [ 90.430609809000032, 23.686050755000053 ], [ 90.428124577000062, 23.688094696000064 ], [ 90.430834449000031, 23.690516862000038 ] ] ] } },
{ "type": "Feature", "properties": { "matched_key": "U_30262032059", "navigation_parent_key": "A_302620", "admin_type": "city_ward", "admin_label": "City Corporation Ward", "map_level": "ward", "admin_rank": 3, "displayable": 1, "geometry_status": "EXACT/GEOMETRY", "location_label": "Ward No. 59" }, "geometry": { "type": "Polygon", "coordinates": [ [ [ 90.458134747000031, 23.693636846000061 ], [ 90.458976088000043, 23.693824806000066 ], [ 90.459500580000054, 23.691053534000048 ], [ 90.459638967000046, 23.691044456000043 ], [ 90.459676823000052, 23.690911963000076 ], [ 90.459798763000038, 23.689900916000056 ], [ 90.461567689000049, 23.690268321000076 ], [ 90.462205589000064, 23.690281621000054 ], [ 90.462688702000037, 23.690384079000069 ], [ 90.462631989000045, 23.691752121000036 ], [ 90.463786248000076, 23.69173309100006 ], [ 90.463949217000049, 23.691556845000036 ], [ 90.464321258000041, 23.691366048000077 ], [ 90.464682626000069, 23.690931407000051 ], [ 90.464769524000076, 23.690542750000077 ], [ 90.464886679000074, 23.690388847000065 ], [ 90.465249034000067, 23.69023420700006 ], [ 90.465424686000063, 23.689980772000069 ], [ 90.46542190100007, 23.689194956000051 ], [ 90.465784030000066, 23.688977091000027 ], [ 90.465655434000041, 23.688670372000047 ], [ 90.465673820000063, 23.688002614000027 ], [ 90.465788521000036, 23.687416754000026 ], [ 90.465735814000084, 23.687189876000048 ], [ 90.465696635000086, 23.68711829800003 ], [ 90.465375403000053, 23.687144729000067 ], [ 90.465256684000053, 23.686856048000038 ], [ 90.465128893000042, 23.68677513800003 ], [ 90.464834755000084, 23.686803121000025 ], [ 90.464606549000052, 23.686701119000077 ], [ 90.464457345000085, 23.686217771000031 ], [ 90.464048432000084, 23.686326758000064 ], [ 90.463558109000076, 23.686293831000057 ], [ 90.463176804000057, 23.686373048000064 ], [ 90.463007538000056, 23.686206265000067 ], [ 90.462915701000043, 23.685919756000033 ], [ 90.462123342000041, 23.685671187000025 ], [ 90.462045197000066, 23.685587776000034 ], [ 90.46203108900005, 23.685265185000048 ], [ 90.46217196300006, 23.684738995000032 ], [ 90.461938575000033, 23.684614700000054 ], [ 90.461509739000064, 23.684597579000069 ], [ 90.461144554000043, 23.684060947000035 ], [ 90.460914474000049, 23.684023598000067 ], [ 90.460470693000048, 23.684142550000047 ], [ 90.460359388000086, 23.68386375800003 ], [ 90.460617450000086, 23.683447528000045 ], [ 90.460595873000045, 23.683214342000042 ], [ 90.46036652500004, 23.682932063000067 ], [ 90.459158664000086, 23.681969623000043 ], [ 90.459333998000034, 23.681625870000062 ], [ 90.459813030000078, 23.68114150100007 ], [ 90.460596903000067, 23.680689964000067 ], [ 90.460755669000037, 23.680465361000074 ], [ 90.46066258500008, 23.679820375000077 ], [ 90.460827061000032, 23.678624953000053 ], [ 90.459361182000066, 23.677653763000023 ], [ 90.453322590000084, 23.672748852000041 ], [ 90.452053125000077, 23.670765416000052 ], [ 90.451216671000054, 23.670284615000071 ], [ 90.44952042400007, 23.669481138000037 ], [ 90.449102236000044, 23.66918714600007 ], [ 90.448419889000036, 23.669946106000054 ], [ 90.447029911000072, 23.671828826000024 ], [ 90.445421629000066, 23.673741377000056 ], [ 90.443568614000071, 23.675796245000072 ], [ 90.441780325000082, 23.677361462000079 ], [ 90.440224339000054, 23.678880114000037 ], [ 90.439351642000076, 23.680119330000025 ], [ 90.440233140000032, 23.680479065000043 ], [ 90.440136275000043, 23.680566492000025 ], [ 90.443712355000059, 23.683512456000074 ], [ 90.442038610000054, 23.685318589000076 ], [ 90.442985735000036, 23.685514010000077 ], [ 90.444393821000062, 23.685505355000032 ], [ 90.444409240000084, 23.685943859000076 ], [ 90.444801252000047, 23.686586564000038 ], [ 90.44570109700004, 23.686641748000056 ], [ 90.446596496000041, 23.686836349000032 ], [ 90.449175896000042, 23.687186448000034 ], [ 90.451147996000032, 23.687602047000041 ], [ 90.451750502000039, 23.687824508000062 ], [ 90.453610102000084, 23.687922308000054 ], [ 90.454549679000081, 23.687862307000046 ], [ 90.454594139000051, 23.688068636000025 ], [ 90.454844738000077, 23.688084335000042 ], [ 90.454695090000087, 23.689537700000074 ], [ 90.454795690000083, 23.690333 ], [ 90.454701943000032, 23.691019135000033 ], [ 90.455092434000051, 23.691023580000035 ], [ 90.455139097000085, 23.692397295000035 ], [ 90.455071997000061, 23.692515195000055 ], [ 90.45523289700003, 23.694008494000059 ], [ 90.45502060900003, 23.694426960000044 ], [ 90.454960856000071, 23.694933049000042 ], [ 90.456556456000044, 23.694966751000038 ], [ 90.456550399000037, 23.695100626000055 ], [ 90.456709150000052, 23.695109047000074 ], [ 90.456683976000079, 23.695679980000023 ], [ 90.457736289000081, 23.695572199000026 ], [ 90.458134747000031, 23.693636846000061 ] ] ] } },
{ "type": "Feature", "properties": { "matched_key": "U_30262032060", "navigation_parent_key": "A_302620", "admin_type": "city_ward", "admin_label": "City Corporation Ward", "map_level": "ward", "admin_rank": 3, "displayable": 1, "geometry_status": "EXACT/GEOMETRY", "location_label": "Ward No. 60" }, "geometry": { "type": "Polygon", "coordinates": [ [ [ 90.450426420000042, 23.702635576000034 ], [ 90.452059495000071, 23.701825783000061 ], [ 90.457157315000075, 23.699526160000062 ], [ 90.457098730000041, 23.699425363000046 ], [ 90.457254988000045, 23.699132714000029 ], [ 90.457295669000075, 23.698608375000049 ], [ 90.457414691000054, 23.698585800000046 ], [ 90.457736289000081, 23.695572199000026 ], [ 90.456683976000079, 23.695679980000023 ], [ 90.456709150000052, 23.695109047000074 ], [ 90.456550399000037, 23.695100626000055 ], [ 90.456556456000044, 23.694966751000038 ], [ 90.454960856000071, 23.694933049000042 ], [ 90.45502060900003, 23.694426960000044 ], [ 90.45523289700003, 23.694008494000059 ], [ 90.455071997000061, 23.692515195000055 ], [ 90.455139097000085, 23.692397295000035 ], [ 90.455092434000051, 23.691023580000035 ], [ 90.454701943000032, 23.691019135000033 ], [ 90.454795690000083, 23.690333 ], [ 90.454695090000087, 23.689537700000074 ], [ 90.454844738000077, 23.688084335000042 ], [ 90.454594139000051, 23.688068636000025 ], [ 90.454549679000081, 23.687862307000046 ], [ 90.453610102000084, 23.687922308000054 ], [ 90.451750502000039, 23.687824508000062 ], [ 90.451147996000032, 23.687602047000041 ], [ 90.448194867000041, 23.68702391000005 ], [ 90.447983580000084, 23.687815976000024 ], [ 90.448053911000045, 23.688072396000052 ], [ 90.448237049000056, 23.688204804000065 ], [ 90.448374443000034, 23.688205251000056 ], [ 90.44856911800008, 23.689289533000078 ], [ 90.447775620000073, 23.689394833000051 ], [ 90.44787801800004, 23.689932933000023 ], [ 90.44730301900006, 23.690058933000046 ], [ 90.447384319000037, 23.690461733000063 ], [ 90.447469219000084, 23.69044393300004 ], [ 90.447478898000043, 23.690745377000042 ], [ 90.446744473000081, 23.690708293000057 ], [ 90.446611609000058, 23.691623574000062 ], [ 90.446145857000033, 23.692596416000072 ], [ 90.446082046000072, 23.693125995000059 ], [ 90.445398066000052, 23.693142499000032 ], [ 90.445365973000037, 23.692924591000065 ], [ 90.444848636000074, 23.692968030000031 ], [ 90.444836848000079, 23.692692773000033 ], [ 90.443295718000059, 23.692705815000068 ], [ 90.443282378000049, 23.692978461000052 ], [ 90.448032412000032, 23.695368529000064 ], [ 90.447860699000046, 23.696628201000067 ], [ 90.447664099000065, 23.697401901000035 ], [ 90.447260999000036, 23.698566502000062 ], [ 90.447004062000076, 23.698550819000047 ], [ 90.446823860000052, 23.699411999000063 ], [ 90.446658160000084, 23.699724699000058 ], [ 90.446399359000054, 23.700615299000049 ], [ 90.448232593000057, 23.701971311000023 ], [ 90.448538296000038, 23.701948982000033 ], [ 90.448571729000037, 23.701850836000062 ], [ 90.44947951100005, 23.702065745000027 ], [ 90.450235587000066, 23.702128152000057 ], [ 90.450426420000042, 23.702635576000034 ] ] ] } },
{ "type": "Feature", "properties": { "matched_key": "U_30262032061", "navigation_parent_key": "A_302620", "admin_type": "city_ward", "admin_label": "City Corporation Ward", "map_level": "ward", "admin_rank": 3, "displayable": 1, "geometry_status": "EXACT/GEOMETRY", "location_label": "Ward No. 61 (Part)" }, "geometry": { "type": "MultiPolygon", "coordinates": [ [ [ [ 90.440908577000073, 23.702783557000032 ], [ 90.441802990000042, 23.702593801000035 ], [ 90.443741059000047, 23.701856197000041 ], [ 90.444727959000033, 23.701971998000033 ], [ 90.445627057000081, 23.701846298000078 ], [ 90.446193157000039, 23.701809999000034 ], [ 90.44654945800005, 23.701868899000033 ], [ 90.446744558000034, 23.701802799000063 ], [ 90.447037760000057, 23.701126599000077 ], [ 90.446399359000054, 23.700615299000049 ], [ 90.446658160000084, 23.699724699000058 ], [ 90.446823860000052, 23.699411999000063 ], [ 90.447004062000076, 23.698550819000047 ], [ 90.447260999000036, 23.698566502000062 ], [ 90.447664099000065, 23.697401901000035 ], [ 90.447860699000046, 23.696628201000067 ], [ 90.448032412000032, 23.695368529000064 ], [ 90.443702216000077, 23.693212200000062 ], [ 90.443399136000039, 23.693228221000027 ], [ 90.443665442000054, 23.693498850000026 ], [ 90.443541001000085, 23.694651481000051 ], [ 90.443309953000039, 23.694683737000048 ], [ 90.443287751000071, 23.694793247000064 ], [ 90.44313108700004, 23.694781307000028 ], [ 90.443118889000061, 23.694863147000035 ], [ 90.442792356000041, 23.694913032000045 ], [ 90.442764532000069, 23.695355173000053 ], [ 90.442849288000048, 23.695365018000075 ], [ 90.44284110500007, 23.695832235000069 ], [ 90.442691489000083, 23.697136556000032 ], [ 90.44329577700006, 23.697296119000043 ], [ 90.443074797000065, 23.698364850000075 ], [ 90.442704997000078, 23.699288148000051 ], [ 90.442173895000053, 23.699699149000025 ], [ 90.441922595000051, 23.700205448000077 ], [ 90.441834696000058, 23.700226348000058 ], [ 90.440838109000083, 23.700208901000053 ], [ 90.439787601000035, 23.699990061000051 ], [ 90.439773344000059, 23.700152499000069 ], [ 90.438951519000057, 23.700048645000038 ], [ 90.438898403000053, 23.700690842000029 ], [ 90.438488668000048, 23.701813229000038 ], [ 90.438361990000033, 23.702542340000036 ], [ 90.440223759000048, 23.70264949500006 ], [ 90.440494049000051, 23.702766888000042 ], [ 90.440908577000073, 23.702783557000032 ] ] ], [ [ [ 90.450427632000071, 23.702638584000056 ], [ 90.450235587000066, 23.702128152000057 ], [ 90.44947951100005, 23.702065745000027 ], [ 90.448571729000037, 23.701850836000062 ], [ 90.448538296000038, 23.701948982000033 ], [ 90.448232593000057, 23.701971311000023 ], [ 90.449532832000045, 23.703057474000047 ], [ 90.450427632000071, 23.702638584000056 ] ] ] ] } },
{ "type": "Feature", "properties": { "matched_key": "U_30262032065", "navigation_parent_key": "A_302620", "admin_type": "city_ward", "admin_label": "City Corporation Ward", "map_level": "ward", "admin_rank": 3, "displayable": 1, "geometry_status": "EXACT/GEOMETRY", "location_label": "Ward No. 65 (Part)" }, "geometry": { "type": "Polygon", "coordinates": [ [ [ 90.457157315000075, 23.699526160000062 ], [ 90.467396397000073, 23.694564185000047 ], [ 90.468948157000057, 23.693863781000061 ], [ 90.470310858000062, 23.693411781000066 ], [ 90.471510456000033, 23.693217483000069 ], [ 90.473975412000073, 23.693064075000052 ], [ 90.476006410000082, 23.693207178000023 ], [ 90.478317773000072, 23.693497053000044 ], [ 90.478113744000041, 23.693101205000062 ], [ 90.477995805000035, 23.69315464500005 ], [ 90.477580165000063, 23.693041215000051 ], [ 90.477204727000071, 23.692564401000027 ], [ 90.476827206000053, 23.692264193000028 ], [ 90.476228151000043, 23.692250340000044 ], [ 90.476260658000058, 23.691459505000068 ], [ 90.475971966000031, 23.690499706000026 ], [ 90.47603278400004, 23.689969358000042 ], [ 90.475576743000033, 23.690039596000076 ], [ 90.475498481000045, 23.689432159000035 ], [ 90.475198781000074, 23.688580458000047 ], [ 90.474925882000036, 23.68828755800007 ], [ 90.474594581000076, 23.688286358000028 ], [ 90.472915227000044, 23.688886229000047 ], [ 90.472652328000038, 23.688254829000073 ], [ 90.472563727000079, 23.687826329000075 ], [ 90.472618128000079, 23.687751929000058 ], [ 90.472413728000049, 23.687076163000029 ], [ 90.471474784000065, 23.68715725800007 ], [ 90.471402365000074, 23.687050986000031 ], [ 90.470954744000039, 23.687058323000031 ], [ 90.470870881000053, 23.686976159000039 ], [ 90.470324449000032, 23.687115497000036 ], [ 90.469858560000034, 23.687124741000048 ], [ 90.469474425000044, 23.68660170000004 ], [ 90.468862331000082, 23.686510972000065 ], [ 90.468557952000083, 23.686934162000057 ], [ 90.468499478000069, 23.687169589000064 ], [ 90.468386408000072, 23.688209521000033 ], [ 90.468270356000062, 23.688413012000069 ], [ 90.468235137000079, 23.689452707000044 ], [ 90.467867885000032, 23.690830731000062 ], [ 90.466949528000043, 23.690707530000054 ], [ 90.466764068000032, 23.690260877000071 ], [ 90.466602128000034, 23.690145030000053 ], [ 90.466814085000067, 23.690153198000075 ], [ 90.466946282000038, 23.690009061000069 ], [ 90.467153784000061, 23.690042661000064 ], [ 90.467188984000074, 23.689832159000048 ], [ 90.46706858400006, 23.689475959000049 ], [ 90.466974454000081, 23.689498965000041 ], [ 90.466890559000035, 23.689224996000064 ], [ 90.46667405200003, 23.689087144000041 ], [ 90.466611883000041, 23.688956361000066 ], [ 90.466787582000052, 23.688857461000055 ], [ 90.466812483000069, 23.688646859000073 ], [ 90.466768613000056, 23.688402795000059 ], [ 90.466464932000065, 23.688386981000065 ], [ 90.466443960000049, 23.687889236000046 ], [ 90.466577579000045, 23.687881665000077 ], [ 90.466593783000064, 23.687724560000049 ], [ 90.466809782000041, 23.687584661000074 ], [ 90.466499982000073, 23.687338960000034 ], [ 90.465784816000053, 23.687435678000043 ], [ 90.465673820000063, 23.688002614000027 ], [ 90.465655434000041, 23.688670372000047 ], [ 90.465784030000066, 23.688977091000027 ], [ 90.46542190100007, 23.689194956000051 ], [ 90.465424686000063, 23.689980772000069 ], [ 90.465249034000067, 23.69023420700006 ], [ 90.464886679000074, 23.690388847000065 ], [ 90.464769524000076, 23.690542750000077 ], [ 90.464682626000069, 23.690931407000051 ], [ 90.464321258000041, 23.691366048000077 ], [ 90.463949217000049, 23.691556845000036 ], [ 90.463786248000076, 23.69173309100006 ], [ 90.462631989000045, 23.691752121000036 ], [ 90.462688702000037, 23.690384079000069 ], [ 90.462205589000064, 23.690281621000054 ], [ 90.461567689000049, 23.690268321000076 ], [ 90.459798763000038, 23.689900916000056 ], [ 90.459676823000052, 23.690911963000076 ], [ 90.459638967000046, 23.691044456000043 ], [ 90.459500580000054, 23.691053534000048 ], [ 90.458976088000043, 23.693824806000066 ], [ 90.458135095000046, 23.693635029000063 ], [ 90.457736289000081, 23.695572199000026 ], [ 90.457414691000054, 23.698585800000046 ], [ 90.457295669000075, 23.698608375000049 ], [ 90.457254988000045, 23.699132714000029 ], [ 90.457098730000041, 23.699425363000046 ], [ 90.457157315000075, 23.699526160000062 ] ] ] } },
{ "type": "Feature", "properties": { "matched_key": "U_30262033016", "navigation_parent_key": "A_302620", "admin_type": "city_ward", "admin_label": "City Corporation Ward", "map_level": "ward", "admin_rank": 3, "displayable": 1, "geometry_status": "EXACT/GEOMETRY", "location_label": "Ward No. 16" }, "geometry": { "type": "Polygon", "coordinates": [ [ [ 90.392994499000054, 23.748671312000056 ], [ 90.391872849000038, 23.741721435000045 ], [ 90.391405303000056, 23.741755008000041 ], [ 90.391316097000072, 23.742495417000043 ], [ 90.390958369000032, 23.74245253600003 ], [ 90.390858723000065, 23.742468083000063 ], [ 90.390839318000076, 23.74257711100006 ], [ 90.39021149000007, 23.742547001000048 ], [ 90.390191430000073, 23.742702591000068 ], [ 90.38993290600007, 23.742669574000047 ], [ 90.389943642000048, 23.742598084000065 ], [ 90.389396600000055, 23.742562948000057 ], [ 90.389378702000045, 23.742670762000046 ], [ 90.388725246000035, 23.742609876000074 ], [ 90.388721530000055, 23.742521064000073 ], [ 90.388472700000079, 23.742523331000029 ], [ 90.388474392000035, 23.742392359000064 ], [ 90.388120832000084, 23.742379279000033 ], [ 90.388139551000052, 23.742571015000067 ], [ 90.387726541000063, 23.742527551000023 ], [ 90.387348075000034, 23.74239119300006 ], [ 90.387347357000067, 23.742259871000044 ], [ 90.386845136000034, 23.742297775000054 ], [ 90.386849292000079, 23.742205296000066 ], [ 90.38632487600006, 23.742149633000054 ], [ 90.386272592000068, 23.742276373000038 ], [ 90.386205320000045, 23.74227423800005 ], [ 90.385669418000077, 23.742062066000074 ], [ 90.385547131000067, 23.74232382200006 ], [ 90.384572141000035, 23.742218281000078 ], [ 90.384516141000063, 23.74250068200007 ], [ 90.384092869000085, 23.742522922000035 ], [ 90.387136799000075, 23.750958002000061 ], [ 90.393075174000046, 23.74991076200007 ], [ 90.393121227000051, 23.749822625000036 ], [ 90.392994499000054, 23.748671312000056 ] ] ] } },
{ "type": "Feature", "properties": { "matched_key": "U_30262033017", "navigation_parent_key": "A_302620", "admin_type": "city_ward", "admin_label": "City Corporation Ward", "map_level": "ward", "admin_rank": 3, "displayable": 1, "geometry_status": "EXACT/GEOMETRY", "location_label": "Ward No. 17 (Part)" }, "geometry": { "type": "Polygon", "coordinates": [ [ [ 90.38135408800008, 23.753252822000036 ], [ 90.382204573000081, 23.753295688000037 ], [ 90.382228547000068, 23.753119674000061 ], [ 90.382556124000075, 23.753152929000066 ], [ 90.382564410000043, 23.753014453000048 ], [ 90.382777611000051, 23.753134154000065 ], [ 90.383141570000078, 23.753142270000069 ], [ 90.383451051000065, 23.752850205000072 ], [ 90.384476681000081, 23.752700882000056 ], [ 90.384978834000037, 23.752442207000058 ], [ 90.385983271000043, 23.75155452100006 ], [ 90.386405816000035, 23.751338946000033 ], [ 90.387163875000056, 23.751117118000025 ], [ 90.387116702000071, 23.750819233000072 ], [ 90.385368454000059, 23.74604806900004 ], [ 90.381693454000072, 23.745314825000037 ], [ 90.378387368000062, 23.750975177000043 ], [ 90.37816256900004, 23.751410778000036 ], [ 90.38045003700006, 23.752279675000068 ], [ 90.380507212000055, 23.753090581000038 ], [ 90.380723610000075, 23.753087853000068 ], [ 90.380812444000071, 23.753443087000051 ], [ 90.38111477700005, 23.753422770000043 ], [ 90.38135408800008, 23.753252822000036 ] ] ] } },
{ "type": "Feature", "properties": { "matched_key": "U_30262034055", "navigation_parent_key": "A_302620", "admin_type": "city_ward", "admin_label": "City Corporation Ward", "map_level": "ward", "admin_rank": 3, "displayable": 1, "geometry_status": "EXACT/GEOMETRY", "location_label": "Ward No. 55" }, "geometry": { "type": "Polygon", "coordinates": [ [ [ 90.355408890000035, 23.73846515200006 ], [ 90.355615090000072, 23.737995351000052 ], [ 90.356203191000077, 23.738057552000043 ], [ 90.356324291000078, 23.737894251000057 ], [ 90.361078434000035, 23.738546253000038 ], [ 90.362444183000036, 23.733158528000047 ], [ 90.362699651000071, 23.732503971000028 ], [ 90.363149932000056, 23.73177664800005 ], [ 90.365361422000035, 23.729199784000059 ], [ 90.367284295000047, 23.727293823000025 ], [ 90.368395396000039, 23.726348691000055 ], [ 90.369691597000042, 23.725094252000076 ], [ 90.369814518000055, 23.724945849000051 ], [ 90.369687897000063, 23.724697730000059 ], [ 90.370000883000046, 23.724509974000057 ], [ 90.36985227200006, 23.724279468000077 ], [ 90.369699835000063, 23.724348662000068 ], [ 90.369531939000069, 23.723907413000063 ], [ 90.369274093000058, 23.723970645000065 ], [ 90.369094044000065, 23.723636971000076 ], [ 90.369150644000058, 23.723576532000038 ], [ 90.368911290000085, 23.722784777000072 ], [ 90.36862887500007, 23.722814835000065 ], [ 90.368700035000074, 23.722669785000051 ], [ 90.36864617100008, 23.722109217000025 ], [ 90.36854117200005, 23.722125563000077 ], [ 90.368336304000081, 23.72159464300006 ], [ 90.367774968000049, 23.719474431000037 ], [ 90.368823258000077, 23.719309573000032 ], [ 90.368892759000062, 23.719582372000048 ], [ 90.37271061000007, 23.718536979000078 ], [ 90.37258300600007, 23.718283037000049 ], [ 90.372245557000042, 23.71633885500006 ], [ 90.371812715000033, 23.716382464000048 ], [ 90.371666253000058, 23.715825892000055 ], [ 90.371222338000052, 23.715930914000069 ], [ 90.370677034000039, 23.716211101000056 ], [ 90.369578003000072, 23.716594984000039 ], [ 90.369879495000077, 23.717021972000055 ], [ 90.369507082000041, 23.717183693000038 ], [ 90.369007632000034, 23.716292002000046 ], [ 90.369303689000049, 23.716147209000042 ], [ 90.368113414000049, 23.714445010000077 ], [ 90.367276915000048, 23.713433608000059 ], [ 90.365808314000049, 23.714892110000051 ], [ 90.365376769000079, 23.714539896000076 ], [ 90.365190975000075, 23.714271574000065 ], [ 90.365366982000069, 23.714109246000078 ], [ 90.363323930000035, 23.712066490000041 ], [ 90.361729360000083, 23.710696128000052 ], [ 90.360994815000083, 23.711944257000027 ], [ 90.360717719000036, 23.712624598000048 ], [ 90.360587070000065, 23.714835608000044 ], [ 90.360113919000071, 23.717361293000067 ], [ 90.359846424000068, 23.719760044000054 ], [ 90.359909959000049, 23.720791861000066 ], [ 90.35964352600007, 23.720898610000063 ], [ 90.358355151000069, 23.726013990000069 ], [ 90.357740087000082, 23.726898340000048 ], [ 90.355612741000073, 23.727960048000057 ], [ 90.355105245000061, 23.72804476400006 ], [ 90.356474930000047, 23.728423235000037 ], [ 90.357942325000067, 23.729101799000034 ], [ 90.357504550000044, 23.730067660000032 ], [ 90.357041217000074, 23.731512211000052 ], [ 90.356420374000038, 23.732986251000057 ], [ 90.354957415000058, 23.735271092000062 ], [ 90.354377755000087, 23.736573099000054 ], [ 90.352623797000035, 23.73889206900003 ], [ 90.354105288000085, 23.739407952000079 ], [ 90.354660489000082, 23.739159951000033 ], [ 90.355052089000083, 23.738855552000075 ], [ 90.355408890000035, 23.73846515200006 ] ] ] } },
{ "type": "Feature", "properties": { "matched_key": "U_30262034056", "navigation_parent_key": "A_302620", "admin_type": "city_ward", "admin_label": "City Corporation Ward", "map_level": "ward", "admin_rank": 3, "displayable": 1, "geometry_status": "EXACT/GEOMETRY", "location_label": "Ward No. 56" }, "geometry": { "type": "Polygon", "coordinates": [ [ [ 90.37020433400005, 23.724655681000058 ], [ 90.371814395000058, 23.723970707000035 ], [ 90.374098047000075, 23.722862814000052 ], [ 90.376770700000066, 23.720913320000022 ], [ 90.378629200000034, 23.719944521000059 ], [ 90.378808602000049, 23.719570223000062 ], [ 90.379206803000045, 23.717491922000079 ], [ 90.379292598000063, 23.71687098600006 ], [ 90.379066786000067, 23.716856446000065 ], [ 90.37927017700008, 23.715793545000054 ], [ 90.379568763000066, 23.715153764000036 ], [ 90.38018416400007, 23.714710862000061 ], [ 90.378471302000037, 23.71339781100005 ], [ 90.378600891000076, 23.713198977000047 ], [ 90.378672413000061, 23.713225367000064 ], [ 90.379155370000035, 23.712122726000075 ], [ 90.378264069000068, 23.711486925000031 ], [ 90.378522428000053, 23.711047048000069 ], [ 90.377629006000063, 23.710686274000068 ], [ 90.377593241000056, 23.711243264000075 ], [ 90.374641919000055, 23.712116135000031 ], [ 90.372622620000072, 23.713189536000073 ], [ 90.371485150000069, 23.713574799000071 ], [ 90.369038342000067, 23.709782911000048 ], [ 90.368264535000037, 23.707152113000063 ], [ 90.366402233000031, 23.70744465100006 ], [ 90.365308789000039, 23.70778143900003 ], [ 90.364309025000068, 23.708296389000054 ], [ 90.362897577000069, 23.709374575000027 ], [ 90.361930345000076, 23.710354610000024 ], [ 90.361729360000083, 23.710696128000052 ], [ 90.363323930000035, 23.712066490000041 ], [ 90.365366982000069, 23.714109246000078 ], [ 90.365190975000075, 23.714271574000065 ], [ 90.365376769000079, 23.714539896000076 ], [ 90.365808314000049, 23.714892110000051 ], [ 90.367276915000048, 23.713433608000059 ], [ 90.368113414000049, 23.714445010000077 ], [ 90.369303689000049, 23.716147209000042 ], [ 90.369007632000034, 23.716292002000046 ], [ 90.369507082000041, 23.717183693000038 ], [ 90.369879495000077, 23.717021972000055 ], [ 90.369578003000072, 23.716594984000039 ], [ 90.370677034000039, 23.716211101000056 ], [ 90.371222338000052, 23.715930914000069 ], [ 90.371666253000058, 23.715825892000055 ], [ 90.371812715000033, 23.716382464000048 ], [ 90.372245557000042, 23.71633885500006 ], [ 90.37258300600007, 23.718283037000049 ], [ 90.37271061000007, 23.718536979000078 ], [ 90.368892759000062, 23.719582372000048 ], [ 90.368823258000077, 23.719309573000032 ], [ 90.367968181000037, 23.719412778000049 ], [ 90.367759380000052, 23.719502815000055 ], [ 90.368336304000081, 23.72159464300006 ], [ 90.36854117200005, 23.722125563000077 ], [ 90.36864617100008, 23.722109217000025 ], [ 90.368700035000074, 23.722669785000051 ], [ 90.36862887500007, 23.722814835000065 ], [ 90.368911290000085, 23.722784777000072 ], [ 90.369150644000058, 23.723576532000038 ], [ 90.369094044000065, 23.723636971000076 ], [ 90.369274093000058, 23.723970645000065 ], [ 90.369531939000069, 23.723907413000063 ], [ 90.369699835000063, 23.724348662000068 ], [ 90.36985227200006, 23.724279468000077 ], [ 90.370000883000046, 23.724509974000057 ], [ 90.369687897000063, 23.724697730000059 ], [ 90.369814518000055, 23.724945849000051 ], [ 90.37020433400005, 23.724655681000058 ] ] ] } },
{ "type": "Feature", "properties": { "matched_key": "U_30262034057", "navigation_parent_key": "A_302620", "admin_type": "city_ward", "admin_label": "City Corporation Ward", "map_level": "ward", "admin_rank": 3, "displayable": 1, "geometry_status": "EXACT/GEOMETRY", "location_label": "Ward No. 57" }, "geometry": { "type": "Polygon", "coordinates": [ [ [ 90.382649804000039, 23.713696464000066 ], [ 90.384220628000037, 23.713274815000034 ], [ 90.38496658300005, 23.712782949000029 ], [ 90.385371, 23.712908399000071 ], [ 90.385500128000047, 23.713034532000052 ], [ 90.385995491000074, 23.713060572000074 ], [ 90.386839506000058, 23.712364566000076 ], [ 90.387439714000038, 23.712028200000077 ], [ 90.387439021000034, 23.711855466000031 ], [ 90.387781945000086, 23.71171234600007 ], [ 90.389079669000068, 23.711835541000028 ], [ 90.390068760000077, 23.71208596200006 ], [ 90.390248904000032, 23.712194140000065 ], [ 90.39067056500005, 23.712002047000055 ], [ 90.391215861000035, 23.711540877000061 ], [ 90.391199798000059, 23.711001469000053 ], [ 90.391293947000065, 23.71091090300007 ], [ 90.390595811000082, 23.709742960000028 ], [ 90.389891889000069, 23.709098913000048 ], [ 90.389106773000037, 23.708777979000047 ], [ 90.385686574000033, 23.708048133000034 ], [ 90.381732431000046, 23.707540828000049 ], [ 90.376129929000058, 23.70753873600006 ], [ 90.371347813000057, 23.707125758000075 ], [ 90.36879594100003, 23.707068634000052 ], [ 90.368264535000037, 23.707152113000063 ], [ 90.369038342000067, 23.709782911000048 ], [ 90.371485150000069, 23.713574799000071 ], [ 90.372622620000072, 23.713189536000073 ], [ 90.374641919000055, 23.712116135000031 ], [ 90.377593241000056, 23.711243264000075 ], [ 90.377629006000063, 23.710686274000068 ], [ 90.378522428000053, 23.711047048000069 ], [ 90.378264069000068, 23.711486925000031 ], [ 90.379155370000035, 23.712122726000075 ], [ 90.378672413000061, 23.713225367000064 ], [ 90.378600891000076, 23.713198977000047 ], [ 90.378471302000037, 23.71339781100005 ], [ 90.38018416400007, 23.714710862000061 ], [ 90.380984571000056, 23.714337360000059 ], [ 90.382435354000052, 23.71395667400003 ], [ 90.382649804000039, 23.713696464000066 ] ] ] } },
{ "type": "Feature", "properties": { "matched_key": "U_30262036001", "navigation_parent_key": "A_302620", "admin_type": "city_ward", "admin_label": "City Corporation Ward", "map_level": "ward", "admin_rank": 3, "displayable": 1, "geometry_status": "EXACT/GEOMETRY", "location_label": "Ward No. 01" }, "geometry": { "type": "Polygon", "coordinates": [ [ [ 90.426843027000075, 23.75268748700006 ], [ 90.426849976000085, 23.752395453000076 ], [ 90.427718583000058, 23.752496925000059 ], [ 90.427775690000033, 23.752142244000026 ], [ 90.428780292000056, 23.752404796000064 ], [ 90.428819860000033, 23.752542348000077 ], [ 90.429367713000033, 23.752546470000027 ], [ 90.429819293000037, 23.75174996800007 ], [ 90.429944252000041, 23.75115272000005 ], [ 90.43021176600007, 23.751189712000041 ], [ 90.430384738000043, 23.749917787000072 ], [ 90.430403608000063, 23.749200690000066 ], [ 90.430170151000084, 23.749204020000036 ], [ 90.430144351000081, 23.748693320000029 ], [ 90.430437651000034, 23.746110720000047 ], [ 90.430514119000065, 23.745862831000068 ], [ 90.43120407400005, 23.745887466000056 ], [ 90.431194765000043, 23.745427907000078 ], [ 90.431341534000069, 23.74540969800006 ], [ 90.431306814000038, 23.745192657000075 ], [ 90.431121007000058, 23.745198622000032 ], [ 90.431209797000065, 23.744914461000064 ], [ 90.431046406000064, 23.744874388000028 ], [ 90.431347119000066, 23.744085214000052 ], [ 90.43063791600008, 23.744346255000039 ], [ 90.430017715000076, 23.744332755000073 ], [ 90.429891715000053, 23.744288555000026 ], [ 90.429894416000081, 23.743846655000027 ], [ 90.429757616000074, 23.743760756000029 ], [ 90.42762381600005, 23.74363575600006 ], [ 90.427476521000074, 23.743581198000072 ], [ 90.427475621000042, 23.743515743000046 ], [ 90.426712918000078, 23.743540969000037 ], [ 90.426668840000048, 23.744188265000048 ], [ 90.426585062000072, 23.744215375000067 ], [ 90.426356988000066, 23.745322177000048 ], [ 90.425960065000083, 23.746004755000058 ], [ 90.425190718000067, 23.746938915000044 ], [ 90.424039709000056, 23.747871178000025 ], [ 90.422955892000061, 23.748313235000069 ], [ 90.421460825000054, 23.748676277000072 ], [ 90.416060456000082, 23.749414110000032 ], [ 90.416280320000055, 23.750683919000039 ], [ 90.416545519000067, 23.751464719000069 ], [ 90.417000220000034, 23.75200932000007 ], [ 90.417489887000045, 23.752214314000071 ], [ 90.418154385000037, 23.752380913000025 ], [ 90.41885598500005, 23.752412514000071 ], [ 90.420437084000071, 23.752313913000023 ], [ 90.421171338000079, 23.752177386000028 ], [ 90.423906222000085, 23.751346765000051 ], [ 90.424591302000067, 23.750974556000074 ], [ 90.42497228700006, 23.750672383000051 ], [ 90.425130988000035, 23.751002891000041 ], [ 90.425478420000047, 23.752677366000057 ], [ 90.426843027000075, 23.75268748700006 ] ] ] } },
{ "type": "Feature", "properties": { "matched_key": "U_30262036002", "navigation_parent_key": "A_302620", "admin_type": "city_ward", "admin_label": "City Corporation Ward", "map_level": "ward", "admin_rank": 3, "displayable": 1, "geometry_status": "EXACT/GEOMETRY", "location_label": "Ward No. 02" }, "geometry": { "type": "Polygon", "coordinates": [ [ [ 90.432509252000045, 23.752533220000032 ], [ 90.436238652000043, 23.751501413000028 ], [ 90.436576580000064, 23.751617072000045 ], [ 90.436629, 23.751514641000028 ], [ 90.436746222000068, 23.751512634000051 ], [ 90.437096039000039, 23.752084014000047 ], [ 90.437526352000077, 23.752298855000049 ], [ 90.437746281000045, 23.752205951000064 ], [ 90.43811660700004, 23.752237674000071 ], [ 90.438163430000031, 23.752108294000038 ], [ 90.438507141000059, 23.752171485000076 ], [ 90.43850365600008, 23.75199959400004 ], [ 90.439397856000085, 23.752007166000055 ], [ 90.439423361000081, 23.751470095000059 ], [ 90.439289909000081, 23.751469121000071 ], [ 90.43922208400005, 23.751120578000041 ], [ 90.439426198000035, 23.751122595000027 ], [ 90.439416472000062, 23.750787944000024 ], [ 90.43959385800008, 23.750791135000043 ], [ 90.439596577000032, 23.750623435000023 ], [ 90.439766022000072, 23.750621703000036 ], [ 90.43977079800004, 23.750451955000074 ], [ 90.439983504000054, 23.750457237000035 ], [ 90.439983891000054, 23.750289631000044 ], [ 90.440210242000035, 23.75029310900004 ], [ 90.440215399000067, 23.749759233000077 ], [ 90.441343929000084, 23.749735873000077 ], [ 90.441343805000031, 23.749917804000063 ], [ 90.441540929000041, 23.749933732000045 ], [ 90.44167139700005, 23.749366988000077 ], [ 90.441774883000051, 23.749386204000075 ], [ 90.44183150300006, 23.749170636000031 ], [ 90.441899319000072, 23.749185277000038 ], [ 90.442132078000043, 23.748527093000064 ], [ 90.442425754000055, 23.746787525000059 ], [ 90.442230796000047, 23.74676183400004 ], [ 90.442084223000052, 23.746861081000077 ], [ 90.442159663000041, 23.746522256000048 ], [ 90.441979819000039, 23.746428278000053 ], [ 90.441558028000031, 23.74641366000003 ], [ 90.441533234000076, 23.746617713000035 ], [ 90.440881605000072, 23.746551823000061 ], [ 90.440811822000057, 23.747245618000022 ], [ 90.440356118000068, 23.747241866000024 ], [ 90.440042297000048, 23.747537434000037 ], [ 90.439766840000061, 23.747477136000043 ], [ 90.439731631000086, 23.746928406000052 ], [ 90.43954880800004, 23.746852232000037 ], [ 90.439428132000046, 23.745680664000076 ], [ 90.439082432000077, 23.745078964000072 ], [ 90.437825833000034, 23.744730664000031 ], [ 90.437379232000069, 23.744486364000068 ], [ 90.436967328000037, 23.744508008000025 ], [ 90.437067052000032, 23.742687150000052 ], [ 90.437352470000064, 23.742137595000031 ], [ 90.436690549000048, 23.741790992000062 ], [ 90.436021766000067, 23.742841807000048 ], [ 90.435392981000064, 23.742832545000056 ], [ 90.435397715000079, 23.742695642000058 ], [ 90.434334573000058, 23.742541132000042 ], [ 90.434192966000069, 23.742915605000064 ], [ 90.43359371400004, 23.74314129000004 ], [ 90.432984804000057, 23.743501475000073 ], [ 90.432109429000036, 23.743754857000056 ], [ 90.431347119000066, 23.744085214000052 ], [ 90.431046406000064, 23.744874388000028 ], [ 90.431209797000065, 23.744914461000064 ], [ 90.431121007000058, 23.745198622000032 ], [ 90.431306814000038, 23.745192657000075 ], [ 90.431341534000069, 23.74540969800006 ], [ 90.431194765000043, 23.745427907000078 ], [ 90.43120407400005, 23.745887466000056 ], [ 90.430514119000065, 23.745862831000068 ], [ 90.430144351000081, 23.748693320000029 ], [ 90.430170151000084, 23.749204020000036 ], [ 90.430403608000063, 23.749200690000066 ], [ 90.430231408000054, 23.75107295600003 ], [ 90.43021176600007, 23.751189712000041 ], [ 90.429944252000041, 23.75115272000005 ], [ 90.429819293000037, 23.75174996800007 ], [ 90.429592837000087, 23.752145484000039 ], [ 90.430095643000072, 23.752356374000044 ], [ 90.430481600000064, 23.752406527000062 ], [ 90.430612866000047, 23.752018595000038 ], [ 90.431096345000071, 23.752163693000057 ], [ 90.431069089000061, 23.75238689300005 ], [ 90.431466168000043, 23.752390951000052 ], [ 90.431542835000073, 23.752480959000025 ], [ 90.43246673200008, 23.752384666000069 ], [ 90.432509252000045, 23.752533220000032 ] ] ] } },
{ "type": "Feature", "properties": { "matched_key": "U_30262036003", "navigation_parent_key": "A_302620", "admin_type": "city_ward", "admin_label": "City Corporation Ward", "map_level": "ward", "admin_rank": 3, "displayable": 1, "geometry_status": "EXACT/GEOMETRY", "location_label": "Ward No. 03" }, "geometry": { "type": "Polygon", "coordinates": [ [ [ 90.437478931000044, 23.762646850000067 ], [ 90.440321271000073, 23.762663615000065 ], [ 90.445111158000032, 23.762250483000059 ], [ 90.446159373000057, 23.762286012000061 ], [ 90.448696834000032, 23.762077774000034 ], [ 90.448651615000074, 23.761387759000058 ], [ 90.450468583000031, 23.761284401000069 ], [ 90.450489490000052, 23.760432328000036 ], [ 90.449254042000064, 23.760292543000048 ], [ 90.447743427000034, 23.760454655000046 ], [ 90.446201115000065, 23.760459119000075 ], [ 90.445961977000081, 23.76038333300005 ], [ 90.445841246000043, 23.760257990000071 ], [ 90.446355358000062, 23.75969363300004 ], [ 90.446061674000077, 23.759540489000074 ], [ 90.445614229000057, 23.759570050000036 ], [ 90.445558979000054, 23.759410761000026 ], [ 90.445412920000081, 23.759424188000025 ], [ 90.445375256000034, 23.759043301000077 ], [ 90.444896573000051, 23.759089366000069 ], [ 90.44447794000007, 23.755133279000063 ], [ 90.443784822000055, 23.755121233000068 ], [ 90.443761238000036, 23.754950376000068 ], [ 90.443137299000057, 23.755001474000039 ], [ 90.443096103000073, 23.754451355000072 ], [ 90.442736547000038, 23.754486376000045 ], [ 90.442673822000074, 23.754143735000071 ], [ 90.44256931700005, 23.754105321000054 ], [ 90.442532795000034, 23.753924385000062 ], [ 90.442408275000048, 23.753934661000073 ], [ 90.442300411000076, 23.752044432000048 ], [ 90.442356721000067, 23.751745610000057 ], [ 90.442197348000036, 23.751048162000075 ], [ 90.44223063700008, 23.75072332600007 ], [ 90.44209998000008, 23.750718841000037 ], [ 90.44196443900006, 23.749931618000062 ], [ 90.441343805000031, 23.749917804000063 ], [ 90.441343929000084, 23.749735873000077 ], [ 90.441175897000051, 23.749715832000049 ], [ 90.440215399000067, 23.749759233000077 ], [ 90.440210242000035, 23.75029310900004 ], [ 90.439983891000054, 23.750289631000044 ], [ 90.439983504000054, 23.750457237000035 ], [ 90.43977079800004, 23.750451955000074 ], [ 90.439766022000072, 23.750621703000036 ], [ 90.439596577000032, 23.750623435000023 ], [ 90.43959385800008, 23.750791135000043 ], [ 90.439416472000062, 23.750787944000024 ], [ 90.439426198000035, 23.751122595000027 ], [ 90.43922208400005, 23.751120578000041 ], [ 90.439289909000081, 23.751469121000071 ], [ 90.439423361000081, 23.751470095000059 ], [ 90.439397856000085, 23.752007166000055 ], [ 90.43850365600008, 23.75199959400004 ], [ 90.438507141000059, 23.752171485000076 ], [ 90.438163430000031, 23.752108294000038 ], [ 90.43811660700004, 23.752237674000071 ], [ 90.437746281000045, 23.752205951000064 ], [ 90.437526352000077, 23.752298855000049 ], [ 90.437096039000039, 23.752084014000047 ], [ 90.436746222000068, 23.751512634000051 ], [ 90.436629, 23.751514641000028 ], [ 90.436576580000064, 23.751617072000045 ], [ 90.436238652000043, 23.751501413000028 ], [ 90.432509252000045, 23.752533220000032 ], [ 90.43246673200008, 23.752384666000069 ], [ 90.431830459000082, 23.752485671000045 ], [ 90.431069089000061, 23.75238689300005 ], [ 90.431096345000071, 23.752163693000057 ], [ 90.430612866000047, 23.752018595000038 ], [ 90.430481600000064, 23.752406527000062 ], [ 90.430095643000072, 23.752356374000044 ], [ 90.429592837000087, 23.752145484000039 ], [ 90.429367713000033, 23.752546470000027 ], [ 90.428819860000033, 23.752542348000077 ], [ 90.428780292000056, 23.752404796000064 ], [ 90.427775690000033, 23.752142244000026 ], [ 90.427718583000058, 23.752496925000059 ], [ 90.426849976000085, 23.752395453000076 ], [ 90.426848131000042, 23.75345642800005 ], [ 90.426715133000073, 23.754502004000074 ], [ 90.426938951000068, 23.754508205000036 ], [ 90.426963012000044, 23.754648049000025 ], [ 90.426883607000036, 23.754781501000025 ], [ 90.426952100000051, 23.755279103000078 ], [ 90.426883609000072, 23.755317476000073 ], [ 90.426787872000034, 23.755919321000079 ], [ 90.426944552000066, 23.755988173000048 ], [ 90.426846495000063, 23.756418706000034 ], [ 90.426706697000043, 23.756401014000062 ], [ 90.426559802000043, 23.756794025000033 ], [ 90.426427235000062, 23.756785225000044 ], [ 90.426378843000066, 23.757162197000071 ], [ 90.426110245000075, 23.757941300000027 ], [ 90.426598896000087, 23.758019513000079 ], [ 90.427360376000081, 23.758303380000029 ], [ 90.427500476000034, 23.757940680000047 ], [ 90.429256474000056, 23.758753680000041 ], [ 90.430305476000058, 23.760997379000059 ], [ 90.431082562000086, 23.760771485000078 ], [ 90.431149814000037, 23.760973580000041 ], [ 90.431252559000086, 23.760949634000042 ], [ 90.431313670000065, 23.761135730000035 ], [ 90.431427142000075, 23.761102815000072 ], [ 90.43149298600008, 23.761280653000028 ], [ 90.431599107000068, 23.761247127000047 ], [ 90.431678766000061, 23.761461069000063 ], [ 90.431996775000073, 23.761375078000071 ], [ 90.432102926000084, 23.761817755000038 ], [ 90.432488803000069, 23.762736332000031 ], [ 90.432673926000064, 23.762953128000049 ], [ 90.433066999000062, 23.763735036000071 ], [ 90.433822940000084, 23.763570156000071 ], [ 90.433824704000074, 23.763427167000032 ], [ 90.435724255000082, 23.763053753000065 ], [ 90.436671767000064, 23.76301720500004 ], [ 90.437478931000044, 23.762646850000067 ] ] ] } },
{ "type": "Feature", "properties": { "matched_key": "U_30262036074", "navigation_parent_key": "A_302620", "admin_type": "city_ward", "admin_label": "City Corporation Ward", "map_level": "ward", "admin_rank": 3, "displayable": 1, "geometry_status": "EXACT/GEOMETRY", "location_label": "Ward No. 74 (Part)" }, "geometry": { "type": "Polygon", "coordinates": [ [ [ 90.447687144000042, 23.760093085000051 ], [ 90.447598700000071, 23.759286768000038 ], [ 90.446744488000036, 23.759220434000042 ], [ 90.448521471000049, 23.756345074000023 ], [ 90.449095405000037, 23.755594663000068 ], [ 90.450159764000034, 23.754517561000057 ], [ 90.45000839000005, 23.753722638000056 ], [ 90.44967450300004, 23.752966453000056 ], [ 90.449727125000038, 23.75227527100003 ], [ 90.449659863000079, 23.751575106000075 ], [ 90.449883708000073, 23.751106875000062 ], [ 90.448722929000041, 23.750294583000027 ], [ 90.448430386000041, 23.750352745000043 ], [ 90.448405384000068, 23.750949382000044 ], [ 90.448493715000041, 23.750965854000071 ], [ 90.448504519000039, 23.751227995000079 ], [ 90.448575955000081, 23.751251954000054 ], [ 90.44723005600008, 23.751342721000071 ], [ 90.447162902000059, 23.752195015000041 ], [ 90.446937941000044, 23.752183779000063 ], [ 90.445271440000056, 23.75264237600004 ], [ 90.445106397000075, 23.753025367000077 ], [ 90.444271635000064, 23.754319824000049 ], [ 90.444256676000066, 23.75447975700007 ], [ 90.444018049000078, 23.754532169000072 ], [ 90.443678717000068, 23.754483650000054 ], [ 90.443267881000054, 23.754192604000025 ], [ 90.442703755000082, 23.754242590000047 ], [ 90.442736547000038, 23.754486376000045 ], [ 90.443096103000073, 23.754451355000072 ], [ 90.443137299000057, 23.755001474000039 ], [ 90.443761238000036, 23.754950376000068 ], [ 90.443784822000055, 23.755121233000068 ], [ 90.44447794000007, 23.755133279000063 ], [ 90.444896573000051, 23.759089366000069 ], [ 90.445375256000034, 23.759043301000077 ], [ 90.445412920000081, 23.759424188000025 ], [ 90.445558979000054, 23.759410761000026 ], [ 90.445614229000057, 23.759570050000036 ], [ 90.446061674000077, 23.759540489000074 ], [ 90.446355358000062, 23.75969363300004 ], [ 90.445841246000043, 23.760257990000071 ], [ 90.445961977000081, 23.76038333300005 ], [ 90.446201115000065, 23.760459119000075 ], [ 90.447576975000061, 23.760455138000054 ], [ 90.447687144000042, 23.760093085000051 ] ] ] } },
{ "type": "Feature", "properties": { "matched_key": "U_30262036075", "navigation_parent_key": "A_302620", "admin_type": "city_ward", "admin_label": "City Corporation Ward", "map_level": "ward", "admin_rank": 3, "displayable": 1, "geometry_status": "EXACT/GEOMETRY", "location_label": "Ward No. 75" }, "geometry": { "type": "Polygon", "coordinates": [ [ [ 90.467419731000064, 23.784954875000039 ], [ 90.467778409000061, 23.784899592000045 ], [ 90.468051804000083, 23.784986412000023 ], [ 90.468321410000044, 23.785241223000071 ], [ 90.468915281000079, 23.785280018000037 ], [ 90.470369025000082, 23.784950432000073 ], [ 90.471317831000079, 23.784839151000028 ], [ 90.470934381000063, 23.784316446000048 ], [ 90.47079134300003, 23.783777200000031 ], [ 90.470888617000071, 23.782681732000071 ], [ 90.472334678000038, 23.780690200000038 ], [ 90.472735832000069, 23.780002516000025 ], [ 90.473680351000041, 23.778940578000061 ], [ 90.474442644000078, 23.778378234000058 ], [ 90.475049671000079, 23.778137011000069 ], [ 90.475635355000065, 23.778099079000071 ], [ 90.477128814000082, 23.778205117000027 ], [ 90.477612806000081, 23.778036521000047 ], [ 90.480952293000087, 23.775036455000077 ], [ 90.481374372000062, 23.774551908000035 ], [ 90.483159155000067, 23.771500180000032 ], [ 90.483317799000076, 23.770774838000023 ], [ 90.483232849000046, 23.769530900000063 ], [ 90.482437464000043, 23.767415301000028 ], [ 90.482354034000082, 23.766580071000078 ], [ 90.482429732000071, 23.765317561000074 ], [ 90.482947970000055, 23.763475603000074 ], [ 90.483187717000078, 23.761959678000039 ], [ 90.48216023100008, 23.76117301000005 ], [ 90.481727629000034, 23.761006811000073 ], [ 90.481695368000032, 23.760820523000064 ], [ 90.480395281000085, 23.759992560000057 ], [ 90.478955274000043, 23.759520574000078 ], [ 90.47653663400007, 23.758945464000078 ], [ 90.476032756000052, 23.75875162400007 ], [ 90.475939809000067, 23.758857137000064 ], [ 90.475445540000067, 23.758783986000026 ], [ 90.475427079000042, 23.758268562000069 ], [ 90.475216270000033, 23.758042913000054 ], [ 90.474745750000068, 23.757099344000039 ], [ 90.474569944000052, 23.756144711000047 ], [ 90.474449463000042, 23.754715711000074 ], [ 90.474045218000072, 23.754188555000042 ], [ 90.47404386900007, 23.753815978000034 ], [ 90.474327868000046, 23.752810255000043 ], [ 90.474432189000083, 23.749948929000027 ], [ 90.474314437000032, 23.749102505000053 ], [ 90.473215408000044, 23.74757037300003 ], [ 90.472580791000041, 23.747095857000033 ], [ 90.471552645000031, 23.747004187000073 ], [ 90.47229537700008, 23.74637301000007 ], [ 90.469398262000084, 23.746045473000038 ], [ 90.466712460000053, 23.745457172000044 ], [ 90.463330460000066, 23.745174872000064 ], [ 90.462828269000056, 23.745066050000048 ], [ 90.462880573000064, 23.744769788000042 ], [ 90.462625987000081, 23.744725144000029 ], [ 90.462614490000078, 23.74477775400004 ], [ 90.461823007000078, 23.744736769000042 ], [ 90.460936810000078, 23.744804885000065 ], [ 90.460890752000068, 23.744692764000035 ], [ 90.46071293500006, 23.74471397800005 ], [ 90.460730322000074, 23.74484727600003 ], [ 90.460341471000049, 23.744912836000026 ], [ 90.460374883000043, 23.745245211000054 ], [ 90.459349149000047, 23.745505146000028 ], [ 90.459296479000045, 23.746513377000042 ], [ 90.459174373000053, 23.747012449000067 ], [ 90.458921589000056, 23.747060162000025 ], [ 90.458926794000035, 23.747441510000044 ], [ 90.458579022000038, 23.747328677000041 ], [ 90.45835863700006, 23.747412975000032 ], [ 90.458173262000059, 23.748053910000067 ], [ 90.458524642000043, 23.748170913000024 ], [ 90.458692859000053, 23.749030982000079 ], [ 90.459686602000033, 23.749802268000053 ], [ 90.45451547600004, 23.750760125000056 ], [ 90.454119098000035, 23.750989933000028 ], [ 90.452230545000077, 23.75267395700007 ], [ 90.45128210300004, 23.751837490000071 ], [ 90.450486603000058, 23.751518291000025 ], [ 90.449883708000073, 23.751106875000062 ], [ 90.449659863000079, 23.751575106000075 ], [ 90.449727125000038, 23.75227527100003 ], [ 90.44967450300004, 23.752966453000056 ], [ 90.45000839000005, 23.753722638000056 ], [ 90.450159764000034, 23.754517561000057 ], [ 90.449095405000037, 23.755594663000068 ], [ 90.448521471000049, 23.756345074000023 ], [ 90.446744488000036, 23.759220434000042 ], [ 90.447598700000071, 23.759286768000038 ], [ 90.447687144000042, 23.760093085000051 ], [ 90.447576975000061, 23.760455138000054 ], [ 90.449254042000064, 23.760292543000048 ], [ 90.450489490000052, 23.760432328000036 ], [ 90.450492095000072, 23.760326129000077 ], [ 90.452367823000031, 23.760330919000069 ], [ 90.452675207000084, 23.764499769000054 ], [ 90.448927200000071, 23.764803614000073 ], [ 90.449193832000049, 23.768049198000028 ], [ 90.456447642000057, 23.767502169000068 ], [ 90.457587513000078, 23.767485653000051 ], [ 90.46005862700008, 23.767201450000073 ], [ 90.460597781000047, 23.766932182000062 ], [ 90.460921768000048, 23.766961642000069 ], [ 90.460470315000066, 23.767830096000068 ], [ 90.460429390000058, 23.768227644000035 ], [ 90.460494351000079, 23.768559388000028 ], [ 90.461214706000078, 23.769151116000046 ], [ 90.461204787000042, 23.769295662000047 ], [ 90.459940837000033, 23.770584285000041 ], [ 90.459753222000074, 23.771305177000045 ], [ 90.460123403000068, 23.771392139000056 ], [ 90.460715075000053, 23.771320373000037 ], [ 90.460831898000038, 23.771399059000032 ], [ 90.460843185000044, 23.771642898000039 ], [ 90.460621543000059, 23.771758721000026 ], [ 90.46050636800004, 23.771973584000023 ], [ 90.461100248000037, 23.772527302000071 ], [ 90.461227791000056, 23.772515630000044 ], [ 90.461303789000056, 23.773018956000044 ], [ 90.461820498000066, 23.773256769000056 ], [ 90.462180278000062, 23.773696022000024 ], [ 90.462181835000081, 23.774136342000077 ], [ 90.461466514000051, 23.774633005000055 ], [ 90.459375004000037, 23.774693434000028 ], [ 90.458837437000057, 23.774805680000043 ], [ 90.458719748000078, 23.775354745000072 ], [ 90.459082070000079, 23.776344968000046 ], [ 90.459443232000069, 23.777003256000057 ], [ 90.459745249000036, 23.777937205000057 ], [ 90.460285538000051, 23.778594958000042 ], [ 90.461242800000036, 23.779032430000029 ], [ 90.461962063000044, 23.779470604000039 ], [ 90.462321858000053, 23.779909854000039 ], [ 90.462323416000061, 23.78035017600007 ], [ 90.462087873000087, 23.781396375000043 ], [ 90.462926536000055, 23.781942578000042 ], [ 90.463467453000078, 23.782767415000023 ], [ 90.463473570000076, 23.782936753000058 ], [ 90.464245065000057, 23.782873466000069 ], [ 90.464568694000036, 23.782624102000057 ], [ 90.465263274000051, 23.783532020000052 ], [ 90.465622526000061, 23.783639325000024 ], [ 90.466042466000033, 23.784078385000043 ], [ 90.466283843000042, 23.78484766400004 ], [ 90.466524661000051, 23.785287260000075 ], [ 90.466883722000034, 23.785340371000075 ], [ 90.467419731000064, 23.784954875000039 ] ] ] } },
{ "type": "Feature", "properties": { "matched_key": "U_30262040032", "navigation_parent_key": "A_302620", "admin_type": "city_ward", "admin_label": "City Corporation Ward", "map_level": "ward", "admin_rank": 3, "displayable": 1, "geometry_status": "EXACT/GEOMETRY", "location_label": "Ward No. 32 (Part)" }, "geometry": { "type": "Polygon", "coordinates": [ [ [ 90.405994564000082, 23.711277172000052 ], [ 90.405939014000069, 23.711184797000044 ], [ 90.405865006000056, 23.711213654000062 ], [ 90.405472861000078, 23.710408871000027 ], [ 90.405460079000079, 23.71019728400006 ], [ 90.40567339100005, 23.710042075000047 ], [ 90.405727401000036, 23.709717030000036 ], [ 90.405405288000054, 23.709313028000054 ], [ 90.40509094500004, 23.70824400500004 ], [ 90.403368722000039, 23.709168258000034 ], [ 90.402307670000084, 23.70962939900005 ], [ 90.403075049000051, 23.711149381000041 ], [ 90.403342215000066, 23.712444683000058 ], [ 90.403639714000064, 23.712890482000034 ], [ 90.404000518000032, 23.713219122000055 ], [ 90.40459816300006, 23.713550291000047 ], [ 90.406880350000051, 23.714349579000043 ], [ 90.406893662000073, 23.714046989000053 ], [ 90.406656307000048, 23.712713268000073 ], [ 90.406488638000042, 23.712368311000034 ], [ 90.406201908000071, 23.712210869000046 ], [ 90.406054677000043, 23.711941092000075 ], [ 90.405962870000053, 23.711625524000056 ], [ 90.405994564000082, 23.711277172000052 ] ] ] } },
{ "type": "Feature", "properties": { "matched_key": "U_30262040036", "navigation_parent_key": "A_302620", "admin_type": "city_ward", "admin_label": "City Corporation Ward", "map_level": "ward", "admin_rank": 3, "displayable": 1, "geometry_status": "EXACT/GEOMETRY", "location_label": "Ward No. 36" }, "geometry": { "type": "Polygon", "coordinates": [ [ [ 90.40717466500007, 23.713893213000063 ], [ 90.407230116000051, 23.713519284000029 ], [ 90.407404882000037, 23.713546718000032 ], [ 90.407429643000057, 23.713453789000027 ], [ 90.407662518000052, 23.713570266000033 ], [ 90.40802435900008, 23.713588218000041 ], [ 90.40803399300006, 23.713474285000075 ], [ 90.408315315000038, 23.713451793000047 ], [ 90.408322596000062, 23.713381570000024 ], [ 90.408688289000054, 23.713384822000023 ], [ 90.409037506000061, 23.713283343000057 ], [ 90.40943528400004, 23.712963943000034 ], [ 90.410315276000063, 23.712908593000066 ], [ 90.410603528000081, 23.712793855000029 ], [ 90.410719464000067, 23.713152452000031 ], [ 90.411071465000077, 23.713317553000024 ], [ 90.411157263000064, 23.713435351000044 ], [ 90.411140421000084, 23.713780285000041 ], [ 90.411478244000079, 23.713699097000074 ], [ 90.411657837000064, 23.710890213000027 ], [ 90.411913381000033, 23.709873003000041 ], [ 90.410653163000063, 23.709856352000031 ], [ 90.407775513000047, 23.710057470000038 ], [ 90.407494863000068, 23.709941753000066 ], [ 90.406689363000055, 23.71020485300005 ], [ 90.405730779000066, 23.71088850600006 ], [ 90.405865006000056, 23.711213654000062 ], [ 90.405939014000069, 23.711184797000044 ], [ 90.406014164000055, 23.711340171000074 ], [ 90.405962870000053, 23.711625524000056 ], [ 90.406054677000043, 23.711941092000075 ], [ 90.406201908000071, 23.712210869000046 ], [ 90.406418307000081, 23.712294670000063 ], [ 90.406579309000051, 23.712488669000038 ], [ 90.406850505000079, 23.713888616000077 ], [ 90.40717466500007, 23.713893213000063 ] ] ] } },
{ "type": "Feature", "properties": { "matched_key": "U_30262040037", "navigation_parent_key": "A_302620", "admin_type": "city_ward", "admin_label": "City Corporation Ward", "map_level": "ward", "admin_rank": 3, "displayable": 1, "geometry_status": "EXACT/GEOMETRY", "location_label": "Ward No. 37" }, "geometry": { "type": "Polygon", "coordinates": [ [ [ 90.407461254000054, 23.709953993000056 ], [ 90.407942082000034, 23.710054867000053 ], [ 90.410653163000063, 23.709856352000031 ], [ 90.411963989000071, 23.709874156000069 ], [ 90.412018807000038, 23.709253339000043 ], [ 90.411929708000059, 23.70876873900005 ], [ 90.412344834000066, 23.70865612800003 ], [ 90.412593034000054, 23.708696527000029 ], [ 90.412626034000084, 23.708242828000039 ], [ 90.412460833000068, 23.707012728000052 ], [ 90.412388900000053, 23.704986252000026 ], [ 90.412055165000083, 23.704392698000049 ], [ 90.41199116100006, 23.704435404000037 ], [ 90.411867504000043, 23.704243484000074 ], [ 90.410624295000048, 23.705066486000078 ], [ 90.410714962000043, 23.705240119000052 ], [ 90.410276846000045, 23.705514509000068 ], [ 90.408535483000037, 23.706438172000048 ], [ 90.408216838000044, 23.706305800000052 ], [ 90.407742706000079, 23.706828681000047 ], [ 90.40509094500004, 23.70824400500004 ], [ 90.405405288000054, 23.709313028000054 ], [ 90.405727401000036, 23.709717030000036 ], [ 90.40567339100005, 23.710042075000047 ], [ 90.405460079000079, 23.71019728400006 ], [ 90.405472861000078, 23.710408871000027 ], [ 90.405710863000081, 23.710902073000057 ], [ 90.406689363000055, 23.71020485300005 ], [ 90.407461254000054, 23.709953993000056 ] ] ] } },
{ "type": "Feature", "properties": { "matched_key": "U_30262042023", "navigation_parent_key": "A_302620", "admin_type": "city_ward", "admin_label": "City Corporation Ward", "map_level": "ward", "admin_rank": 3, "displayable": 1, "geometry_status": "EXACT/GEOMETRY", "location_label": "Ward No. 23" }, "geometry": { "type": "Polygon", "coordinates": [ [ [ 90.38290476700007, 23.731300129000033 ], [ 90.382966060000058, 23.726883099000077 ], [ 90.382215014000053, 23.726818255000069 ], [ 90.381682314000045, 23.726410255000076 ], [ 90.381401829000083, 23.726292496000042 ], [ 90.381355814000074, 23.725825760000077 ], [ 90.381420131000084, 23.725169788000073 ], [ 90.380198042000075, 23.725024260000055 ], [ 90.380188230000044, 23.724911493000036 ], [ 90.380058914000074, 23.72492535400005 ], [ 90.380236308000065, 23.724755259000062 ], [ 90.380217501000061, 23.724258377000069 ], [ 90.380367427000067, 23.724264580000067 ], [ 90.380374940000081, 23.724170162000064 ], [ 90.380371807000074, 23.723929732000045 ], [ 90.380218443000047, 23.723932799000067 ], [ 90.380216378000057, 23.723663029000022 ], [ 90.38006071600006, 23.723625760000061 ], [ 90.380640715000084, 23.723003854000069 ], [ 90.381345361000058, 23.722712431000048 ], [ 90.38126941400003, 23.722491519000073 ], [ 90.381170122000071, 23.722512060000042 ], [ 90.38113680400005, 23.72238079300007 ], [ 90.380861456000048, 23.722428416000071 ], [ 90.380732457000079, 23.722053989000074 ], [ 90.380532960000039, 23.722056291000058 ], [ 90.38052570800005, 23.722120353000037 ], [ 90.380123667000078, 23.722224702000062 ], [ 90.380083676000083, 23.722065564000047 ], [ 90.379803381000045, 23.722067555000024 ], [ 90.379794568000079, 23.721961099000055 ], [ 90.379549242000053, 23.721962033000068 ], [ 90.37953230100004, 23.721748673000036 ], [ 90.379278358000079, 23.721762016000071 ], [ 90.379247815000042, 23.721515054000065 ], [ 90.379048328000067, 23.72158644600006 ], [ 90.379005427000038, 23.721505182000044 ], [ 90.379119755000033, 23.721440628000039 ], [ 90.379116113000066, 23.72134154500003 ], [ 90.378853622000065, 23.72104390100003 ], [ 90.379072356000052, 23.720935789000066 ], [ 90.378593139000031, 23.719973401000061 ], [ 90.376770700000066, 23.720913320000022 ], [ 90.374401635000083, 23.722625103000041 ], [ 90.375923156000056, 23.724775575000024 ], [ 90.376294457000085, 23.725731575000054 ], [ 90.376491856000086, 23.725920175000056 ], [ 90.37742531300006, 23.726113354000063 ], [ 90.377354714000035, 23.725407654000037 ], [ 90.378827913000066, 23.72528935400004 ], [ 90.379078213000071, 23.724939154000026 ], [ 90.379351314000075, 23.725268854000035 ], [ 90.379735654000058, 23.726063014000033 ], [ 90.379488234000064, 23.728642828000034 ], [ 90.379432170000086, 23.728645831000051 ], [ 90.379452197000035, 23.729226769000036 ], [ 90.379287029000068, 23.729218411000033 ], [ 90.379144830000087, 23.730547903000058 ], [ 90.380344312000034, 23.731195797000055 ], [ 90.381889365000063, 23.732167498000024 ], [ 90.382700320000083, 23.732264848000057 ], [ 90.38270734200006, 23.731309649000025 ], [ 90.38290476700007, 23.731300129000033 ] ] ] } },
{ "type": "Feature", "properties": { "matched_key": "U_30262042024", "navigation_parent_key": "A_302620", "admin_type": "city_ward", "admin_label": "City Corporation Ward", "map_level": "ward", "admin_rank": 3, "displayable": 1, "geometry_status": "EXACT/GEOMETRY", "location_label": "Ward No. 24" }, "geometry": { "type": "Polygon", "coordinates": [ [ [ 90.379048328000067, 23.72158644600006 ], [ 90.379247815000042, 23.721515054000065 ], [ 90.379226214000084, 23.721338854000066 ], [ 90.379511559000036, 23.721140830000024 ], [ 90.380173839000065, 23.720899129000031 ], [ 90.380741758000056, 23.720439130000045 ], [ 90.382116459000031, 23.719748931000026 ], [ 90.382988159000035, 23.719671032000065 ], [ 90.384433858000079, 23.719206731000043 ], [ 90.385503387000085, 23.718968070000074 ], [ 90.386068257000034, 23.71862733100005 ], [ 90.386465888000032, 23.718545701000039 ], [ 90.386586205000071, 23.717721819000076 ], [ 90.386331293000069, 23.71732740300007 ], [ 90.386746361000064, 23.717039916000033 ], [ 90.388926458000071, 23.716912931000024 ], [ 90.389084657000069, 23.716772631000026 ], [ 90.388816358000042, 23.716654731000062 ], [ 90.388825521000058, 23.716201865000073 ], [ 90.38807857900008, 23.716214131000072 ], [ 90.388043387000039, 23.716396632000055 ], [ 90.387883999000053, 23.716428551000035 ], [ 90.387883094000074, 23.716291856000055 ], [ 90.387117973000045, 23.716268885000034 ], [ 90.38713886000005, 23.716153915000064 ], [ 90.386744982000039, 23.716023997000036 ], [ 90.386696037000036, 23.716115316000071 ], [ 90.386408371000073, 23.716096537000055 ], [ 90.38591686500007, 23.715698896000049 ], [ 90.385452864000058, 23.715100739000036 ], [ 90.385348090000036, 23.715226879000056 ], [ 90.38450485900006, 23.714399831000037 ], [ 90.383234335000054, 23.713561786000071 ], [ 90.382649804000039, 23.713696464000066 ], [ 90.382435354000052, 23.71395667400003 ], [ 90.380984571000056, 23.714337360000059 ], [ 90.38018416400007, 23.714710862000061 ], [ 90.379568763000066, 23.715153764000036 ], [ 90.37927017700008, 23.715793545000054 ], [ 90.379168351000033, 23.716202515000077 ], [ 90.379066786000067, 23.716856446000065 ], [ 90.379292598000063, 23.71687098600006 ], [ 90.379206803000045, 23.717491922000079 ], [ 90.378808602000049, 23.719570223000062 ], [ 90.378593139000031, 23.719973401000061 ], [ 90.379072356000052, 23.720935789000066 ], [ 90.378853622000065, 23.72104390100003 ], [ 90.379116113000066, 23.72134154500003 ], [ 90.379119755000033, 23.721440628000039 ], [ 90.379005427000038, 23.721505182000044 ], [ 90.379048328000067, 23.72158644600006 ] ] ] } },
{ "type": "Feature", "properties": { "matched_key": "U_30262042025", "navigation_parent_key": "A_302620", "admin_type": "city_ward", "admin_label": "City Corporation Ward", "map_level": "ward", "admin_rank": 3, "displayable": 1, "geometry_status": "EXACT/GEOMETRY", "location_label": "Ward No. 25" }, "geometry": { "type": "Polygon", "coordinates": [ [ [ 90.383094414000084, 23.724077455000042 ], [ 90.385153215000059, 23.724066056000026 ], [ 90.385081458000059, 23.723832961000028 ], [ 90.384770277000086, 23.723842445000059 ], [ 90.384753415000034, 23.723734555000078 ], [ 90.384813815000086, 23.723301155000058 ], [ 90.384964015000037, 23.723043356000062 ], [ 90.384871015000044, 23.722353956000063 ], [ 90.384920914000077, 23.721957155000041 ], [ 90.385119315000054, 23.721793855000044 ], [ 90.387039032000075, 23.721788441000058 ], [ 90.387055992000057, 23.721469241000023 ], [ 90.387146792000067, 23.721463067000059 ], [ 90.387142679000078, 23.721340312000052 ], [ 90.387776157000076, 23.721294730000068 ], [ 90.387684069000045, 23.720880088000058 ], [ 90.388032713000086, 23.720875061000072 ], [ 90.388074023000058, 23.72103639200003 ], [ 90.388378227000032, 23.720934845000045 ], [ 90.388400964000084, 23.720692205000034 ], [ 90.388944993000052, 23.720604052000056 ], [ 90.389043380000032, 23.720685203000073 ], [ 90.38920629100005, 23.720667644000059 ], [ 90.389240481000058, 23.720571804000031 ], [ 90.389517506000061, 23.720641884000031 ], [ 90.389565057000084, 23.72057833100007 ], [ 90.38984775800003, 23.719840332000047 ], [ 90.389707583000074, 23.719825185000047 ], [ 90.389998130000038, 23.719262446000073 ], [ 90.390010529000051, 23.719102087000067 ], [ 90.389727515000061, 23.718158907000031 ], [ 90.389543831000083, 23.717039205000049 ], [ 90.389304648000063, 23.716988007000054 ], [ 90.389059184000075, 23.716795224000066 ], [ 90.38874935900003, 23.716941931000065 ], [ 90.386746361000064, 23.717039916000033 ], [ 90.386309858000061, 23.717350331000034 ], [ 90.386586205000071, 23.717721819000076 ], [ 90.386465888000032, 23.718545701000039 ], [ 90.386068257000034, 23.71862733100005 ], [ 90.385503387000085, 23.718968070000074 ], [ 90.384433858000079, 23.719206731000043 ], [ 90.382988159000035, 23.719671032000065 ], [ 90.382116459000031, 23.719748931000026 ], [ 90.380741758000056, 23.720439130000045 ], [ 90.380173839000065, 23.720899129000031 ], [ 90.379621258000043, 23.721077630000025 ], [ 90.379226214000084, 23.721338854000066 ], [ 90.379278358000079, 23.721762016000071 ], [ 90.37953230100004, 23.721748673000036 ], [ 90.379549242000053, 23.721962033000068 ], [ 90.379794568000079, 23.721961099000055 ], [ 90.379803381000045, 23.722067555000024 ], [ 90.380083676000083, 23.722065564000047 ], [ 90.380123667000078, 23.722224702000062 ], [ 90.38052570800005, 23.722120353000037 ], [ 90.380532960000039, 23.722056291000058 ], [ 90.380732457000079, 23.722053989000074 ], [ 90.380861456000048, 23.722428416000071 ], [ 90.38113680400005, 23.72238079300007 ], [ 90.381170122000071, 23.722512060000042 ], [ 90.38126941400003, 23.722491519000073 ], [ 90.381345361000058, 23.722712431000048 ], [ 90.381658837000032, 23.722562049000032 ], [ 90.382022819000042, 23.722518733000072 ], [ 90.382060014000047, 23.723171454000067 ], [ 90.382684116000064, 23.723482255000079 ], [ 90.382795814000076, 23.724174155000071 ], [ 90.383094414000084, 23.724077455000042 ] ] ] } },
{ "type": "Feature", "properties": { "matched_key": "U_30262042026", "navigation_parent_key": "A_302620", "admin_type": "city_ward", "admin_label": "City Corporation Ward", "map_level": "ward", "admin_rank": 3, "displayable": 1, "geometry_status": "EXACT/GEOMETRY", "location_label": "Ward No. 26" }, "geometry": { "type": "Polygon", "coordinates": [ [ [ 90.389414815000066, 23.72715155700007 ], [ 90.388989937000076, 23.72498796800005 ], [ 90.390263799000081, 23.724915941000063 ], [ 90.390224341000078, 23.723861659000079 ], [ 90.390441924000072, 23.723862249000035 ], [ 90.390575108000064, 23.722994160000042 ], [ 90.390576128000077, 23.722211801000071 ], [ 90.390266656000051, 23.722116031000041 ], [ 90.389827267000044, 23.722322338000026 ], [ 90.389745576000053, 23.722039967000057 ], [ 90.389883872000041, 23.721367531000055 ], [ 90.389886599000079, 23.720896785000036 ], [ 90.38970596200005, 23.720905845000061 ], [ 90.38969290600005, 23.720705128000077 ], [ 90.389240481000058, 23.720571804000031 ], [ 90.38920629100005, 23.720667644000059 ], [ 90.389043380000032, 23.720685203000073 ], [ 90.388944993000052, 23.720604052000056 ], [ 90.388676393000082, 23.720630820000054 ], [ 90.388400964000084, 23.720692205000034 ], [ 90.388378227000032, 23.720934845000045 ], [ 90.388074023000058, 23.72103639200003 ], [ 90.388032713000086, 23.720875061000072 ], [ 90.387684069000045, 23.720880088000058 ], [ 90.387776157000076, 23.721294730000068 ], [ 90.387142679000078, 23.721340312000052 ], [ 90.387146792000067, 23.721463067000059 ], [ 90.387055992000057, 23.721469241000023 ], [ 90.387039032000075, 23.721788441000058 ], [ 90.385119315000054, 23.721793855000044 ], [ 90.384920914000077, 23.721957155000041 ], [ 90.384871015000044, 23.722353956000063 ], [ 90.384964015000037, 23.723043356000062 ], [ 90.384813815000086, 23.723301155000058 ], [ 90.384753415000034, 23.723734555000078 ], [ 90.384770277000086, 23.723842445000059 ], [ 90.385081458000059, 23.723832961000028 ], [ 90.385153215000059, 23.724066056000026 ], [ 90.383729315000039, 23.724040855000055 ], [ 90.383094414000084, 23.724077455000042 ], [ 90.382795814000076, 23.724174155000071 ], [ 90.382684116000064, 23.723482255000079 ], [ 90.382060014000047, 23.723171454000067 ], [ 90.382022819000042, 23.722518733000072 ], [ 90.381658837000032, 23.722562049000032 ], [ 90.380860448000078, 23.722878305000052 ], [ 90.380640715000084, 23.723003854000069 ], [ 90.38006071600006, 23.723625760000061 ], [ 90.380216378000057, 23.723663029000022 ], [ 90.380218443000047, 23.723932799000067 ], [ 90.380371807000074, 23.723929732000045 ], [ 90.380374940000081, 23.724170162000064 ], [ 90.380367427000067, 23.724264580000067 ], [ 90.380217501000061, 23.724258377000069 ], [ 90.380236308000065, 23.724755259000062 ], [ 90.380058914000074, 23.72492535400005 ], [ 90.380188230000044, 23.724911493000036 ], [ 90.380198042000075, 23.725024260000055 ], [ 90.381420131000084, 23.725169788000073 ], [ 90.381355814000074, 23.725825760000077 ], [ 90.381401829000083, 23.726292496000042 ], [ 90.381682314000045, 23.726410255000076 ], [ 90.382215014000053, 23.726818255000069 ], [ 90.382966060000058, 23.726883099000077 ], [ 90.38290476700007, 23.731300129000033 ], [ 90.38270734200006, 23.731309649000025 ], [ 90.382700320000083, 23.732264848000057 ], [ 90.385032680000052, 23.732369705000053 ], [ 90.387056413000039, 23.73261982300005 ], [ 90.386984931000086, 23.732227886000032 ], [ 90.386997531000077, 23.731368974000077 ], [ 90.387454157000036, 23.729958599000042 ], [ 90.388183944000048, 23.728905369000074 ], [ 90.389594767000062, 23.72747888300006 ], [ 90.389414815000066, 23.72715155700007 ] ] ] } },
{ "type": "Feature", "properties": { "matched_key": "U_30262054008", "navigation_parent_key": "A_302620", "admin_type": "city_ward", "admin_label": "City Corporation Ward", "map_level": "ward", "admin_rank": 3, "displayable": 1, "geometry_status": "EXACT/GEOMETRY", "location_label": "Ward No. 08" }, "geometry": { "type": "Polygon", "coordinates": [ [ [ 90.426703390000057, 23.74057016200004 ], [ 90.426978996000059, 23.740633555000045 ], [ 90.427219698000044, 23.740176015000031 ], [ 90.428138089000072, 23.739187660000027 ], [ 90.428434957000036, 23.738673020000078 ], [ 90.428648001000056, 23.73435874300003 ], [ 90.428527865000035, 23.731359808000036 ], [ 90.42862931500008, 23.729382908000048 ], [ 90.428537990000052, 23.729386663000071 ], [ 90.428556922000041, 23.729016664000028 ], [ 90.428648945000077, 23.729014536000022 ], [ 90.428751943000066, 23.726454008000076 ], [ 90.42881365900007, 23.722335082000029 ], [ 90.427424451000036, 23.722355665000066 ], [ 90.42723479600005, 23.722255847000042 ], [ 90.427125192000062, 23.722068042000046 ], [ 90.42544601600008, 23.721873114000061 ], [ 90.424638397000081, 23.721542235000072 ], [ 90.423324479000087, 23.721432059000051 ], [ 90.421569170000055, 23.721559589000037 ], [ 90.421653569000057, 23.721869089000052 ], [ 90.421665269000073, 23.722901488000048 ], [ 90.422438852000084, 23.722945821000053 ], [ 90.424110154000061, 23.723209252000061 ], [ 90.424021382000035, 23.723660839000047 ], [ 90.424026494000032, 23.724324234000051 ], [ 90.423758535000047, 23.724378754000043 ], [ 90.423681, 23.724484120000056 ], [ 90.423470154000086, 23.725106061000076 ], [ 90.423612325000079, 23.725870885000063 ], [ 90.423878623000064, 23.726666641000065 ], [ 90.423792644000059, 23.727960393000046 ], [ 90.423605945000077, 23.728207194000049 ], [ 90.423276245000068, 23.728437694000036 ], [ 90.422061208000059, 23.728583053000023 ], [ 90.422064378000073, 23.728986851000059 ], [ 90.422747055000059, 23.72913959400006 ], [ 90.422748563000084, 23.729693587000042 ], [ 90.42290280800006, 23.729698538000036 ], [ 90.422906150000074, 23.729958754000052 ], [ 90.423353282000051, 23.729965883000034 ], [ 90.423341661000052, 23.729756462000068 ], [ 90.424094783000044, 23.729691426000045 ], [ 90.42419820300006, 23.730465998000057 ], [ 90.423912894000068, 23.730569781000042 ], [ 90.423952138000061, 23.730796113000054 ], [ 90.423492863000035, 23.730859030000033 ], [ 90.423265145000073, 23.731003045000023 ], [ 90.423261785000079, 23.730927056000041 ], [ 90.423190915000077, 23.730926533000058 ], [ 90.423050383000032, 23.731058837000035 ], [ 90.422361670000043, 23.730935272000067 ], [ 90.422145292000039, 23.731691597000065 ], [ 90.425339629000064, 23.73233884900003 ], [ 90.424956381000072, 23.733296560000042 ], [ 90.425725718000081, 23.733326480000073 ], [ 90.425577897000039, 23.73732159900004 ], [ 90.425852246000034, 23.738714095000034 ], [ 90.425357528000063, 23.738974554000038 ], [ 90.425378004000038, 23.739346332000025 ], [ 90.425417703000051, 23.739582133000056 ], [ 90.425754902000051, 23.740198633000034 ], [ 90.426069304000066, 23.740500733000033 ], [ 90.426535690000037, 23.740662261000068 ], [ 90.426703390000057, 23.74057016200004 ] ] ] } },
{ "type": "Feature", "properties": { "matched_key": "U_30262054009", "navigation_parent_key": "A_302620", "admin_type": "city_ward", "admin_label": "City Corporation Ward", "map_level": "ward", "admin_rank": 3, "displayable": 1, "geometry_status": "EXACT/GEOMETRY", "location_label": "Ward No. 09" }, "geometry": { "type": "Polygon", "coordinates": [ [ [ 90.418585183000062, 23.734067443000072 ], [ 90.420541388000061, 23.732083333000048 ], [ 90.421347939000043, 23.731029601000046 ], [ 90.421955343000036, 23.729402841000024 ], [ 90.422068177000085, 23.728972360000057 ], [ 90.422061208000059, 23.728583053000023 ], [ 90.423276245000068, 23.728437694000036 ], [ 90.423605945000077, 23.728207194000049 ], [ 90.423792644000059, 23.727960393000046 ], [ 90.423878623000064, 23.726666641000065 ], [ 90.423612325000079, 23.725870885000063 ], [ 90.423470154000086, 23.725106061000076 ], [ 90.423681, 23.724484120000056 ], [ 90.423758535000047, 23.724378754000043 ], [ 90.424026494000032, 23.724324234000051 ], [ 90.424021382000035, 23.723660839000047 ], [ 90.424110154000061, 23.723209252000061 ], [ 90.422438852000084, 23.722945821000053 ], [ 90.421665269000073, 23.722901488000048 ], [ 90.421635170000059, 23.72172858700003 ], [ 90.421548370000039, 23.721538089000035 ], [ 90.42137807000006, 23.721468089000041 ], [ 90.420513248000077, 23.721510592000072 ], [ 90.420351070000038, 23.721699588000035 ], [ 90.416460571000073, 23.722233488000029 ], [ 90.414596221000068, 23.723003680000033 ], [ 90.414684756000042, 23.724823424000078 ], [ 90.414927791000082, 23.725391972000068 ], [ 90.415219391000051, 23.725799171000062 ], [ 90.415252991000045, 23.726081871000076 ], [ 90.415190169000084, 23.731153888000051 ], [ 90.415265268000041, 23.732269789000043 ], [ 90.415445153000064, 23.732791639000027 ], [ 90.414998625000067, 23.732851016000041 ], [ 90.415030592000051, 23.733331787000054 ], [ 90.415215175000071, 23.733332620000056 ], [ 90.415180255000053, 23.73358286000007 ], [ 90.415258766000079, 23.733630014000028 ], [ 90.415825150000046, 23.733596436000028 ], [ 90.417107314000077, 23.735139856000046 ], [ 90.418585183000062, 23.734067443000072 ] ] ] } },
{ "type": "Feature", "properties": { "matched_key": "U_30262054010", "navigation_parent_key": "A_302620", "admin_type": "city_ward", "admin_label": "City Corporation Ward", "map_level": "ward", "admin_rank": 3, "displayable": 1, "geometry_status": "EXACT/GEOMETRY", "location_label": "Ward No. 10" }, "geometry": { "type": "Polygon", "coordinates": [ [ [ 90.422359932000063, 23.730944900000054 ], [ 90.423050383000032, 23.731058837000035 ], [ 90.423190915000077, 23.730926533000058 ], [ 90.423261785000079, 23.730927056000041 ], [ 90.423265145000073, 23.731003045000023 ], [ 90.423492863000035, 23.730859030000033 ], [ 90.423952138000061, 23.730796113000054 ], [ 90.423912894000068, 23.730569781000042 ], [ 90.42419820300006, 23.730465998000057 ], [ 90.424094783000044, 23.729691426000045 ], [ 90.423341661000052, 23.729756462000068 ], [ 90.423353282000051, 23.729965883000034 ], [ 90.422906150000074, 23.729958754000052 ], [ 90.42290280800006, 23.729698538000036 ], [ 90.422748563000084, 23.729693587000042 ], [ 90.422747055000059, 23.72913959400006 ], [ 90.422064378000073, 23.728986851000059 ], [ 90.421790990000034, 23.729957738000053 ], [ 90.421347939000043, 23.731029601000046 ], [ 90.421099990000073, 23.73142221300003 ], [ 90.420541388000061, 23.732083333000048 ], [ 90.418585183000062, 23.734067443000072 ], [ 90.417107314000077, 23.735139856000046 ], [ 90.419848192000075, 23.739925054000025 ], [ 90.420835643000032, 23.739108295000051 ], [ 90.423573262000048, 23.736309468000059 ], [ 90.423929642000076, 23.735730147000027 ], [ 90.424651350000033, 23.734131744000024 ], [ 90.425333479000074, 23.732363572000054 ], [ 90.422145292000039, 23.731691597000065 ], [ 90.422359932000063, 23.730944900000054 ] ] ] } },
{ "type": "Feature", "properties": { "matched_key": "U_30262057006", "navigation_parent_key": "A_302620", "admin_type": "city_ward", "admin_label": "City Corporation Ward", "map_level": "ward", "admin_rank": 3, "displayable": 1, "geometry_status": "EXACT/GEOMETRY", "location_label": "Ward No. 06" }, "geometry": { "type": "Polygon", "coordinates": [ [ [ 90.435171359000037, 23.735030877000042 ], [ 90.435632813000041, 23.735015167000029 ], [ 90.43582458700007, 23.734561202000066 ], [ 90.436182645000031, 23.734577802000047 ], [ 90.436252082000067, 23.734805673000039 ], [ 90.43668081900006, 23.734824135000054 ], [ 90.436690303000034, 23.734681109000064 ], [ 90.43720698900006, 23.734652926000024 ], [ 90.436341799000047, 23.733113614000047 ], [ 90.435505098000078, 23.731224613000052 ], [ 90.435016200000064, 23.729492610000023 ], [ 90.434738525000057, 23.728042879000043 ], [ 90.434669825000071, 23.726884380000058 ], [ 90.434745975000055, 23.725998171000072 ], [ 90.433873918000074, 23.725959903000046 ], [ 90.433946976000072, 23.726541572000031 ], [ 90.433601605000035, 23.726611687000059 ], [ 90.43275617900008, 23.726659214000051 ], [ 90.432034663000081, 23.72653477700004 ], [ 90.432102538000038, 23.725850858000058 ], [ 90.43112089400006, 23.725656285000071 ], [ 90.42998745400007, 23.725610094000047 ], [ 90.430041596000081, 23.724341958000025 ], [ 90.429262150000056, 23.724126048000073 ], [ 90.42877653000005, 23.72410612300007 ], [ 90.428648945000077, 23.729014536000022 ], [ 90.428556922000041, 23.729016664000028 ], [ 90.428537990000052, 23.729386663000071 ], [ 90.42862931500008, 23.729382908000048 ], [ 90.428541779000057, 23.732489915000031 ], [ 90.429378045000078, 23.732478999000023 ], [ 90.429445343000054, 23.733314531000076 ], [ 90.430219825000052, 23.733446201000049 ], [ 90.430284908000033, 23.733155913000076 ], [ 90.430639547000055, 23.733218153000053 ], [ 90.43069805500005, 23.733107342000039 ], [ 90.431498495000085, 23.733229909000045 ], [ 90.431413056000054, 23.733541552000077 ], [ 90.431818001000067, 23.733629753000059 ], [ 90.431885106000038, 23.73330285000003 ], [ 90.432275319000041, 23.733351592000076 ], [ 90.432253138000078, 23.733491509000032 ], [ 90.432378336000056, 23.733525057000065 ], [ 90.432702286000051, 23.733516504000079 ], [ 90.43269829500008, 23.733416215000034 ], [ 90.433079319000058, 23.733307872000069 ], [ 90.433718384000031, 23.733580933000042 ], [ 90.433544217000076, 23.734098329000062 ], [ 90.433785888000045, 23.734171737000054 ], [ 90.433696018000035, 23.734678166000037 ], [ 90.434159240000042, 23.734654097000032 ], [ 90.435060754000062, 23.734783929000059 ], [ 90.435171359000037, 23.735030877000042 ] ] ] } },
{ "type": "Feature", "properties": { "matched_key": "U_30262057007", "navigation_parent_key": "A_302620", "admin_type": "city_ward", "admin_label": "City Corporation Ward", "map_level": "ward", "admin_rank": 3, "displayable": 1, "geometry_status": "EXACT/GEOMETRY", "location_label": "Ward No. 07" }, "geometry": { "type": "Polygon", "coordinates": [ [ [ 90.433873918000074, 23.725959903000046 ], [ 90.43493170000005, 23.726014883000062 ], [ 90.435772229000065, 23.725871916000074 ], [ 90.435773331000064, 23.725813476000042 ], [ 90.436551198000075, 23.725516690000063 ], [ 90.436682097000073, 23.725598214000058 ], [ 90.437202504000084, 23.725061375000053 ], [ 90.437441122000052, 23.725252345000058 ], [ 90.437689401000057, 23.725101650000056 ], [ 90.439360629000078, 23.725470378000068 ], [ 90.439651115000061, 23.725609998000039 ], [ 90.440373804000046, 23.725471723000055 ], [ 90.441069307000078, 23.72548136100005 ], [ 90.441090315000054, 23.724526701000059 ], [ 90.441353604000085, 23.723337424000078 ], [ 90.44149802700008, 23.722150604000035 ], [ 90.441373021000061, 23.722029079000038 ], [ 90.439215706000084, 23.721868002000065 ], [ 90.439060424000047, 23.722002137000061 ], [ 90.438938422000035, 23.722941728000023 ], [ 90.437242448000063, 23.722824285000058 ], [ 90.436679513000058, 23.723044076000065 ], [ 90.436595375000081, 23.722860445000038 ], [ 90.43624929300006, 23.722729328000071 ], [ 90.43549037400004, 23.722598237000057 ], [ 90.435399154000038, 23.722301098000059 ], [ 90.434826776000079, 23.722629744000074 ], [ 90.434448119000081, 23.722692843000061 ], [ 90.43265258200006, 23.722592171000031 ], [ 90.43187535900006, 23.722419779000063 ], [ 90.431769811000038, 23.722248539000077 ], [ 90.431787692000057, 23.721728279000047 ], [ 90.431629833000045, 23.721717248000061 ], [ 90.431558142000085, 23.721386692000067 ], [ 90.43126735900006, 23.720806780000032 ], [ 90.431270037000047, 23.719567558000051 ], [ 90.430572176000055, 23.719468469000049 ], [ 90.429818117000082, 23.719491149000078 ], [ 90.429801651000048, 23.719417109000062 ], [ 90.42959086500008, 23.719359539000038 ], [ 90.429546150000078, 23.719444553000073 ], [ 90.429060952000043, 23.719244673000048 ], [ 90.428791510000053, 23.722677924000038 ], [ 90.42877653000005, 23.72410612300007 ], [ 90.429262150000056, 23.724126048000073 ], [ 90.430041596000081, 23.724341958000025 ], [ 90.42998745400007, 23.725610094000047 ], [ 90.43112089400006, 23.725656285000071 ], [ 90.432102538000038, 23.725850858000058 ], [ 90.432034663000081, 23.72653477700004 ], [ 90.43275617900008, 23.726659214000051 ], [ 90.433946976000072, 23.726541572000031 ], [ 90.433873918000074, 23.725959903000046 ] ] ] } },
{ "type": "Feature", "properties": { "matched_key": "U_30262057071", "navigation_parent_key": "A_302620", "admin_type": "city_ward", "admin_label": "City Corporation Ward", "map_level": "ward", "admin_rank": 3, "displayable": 1, "geometry_status": "EXACT/GEOMETRY", "location_label": "Ward No. 71" }, "geometry": { "type": "Polygon", "coordinates": [ [ [ 90.445324524000057, 23.729031590000034 ], [ 90.445422806000067, 23.728155009000034 ], [ 90.445792706000077, 23.72700681300006 ], [ 90.44572657100008, 23.725878993000038 ], [ 90.445340823000038, 23.724816219000047 ], [ 90.444607568000038, 23.724595564000026 ], [ 90.443855799000062, 23.724952245000054 ], [ 90.443567508000058, 23.724923716000035 ], [ 90.443328652000048, 23.724644396000031 ], [ 90.442848065000078, 23.723598013000071 ], [ 90.441281091000064, 23.723712811000041 ], [ 90.441090315000054, 23.724526701000059 ], [ 90.441069307000078, 23.72548136100005 ], [ 90.440373804000046, 23.725471723000055 ], [ 90.439651115000061, 23.725609998000039 ], [ 90.439360629000078, 23.725470378000068 ], [ 90.437689401000057, 23.725101650000056 ], [ 90.437441122000052, 23.725252345000058 ], [ 90.437202504000084, 23.725061375000053 ], [ 90.436682097000073, 23.725598214000058 ], [ 90.436551198000075, 23.725516690000063 ], [ 90.435773331000064, 23.725813476000042 ], [ 90.435772229000065, 23.725871916000074 ], [ 90.435228191000078, 23.725997076000056 ], [ 90.434743908000087, 23.726010729000052 ], [ 90.434671824000077, 23.727169079000078 ], [ 90.434892464000086, 23.728841164000073 ], [ 90.435549416000072, 23.728820592000034 ], [ 90.436634617000038, 23.729067693000047 ], [ 90.440630917000078, 23.730549091000057 ], [ 90.441931817000068, 23.730896490000077 ], [ 90.442906816000061, 23.731059789000028 ], [ 90.443875116000072, 23.731360589000076 ], [ 90.444431917000031, 23.731423688000064 ], [ 90.444736615000068, 23.731352789000027 ], [ 90.445449418000067, 23.731039889000044 ], [ 90.446371328000055, 23.730316820000041 ], [ 90.445552149000036, 23.729550309000047 ], [ 90.445324524000057, 23.729031590000034 ] ] ] } },
{ "type": "Feature", "properties": { "matched_key": "U_30262057072", "navigation_parent_key": "A_302620", "admin_type": "city_ward", "admin_label": "City Corporation Ward", "map_level": "ward", "admin_rank": 3, "displayable": 1, "geometry_status": "EXACT/GEOMETRY", "location_label": "Ward No. 72" }, "geometry": { "type": "Polygon", "coordinates": [ [ [ 90.447132186000033, 23.734539733000076 ], [ 90.447526776000075, 23.734330973000056 ], [ 90.448101682000072, 23.733540658000038 ], [ 90.449124915000084, 23.732904379000047 ], [ 90.450344080000036, 23.732631975000061 ], [ 90.451109219000045, 23.732814560000065 ], [ 90.452808618000063, 23.733789431000048 ], [ 90.454380330000049, 23.734119400000054 ], [ 90.455692081000052, 23.734342575000028 ], [ 90.456743363000044, 23.734315575000039 ], [ 90.457849965000037, 23.734147403000065 ], [ 90.458740656000032, 23.734256167000069 ], [ 90.460428062000062, 23.730466551000063 ], [ 90.460460931000057, 23.728738594000049 ], [ 90.460660305000033, 23.726908867000077 ], [ 90.457493746000068, 23.724616200000071 ], [ 90.452500020000059, 23.723614904000044 ], [ 90.450171819000047, 23.723310404000074 ], [ 90.446823763000054, 23.72306081000005 ], [ 90.446385887000076, 23.723366548000058 ], [ 90.446121018000042, 23.72373312600007 ], [ 90.445768266000073, 23.724041245000024 ], [ 90.445579601000077, 23.724278889000061 ], [ 90.445449215000053, 23.724703790000035 ], [ 90.445340823000038, 23.724816219000047 ], [ 90.44572657100008, 23.725878993000038 ], [ 90.445792706000077, 23.72700681300006 ], [ 90.445422806000067, 23.728155009000034 ], [ 90.445322024000063, 23.729053883000063 ], [ 90.445552149000036, 23.729550309000047 ], [ 90.446371328000055, 23.730316820000041 ], [ 90.44513181700006, 23.731212790000029 ], [ 90.444431917000031, 23.731423688000064 ], [ 90.443875116000072, 23.731360589000076 ], [ 90.442906816000061, 23.731059789000028 ], [ 90.441931817000068, 23.730896490000077 ], [ 90.440259418000039, 23.730439290000049 ], [ 90.439243217000069, 23.729995890000055 ], [ 90.436634617000038, 23.729067693000047 ], [ 90.435549416000072, 23.728820592000034 ], [ 90.434892464000086, 23.728841164000073 ], [ 90.435505098000078, 23.731224613000052 ], [ 90.436450630000081, 23.733302585000047 ], [ 90.437839731000054, 23.733001913000066 ], [ 90.439453589000038, 23.73306358800005 ], [ 90.440850629000067, 23.732874822000042 ], [ 90.441486960000077, 23.733000668000045 ], [ 90.441486478000058, 23.733084901000041 ], [ 90.441951700000061, 23.733082363000051 ], [ 90.443536347000077, 23.73336783600007 ], [ 90.443505041000037, 23.733575466000048 ], [ 90.444706409000048, 23.733701116000077 ], [ 90.444697892000079, 23.734241135000048 ], [ 90.445541054000046, 23.734412645000077 ], [ 90.447132186000033, 23.734539733000076 ] ] ] } },
{ "type": "Feature", "properties": { "matched_key": "U_30262063018", "navigation_parent_key": "A_302620", "admin_type": "city_ward", "admin_label": "City Corporation Ward", "map_level": "ward", "admin_rank": 3, "displayable": 1, "geometry_status": "EXACT/GEOMETRY", "location_label": "Ward No. 18" }, "geometry": { "type": "Polygon", "coordinates": [ [ [ 90.390191430000073, 23.742702591000068 ], [ 90.39021149000007, 23.742547001000048 ], [ 90.390839318000076, 23.74257711100006 ], [ 90.390858723000065, 23.742468083000063 ], [ 90.390958369000032, 23.74245253600003 ], [ 90.391316097000072, 23.742495417000043 ], [ 90.391405303000056, 23.741755008000041 ], [ 90.391850165000051, 23.741723751000052 ], [ 90.391656452000063, 23.740723898000056 ], [ 90.39134133400006, 23.739728868000043 ], [ 90.390621876000068, 23.738043879000031 ], [ 90.389980600000058, 23.73707225000004 ], [ 90.387772117000054, 23.734304841000039 ], [ 90.387426933000086, 23.733702790000052 ], [ 90.387062546000038, 23.732619806000059 ], [ 90.385032680000052, 23.732369705000053 ], [ 90.38220233800007, 23.732248018000064 ], [ 90.381889365000063, 23.732167498000024 ], [ 90.380344312000034, 23.731195797000055 ], [ 90.379144830000087, 23.730547903000058 ], [ 90.379287029000068, 23.729218411000033 ], [ 90.379452197000035, 23.729226769000036 ], [ 90.379432170000086, 23.728645831000051 ], [ 90.379488234000064, 23.728642828000034 ], [ 90.379735654000058, 23.726063014000033 ], [ 90.379351314000075, 23.725268854000035 ], [ 90.379078213000071, 23.724939154000026 ], [ 90.378827913000066, 23.72528935400004 ], [ 90.377354714000035, 23.725407654000037 ], [ 90.37742531300006, 23.726113354000063 ], [ 90.376991912000051, 23.726071200000035 ], [ 90.376948798000058, 23.726788021000061 ], [ 90.376802596000061, 23.727289721000034 ], [ 90.376345398000069, 23.728140621000023 ], [ 90.376063896000062, 23.728558421000059 ], [ 90.375831897000069, 23.728743819000044 ], [ 90.375412896000057, 23.729712721000055 ], [ 90.371599094000032, 23.731738218000032 ], [ 90.370582469000055, 23.732018974000027 ], [ 90.37064655000006, 23.73205992100003 ], [ 90.370358064000072, 23.733303319000072 ], [ 90.370161128000063, 23.735268259000065 ], [ 90.370355565000068, 23.736391917000049 ], [ 90.370599195000068, 23.736620879000043 ], [ 90.371303497000042, 23.736946612000054 ], [ 90.376459670000031, 23.738289252000072 ], [ 90.377381290000073, 23.738438061000068 ], [ 90.378624855000055, 23.737338373000057 ], [ 90.379910209000059, 23.737686160000067 ], [ 90.381084155000053, 23.737864900000034 ], [ 90.381379606000053, 23.737984592000032 ], [ 90.383545527000081, 23.738405138000076 ], [ 90.383086861000038, 23.740519561000042 ], [ 90.383426346000078, 23.740850662000071 ], [ 90.384092869000085, 23.742522922000035 ], [ 90.384516141000063, 23.74250068200007 ], [ 90.384572141000035, 23.742218281000078 ], [ 90.385547131000067, 23.74232382200006 ], [ 90.385669418000077, 23.742062066000074 ], [ 90.386205320000045, 23.74227423800005 ], [ 90.386272592000068, 23.742276373000038 ], [ 90.38632487600006, 23.742149633000054 ], [ 90.386849292000079, 23.742205296000066 ], [ 90.386845136000034, 23.742297775000054 ], [ 90.387347357000067, 23.742259871000044 ], [ 90.387348075000034, 23.74239119300006 ], [ 90.387726541000063, 23.742527551000023 ], [ 90.388139551000052, 23.742571015000067 ], [ 90.388120832000084, 23.742379279000033 ], [ 90.388474388000077, 23.742392363000079 ], [ 90.388472700000079, 23.742523331000029 ], [ 90.388721530000055, 23.742521064000073 ], [ 90.388725246000035, 23.742609876000074 ], [ 90.389378702000045, 23.742670762000046 ], [ 90.389396600000055, 23.742562948000057 ], [ 90.389943642000048, 23.742598084000065 ], [ 90.38993290600007, 23.742669574000047 ], [ 90.390191430000073, 23.742702591000068 ] ] ] } },
{ "type": "Feature", "properties": { "matched_key": "U_30262065013", "navigation_parent_key": "A_302620", "admin_type": "city_ward", "admin_label": "City Corporation Ward", "map_level": "ward", "admin_rank": 3, "displayable": 1, "geometry_status": "EXACT/GEOMETRY", "location_label": "Ward No. 13" }, "geometry": { "type": "Polygon", "coordinates": [ [ [ 90.419848192000075, 23.739925054000025 ], [ 90.417107314000077, 23.735139856000046 ], [ 90.415825150000046, 23.733596436000028 ], [ 90.415258766000079, 23.733630014000028 ], [ 90.415180255000053, 23.73358286000007 ], [ 90.415215175000071, 23.733332620000056 ], [ 90.415030592000051, 23.733331787000054 ], [ 90.414998625000067, 23.732851016000041 ], [ 90.415445153000064, 23.732791639000027 ], [ 90.415265268000041, 23.732269789000043 ], [ 90.415190169000084, 23.731153888000051 ], [ 90.415252991000045, 23.726081871000076 ], [ 90.415219391000051, 23.725799171000062 ], [ 90.414927791000082, 23.725391972000068 ], [ 90.414684756000042, 23.724823424000078 ], [ 90.414596221000068, 23.723003680000033 ], [ 90.413513470000055, 23.723106388000076 ], [ 90.411943617000077, 23.723056924000048 ], [ 90.411939778000033, 23.722953666000024 ], [ 90.410828840000079, 23.722970676000045 ], [ 90.410788670000045, 23.724948887000039 ], [ 90.411993543000051, 23.724891033000063 ], [ 90.41214185900003, 23.727363616000048 ], [ 90.412118203000034, 23.727544640000076 ], [ 90.411977322000041, 23.72760048400005 ], [ 90.410594366000055, 23.727730514000029 ], [ 90.410182512000063, 23.730197549000025 ], [ 90.410138969000059, 23.730846287000077 ], [ 90.410407359000033, 23.737183375000029 ], [ 90.410237146000043, 23.737196536000056 ], [ 90.410266308000075, 23.738158013000032 ], [ 90.410555802000033, 23.73815483900006 ], [ 90.410538946000031, 23.738726077000024 ], [ 90.410597237000047, 23.738783692000027 ], [ 90.41145576100007, 23.738855466000075 ], [ 90.411449219000076, 23.739993137000056 ], [ 90.410927796000067, 23.740211781000028 ], [ 90.412435741000081, 23.74231665700006 ], [ 90.413154717000054, 23.743089050000037 ], [ 90.414037284000074, 23.743868170000042 ], [ 90.414183520000051, 23.744162993000032 ], [ 90.415175524000063, 23.74349870900005 ], [ 90.419848192000075, 23.739925054000025 ] ] ] } },
{ "type": "Feature", "properties": { "matched_key": "U_30262065019", "navigation_parent_key": "A_302620", "admin_type": "city_ward", "admin_label": "City Corporation Ward", "map_level": "ward", "admin_rank": 3, "displayable": 1, "geometry_status": "EXACT/GEOMETRY", "location_label": "Ward No. 19 (Part)" }, "geometry": { "type": "Polygon", "coordinates": [ [ [ 90.410538946000031, 23.738726077000024 ], [ 90.410555802000033, 23.73815483900006 ], [ 90.410266308000075, 23.738158013000032 ], [ 90.410237203000065, 23.737194962000046 ], [ 90.408849179000072, 23.737466550000079 ], [ 90.410927796000067, 23.740211781000028 ], [ 90.411449219000076, 23.739993137000056 ], [ 90.41145576100007, 23.738855466000075 ], [ 90.410597237000047, 23.738783692000027 ], [ 90.410538946000031, 23.738726077000024 ] ] ] } },
{ "type": "Feature", "properties": { "matched_key": "U_30262065020", "navigation_parent_key": "A_302620", "admin_type": "city_ward", "admin_label": "City Corporation Ward", "map_level": "ward", "admin_rank": 3, "displayable": 1, "geometry_status": "EXACT/GEOMETRY", "location_label": "Ward No. 20 (Part)" }, "geometry": { "type": "Polygon", "coordinates": [ [ [ 90.412118203000034, 23.727544640000076 ], [ 90.411993543000051, 23.724891033000063 ], [ 90.410788670000045, 23.724948887000039 ], [ 90.41079146900006, 23.726664387000028 ], [ 90.410594366000055, 23.727730514000029 ], [ 90.411670973000071, 23.727658657000063 ], [ 90.412118203000034, 23.727544640000076 ] ] ] } },
{ "type": "Feature", "properties": { "matched_key": "U_30262066019", "navigation_parent_key": "A_302620", "admin_type": "city_ward", "admin_label": "City Corporation Ward", "map_level": "ward", "admin_rank": 3, "displayable": 1, "geometry_status": "EXACT/GEOMETRY", "location_label": "Ward No. 19 (Part)" }, "geometry": { "type": "Polygon", "coordinates": [ [ [ 90.412737886000059, 23.749635854000076 ], [ 90.412606803000074, 23.749280900000031 ], [ 90.412412514000039, 23.745496383000045 ], [ 90.414183520000051, 23.744162993000032 ], [ 90.414037284000074, 23.743868170000042 ], [ 90.413154717000054, 23.743089050000037 ], [ 90.412435741000081, 23.74231665700006 ], [ 90.408849179000072, 23.737466550000079 ], [ 90.410407359000033, 23.737183375000029 ], [ 90.410362469000063, 23.735979988000054 ], [ 90.406390768000051, 23.736005687000045 ], [ 90.406428169000037, 23.736426786000038 ], [ 90.406839769000044, 23.737100088000034 ], [ 90.406911191000063, 23.737544107000076 ], [ 90.405615899000054, 23.737524284000074 ], [ 90.405203365000034, 23.73759989000007 ], [ 90.40420271000005, 23.737442295000051 ], [ 90.404119899000079, 23.737773609000044 ], [ 90.403842379000082, 23.738279190000071 ], [ 90.403315160000034, 23.738842185000067 ], [ 90.401890299000058, 23.73981677300003 ], [ 90.400150199000052, 23.740648776000057 ], [ 90.399709825000059, 23.740966571000058 ], [ 90.398681403000069, 23.742045978000078 ], [ 90.395994219000045, 23.741396761000033 ], [ 90.395802017000051, 23.742652366000073 ], [ 90.394762350000065, 23.74588290500003 ], [ 90.400128947000042, 23.747341319000043 ], [ 90.402962114000047, 23.74839505500006 ], [ 90.405285464000031, 23.749129835000076 ], [ 90.406511070000079, 23.749179194000078 ], [ 90.407403713000065, 23.749023892000025 ], [ 90.408019323000076, 23.748808764000046 ], [ 90.409000118000051, 23.748148530000037 ], [ 90.409320032000039, 23.748443182000074 ], [ 90.409420493000084, 23.748293401000069 ], [ 90.410019597000087, 23.748235393000073 ], [ 90.410354262000055, 23.748255660000041 ], [ 90.41035809400006, 23.748387292000075 ], [ 90.410538935000034, 23.748418103000063 ], [ 90.410685647000037, 23.748284205000061 ], [ 90.410806283000056, 23.748361082000031 ], [ 90.410803972000053, 23.748451903000046 ], [ 90.411074050000082, 23.748453311000048 ], [ 90.41115461000004, 23.748950616000059 ], [ 90.411556799000039, 23.748940403000063 ], [ 90.411618831000055, 23.74933379600003 ], [ 90.41108422800005, 23.749445816000048 ], [ 90.411156432000041, 23.749854142000061 ], [ 90.412737886000059, 23.749635854000076 ] ] ] } },
{ "type": "Feature", "properties": { "matched_key": "U_30262068004", "navigation_parent_key": "A_302620", "admin_type": "city_ward", "admin_label": "City Corporation Ward", "map_level": "ward", "admin_rank": 3, "displayable": 1, "geometry_status": "EXACT/GEOMETRY", "location_label": "Ward No. 04" }, "geometry": { "type": "Polygon", "coordinates": [ [ [ 90.440356118000068, 23.747241866000024 ], [ 90.440811822000057, 23.747245618000022 ], [ 90.440881605000072, 23.746551823000061 ], [ 90.441533234000076, 23.746617713000035 ], [ 90.441558028000031, 23.74641366000003 ], [ 90.441979819000039, 23.746428278000053 ], [ 90.442159663000041, 23.746522256000048 ], [ 90.442084223000052, 23.746861081000077 ], [ 90.442230796000047, 23.74676183400004 ], [ 90.442425754000055, 23.746787525000059 ], [ 90.442611796000051, 23.746157332000053 ], [ 90.442992595000078, 23.744064732000027 ], [ 90.443291062000071, 23.743293034000033 ], [ 90.443071296000085, 23.742738093000071 ], [ 90.442558362000057, 23.742407885000034 ], [ 90.44265665100005, 23.742318144000023 ], [ 90.442505425000036, 23.742158352000047 ], [ 90.442103892000034, 23.741332558000067 ], [ 90.442361566000045, 23.741317877000029 ], [ 90.442397969000069, 23.740660952000042 ], [ 90.442728812000041, 23.739912451000066 ], [ 90.441962145000048, 23.739828005000049 ], [ 90.441670354000053, 23.739522937000061 ], [ 90.44123754900005, 23.739345921000051 ], [ 90.441074440000079, 23.73956535700006 ], [ 90.440195414000073, 23.738891034000062 ], [ 90.439570457000059, 23.738021673000048 ], [ 90.439304433000075, 23.738143327000046 ], [ 90.439529134000054, 23.738437245000057 ], [ 90.439308174000075, 23.738844237000023 ], [ 90.438713307000057, 23.738745806000054 ], [ 90.43866575900006, 23.739055330000042 ], [ 90.438254285000085, 23.739019506000034 ], [ 90.438162983000041, 23.739329057000077 ], [ 90.43789416900006, 23.739293174000068 ], [ 90.437935392000043, 23.739199375000055 ], [ 90.437694114000067, 23.739091082000073 ], [ 90.437615936000043, 23.739307233000034 ], [ 90.437768522000056, 23.739330105000079 ], [ 90.43771033400003, 23.73950138400005 ], [ 90.437543792000042, 23.739461405000043 ], [ 90.437492411000051, 23.739620440000067 ], [ 90.437109230000033, 23.73953126400005 ], [ 90.437376731000086, 23.73894116300005 ], [ 90.43710311500007, 23.738868955000044 ], [ 90.436795657000062, 23.738893904000065 ], [ 90.43671635000004, 23.73933751900006 ], [ 90.436455470000055, 23.739220184000033 ], [ 90.43631928700006, 23.739565937000066 ], [ 90.435545966000063, 23.739306940000063 ], [ 90.435502947000032, 23.739423002000024 ], [ 90.435082712000053, 23.739242010000055 ], [ 90.434929598000053, 23.739431901000046 ], [ 90.434629040000061, 23.739239739000027 ], [ 90.43364387400004, 23.739141129000075 ], [ 90.433666149000032, 23.739012148000029 ], [ 90.433378178000055, 23.738948028000038 ], [ 90.433147682000083, 23.739116167000077 ], [ 90.43184175500005, 23.73767612000006 ], [ 90.430851136000058, 23.737126688000046 ], [ 90.430578874000048, 23.737638453000045 ], [ 90.430423488000031, 23.737580302000026 ], [ 90.430111755000041, 23.73800852100004 ], [ 90.429169455000078, 23.738253321000059 ], [ 90.429133866000086, 23.738603259000058 ], [ 90.428447754000047, 23.738543151000044 ], [ 90.428370544000074, 23.738822563000042 ], [ 90.428138089000072, 23.739187660000027 ], [ 90.427465273000053, 23.739852704000043 ], [ 90.427006766000034, 23.74055897900007 ], [ 90.426828914000055, 23.741748422000057 ], [ 90.426712918000078, 23.743540969000037 ], [ 90.427475621000042, 23.743515743000046 ], [ 90.427476521000074, 23.743581198000072 ], [ 90.42762381600005, 23.74363575600006 ], [ 90.429757616000074, 23.743760756000029 ], [ 90.429894416000081, 23.743846655000027 ], [ 90.429891715000053, 23.744288555000026 ], [ 90.430017715000076, 23.744332755000073 ], [ 90.43063791600008, 23.744346255000039 ], [ 90.430941817000075, 23.744273855000074 ], [ 90.431694555000036, 23.743911357000059 ], [ 90.432984804000057, 23.743501475000073 ], [ 90.43359371400004, 23.74314129000004 ], [ 90.434192966000069, 23.742915605000064 ], [ 90.434334573000058, 23.742541132000042 ], [ 90.435397715000079, 23.742695642000058 ], [ 90.435392981000064, 23.742832545000056 ], [ 90.436021766000067, 23.742841807000048 ], [ 90.436690549000048, 23.741790992000062 ], [ 90.437352470000064, 23.742137595000031 ], [ 90.437067052000032, 23.742687150000052 ], [ 90.436967328000037, 23.744508008000025 ], [ 90.437379232000069, 23.744486364000068 ], [ 90.437825833000034, 23.744730664000031 ], [ 90.439082432000077, 23.745078964000072 ], [ 90.439428132000046, 23.745680664000076 ], [ 90.43954880800004, 23.746852232000037 ], [ 90.439731631000086, 23.746928406000052 ], [ 90.439766840000061, 23.747477136000043 ], [ 90.440042297000048, 23.747537434000037 ], [ 90.440356118000068, 23.747241866000024 ] ] ] } },
{ "type": "Feature", "properties": { "matched_key": "U_30262068005", "navigation_parent_key": "A_302620", "admin_type": "city_ward", "admin_label": "City Corporation Ward", "map_level": "ward", "admin_rank": 3, "displayable": 1, "geometry_status": "EXACT/GEOMETRY", "location_label": "Ward No. 05" }, "geometry": { "type": "Polygon", "coordinates": [ [ [ 90.443198571000039, 23.74233322300006 ], [ 90.44364779700004, 23.740149101000043 ], [ 90.44410743800006, 23.740183245000026 ], [ 90.44453055300005, 23.739733282000032 ], [ 90.444664066000087, 23.738705034000077 ], [ 90.44447845500008, 23.738383616000078 ], [ 90.444006655000067, 23.738331517000063 ], [ 90.443329756000082, 23.738394517000074 ], [ 90.443321608000076, 23.738064843000075 ], [ 90.443057116000034, 23.73785059000005 ], [ 90.443251442000076, 23.736316766000073 ], [ 90.443309841000087, 23.734807266000075 ], [ 90.443673250000074, 23.734800391000078 ], [ 90.44391222400003, 23.734459151000067 ], [ 90.444417547000057, 23.734194817000059 ], [ 90.444697892000079, 23.734241135000048 ], [ 90.444706409000048, 23.733701116000077 ], [ 90.443505041000037, 23.733575466000048 ], [ 90.443536347000077, 23.73336783600007 ], [ 90.441951700000061, 23.733082363000051 ], [ 90.441486478000058, 23.733084901000041 ], [ 90.441486960000077, 23.733000668000045 ], [ 90.440850629000067, 23.732874822000042 ], [ 90.439453589000038, 23.73306358800005 ], [ 90.437839731000054, 23.733001913000066 ], [ 90.436450630000081, 23.733302585000047 ], [ 90.43720698900006, 23.734652926000024 ], [ 90.436690303000034, 23.734681109000064 ], [ 90.43668081900006, 23.734824135000054 ], [ 90.436252082000067, 23.734805673000039 ], [ 90.436182645000031, 23.734577802000047 ], [ 90.43582458700007, 23.734561202000066 ], [ 90.435632813000041, 23.735015167000029 ], [ 90.435241577000056, 23.735063899000068 ], [ 90.435060754000062, 23.734783929000059 ], [ 90.434159240000042, 23.734654097000032 ], [ 90.433696018000035, 23.734678166000037 ], [ 90.433785888000045, 23.734171737000054 ], [ 90.433544217000076, 23.734098329000062 ], [ 90.433718384000031, 23.733580933000042 ], [ 90.433079319000058, 23.733307872000069 ], [ 90.43269829500008, 23.733416215000034 ], [ 90.432702286000051, 23.733516504000079 ], [ 90.432378336000056, 23.733525057000065 ], [ 90.432253138000078, 23.733491509000032 ], [ 90.432275319000041, 23.733351592000076 ], [ 90.431885106000038, 23.73330285000003 ], [ 90.431818001000067, 23.733629753000059 ], [ 90.431413056000054, 23.733541552000077 ], [ 90.431498495000085, 23.733229909000045 ], [ 90.43069805500005, 23.733107342000039 ], [ 90.430639547000055, 23.733218153000053 ], [ 90.430284908000033, 23.733155913000076 ], [ 90.430219825000052, 23.733446201000049 ], [ 90.429445343000054, 23.733314531000076 ], [ 90.429378045000078, 23.732478999000023 ], [ 90.428541779000057, 23.732489915000031 ], [ 90.428648001000056, 23.73435874300003 ], [ 90.428447754000047, 23.738543151000044 ], [ 90.429133866000086, 23.738603259000058 ], [ 90.429169455000078, 23.738253321000059 ], [ 90.430111755000041, 23.73800852100004 ], [ 90.430423488000031, 23.737580302000026 ], [ 90.430578874000048, 23.737638453000045 ], [ 90.430851136000058, 23.737126688000046 ], [ 90.43184175500005, 23.73767612000006 ], [ 90.433147682000083, 23.739116167000077 ], [ 90.433378178000055, 23.738948028000038 ], [ 90.433666149000032, 23.739012148000029 ], [ 90.43364387400004, 23.739141129000075 ], [ 90.434629040000061, 23.739239739000027 ], [ 90.434929598000053, 23.739431901000046 ], [ 90.435082712000053, 23.739242010000055 ], [ 90.435502947000032, 23.739423002000024 ], [ 90.435545966000063, 23.739306940000063 ], [ 90.43631928700006, 23.739565937000066 ], [ 90.436455470000055, 23.739220184000033 ], [ 90.43671635000004, 23.73933751900006 ], [ 90.436795657000062, 23.738893904000065 ], [ 90.43710311500007, 23.738868955000044 ], [ 90.437376731000086, 23.73894116300005 ], [ 90.437109230000033, 23.73953126400005 ], [ 90.437492411000051, 23.739620440000067 ], [ 90.437543792000042, 23.739461405000043 ], [ 90.43771033400003, 23.73950138400005 ], [ 90.437768522000056, 23.739330105000079 ], [ 90.437615936000043, 23.739307233000034 ], [ 90.437694114000067, 23.739091082000073 ], [ 90.437935392000043, 23.739199375000055 ], [ 90.43789416900006, 23.739293174000068 ], [ 90.438162983000041, 23.739329057000077 ], [ 90.438254285000085, 23.739019506000034 ], [ 90.43866575900006, 23.739055330000042 ], [ 90.438713307000057, 23.738745806000054 ], [ 90.439308174000075, 23.738844237000023 ], [ 90.439529134000054, 23.738437245000057 ], [ 90.439304433000075, 23.738143327000046 ], [ 90.439570457000059, 23.738021673000048 ], [ 90.440195414000073, 23.738891034000062 ], [ 90.441074440000079, 23.73956535700006 ], [ 90.44123754900005, 23.739345921000051 ], [ 90.441670354000053, 23.739522937000061 ], [ 90.441962145000048, 23.739828005000049 ], [ 90.442728812000041, 23.739912451000066 ], [ 90.442397969000069, 23.740660952000042 ], [ 90.442361566000045, 23.741317877000029 ], [ 90.442103892000034, 23.741332558000067 ], [ 90.442505425000036, 23.742158352000047 ], [ 90.44265665100005, 23.742318144000023 ], [ 90.443198571000039, 23.74233322300006 ] ] ] } },
{ "type": "Feature", "properties": { "matched_key": "U_30262068073", "navigation_parent_key": "A_302620", "admin_type": "city_ward", "admin_label": "City Corporation Ward", "map_level": "ward", "admin_rank": 3, "displayable": 1, "geometry_status": "EXACT/GEOMETRY", "location_label": "Ward No. 73" }, "geometry": { "type": "Polygon", "coordinates": [ [ [ 90.47229537700008, 23.74637301000007 ], [ 90.475976075000062, 23.743397408000078 ], [ 90.474662407000039, 23.741929441000025 ], [ 90.472920624000039, 23.739033347000031 ], [ 90.46936207300007, 23.738633791000041 ], [ 90.46613390400006, 23.734333671000059 ], [ 90.464152455000033, 23.734207479000077 ], [ 90.461784063000039, 23.734334063000063 ], [ 90.45904386400008, 23.734293192000052 ], [ 90.457849965000037, 23.734147403000065 ], [ 90.456743363000044, 23.734315575000039 ], [ 90.455692081000052, 23.734342575000028 ], [ 90.452808618000063, 23.733789431000048 ], [ 90.451109219000045, 23.732814560000065 ], [ 90.450344080000036, 23.732631975000061 ], [ 90.449124915000084, 23.732904379000047 ], [ 90.448101682000072, 23.733540658000038 ], [ 90.447526776000075, 23.734330973000056 ], [ 90.447132186000033, 23.734539733000076 ], [ 90.445541054000046, 23.734412645000077 ], [ 90.444417547000057, 23.734194817000059 ], [ 90.44391222400003, 23.734459151000067 ], [ 90.443673250000074, 23.734800391000078 ], [ 90.443309841000087, 23.734807266000075 ], [ 90.443251442000076, 23.736316766000073 ], [ 90.443057116000034, 23.73785059000005 ], [ 90.443321608000076, 23.738064843000075 ], [ 90.443329756000082, 23.738394517000074 ], [ 90.444006655000067, 23.738331517000063 ], [ 90.44447845500008, 23.738383616000078 ], [ 90.444664066000087, 23.738705034000077 ], [ 90.44453055300005, 23.739733282000032 ], [ 90.44410743800006, 23.740183245000026 ], [ 90.44364779700004, 23.740149101000043 ], [ 90.443198571000039, 23.74233322300006 ], [ 90.442698213000085, 23.742280197000071 ], [ 90.442558362000057, 23.742407885000034 ], [ 90.443071296000085, 23.742738093000071 ], [ 90.443291062000071, 23.743293034000033 ], [ 90.443067194000037, 23.74381733000007 ], [ 90.442870221000078, 23.744648644000051 ], [ 90.444301930000051, 23.744940762000056 ], [ 90.446329629000047, 23.74465026300004 ], [ 90.449244699000076, 23.744598890000077 ], [ 90.449280373000079, 23.744292151000025 ], [ 90.449673530000041, 23.74429980900004 ], [ 90.449757365000039, 23.744223985000076 ], [ 90.450770729000055, 23.744055351000043 ], [ 90.450841199000081, 23.744119503000036 ], [ 90.45145702800005, 23.743988166000065 ], [ 90.45147991400006, 23.743875499000069 ], [ 90.452210311000044, 23.743953058000045 ], [ 90.452332365000075, 23.743597992000048 ], [ 90.452518301000055, 23.743580015000077 ], [ 90.452551654000047, 23.743465204000074 ], [ 90.45276195100007, 23.743466979000061 ], [ 90.452793331000066, 23.743406288000074 ], [ 90.45334626600004, 23.743499693000047 ], [ 90.453400407000061, 23.742328116000067 ], [ 90.454226393000056, 23.742560721000075 ], [ 90.454400794000037, 23.742357148000053 ], [ 90.454864005000047, 23.742613585000072 ], [ 90.457056918000035, 23.743151494000074 ], [ 90.459298197000066, 23.742961276000074 ], [ 90.45968891800004, 23.743018218000032 ], [ 90.460472160000052, 23.743291036000073 ], [ 90.460417759000052, 23.744901138000046 ], [ 90.460730322000074, 23.74484727600003 ], [ 90.46071293500006, 23.74471397800005 ], [ 90.460890752000068, 23.744692764000035 ], [ 90.460936810000078, 23.744804885000065 ], [ 90.461823007000078, 23.744736769000042 ], [ 90.462614490000078, 23.74477775400004 ], [ 90.462625987000081, 23.744725144000029 ], [ 90.462880573000064, 23.744769788000042 ], [ 90.462828269000056, 23.745066050000048 ], [ 90.463330460000066, 23.745174872000064 ], [ 90.467071661000034, 23.745505872000024 ], [ 90.469398262000084, 23.746045473000038 ], [ 90.47206426200006, 23.746361973000035 ], [ 90.47229537700008, 23.74637301000007 ] ] ] } },
{ "type": "Feature", "properties": { "matched_key": "U_30262068074", "navigation_parent_key": "A_302620", "admin_type": "city_ward", "admin_label": "City Corporation Ward", "map_level": "ward", "admin_rank": 3, "displayable": 1, "geometry_status": "EXACT/GEOMETRY", "location_label": "Ward No. 74 (Part)" }, "geometry": { "type": "Polygon", "coordinates": [ [ [ 90.444178632000046, 23.754521902000079 ], [ 90.445271440000056, 23.75264237600004 ], [ 90.446937941000044, 23.752183779000063 ], [ 90.447162902000059, 23.752195015000041 ], [ 90.44723005600008, 23.751342721000071 ], [ 90.448575955000081, 23.751251954000054 ], [ 90.448504519000039, 23.751227995000079 ], [ 90.448493715000041, 23.750965854000071 ], [ 90.448405384000068, 23.750949382000044 ], [ 90.448444950000066, 23.750341152000033 ], [ 90.448722929000041, 23.750294583000027 ], [ 90.450486603000058, 23.751518291000025 ], [ 90.45128210300004, 23.751837490000071 ], [ 90.452230545000077, 23.75267395700007 ], [ 90.454119098000035, 23.750989933000028 ], [ 90.45451547600004, 23.750760125000056 ], [ 90.459686602000033, 23.749802268000053 ], [ 90.458692859000053, 23.749030982000079 ], [ 90.458524642000043, 23.748170913000024 ], [ 90.458173262000059, 23.748053910000067 ], [ 90.45835863700006, 23.747412975000032 ], [ 90.458579022000038, 23.747328677000041 ], [ 90.458926794000035, 23.747441510000044 ], [ 90.458921589000056, 23.747060162000025 ], [ 90.459174373000053, 23.747012449000067 ], [ 90.459296479000045, 23.746513377000042 ], [ 90.459349149000047, 23.745505146000028 ], [ 90.460374883000043, 23.745245211000054 ], [ 90.460472160000052, 23.743291036000073 ], [ 90.45968891800004, 23.743018218000032 ], [ 90.459298197000066, 23.742961276000074 ], [ 90.457056918000035, 23.743151494000074 ], [ 90.454864005000047, 23.742613585000072 ], [ 90.454400794000037, 23.742357148000053 ], [ 90.454226393000056, 23.742560721000075 ], [ 90.453400407000061, 23.742328116000067 ], [ 90.45334626600004, 23.743499693000047 ], [ 90.452793331000066, 23.743406288000074 ], [ 90.45276195100007, 23.743466979000061 ], [ 90.452551654000047, 23.743465204000074 ], [ 90.452518301000055, 23.743580015000077 ], [ 90.452332365000075, 23.743597992000048 ], [ 90.452210311000044, 23.743953058000045 ], [ 90.45147991400006, 23.743875499000069 ], [ 90.45145702800005, 23.743988166000065 ], [ 90.450841199000081, 23.744119503000036 ], [ 90.450770729000055, 23.744055351000043 ], [ 90.449757365000039, 23.744223985000076 ], [ 90.449673530000041, 23.74429980900004 ], [ 90.449280373000079, 23.744292151000025 ], [ 90.449244699000076, 23.744598890000077 ], [ 90.446329629000047, 23.74465026300004 ], [ 90.444301930000051, 23.744940762000056 ], [ 90.442870221000078, 23.744648644000051 ], [ 90.442611796000051, 23.746157332000053 ], [ 90.442298196000081, 23.747265133000042 ], [ 90.44226169500007, 23.748056732000066 ], [ 90.441899319000072, 23.749185277000038 ], [ 90.44183150300006, 23.749170636000031 ], [ 90.441774883000051, 23.749386204000075 ], [ 90.44167139700005, 23.749366988000077 ], [ 90.441540929000041, 23.749933732000045 ], [ 90.44196443900006, 23.749931618000062 ], [ 90.44209998000008, 23.750718841000037 ], [ 90.44223063700008, 23.75072332600007 ], [ 90.442197348000036, 23.751048162000075 ], [ 90.442356721000067, 23.751745610000057 ], [ 90.442300411000076, 23.752044432000048 ], [ 90.442408275000048, 23.753934661000073 ], [ 90.442532795000034, 23.753924385000062 ], [ 90.442550521000044, 23.754075263000061 ], [ 90.442703755000082, 23.754242590000047 ], [ 90.443267881000054, 23.754192604000025 ], [ 90.443678717000068, 23.754483650000054 ], [ 90.444178632000046, 23.754521902000079 ] ] ] } },
{ "type": "Feature", "properties": { "matched_key": "U_30262073011", "navigation_parent_key": "A_302620", "admin_type": "city_ward", "admin_label": "City Corporation Ward", "map_level": "ward", "admin_rank": 3, "displayable": 1, "geometry_status": "EXACT/GEOMETRY", "location_label": "Ward No. 11" }, "geometry": { "type": "Polygon", "coordinates": [ [ [ 90.422415603000047, 23.748472922000076 ], [ 90.423537388000057, 23.748052857000062 ], [ 90.423579977000031, 23.748107874000027 ], [ 90.424039709000056, 23.747871178000025 ], [ 90.424564075000035, 23.747494892000077 ], [ 90.425598209000043, 23.74650164600007 ], [ 90.426356988000066, 23.745322177000048 ], [ 90.426585062000072, 23.744215375000067 ], [ 90.426668840000048, 23.744188265000048 ], [ 90.426828914000055, 23.741748422000057 ], [ 90.426978996000059, 23.740633555000045 ], [ 90.426766390000068, 23.740564061000043 ], [ 90.426535690000037, 23.740662261000068 ], [ 90.426069304000066, 23.740500733000033 ], [ 90.425754902000051, 23.740198633000034 ], [ 90.425417703000051, 23.739582133000056 ], [ 90.425378004000038, 23.739346332000025 ], [ 90.425357528000063, 23.738974554000038 ], [ 90.425852246000034, 23.738714095000034 ], [ 90.425577897000039, 23.73732159900004 ], [ 90.425736568000048, 23.733469841000044 ], [ 90.425725718000081, 23.733326480000073 ], [ 90.425611372000049, 23.733288556000048 ], [ 90.424956381000072, 23.733296560000042 ], [ 90.423929642000076, 23.735730147000027 ], [ 90.423573262000048, 23.736309468000059 ], [ 90.422051946000067, 23.737910051000028 ], [ 90.420123964000084, 23.73973572400007 ], [ 90.416065142000036, 23.742813742000067 ], [ 90.416116704000046, 23.74292207600007 ], [ 90.41625943300005, 23.74297026000005 ], [ 90.416206764000037, 23.743156801000055 ], [ 90.416920940000068, 23.74333880000006 ], [ 90.417071237000073, 23.743017090000023 ], [ 90.417317965000052, 23.743154256000025 ], [ 90.417820679000044, 23.74314951100007 ], [ 90.417835671000034, 23.742953783000075 ], [ 90.418253689000039, 23.742964602000029 ], [ 90.41825668000007, 23.742823319000024 ], [ 90.418849968000075, 23.742839997000033 ], [ 90.418845235000049, 23.742904929000076 ], [ 90.418977503000065, 23.742924484000071 ], [ 90.41904855100006, 23.74314305300004 ], [ 90.41917494900008, 23.743134047000069 ], [ 90.419205400000067, 23.74344863400006 ], [ 90.42046534900004, 23.743718839000053 ], [ 90.420458514000075, 23.744370932000038 ], [ 90.420519112000079, 23.744341493000036 ], [ 90.420555663000073, 23.744675591000032 ], [ 90.420462239000074, 23.745225271000038 ], [ 90.420692306000035, 23.746049061000065 ], [ 90.420397177000041, 23.746387146000075 ], [ 90.420977285000049, 23.746413019000045 ], [ 90.420962213000053, 23.746718136000027 ], [ 90.420702739000035, 23.746714669000028 ], [ 90.420652640000071, 23.746850570000049 ], [ 90.420636873000035, 23.748769114000027 ], [ 90.422415603000047, 23.748472922000076 ] ] ] } },
{ "type": "Feature", "properties": { "matched_key": "U_30262073012", "navigation_parent_key": "A_302620", "admin_type": "city_ward", "admin_label": "City Corporation Ward", "map_level": "ward", "admin_rank": 3, "displayable": 1, "geometry_status": "EXACT/GEOMETRY", "location_label": "Ward No. 12" }, "geometry": { "type": "Polygon", "coordinates": [ [ [ 90.420614441000055, 23.74752187100006 ], [ 90.420702739000035, 23.746714669000028 ], [ 90.420962213000053, 23.746718136000027 ], [ 90.420977285000049, 23.746413019000045 ], [ 90.420397177000041, 23.746387146000075 ], [ 90.420692306000035, 23.746049061000065 ], [ 90.420462239000074, 23.745225271000038 ], [ 90.420555663000073, 23.744675591000032 ], [ 90.420519112000079, 23.744341493000036 ], [ 90.420458514000075, 23.744370932000038 ], [ 90.42046534900004, 23.743718839000053 ], [ 90.419205400000067, 23.74344863400006 ], [ 90.41917494900008, 23.743134047000069 ], [ 90.41904855100006, 23.74314305300004 ], [ 90.418977503000065, 23.742924484000071 ], [ 90.418845235000049, 23.742904929000076 ], [ 90.418849968000075, 23.742839997000033 ], [ 90.41825668000007, 23.742823319000024 ], [ 90.418253689000039, 23.742964602000029 ], [ 90.417835671000034, 23.742953783000075 ], [ 90.417820679000044, 23.74314951100007 ], [ 90.417317965000052, 23.743154256000025 ], [ 90.417071237000073, 23.743017090000023 ], [ 90.416920940000068, 23.74333880000006 ], [ 90.416206764000037, 23.743156801000055 ], [ 90.41625943300005, 23.74297026000005 ], [ 90.416116704000046, 23.74292207600007 ], [ 90.416065142000036, 23.742813742000067 ], [ 90.412412514000039, 23.745496383000045 ], [ 90.412606803000074, 23.749280900000031 ], [ 90.412882275000072, 23.749924074000035 ], [ 90.413498813000047, 23.749749317000067 ], [ 90.420636873000035, 23.748769114000027 ], [ 90.420676641000057, 23.747936270000025 ], [ 90.420614441000055, 23.74752187100006 ] ] ] } },
{ "type": "Feature", "properties": { "matched_key": "U_30262075020", "navigation_parent_key": "A_302620", "admin_type": "city_ward", "admin_label": "City Corporation Ward", "map_level": "ward", "admin_rank": 3, "displayable": 1, "geometry_status": "EXACT/GEOMETRY", "location_label": "Ward No. 20 (Part)" }, "geometry": { "type": "Polygon", "coordinates": [ [ [ 90.398690283000064, 23.742031652000037 ], [ 90.399709825000059, 23.740966571000058 ], [ 90.400150199000052, 23.740648776000057 ], [ 90.401890299000058, 23.73981677300003 ], [ 90.403315160000034, 23.738842185000067 ], [ 90.403842379000082, 23.738279190000071 ], [ 90.404119899000079, 23.737773609000044 ], [ 90.40420271000005, 23.737442295000051 ], [ 90.405203365000034, 23.73759989000007 ], [ 90.405615899000054, 23.737524284000074 ], [ 90.406911191000063, 23.737544107000076 ], [ 90.406839769000044, 23.737100088000034 ], [ 90.406428169000037, 23.736426786000038 ], [ 90.406390768000051, 23.736005687000045 ], [ 90.410362469000063, 23.735979988000054 ], [ 90.410138969000059, 23.730846287000077 ], [ 90.410182512000063, 23.730197549000025 ], [ 90.41079146900006, 23.726664387000028 ], [ 90.410828840000079, 23.722970676000045 ], [ 90.404051071000083, 23.723281587000031 ], [ 90.401653352000039, 23.723725263000063 ], [ 90.395581905000085, 23.724612963000027 ], [ 90.395448426000087, 23.724600358000032 ], [ 90.395781201000034, 23.722856227000022 ], [ 90.395652089000066, 23.722538164000071 ], [ 90.39273776400006, 23.723378835000062 ], [ 90.39255031600004, 23.724160655000048 ], [ 90.392264017000059, 23.724733258000072 ], [ 90.391171515000053, 23.724799856000061 ], [ 90.391129024000065, 23.725057538000044 ], [ 90.390978516000075, 23.725064557000053 ], [ 90.390971390000061, 23.725215731000048 ], [ 90.390352886000073, 23.725210279000066 ], [ 90.390338316000054, 23.724913456000024 ], [ 90.388989937000076, 23.72498796800005 ], [ 90.389414815000066, 23.72715155700007 ], [ 90.389540072000045, 23.72742385600003 ], [ 90.392029713000056, 23.728373453000074 ], [ 90.393821313000046, 23.727937153000028 ], [ 90.395534396000073, 23.727762159000065 ], [ 90.395782070000052, 23.727792986000054 ], [ 90.396563752000077, 23.728407932000039 ], [ 90.397814473000039, 23.727160384000058 ], [ 90.397688429000084, 23.727291924000042 ], [ 90.400280794000082, 23.728025929000069 ], [ 90.399719370000071, 23.728713685000059 ], [ 90.39646907100007, 23.732034886000065 ], [ 90.395847179000043, 23.732635337000033 ], [ 90.395683357000053, 23.732666983000058 ], [ 90.395595571000058, 23.734467626000026 ], [ 90.395632497000065, 23.735512698000036 ], [ 90.39639992900004, 23.735569940000062 ], [ 90.400089115000071, 23.736143952000077 ], [ 90.399517784000068, 23.737140975000045 ], [ 90.399098441000035, 23.737541164000049 ], [ 90.398216844000046, 23.737892356000032 ], [ 90.39758646000007, 23.738044539000043 ], [ 90.395806384000082, 23.738114410000037 ], [ 90.395945027000039, 23.738753880000047 ], [ 90.396092525000086, 23.740312885000037 ], [ 90.395994219000045, 23.741396761000033 ], [ 90.398080478000054, 23.741944643000068 ], [ 90.398690283000064, 23.742031652000037 ] ] ] } },
{ "type": "Feature", "properties": { "matched_key": "U_30262075021", "navigation_parent_key": "A_302620", "admin_type": "city_ward", "admin_label": "City Corporation Ward", "map_level": "ward", "admin_rank": 3, "displayable": 1, "geometry_status": "EXACT/GEOMETRY", "location_label": "Ward No. 21" }, "geometry": { "type": "Polygon", "coordinates": [ [ [ 90.395802017000051, 23.742652366000073 ], [ 90.396094793000032, 23.74073973000003 ], [ 90.396092525000086, 23.740312885000037 ], [ 90.395945027000039, 23.738753880000047 ], [ 90.395806384000082, 23.738114410000037 ], [ 90.39758646000007, 23.738044539000043 ], [ 90.398216844000046, 23.737892356000032 ], [ 90.399098441000035, 23.737541164000049 ], [ 90.399517784000068, 23.737140975000045 ], [ 90.400089115000071, 23.736143952000077 ], [ 90.39639992900004, 23.735569940000062 ], [ 90.395632497000065, 23.735512698000036 ], [ 90.395595571000058, 23.734467626000026 ], [ 90.395683357000053, 23.732666983000058 ], [ 90.395847179000043, 23.732635337000033 ], [ 90.39646907100007, 23.732034886000065 ], [ 90.399719370000071, 23.728713685000059 ], [ 90.400280794000082, 23.728025929000069 ], [ 90.397688429000084, 23.727291924000042 ], [ 90.397814473000039, 23.727160384000058 ], [ 90.396563752000077, 23.728407932000039 ], [ 90.395782070000052, 23.727792986000054 ], [ 90.395534396000073, 23.727762159000065 ], [ 90.393821313000046, 23.727937153000028 ], [ 90.392029713000056, 23.728373453000074 ], [ 90.389998114000036, 23.727557755000078 ], [ 90.389594767000062, 23.72747888300006 ], [ 90.388258143000087, 23.728819568000063 ], [ 90.387521844000048, 23.729818869000042 ], [ 90.386997531000077, 23.731368974000077 ], [ 90.387011036000047, 23.732441741000059 ], [ 90.387426933000086, 23.733702790000052 ], [ 90.387772117000054, 23.734304841000039 ], [ 90.390391387000079, 23.737662840000041 ], [ 90.390621876000068, 23.738043879000031 ], [ 90.39134133400006, 23.739728868000043 ], [ 90.391872849000038, 23.741721435000045 ], [ 90.392994499000054, 23.748671312000056 ], [ 90.393121227000051, 23.749822625000036 ], [ 90.393933997000033, 23.748242137000034 ], [ 90.395802017000051, 23.742652366000073 ] ] ] } },
{ "type": "Feature", "properties": { "matched_key": "U_30262076047", "navigation_parent_key": "A_302620", "admin_type": "city_ward", "admin_label": "City Corporation Ward", "map_level": "ward", "admin_rank": 3, "displayable": 1, "geometry_status": "EXACT/GEOMETRY", "location_label": "Ward No. 47" }, "geometry": { "type": "Polygon", "coordinates": [ [ [ 90.42912259600007, 23.701439739000023 ], [ 90.430830525000033, 23.698430909000024 ], [ 90.429440484000054, 23.697918540000046 ], [ 90.429455780000069, 23.697744578000027 ], [ 90.428947162000043, 23.697898395000038 ], [ 90.42837686200005, 23.697919395000042 ], [ 90.42831656900006, 23.697883220000051 ], [ 90.42830310100004, 23.697448697000027 ], [ 90.427629362000062, 23.697421596000027 ], [ 90.42726637100003, 23.696219384000074 ], [ 90.427019235000046, 23.696333214000049 ], [ 90.426806819000035, 23.696280955000077 ], [ 90.426090540000075, 23.696017943000072 ], [ 90.425637180000081, 23.695706356000073 ], [ 90.424551124000061, 23.695356308000044 ], [ 90.424941371000045, 23.694987216000072 ], [ 90.425445674000059, 23.694256090000067 ], [ 90.426270373000079, 23.693468891000066 ], [ 90.426687551000043, 23.693322711000064 ], [ 90.427637965000031, 23.69329831400006 ], [ 90.427801561000081, 23.691023796000025 ], [ 90.427272163000055, 23.690275396000061 ], [ 90.426470662000042, 23.689555249000023 ], [ 90.425621506000084, 23.690481433000059 ], [ 90.42554132500004, 23.691086828000039 ], [ 90.42169967600006, 23.694949692000023 ], [ 90.420287029000065, 23.696262744000023 ], [ 90.421650363000083, 23.697198196000045 ], [ 90.42213405800004, 23.697728252000047 ], [ 90.422647701000074, 23.697834514000078 ], [ 90.422755297000037, 23.697726217000024 ], [ 90.423535615000048, 23.697991677000061 ], [ 90.423343948000081, 23.69901485500003 ], [ 90.423186815000065, 23.699385010000071 ], [ 90.423221643000034, 23.699811268000076 ], [ 90.423514369000031, 23.699797702000069 ], [ 90.424364495000077, 23.699955472000056 ], [ 90.424474211000074, 23.699517252000078 ], [ 90.42475326400006, 23.699552796000035 ], [ 90.424819453000055, 23.699383211000054 ], [ 90.42545668200006, 23.699473804000036 ], [ 90.425489563000042, 23.700011596000024 ], [ 90.425765664000039, 23.700001395000072 ], [ 90.42581176300007, 23.699237397000047 ], [ 90.426321063000046, 23.699210795000056 ], [ 90.426258563000033, 23.700020496000036 ], [ 90.425817364000068, 23.700219196000035 ], [ 90.425841848000061, 23.700335660000064 ], [ 90.426549782000052, 23.700337746000059 ], [ 90.426493045000086, 23.700529103000065 ], [ 90.426968207000073, 23.700563868000074 ], [ 90.426855247000049, 23.70099547500007 ], [ 90.42659567000004, 23.700982527000065 ], [ 90.426546808000069, 23.701368221000052 ], [ 90.428776699000082, 23.701407202000041 ], [ 90.428840358000059, 23.701298478000069 ], [ 90.429053206000049, 23.701338890000045 ], [ 90.42902095900007, 23.701398725000047 ], [ 90.42912259600007, 23.701439739000023 ] ] ] } },
{ "type": "Feature", "properties": { "matched_key": "U_30262076051", "navigation_parent_key": "A_302620", "admin_type": "city_ward", "admin_label": "City Corporation Ward", "map_level": "ward", "admin_rank": 3, "displayable": 1, "geometry_status": "EXACT/GEOMETRY", "location_label": "Ward No. 51" }, "geometry": { "type": "Polygon", "coordinates": [ [ [ 90.436033881000071, 23.702348703000041 ], [ 90.436662801000068, 23.702353218000042 ], [ 90.437759891000042, 23.702619397000035 ], [ 90.437777703000052, 23.702509296000073 ], [ 90.438361990000033, 23.702542340000036 ], [ 90.438488668000048, 23.701813229000038 ], [ 90.438756875000081, 23.701064830000064 ], [ 90.438202133000061, 23.700938348000022 ], [ 90.438364045000071, 23.700508047000028 ], [ 90.438137622000056, 23.700447720000057 ], [ 90.437482125000031, 23.700294836000069 ], [ 90.437423075000083, 23.700533292000046 ], [ 90.436365414000079, 23.70031046400004 ], [ 90.435714474000065, 23.700337040000022 ], [ 90.435785295000073, 23.699890934000052 ], [ 90.433043396000073, 23.699617519000071 ], [ 90.43262844000003, 23.699643517000027 ], [ 90.432549465000079, 23.699865732000035 ], [ 90.431707601000085, 23.699652800000024 ], [ 90.431154660000061, 23.699600928000052 ], [ 90.431101037000076, 23.699707655000054 ], [ 90.43018975800004, 23.699508820000062 ], [ 90.428161055000032, 23.703207958000064 ], [ 90.426279270000066, 23.706338382000069 ], [ 90.425785798000049, 23.707303956000032 ], [ 90.425440152000078, 23.708291704000032 ], [ 90.425245503000042, 23.710091956000042 ], [ 90.425830706000056, 23.709953460000065 ], [ 90.427169208000066, 23.709240860000023 ], [ 90.428455109000083, 23.708326860000057 ], [ 90.429483210000058, 23.707764661000056 ], [ 90.430313010000077, 23.706682460000025 ], [ 90.430802910000068, 23.706272759000058 ], [ 90.431476111000052, 23.705832060000034 ], [ 90.432628111000042, 23.705338360000042 ], [ 90.433033113000079, 23.705082959000038 ], [ 90.433236095000041, 23.704705469000032 ], [ 90.433190593000063, 23.704022733000045 ], [ 90.433428814000081, 23.703629059000036 ], [ 90.433872714000074, 23.703423960000066 ], [ 90.435291154000083, 23.703045029000066 ], [ 90.435340755000084, 23.702624350000065 ], [ 90.436033881000071, 23.702348703000041 ] ] ] } },
{ "type": "Feature", "properties": { "matched_key": "U_30262076054", "navigation_parent_key": "A_302620", "admin_type": "city_ward", "admin_label": "City Corporation Ward", "map_level": "ward", "admin_rank": 3, "displayable": 1, "geometry_status": "EXACT/GEOMETRY", "location_label": "Ward No. 54" }, "geometry": { "type": "Polygon", "coordinates": [ [ [ 90.435790632000078, 23.69985659300005 ], [ 90.436083192000069, 23.697822267000049 ], [ 90.436132805000057, 23.697132053000075 ], [ 90.436058339000056, 23.696200218000058 ], [ 90.435900623000066, 23.695597221000071 ], [ 90.435483976000057, 23.694663518000027 ], [ 90.435168287000067, 23.694160144000023 ], [ 90.434465927000076, 23.693404463000036 ], [ 90.437556909000079, 23.690086206000046 ], [ 90.437237356000082, 23.689792925000063 ], [ 90.437318557000083, 23.689366025000027 ], [ 90.437364863000084, 23.687973740000075 ], [ 90.437510438000061, 23.687976061000029 ], [ 90.437509983000041, 23.687844958000028 ], [ 90.436969450000049, 23.687836447000052 ], [ 90.436968928000056, 23.687679114000048 ], [ 90.436284111000077, 23.687651690000052 ], [ 90.436273877000076, 23.687708171000054 ], [ 90.435638444000062, 23.687769093000043 ], [ 90.435629043000063, 23.687946556000043 ], [ 90.433481776000065, 23.687932792000026 ], [ 90.430834449000031, 23.690516862000038 ], [ 90.428124577000062, 23.688094696000064 ], [ 90.426470662000042, 23.689555249000023 ], [ 90.427272163000055, 23.690275396000061 ], [ 90.427801561000081, 23.691023796000025 ], [ 90.427637965000031, 23.69329831400006 ], [ 90.426687551000043, 23.693322711000064 ], [ 90.426270373000079, 23.693468891000066 ], [ 90.425445674000059, 23.694256090000067 ], [ 90.424941371000045, 23.694987216000072 ], [ 90.424551124000061, 23.695356308000044 ], [ 90.425637180000081, 23.695706356000073 ], [ 90.426090540000075, 23.696017943000072 ], [ 90.426806819000035, 23.696280955000077 ], [ 90.427019235000046, 23.696333214000049 ], [ 90.42726637100003, 23.696219384000074 ], [ 90.427629362000062, 23.697421596000027 ], [ 90.42830310100004, 23.697448697000027 ], [ 90.42831656900006, 23.697883220000051 ], [ 90.42837686200005, 23.697919395000042 ], [ 90.428947162000043, 23.697898395000038 ], [ 90.429455780000069, 23.697744578000027 ], [ 90.429440484000054, 23.697918540000046 ], [ 90.430830525000033, 23.698430909000024 ], [ 90.43018975800004, 23.699508820000062 ], [ 90.431101037000076, 23.699707655000054 ], [ 90.431154660000061, 23.699600928000052 ], [ 90.431707601000085, 23.699652800000024 ], [ 90.432549465000079, 23.699865732000035 ], [ 90.43262844000003, 23.699643517000027 ], [ 90.433043396000073, 23.699617519000071 ], [ 90.435790632000078, 23.69985659300005 ] ] ] } },
{ "type": "Feature", "properties": { "matched_key": "U_30262080017", "navigation_parent_key": "A_302620", "admin_type": "city_ward", "admin_label": "City Corporation Ward", "map_level": "ward", "admin_rank": 3, "displayable": 1, "geometry_status": "EXACT/GEOMETRY", "location_label": "Ward No. 17 (Part)" }, "geometry": { "type": "Polygon", "coordinates": [ [ [ 90.379418371000042, 23.75850769300007 ], [ 90.379684304000079, 23.756939913000053 ], [ 90.380395233000058, 23.756967517000078 ], [ 90.380394249000062, 23.756628806000037 ], [ 90.380653058000064, 23.756623650000051 ], [ 90.380614343000047, 23.756386644000031 ], [ 90.381199492000064, 23.756096673000059 ], [ 90.381252485000061, 23.755949160000057 ], [ 90.381370417000085, 23.755910578000055 ], [ 90.380997411000067, 23.75505778400003 ], [ 90.380687403000081, 23.755146763000027 ], [ 90.38058495100006, 23.754715716000078 ], [ 90.380909219000046, 23.754653947000065 ], [ 90.380878676000066, 23.754274661000068 ], [ 90.380590383000083, 23.754245942000068 ], [ 90.380530259000068, 23.753782599000033 ], [ 90.380654050000032, 23.75377304400007 ], [ 90.38057189500006, 23.753177975000028 ], [ 90.380652246000068, 23.753180034000025 ], [ 90.380648240000085, 23.753085282000029 ], [ 90.380507212000055, 23.753090581000038 ], [ 90.38045003700006, 23.752279675000068 ], [ 90.37816256900004, 23.751410778000036 ], [ 90.374167048000061, 23.758319527000026 ], [ 90.379418371000042, 23.75850769300007 ] ] ] } },
{ "type": "Feature", "properties": { "matched_key": "U_30262088042", "navigation_parent_key": "A_302620", "admin_type": "city_ward", "admin_label": "City Corporation Ward", "map_level": "ward", "admin_rank": 3, "displayable": 1, "geometry_status": "EXACT/GEOMETRY", "location_label": "Ward No. 42" }, "geometry": { "type": "Polygon", "coordinates": [ [ [ 90.413316661000067, 23.713678595000033 ], [ 90.413617061000082, 23.713496894000059 ], [ 90.414407862000076, 23.712574294000035 ], [ 90.41806656600005, 23.710408039000072 ], [ 90.417479694000065, 23.709409737000044 ], [ 90.417707495000059, 23.708942236000041 ], [ 90.417792593000058, 23.708100236000064 ], [ 90.417994108000073, 23.707209103000025 ], [ 90.417597250000085, 23.707199034000041 ], [ 90.417547814000045, 23.707088239000029 ], [ 90.416900965000082, 23.707249387000047 ], [ 90.416471543000057, 23.707223080000063 ], [ 90.416511492000041, 23.708066694000024 ], [ 90.415054351000038, 23.708080356000039 ], [ 90.414781947000051, 23.708032701000036 ], [ 90.414706376000083, 23.707896084000026 ], [ 90.412606069000049, 23.708558111000059 ], [ 90.412593034000054, 23.708696527000029 ], [ 90.412344834000066, 23.70865612800003 ], [ 90.411929708000059, 23.70876873900005 ], [ 90.412018807000038, 23.709253339000043 ], [ 90.412002708000045, 23.709685538000031 ], [ 90.411823961000039, 23.710099427000046 ], [ 90.411657837000064, 23.710890213000027 ], [ 90.411478244000079, 23.713699097000074 ], [ 90.413316661000067, 23.713678595000033 ] ] ] } },
{ "type": "Feature", "properties": { "matched_key": "U_30262088043", "navigation_parent_key": "A_302620", "admin_type": "city_ward", "admin_label": "City Corporation Ward", "map_level": "ward", "admin_rank": 3, "displayable": 1, "geometry_status": "EXACT/GEOMETRY", "location_label": "Ward No. 43" }, "geometry": { "type": "Polygon", "coordinates": [ [ [ 90.41467461700006, 23.707907521000038 ], [ 90.414781947000051, 23.708032701000036 ], [ 90.415054351000038, 23.708080356000039 ], [ 90.416511492000041, 23.708066694000024 ], [ 90.416471543000057, 23.707223080000063 ], [ 90.416900965000082, 23.707249387000047 ], [ 90.417547814000045, 23.707088239000029 ], [ 90.417597250000085, 23.707199034000041 ], [ 90.417994108000073, 23.707209103000025 ], [ 90.418038653000053, 23.70581263400004 ], [ 90.417942617000051, 23.70581013900005 ], [ 90.417942422000067, 23.70574946000005 ], [ 90.418041195000058, 23.705732498000032 ], [ 90.418399874000045, 23.703446108000037 ], [ 90.417767129000083, 23.703435653000042 ], [ 90.417271981000056, 23.703579630000036 ], [ 90.417218886000057, 23.703233656000066 ], [ 90.416788126000085, 23.703219911000076 ], [ 90.416905501000031, 23.703026416000057 ], [ 90.416915623000079, 23.702781190000053 ], [ 90.416826613000069, 23.702399736000075 ], [ 90.416707831000053, 23.702410254000029 ], [ 90.416597133000039, 23.70170261800007 ], [ 90.417001506000076, 23.701733858000068 ], [ 90.417301394000049, 23.701854691000051 ], [ 90.417266087000087, 23.701980240000069 ], [ 90.417557715000044, 23.702336743000046 ], [ 90.418522723000081, 23.702244414000063 ], [ 90.418518804000087, 23.702332475000048 ], [ 90.419257603000062, 23.702329082000062 ], [ 90.419239066000046, 23.702092032000053 ], [ 90.419196572000033, 23.701839235000023 ], [ 90.419017441000051, 23.701611650000075 ], [ 90.418776559000037, 23.701436169000033 ], [ 90.417791247000082, 23.701016563000053 ], [ 90.417363628000032, 23.69995414400006 ], [ 90.417156876000035, 23.699907279000058 ], [ 90.414604472000065, 23.702357425000059 ], [ 90.414483649000033, 23.702341939000064 ], [ 90.411867504000043, 23.704243484000074 ], [ 90.41199116100006, 23.704435404000037 ], [ 90.412055165000083, 23.704392698000049 ], [ 90.412388900000053, 23.704986252000026 ], [ 90.412460833000068, 23.707012728000052 ], [ 90.412606069000049, 23.708558111000059 ], [ 90.41467461700006, 23.707907521000038 ] ] ] } },
{ "type": "Feature", "properties": { "matched_key": "U_30262088044", "navigation_parent_key": "A_302620", "admin_type": "city_ward", "admin_label": "City Corporation Ward", "map_level": "ward", "admin_rank": 3, "displayable": 1, "geometry_status": "EXACT/GEOMETRY", "location_label": "Ward No. 44 (Part)" }, "geometry": { "type": "Polygon", "coordinates": [ [ [ 90.418360064000069, 23.709246118000067 ], [ 90.418576927000061, 23.709217361000071 ], [ 90.418631219000076, 23.709313764000058 ], [ 90.418948887000056, 23.709258378000072 ], [ 90.419025063000049, 23.709522590000063 ], [ 90.419394561000047, 23.709151392000024 ], [ 90.419882761000054, 23.708836990000066 ], [ 90.420218167000087, 23.70843228800004 ], [ 90.419926392000036, 23.706475935000071 ], [ 90.419196193000062, 23.704839434000064 ], [ 90.419156286000032, 23.704375617000039 ], [ 90.419365337000045, 23.702443724000034 ], [ 90.419265704000054, 23.702443027000072 ], [ 90.419257603000062, 23.702329082000062 ], [ 90.418518804000087, 23.702332475000048 ], [ 90.418522723000081, 23.702244414000063 ], [ 90.417557715000044, 23.702336743000046 ], [ 90.417266087000087, 23.701980240000069 ], [ 90.417301394000049, 23.701854691000051 ], [ 90.417001506000076, 23.701733858000068 ], [ 90.416597133000039, 23.70170261800007 ], [ 90.416707831000053, 23.702410254000029 ], [ 90.416826613000069, 23.702399736000075 ], [ 90.416915623000079, 23.702781190000053 ], [ 90.416905501000031, 23.703026416000057 ], [ 90.416788126000085, 23.703219911000076 ], [ 90.417218886000057, 23.703233656000066 ], [ 90.417271981000056, 23.703579630000036 ], [ 90.417767129000083, 23.703435653000042 ], [ 90.418399874000045, 23.703446108000037 ], [ 90.418041195000058, 23.705732498000032 ], [ 90.417942422000067, 23.70574946000005 ], [ 90.417942617000051, 23.70581013900005 ], [ 90.418038653000053, 23.70581263400004 ], [ 90.417992794000043, 23.707218437000051 ], [ 90.417792593000058, 23.708100236000064 ], [ 90.417707495000059, 23.708942236000041 ], [ 90.417479694000065, 23.709409737000044 ], [ 90.417818669000042, 23.709986430000072 ], [ 90.418550812000035, 23.70960608300004 ], [ 90.418360064000069, 23.709246118000067 ] ] ] } },
{ "type": "Feature", "properties": { "matched_key": "U_30262098038", "navigation_parent_key": "A_302620", "admin_type": "city_ward", "admin_label": "City Corporation Ward", "map_level": "ward", "admin_rank": 3, "displayable": 1, "geometry_status": "EXACT/GEOMETRY", "location_label": "Ward No. 38" }, "geometry": { "type": "Polygon", "coordinates": [ [ [ 90.416327544000069, 23.721949163000033 ], [ 90.416349311000033, 23.721426428000029 ], [ 90.416235892000032, 23.72142810400004 ], [ 90.416228427000078, 23.72113936900007 ], [ 90.416094068000064, 23.720974612000077 ], [ 90.416096906000064, 23.720887135000055 ], [ 90.416201244000035, 23.720883987000036 ], [ 90.416108488000077, 23.720611076000068 ], [ 90.416144582000072, 23.720201745000054 ], [ 90.416055602000085, 23.720124357000032 ], [ 90.41613600900007, 23.720053806000067 ], [ 90.416125678000071, 23.719865632000051 ], [ 90.41587910800007, 23.718649539000069 ], [ 90.415973399000052, 23.718624925000029 ], [ 90.41593550500005, 23.718462679000027 ], [ 90.416038316000083, 23.718447345000072 ], [ 90.415929155000072, 23.717417992000037 ], [ 90.415844049000043, 23.717417088000047 ], [ 90.415924569000083, 23.717147973000067 ], [ 90.41598633600006, 23.717144275000067 ], [ 90.415982616000065, 23.71675341200006 ], [ 90.416116071000033, 23.71674501800004 ], [ 90.416079554000078, 23.716290566000055 ], [ 90.416329666000081, 23.716249770000047 ], [ 90.416293479000046, 23.715700564000031 ], [ 90.416126402000032, 23.715717232000031 ], [ 90.416063677000068, 23.71535245900003 ], [ 90.413902335000046, 23.715206693000027 ], [ 90.413889686000061, 23.714730602000031 ], [ 90.414134186000069, 23.713819302000047 ], [ 90.414035586000068, 23.713296901000035 ], [ 90.413882157000046, 23.71318356200004 ], [ 90.413617061000082, 23.713496894000059 ], [ 90.413316661000067, 23.713678595000033 ], [ 90.411582537000072, 23.713683204000063 ], [ 90.411483040000064, 23.714783545000046 ], [ 90.411524141000086, 23.715788045000068 ], [ 90.411428843000067, 23.717958745000033 ], [ 90.411818442000083, 23.719058045000054 ], [ 90.411848243000065, 23.721661943000072 ], [ 90.411943617000077, 23.723056924000048 ], [ 90.413513470000055, 23.723106388000076 ], [ 90.414555969000048, 23.723018989000025 ], [ 90.415710570000044, 23.722542388000022 ], [ 90.415693963000081, 23.722304955000027 ], [ 90.416327544000069, 23.721949163000033 ] ] ] } },
{ "type": "Feature", "properties": { "matched_key": "U_30262098039", "navigation_parent_key": "A_302620", "admin_type": "city_ward", "admin_label": "City Corporation Ward", "map_level": "ward", "admin_rank": 3, "displayable": 1, "geometry_status": "EXACT/GEOMETRY", "location_label": "Ward No. 39" }, "geometry": { "type": "Polygon", "coordinates": [ [ [ 90.420406270000058, 23.721688289000042 ], [ 90.420513248000077, 23.721510592000072 ], [ 90.421280170000045, 23.721463190000065 ], [ 90.421737682000071, 23.72155563900003 ], [ 90.423324479000087, 23.721432059000051 ], [ 90.424638397000081, 23.721542235000072 ], [ 90.42544601600008, 23.721873114000061 ], [ 90.427125192000062, 23.722068042000046 ], [ 90.42723479600005, 23.722255847000042 ], [ 90.427424451000036, 23.722355665000066 ], [ 90.42881365900007, 23.722335082000029 ], [ 90.428992111000071, 23.719952381000041 ], [ 90.428429068000071, 23.719908159000056 ], [ 90.428407354000058, 23.720020108000028 ], [ 90.428202824000039, 23.720033842000078 ], [ 90.428165934000049, 23.719964938000032 ], [ 90.427338300000031, 23.719968452000046 ], [ 90.427262519000067, 23.719142605000059 ], [ 90.427048092000064, 23.718518138000036 ], [ 90.427767665000033, 23.718554790000042 ], [ 90.427815827000074, 23.717852023000034 ], [ 90.427439443000083, 23.717995682000037 ], [ 90.427760689000081, 23.716696570000067 ], [ 90.426859557000057, 23.716672882000069 ], [ 90.426874561000034, 23.71649790400005 ], [ 90.426700560000086, 23.716428504000078 ], [ 90.42659091400003, 23.716168264000032 ], [ 90.426317941000036, 23.716180563000023 ], [ 90.426319569000043, 23.716282128000046 ], [ 90.426217088000044, 23.716296750000026 ], [ 90.426371998000036, 23.716685208000058 ], [ 90.426157001000036, 23.716725064000059 ], [ 90.425523071000043, 23.715471821000051 ], [ 90.425168023000083, 23.714519516000053 ], [ 90.423828470000046, 23.715021989000036 ], [ 90.422802853000064, 23.71572648800003 ], [ 90.421035489000076, 23.715466497000023 ], [ 90.420410051000033, 23.716638038000042 ], [ 90.420006797000042, 23.71719551700005 ], [ 90.420055822000052, 23.717283085000076 ], [ 90.418408022000051, 23.720057589000078 ], [ 90.417720442000075, 23.720946885000046 ], [ 90.416913824000062, 23.72161972300006 ], [ 90.415659776000041, 23.722352469000043 ], [ 90.415710570000044, 23.722542388000022 ], [ 90.416460571000073, 23.722233488000029 ], [ 90.420406270000058, 23.721688289000042 ] ] ] } },
{ "type": "Feature", "properties": { "matched_key": "U_30262098041", "navigation_parent_key": "A_302620", "admin_type": "city_ward", "admin_label": "City Corporation Ward", "map_level": "ward", "admin_rank": 3, "displayable": 1, "geometry_status": "EXACT/GEOMETRY", "location_label": "Ward No. 41" }, "geometry": { "type": "Polygon", "coordinates": [ [ [ 90.417126106000069, 23.721442650000029 ], [ 90.417720442000075, 23.720946885000046 ], [ 90.418408022000051, 23.720057589000078 ], [ 90.420055822000052, 23.717283085000076 ], [ 90.419638714000087, 23.71655349200006 ], [ 90.419123958000057, 23.714802426000062 ], [ 90.418801085000041, 23.714197701000046 ], [ 90.418758685000057, 23.713253801000064 ], [ 90.418399285000078, 23.711796603000039 ], [ 90.418385683000054, 23.711489902000039 ], [ 90.418505784000047, 23.711352200000078 ], [ 90.418256885000062, 23.710957601000075 ], [ 90.41806656600005, 23.710408039000072 ], [ 90.414407862000076, 23.712574294000035 ], [ 90.413882157000046, 23.71318356200004 ], [ 90.414035586000068, 23.713296901000035 ], [ 90.414134186000069, 23.713819302000047 ], [ 90.413889686000061, 23.714730602000031 ], [ 90.413902335000046, 23.715206693000027 ], [ 90.416063677000068, 23.71535245900003 ], [ 90.416126402000032, 23.715717232000031 ], [ 90.416293479000046, 23.715700564000031 ], [ 90.416329666000081, 23.716249770000047 ], [ 90.416079554000078, 23.716290566000055 ], [ 90.416116071000033, 23.71674501800004 ], [ 90.415982616000065, 23.71675341200006 ], [ 90.41598633600006, 23.717144275000067 ], [ 90.415843782000081, 23.717332966000072 ], [ 90.415844049000043, 23.717417088000047 ], [ 90.415929155000072, 23.717417992000037 ], [ 90.416038316000083, 23.718447345000072 ], [ 90.41593550500005, 23.718462679000027 ], [ 90.415973399000052, 23.718624925000029 ], [ 90.41587910800007, 23.718649539000069 ], [ 90.415902034000055, 23.718998952000049 ], [ 90.415977749000035, 23.718993054000066 ], [ 90.416070482000066, 23.719403820000025 ], [ 90.41603927500006, 23.719617216000074 ], [ 90.41613600900007, 23.720053806000067 ], [ 90.416055602000085, 23.720124357000032 ], [ 90.416144582000072, 23.720201745000054 ], [ 90.416108488000077, 23.720611076000068 ], [ 90.416143305000048, 23.720785203000048 ], [ 90.41620015400008, 23.720785766000063 ], [ 90.416094068000064, 23.720974612000077 ], [ 90.416228427000078, 23.72113936900007 ], [ 90.416235892000032, 23.72142810400004 ], [ 90.416349311000033, 23.721426428000029 ], [ 90.416327544000069, 23.721949163000033 ], [ 90.417126106000069, 23.721442650000029 ] ] ] } },
{ "type": "Feature", "properties": { "matched_key": "U_30262502030", "navigation_parent_key": "A_302625", "admin_type": "city_ward", "admin_label": "City Corporation Ward", "map_level": "ward", "admin_rank": 3, "displayable": 1, "geometry_status": "EXACT/GEOMETRY", "location_label": "Ward No. 30" }, "geometry": { "type": "Polygon", "coordinates": [ [ [ 90.354241361000049, 23.776156822000075 ], [ 90.355623614000081, 23.776222718000042 ], [ 90.356988423000075, 23.776427313000056 ], [ 90.359257626000044, 23.777153677000058 ], [ 90.360144901000069, 23.777025159000061 ], [ 90.360533346000068, 23.777078447000065 ], [ 90.361319273000049, 23.777347581000072 ], [ 90.36152536000003, 23.777338068000063 ], [ 90.361887979000073, 23.777147537000076 ], [ 90.362179465000054, 23.777408795000042 ], [ 90.365644929000041, 23.774914713000044 ], [ 90.363501654000061, 23.774332345000062 ], [ 90.362577759000033, 23.773932633000072 ], [ 90.361408952000033, 23.773616978000064 ], [ 90.361113809000074, 23.773462227000039 ], [ 90.359026421000067, 23.770246664000069 ], [ 90.358751118000043, 23.769615033000036 ], [ 90.358562569000071, 23.768186087000061 ], [ 90.35875873100008, 23.765390823000075 ], [ 90.357462238000039, 23.765348448000054 ], [ 90.357429681000042, 23.76557699600005 ], [ 90.357023826000045, 23.765561318000039 ], [ 90.356931392000035, 23.765504538000073 ], [ 90.356958783000039, 23.765265010000064 ], [ 90.356323890000056, 23.765098049000073 ], [ 90.356139436000035, 23.765094285000032 ], [ 90.356111404000046, 23.765180783000062 ], [ 90.355728738000039, 23.765087808000033 ], [ 90.355614364000076, 23.765308916000038 ], [ 90.355403367000065, 23.765350592000061 ], [ 90.355213650000053, 23.765256994000026 ], [ 90.355311071000074, 23.765015908000066 ], [ 90.355016932000069, 23.764915764000023 ], [ 90.355384567000044, 23.763734821000071 ], [ 90.353030404000037, 23.763420041000074 ], [ 90.352609505000032, 23.763063187000057 ], [ 90.351911482000048, 23.762837202000071 ], [ 90.352048742000079, 23.762721946000056 ], [ 90.351377977000084, 23.762631709000061 ], [ 90.349666999000078, 23.762205239000025 ], [ 90.34856086700006, 23.763401460000068 ], [ 90.34768976600003, 23.764737968000077 ], [ 90.346765393000055, 23.766355924000038 ], [ 90.345004429000085, 23.765824362000046 ], [ 90.344874215000061, 23.765848017000053 ], [ 90.344321794000052, 23.766867306000051 ], [ 90.344193795000081, 23.767212407000045 ], [ 90.344161695000082, 23.767644807000067 ], [ 90.343493495000075, 23.767321907000053 ], [ 90.344086995000055, 23.766325808000033 ], [ 90.341893295000034, 23.765341806000038 ], [ 90.341834351000045, 23.765716897000061 ], [ 90.341139250000083, 23.765556297000046 ], [ 90.340956966000078, 23.765912939000032 ], [ 90.340635358000043, 23.766971515000023 ], [ 90.342656876000035, 23.768174771000076 ], [ 90.343284091000044, 23.768769519000045 ], [ 90.343608436000068, 23.769419135000078 ], [ 90.343651311000031, 23.770329059000062 ], [ 90.34311376900007, 23.771418664000066 ], [ 90.343721263000077, 23.771972808000044 ], [ 90.343797185000085, 23.772075639000036 ], [ 90.343757291000031, 23.772139337000056 ], [ 90.343846949000067, 23.772143044000074 ], [ 90.344468600000084, 23.772985035000033 ], [ 90.345370704000061, 23.773687756000072 ], [ 90.346181261000083, 23.774202353000078 ], [ 90.34666906800004, 23.774410911000075 ], [ 90.347494075000043, 23.774474225000063 ], [ 90.348146910000082, 23.775180702000057 ], [ 90.349415450000038, 23.776096888000041 ], [ 90.349905572000068, 23.776095777000023 ], [ 90.350194370000054, 23.776280287000077 ], [ 90.350512508000065, 23.776652153000043 ], [ 90.350571807000051, 23.777261707000036 ], [ 90.350486239000077, 23.777607393000039 ], [ 90.350602773000048, 23.778058750000071 ], [ 90.350854624000078, 23.778186891000075 ], [ 90.351871412000037, 23.778082963000031 ], [ 90.353268676000084, 23.776444902000037 ], [ 90.354241361000049, 23.776156822000075 ] ] ] } },
{ "type": "Feature", "properties": { "matched_key": "U_30262502033", "navigation_parent_key": "A_302625", "admin_type": "city_ward", "admin_label": "City Corporation Ward", "map_level": "ward", "admin_rank": 3, "displayable": 1, "geometry_status": "EXACT/GEOMETRY", "location_label": "Ward No. 33 (Part)" }, "geometry": { "type": "Polygon", "coordinates": [ [ [ 90.357431957000074, 23.765561021000053 ], [ 90.357462238000039, 23.765348448000054 ], [ 90.35875873100008, 23.765390823000075 ], [ 90.358988177000072, 23.762566918000061 ], [ 90.358926452000048, 23.76242479900003 ], [ 90.356106197000031, 23.761652291000075 ], [ 90.355370633000064, 23.761570677000066 ], [ 90.354043488000059, 23.761905548000072 ], [ 90.353866542000048, 23.762284687000033 ], [ 90.353325443000074, 23.762354887000072 ], [ 90.352114415000074, 23.762689383000065 ], [ 90.351911482000048, 23.762837202000071 ], [ 90.352609505000032, 23.763063187000057 ], [ 90.353030404000037, 23.763420041000074 ], [ 90.355384567000044, 23.763734821000071 ], [ 90.355016932000069, 23.764915764000023 ], [ 90.355311071000074, 23.765015908000066 ], [ 90.355213650000053, 23.765256994000026 ], [ 90.355492199000082, 23.765369390000046 ], [ 90.355614364000076, 23.765308916000038 ], [ 90.355728738000039, 23.765087808000033 ], [ 90.356111404000046, 23.765180783000062 ], [ 90.356139436000035, 23.765094285000032 ], [ 90.356323890000056, 23.765098049000073 ], [ 90.356958783000039, 23.765265010000064 ], [ 90.356931392000035, 23.765504538000073 ], [ 90.357023826000045, 23.765561318000039 ], [ 90.357431957000074, 23.765561021000053 ] ] ] } },
{ "type": "Feature", "properties": { "matched_key": "U_30262504021", "navigation_parent_key": "A_302625", "admin_type": "city_ward", "admin_label": "City Corporation Ward", "map_level": "ward", "admin_rank": 3, "displayable": 1, "geometry_status": "EXACT/GEOMETRY", "location_label": "Ward No. 21" }, "geometry": { "type": "Polygon", "coordinates": [ [ [ 90.426238504000082, 23.789110285000049 ], [ 90.426237231000073, 23.788766158000044 ], [ 90.426335183000049, 23.788771832000066 ], [ 90.426410518000068, 23.788531599000066 ], [ 90.426504032000082, 23.788544658000035 ], [ 90.426518846000079, 23.787646222000035 ], [ 90.42658528700008, 23.787643754000044 ], [ 90.426588012000082, 23.787524015000031 ], [ 90.426963479000051, 23.787442769000052 ], [ 90.427003098000057, 23.787348887000064 ], [ 90.426921533000041, 23.786990058000072 ], [ 90.427007747000061, 23.786974488000055 ], [ 90.426986962000058, 23.786905571000034 ], [ 90.426902756000061, 23.786856127000078 ], [ 90.426806737000049, 23.786946715000056 ], [ 90.426514754000038, 23.786805217000051 ], [ 90.426936677000072, 23.786347960000057 ], [ 90.426983316000076, 23.786182718000077 ], [ 90.426310775000047, 23.785977803000037 ], [ 90.426391627000044, 23.785207884000044 ], [ 90.426645126000039, 23.78513078800006 ], [ 90.426575654000033, 23.784773909000023 ], [ 90.426896353000075, 23.784685554000077 ], [ 90.426935816000082, 23.784841025000048 ], [ 90.427135333000081, 23.784785638000074 ], [ 90.426953203000039, 23.784248260000027 ], [ 90.426515756000072, 23.784283252000023 ], [ 90.426671448000036, 23.783553729000062 ], [ 90.426868125000055, 23.78357658300007 ], [ 90.426985649000073, 23.783087003000048 ], [ 90.426931464000063, 23.783086395000055 ], [ 90.426926467000044, 23.782726017000073 ], [ 90.426801169000044, 23.782727559000023 ], [ 90.426768792000075, 23.782495116000064 ], [ 90.426526889000058, 23.782115047000048 ], [ 90.426735815000086, 23.782068686000059 ], [ 90.426709503000041, 23.781778210000027 ], [ 90.426520966000055, 23.781754192000051 ], [ 90.426473655000052, 23.781243277000044 ], [ 90.426655611000058, 23.780379208000056 ], [ 90.426464243000055, 23.780333719000055 ], [ 90.426528135000069, 23.780199009000057 ], [ 90.426113018000081, 23.780084055000032 ], [ 90.42591972200006, 23.779722484000047 ], [ 90.426495522000039, 23.779640183000026 ], [ 90.42674364700008, 23.779682813000022 ], [ 90.426767748000032, 23.779358587000047 ], [ 90.426926815000058, 23.778913159000069 ], [ 90.426937274000068, 23.778815418000079 ], [ 90.426126871000065, 23.778779384000075 ], [ 90.426282918000084, 23.778169102000049 ], [ 90.426223151000045, 23.778159986000048 ], [ 90.426330140000061, 23.777548564000028 ], [ 90.426248508000072, 23.777495704000046 ], [ 90.426369344000079, 23.776858243000049 ], [ 90.426984997000034, 23.776785477000033 ], [ 90.427020793000054, 23.776414375000058 ], [ 90.426904250000064, 23.776388660000066 ], [ 90.427097987000082, 23.775979628000073 ], [ 90.427083249000077, 23.775620391000075 ], [ 90.42692222900007, 23.775638163000053 ], [ 90.426821129000075, 23.775108892000048 ], [ 90.426742754000031, 23.773377158000073 ], [ 90.426106068000081, 23.773432851000052 ], [ 90.426087859000063, 23.773286476000067 ], [ 90.426191506000066, 23.773274422000043 ], [ 90.426175577000038, 23.773076292000042 ], [ 90.426285842000084, 23.773065614000075 ], [ 90.42627142300006, 23.772934682000027 ], [ 90.42615767500007, 23.772931769000024 ], [ 90.426126328000066, 23.772755128000028 ], [ 90.426246973000048, 23.772747108000033 ], [ 90.42631997400008, 23.772593697000048 ], [ 90.426266177000059, 23.772326067000051 ], [ 90.42639463200004, 23.772220200000049 ], [ 90.426569751000045, 23.771836768000071 ], [ 90.426684629000079, 23.771350072000075 ], [ 90.426965163000034, 23.771312217000059 ], [ 90.426924297000085, 23.770495398000037 ], [ 90.426819068000043, 23.770501409000076 ], [ 90.426736296000058, 23.770169127000031 ], [ 90.426218462000065, 23.770209086000023 ], [ 90.426251591000039, 23.770070842000052 ], [ 90.425674633000085, 23.770066256000064 ], [ 90.425689863000059, 23.769647401000043 ], [ 90.42518274400004, 23.769294930000058 ], [ 90.424186543000076, 23.769619932000069 ], [ 90.423098110000069, 23.767921181000077 ], [ 90.422628597000084, 23.768205626000054 ], [ 90.423082319000059, 23.76967802300004 ], [ 90.422300568000082, 23.769775003000063 ], [ 90.421447538000052, 23.77002572400005 ], [ 90.421489777000033, 23.770383723000066 ], [ 90.420362455000031, 23.770408041000053 ], [ 90.419645138000078, 23.770518381000045 ], [ 90.419151082000042, 23.770721671000047 ], [ 90.418632947000049, 23.771099477000064 ], [ 90.418054839000035, 23.772123685000054 ], [ 90.417846473000054, 23.772182959000077 ], [ 90.417697620000069, 23.772054651000076 ], [ 90.417252916000052, 23.772058111000035 ], [ 90.417155739000066, 23.771785143000045 ], [ 90.416754647000062, 23.771806548000029 ], [ 90.416864414000031, 23.772181097000043 ], [ 90.416725390000067, 23.77263535000003 ], [ 90.417195079000066, 23.772771824000074 ], [ 90.417725004000033, 23.773138463000066 ], [ 90.418228583000086, 23.773898079000048 ], [ 90.418705296000041, 23.775077771000042 ], [ 90.419435556000053, 23.776509683000029 ], [ 90.419720834000032, 23.777859249000073 ], [ 90.420015952000085, 23.778642006000041 ], [ 90.420391141000039, 23.779334219000077 ], [ 90.420209258000057, 23.781337646000054 ], [ 90.419985284000063, 23.781507610000062 ], [ 90.419937323000056, 23.781663550000076 ], [ 90.420426932000055, 23.783023849000074 ], [ 90.420310940000036, 23.783200294000039 ], [ 90.420331860000033, 23.783410242000059 ], [ 90.42048580800008, 23.783782408000036 ], [ 90.420658423000077, 23.783856456000024 ], [ 90.42091950400004, 23.784158329000036 ], [ 90.42131867900008, 23.786004361000039 ], [ 90.421175264000055, 23.786237335000067 ], [ 90.421603603000051, 23.787421664000078 ], [ 90.421609870000054, 23.788033589000065 ], [ 90.42151552100006, 23.788643533000027 ], [ 90.423006161000046, 23.788456866000047 ], [ 90.423060308000061, 23.788042125000061 ], [ 90.423264849000077, 23.787912649000077 ], [ 90.423301116000061, 23.788085126000055 ], [ 90.423980137000058, 23.788409857000033 ], [ 90.424041604000081, 23.788577903000032 ], [ 90.424852628000053, 23.788957291000031 ], [ 90.425896630000068, 23.78930280700007 ], [ 90.426058687000079, 23.789422459000036 ], [ 90.426238504000082, 23.789110285000049 ] ] ] } },
{ "type": "Feature", "properties": { "matched_key": "U_30262504037", "navigation_parent_key": "A_302625", "admin_type": "city_ward", "admin_label": "City Corporation Ward", "map_level": "ward", "admin_rank": 3, "displayable": 1, "geometry_status": "EXACT/GEOMETRY", "location_label": "Ward No. 37" }, "geometry": { "type": "Polygon", "coordinates": [ [ [ 90.434078811000063, 23.784215482000036 ], [ 90.434081928000069, 23.784064195000042 ], [ 90.434579437000082, 23.784161874000063 ], [ 90.434622943000079, 23.783968175000041 ], [ 90.434749563000082, 23.783990948000053 ], [ 90.434797503000084, 23.78382477100007 ], [ 90.435561223000036, 23.783855178000067 ], [ 90.435353771000052, 23.783495932000051 ], [ 90.435379026000078, 23.783280776000026 ], [ 90.435580130000062, 23.783232411000029 ], [ 90.436437420000061, 23.783319609000046 ], [ 90.436581090000061, 23.783570137000027 ], [ 90.43702191400007, 23.783589105000033 ], [ 90.436965545000078, 23.782434118000026 ], [ 90.438826410000047, 23.782199191000075 ], [ 90.438910157000066, 23.781618223000066 ], [ 90.439095835000046, 23.78123054200006 ], [ 90.439078424000058, 23.780685708000078 ], [ 90.438916406000033, 23.780385049000074 ], [ 90.439058513000077, 23.780169560000047 ], [ 90.439079547000063, 23.778699750000044 ], [ 90.43982913800005, 23.777658037000037 ], [ 90.439866683000048, 23.777239708000025 ], [ 90.439696163000065, 23.776726378000035 ], [ 90.439134076000073, 23.775604753000039 ], [ 90.43911988800005, 23.775246318000029 ], [ 90.439466119000031, 23.773954819000039 ], [ 90.439400037000041, 23.773608481000053 ], [ 90.439270153000052, 23.773571535000031 ], [ 90.440036357000054, 23.773175380000055 ], [ 90.440198222000049, 23.773383954000053 ], [ 90.441133654000055, 23.773560522000025 ], [ 90.442418883000073, 23.773509048000051 ], [ 90.447255689000031, 23.774238833000027 ], [ 90.447448761000032, 23.773161335000054 ], [ 90.447568785000044, 23.771846775000029 ], [ 90.447846736000031, 23.771333386000038 ], [ 90.447938410000063, 23.770876983000051 ], [ 90.447689795000031, 23.770821252000076 ], [ 90.447626440000079, 23.770591110000055 ], [ 90.447719509000081, 23.770362774000034 ], [ 90.447718436000059, 23.770048902000042 ], [ 90.447623716000066, 23.769794012000034 ], [ 90.447342840000033, 23.769451597000057 ], [ 90.447901882000053, 23.769165456000053 ], [ 90.447939302000066, 23.768171557000073 ], [ 90.449213257000054, 23.768067081000027 ], [ 90.448927200000071, 23.764803614000073 ], [ 90.452675207000084, 23.764499769000054 ], [ 90.452367823000031, 23.760330919000069 ], [ 90.450492095000072, 23.760326129000077 ], [ 90.450468583000031, 23.761284401000069 ], [ 90.448651615000074, 23.761387759000058 ], [ 90.448696834000032, 23.762077774000034 ], [ 90.446159373000057, 23.762286012000061 ], [ 90.445111158000032, 23.762250483000059 ], [ 90.440321271000073, 23.762663615000065 ], [ 90.437478931000044, 23.762646850000067 ], [ 90.436671767000064, 23.76301720500004 ], [ 90.435724255000082, 23.763053753000065 ], [ 90.433814896000058, 23.763429453000072 ], [ 90.433822940000084, 23.763570156000071 ], [ 90.431599866000056, 23.764172975000065 ], [ 90.430015992000051, 23.764817880000066 ], [ 90.428005018000079, 23.765771744000062 ], [ 90.425893529000064, 23.766909585000064 ], [ 90.425531456000044, 23.766999964000036 ], [ 90.424267541000063, 23.767644743000062 ], [ 90.424213835000046, 23.767538759000047 ], [ 90.424285503000078, 23.767509207000046 ], [ 90.424257388000058, 23.767351217000055 ], [ 90.423098110000069, 23.767921181000077 ], [ 90.424186543000076, 23.769619932000069 ], [ 90.42518274400004, 23.769294930000058 ], [ 90.425689863000059, 23.769647401000043 ], [ 90.425674633000085, 23.770066256000064 ], [ 90.426251591000039, 23.770070842000052 ], [ 90.426218462000065, 23.770209086000023 ], [ 90.426736296000058, 23.770169127000031 ], [ 90.426819068000043, 23.770501409000076 ], [ 90.426924297000085, 23.770495398000037 ], [ 90.426965163000034, 23.771312217000059 ], [ 90.426684629000079, 23.771350072000075 ], [ 90.426569751000045, 23.771836768000071 ], [ 90.42639463200004, 23.772220200000049 ], [ 90.426266177000059, 23.772326067000051 ], [ 90.42631997400008, 23.772593697000048 ], [ 90.426246973000048, 23.772747108000033 ], [ 90.426126328000066, 23.772755128000028 ], [ 90.42615767500007, 23.772931769000024 ], [ 90.42627142300006, 23.772934682000027 ], [ 90.426285842000084, 23.773065614000075 ], [ 90.426175577000038, 23.773076292000042 ], [ 90.426191506000066, 23.773274422000043 ], [ 90.426087859000063, 23.773286476000067 ], [ 90.426106068000081, 23.773432851000052 ], [ 90.426742754000031, 23.773377158000073 ], [ 90.426821129000075, 23.775108892000048 ], [ 90.42692222900007, 23.775638163000053 ], [ 90.427083249000077, 23.775620391000075 ], [ 90.427098098000045, 23.776013684000077 ], [ 90.426904250000064, 23.776388660000066 ], [ 90.427020793000054, 23.776414375000058 ], [ 90.426984997000034, 23.776785477000033 ], [ 90.426369344000079, 23.776858243000049 ], [ 90.426248508000072, 23.777495704000046 ], [ 90.426330140000061, 23.777548564000028 ], [ 90.426223151000045, 23.778159986000048 ], [ 90.426282918000084, 23.778169102000049 ], [ 90.426126871000065, 23.778779384000075 ], [ 90.428145291000078, 23.778939783000055 ], [ 90.428492090000077, 23.778827382000031 ], [ 90.428635990000032, 23.778681482000025 ], [ 90.428994990000035, 23.778736581000032 ], [ 90.42956109000005, 23.778566281000053 ], [ 90.430378988000086, 23.778488681000056 ], [ 90.430760908000082, 23.778336851000063 ], [ 90.430848922000052, 23.778646681000055 ], [ 90.430941622000034, 23.780046292000065 ], [ 90.431012521000071, 23.780171382000049 ], [ 90.431105021000064, 23.780168882000055 ], [ 90.431182122000052, 23.780479981000042 ], [ 90.432022540000048, 23.780537595000055 ], [ 90.432044889000053, 23.780861963000063 ], [ 90.432252178000056, 23.780878588000064 ], [ 90.432241679000072, 23.781001934000074 ], [ 90.432318042000077, 23.781006023000032 ], [ 90.432309617000044, 23.781324742000038 ], [ 90.432570112000064, 23.781347122000057 ], [ 90.432544504000077, 23.781770674000029 ], [ 90.432446522000077, 23.781770180000024 ], [ 90.432376023000074, 23.782366581000076 ], [ 90.432212248000042, 23.782337316000053 ], [ 90.432339786000057, 23.783894754000073 ], [ 90.432794177000062, 23.783921823000071 ], [ 90.432808755000053, 23.784120281000071 ], [ 90.433383727000034, 23.784050714000045 ], [ 90.43341802100008, 23.784211932000062 ], [ 90.43366835900008, 23.784129974000052 ], [ 90.433710752000081, 23.784246359000065 ], [ 90.434078811000063, 23.784215482000036 ] ] ] } },
{ "type": "Feature", "properties": { "matched_key": "U_30262504038", "navigation_parent_key": "A_302625", "admin_type": "city_ward", "admin_label": "City Corporation Ward", "map_level": "ward", "admin_rank": 3, "displayable": 1, "geometry_status": "EXACT/GEOMETRY", "location_label": "Ward No. 38" }, "geometry": { "type": "Polygon", "coordinates": [ [ [ 90.432723588000044, 23.791090899000039 ], [ 90.432806677000031, 23.790729963000047 ], [ 90.432750682000062, 23.790692402000047 ], [ 90.433007588000066, 23.790440403000048 ], [ 90.432854102000078, 23.790377568000054 ], [ 90.432919414000082, 23.790217839000036 ], [ 90.432837489000065, 23.790194423000059 ], [ 90.433009631000061, 23.789457662000075 ], [ 90.433092802000033, 23.789426277000075 ], [ 90.433235254000067, 23.788925255000038 ], [ 90.434602331000065, 23.788917967000032 ], [ 90.434709732000044, 23.788304863000064 ], [ 90.435269281000046, 23.788212729000065 ], [ 90.435281270000075, 23.787972598000067 ], [ 90.43536956500003, 23.787971395000056 ], [ 90.435409274000051, 23.787375827000062 ], [ 90.435826645000077, 23.787414392000073 ], [ 90.436133200000086, 23.786868048000031 ], [ 90.436591232000069, 23.787016515000062 ], [ 90.436669726000048, 23.786648995000064 ], [ 90.436916111000073, 23.786681951000048 ], [ 90.436981497000033, 23.786068970000031 ], [ 90.437620861000084, 23.786059563000038 ], [ 90.437620662000086, 23.786000296000054 ], [ 90.437982056000067, 23.785966769000026 ], [ 90.438007293000055, 23.786058467000032 ], [ 90.438250968000034, 23.785901471000045 ], [ 90.438204599000073, 23.785626771000068 ], [ 90.438004877000083, 23.785570592000056 ], [ 90.437910713000065, 23.785272017000068 ], [ 90.437918213000046, 23.785120286000051 ], [ 90.438076052000042, 23.785110731000032 ], [ 90.438149156000065, 23.783992066000053 ], [ 90.439395902000058, 23.783950857000036 ], [ 90.439264682000044, 23.783551729000067 ], [ 90.439538094000056, 23.78240158400007 ], [ 90.438962421000042, 23.782507094000039 ], [ 90.438523796000084, 23.782986105000077 ], [ 90.43846917500008, 23.782257407000031 ], [ 90.436965545000078, 23.782434118000026 ], [ 90.43702191400007, 23.783589105000033 ], [ 90.436581090000061, 23.783570137000027 ], [ 90.436437420000061, 23.783319609000046 ], [ 90.435716410000055, 23.783214103000034 ], [ 90.435379026000078, 23.783280776000026 ], [ 90.435393185000066, 23.78363323700006 ], [ 90.435561223000036, 23.783855178000067 ], [ 90.434797503000084, 23.78382477100007 ], [ 90.434749563000082, 23.783990948000053 ], [ 90.434622943000079, 23.783968175000041 ], [ 90.434579437000082, 23.784161874000063 ], [ 90.434081928000069, 23.784064195000042 ], [ 90.434078811000063, 23.784215482000036 ], [ 90.433710752000081, 23.784246359000065 ], [ 90.43366835900008, 23.784129974000052 ], [ 90.43341802100008, 23.784211932000062 ], [ 90.433383727000034, 23.784050714000045 ], [ 90.432808755000053, 23.784120281000071 ], [ 90.432794177000062, 23.783921823000071 ], [ 90.432339786000057, 23.783894754000073 ], [ 90.432209016000058, 23.782890898000062 ], [ 90.432212248000042, 23.782337316000053 ], [ 90.432376023000074, 23.782366581000076 ], [ 90.432446522000077, 23.781770180000024 ], [ 90.432544504000077, 23.781770674000029 ], [ 90.432570112000064, 23.781347122000057 ], [ 90.432309617000044, 23.781324742000038 ], [ 90.432318042000077, 23.781006023000032 ], [ 90.432241679000072, 23.781001934000074 ], [ 90.432252178000056, 23.780878588000064 ], [ 90.432044889000053, 23.780861963000063 ], [ 90.432022540000048, 23.780537595000055 ], [ 90.431182122000052, 23.780479981000042 ], [ 90.431105021000064, 23.780168882000055 ], [ 90.431012521000071, 23.780171382000049 ], [ 90.430941622000034, 23.780046292000065 ], [ 90.430848922000052, 23.778646681000055 ], [ 90.430760908000082, 23.778336851000063 ], [ 90.430378988000086, 23.778488681000056 ], [ 90.42956109000005, 23.778566281000053 ], [ 90.428994990000035, 23.778736581000032 ], [ 90.428635990000032, 23.778681482000025 ], [ 90.428492090000077, 23.778827382000031 ], [ 90.428145291000078, 23.778939783000055 ], [ 90.426937274000068, 23.778815418000079 ], [ 90.42674364700008, 23.779682813000022 ], [ 90.426495522000039, 23.779640183000026 ], [ 90.42591972200006, 23.779722484000047 ], [ 90.426113018000081, 23.780084055000032 ], [ 90.426528135000069, 23.780199009000057 ], [ 90.426464243000055, 23.780333719000055 ], [ 90.426655611000058, 23.780379208000056 ], [ 90.426473655000052, 23.781243277000044 ], [ 90.426520966000055, 23.781754192000051 ], [ 90.426709503000041, 23.781778210000027 ], [ 90.426735815000086, 23.782068686000059 ], [ 90.426526889000058, 23.782115047000048 ], [ 90.426768792000075, 23.782495116000064 ], [ 90.426801169000044, 23.782727559000023 ], [ 90.426926467000044, 23.782726017000073 ], [ 90.426931464000063, 23.783086395000055 ], [ 90.426985649000073, 23.783087003000048 ], [ 90.426868125000055, 23.78357658300007 ], [ 90.426671448000036, 23.783553729000062 ], [ 90.426515756000072, 23.784283252000023 ], [ 90.426953203000039, 23.784248260000027 ], [ 90.427135333000081, 23.784785638000074 ], [ 90.426935816000082, 23.784841025000048 ], [ 90.426896353000075, 23.784685554000077 ], [ 90.426575654000033, 23.784773909000023 ], [ 90.426645126000039, 23.78513078800006 ], [ 90.426391627000044, 23.785207884000044 ], [ 90.426310775000047, 23.785977803000037 ], [ 90.426983316000076, 23.786182718000077 ], [ 90.426936677000072, 23.786347960000057 ], [ 90.426514754000038, 23.786805217000051 ], [ 90.426806737000049, 23.786946715000056 ], [ 90.426902756000061, 23.786856127000078 ], [ 90.426986962000058, 23.786905571000034 ], [ 90.427007747000061, 23.786974488000055 ], [ 90.426921533000041, 23.786990058000072 ], [ 90.427003098000057, 23.787348887000064 ], [ 90.426963479000051, 23.787442769000052 ], [ 90.426588012000082, 23.787524015000031 ], [ 90.42658528700008, 23.787643754000044 ], [ 90.426518846000079, 23.787646222000035 ], [ 90.426504032000082, 23.788544658000035 ], [ 90.426410518000068, 23.788531599000066 ], [ 90.426335183000049, 23.788771832000066 ], [ 90.426237231000073, 23.788766158000044 ], [ 90.426203935000046, 23.788944093000055 ], [ 90.426270969000086, 23.789065856000036 ], [ 90.426058687000079, 23.789422459000036 ], [ 90.426674796000043, 23.789963122000074 ], [ 90.427382886000032, 23.790159042000028 ], [ 90.430953361000036, 23.790780724000058 ], [ 90.431860442000072, 23.790831270000069 ], [ 90.432723588000044, 23.791090899000039 ] ] ] } },
{ "type": "Feature", "properties": { "matched_key": "U_30262504041", "navigation_parent_key": "A_302625", "admin_type": "city_ward", "admin_label": "City Corporation Ward", "map_level": "ward", "admin_rank": 3, "displayable": 1, "geometry_status": "EXACT/GEOMETRY", "location_label": "Ward No. 41" }, "geometry": { "type": "Polygon", "coordinates": [ [ [ 90.466658190000032, 23.799603696000077 ], [ 90.46721537600007, 23.798477254000034 ], [ 90.467244601000061, 23.798256223000067 ], [ 90.467479878000063, 23.798280288000058 ], [ 90.467485091000071, 23.796770863000063 ], [ 90.467140676000042, 23.79675295800007 ], [ 90.467128096000067, 23.795776991000025 ], [ 90.466889261000063, 23.795782652000071 ], [ 90.466822424000043, 23.794592665000039 ], [ 90.465412076000064, 23.791726159000063 ], [ 90.464570394000077, 23.790353521000043 ], [ 90.464565766000078, 23.789050503000055 ], [ 90.464235225000039, 23.786345488000052 ], [ 90.463597018000087, 23.785571567000034 ], [ 90.463467453000078, 23.782767415000023 ], [ 90.462926536000055, 23.781942578000042 ], [ 90.462087873000087, 23.781396375000043 ], [ 90.462323416000061, 23.78035017600007 ], [ 90.462321858000053, 23.779909854000039 ], [ 90.461962063000044, 23.779470604000039 ], [ 90.461242800000036, 23.779032430000029 ], [ 90.460285538000051, 23.778594958000042 ], [ 90.459745249000036, 23.777937205000057 ], [ 90.459443232000069, 23.777003256000057 ], [ 90.459082070000079, 23.776344968000046 ], [ 90.458719748000078, 23.775354745000072 ], [ 90.458837437000057, 23.774805680000043 ], [ 90.459375004000037, 23.774693434000028 ], [ 90.461466514000051, 23.774633005000055 ], [ 90.462181835000081, 23.774136342000077 ], [ 90.462180278000062, 23.773696022000024 ], [ 90.461820498000066, 23.773256769000056 ], [ 90.461303789000056, 23.773018956000044 ], [ 90.461227791000056, 23.772515630000044 ], [ 90.461100248000037, 23.772527302000071 ], [ 90.46050636800004, 23.771973584000023 ], [ 90.460621543000059, 23.771758721000026 ], [ 90.460843185000044, 23.771642898000039 ], [ 90.460831898000038, 23.771399059000032 ], [ 90.460715075000053, 23.771320373000037 ], [ 90.460123403000068, 23.771392139000056 ], [ 90.459753222000074, 23.771305177000045 ], [ 90.459940837000033, 23.770584285000041 ], [ 90.461204787000042, 23.769295662000047 ], [ 90.461214706000078, 23.769151116000046 ], [ 90.460494351000079, 23.768559388000028 ], [ 90.460429390000058, 23.768227644000035 ], [ 90.460470315000066, 23.767830096000068 ], [ 90.460921768000048, 23.766961642000069 ], [ 90.460597781000047, 23.766932182000062 ], [ 90.46005862700008, 23.767201450000073 ], [ 90.457587513000078, 23.767485653000051 ], [ 90.456447642000057, 23.767502169000068 ], [ 90.447939302000066, 23.768171557000073 ], [ 90.447901882000053, 23.769165456000053 ], [ 90.447342840000033, 23.769451597000057 ], [ 90.447623716000066, 23.769794012000034 ], [ 90.447718436000059, 23.770048902000042 ], [ 90.447719509000081, 23.770362774000034 ], [ 90.447626440000079, 23.770591110000055 ], [ 90.447689795000031, 23.770821252000076 ], [ 90.447938410000063, 23.770876983000051 ], [ 90.447846736000031, 23.771333386000038 ], [ 90.447568785000044, 23.771846775000029 ], [ 90.447448761000032, 23.773161335000054 ], [ 90.447255689000031, 23.774238833000027 ], [ 90.442418883000073, 23.773509048000051 ], [ 90.441133654000055, 23.773560522000025 ], [ 90.440198222000049, 23.773383954000053 ], [ 90.440036357000054, 23.773175380000055 ], [ 90.439270153000052, 23.773571535000031 ], [ 90.439400037000041, 23.773608481000053 ], [ 90.439466119000031, 23.773954819000039 ], [ 90.43911988800005, 23.775246318000029 ], [ 90.439134076000073, 23.775604753000039 ], [ 90.439696163000065, 23.776726378000035 ], [ 90.439866683000048, 23.777239708000025 ], [ 90.43982913800005, 23.777658037000037 ], [ 90.439079547000063, 23.778699750000044 ], [ 90.439058513000077, 23.780169560000047 ], [ 90.438916406000033, 23.780385049000074 ], [ 90.439078424000058, 23.780685708000078 ], [ 90.439095835000046, 23.78123054200006 ], [ 90.438910157000066, 23.781618223000066 ], [ 90.438826410000047, 23.782199191000075 ], [ 90.43846917500008, 23.782257407000031 ], [ 90.43844511900005, 23.782336496000028 ], [ 90.438523796000084, 23.782986105000077 ], [ 90.438962421000042, 23.782507094000039 ], [ 90.439538094000056, 23.78240158400007 ], [ 90.439264682000044, 23.783551729000067 ], [ 90.439395902000058, 23.783950857000036 ], [ 90.438149156000065, 23.783992066000053 ], [ 90.438076052000042, 23.785110731000032 ], [ 90.437918213000046, 23.785120286000051 ], [ 90.437910713000065, 23.785272017000068 ], [ 90.438004877000083, 23.785570592000056 ], [ 90.438204599000073, 23.785626771000068 ], [ 90.438250968000034, 23.785901471000045 ], [ 90.438007293000055, 23.786058467000032 ], [ 90.437982056000067, 23.785966769000026 ], [ 90.437620662000086, 23.786000296000054 ], [ 90.437620861000084, 23.786059563000038 ], [ 90.436981497000033, 23.786068970000031 ], [ 90.436916111000073, 23.786681951000048 ], [ 90.436669726000048, 23.786648995000064 ], [ 90.436591232000069, 23.787016515000062 ], [ 90.436133200000086, 23.786868048000031 ], [ 90.435826645000077, 23.787414392000073 ], [ 90.435409274000051, 23.787375827000062 ], [ 90.43536956500003, 23.787971395000056 ], [ 90.435281270000075, 23.787972598000067 ], [ 90.435269281000046, 23.788212729000065 ], [ 90.434709732000044, 23.788304863000064 ], [ 90.434602331000065, 23.788917967000032 ], [ 90.433235254000067, 23.788925255000038 ], [ 90.433092802000033, 23.789426277000075 ], [ 90.433009631000061, 23.789457662000075 ], [ 90.432837489000065, 23.790194423000059 ], [ 90.432919414000082, 23.790217839000036 ], [ 90.432854102000078, 23.790377568000054 ], [ 90.433007588000066, 23.790440403000048 ], [ 90.432750682000062, 23.790692402000047 ], [ 90.432806677000031, 23.790729963000047 ], [ 90.432723588000044, 23.791090899000039 ], [ 90.434010182000065, 23.791258478000032 ], [ 90.433866242000079, 23.791850440000076 ], [ 90.433935010000084, 23.792029483000078 ], [ 90.434718301000032, 23.792066116000058 ], [ 90.434899120000068, 23.791431721000038 ], [ 90.437900339000066, 23.791574664000052 ], [ 90.438383026000054, 23.791606682000065 ], [ 90.438411431000077, 23.791945462000058 ], [ 90.438566930000036, 23.791940565000061 ], [ 90.438569630000075, 23.792071866000072 ], [ 90.43869092400007, 23.792120855000064 ], [ 90.439228082000056, 23.792049658000053 ], [ 90.43974014500003, 23.792137819000061 ], [ 90.440151130000061, 23.792094066000061 ], [ 90.44291643300005, 23.79258253200004 ], [ 90.442584354000076, 23.793057834000024 ], [ 90.44216706800006, 23.793388709000055 ], [ 90.441154040000072, 23.794437105000043 ], [ 90.440668699000071, 23.795691728000065 ], [ 90.44181747500005, 23.796140062000063 ], [ 90.442956800000047, 23.797236484000052 ], [ 90.445653562000075, 23.799319705000073 ], [ 90.447329682000031, 23.800028410000039 ], [ 90.448168983000073, 23.80074178600006 ], [ 90.44930688900007, 23.801397838000071 ], [ 90.44954597800006, 23.80134294800007 ], [ 90.449544461000073, 23.800902626000038 ], [ 90.44972285700004, 23.800683072000027 ], [ 90.450799552000035, 23.800844770000026 ], [ 90.451098909000052, 23.801008735000039 ], [ 90.451162065000062, 23.801886946000025 ], [ 90.451348928000073, 23.802342530000033 ], [ 90.45152151800005, 23.802217832000053 ], [ 90.451762310000049, 23.802655194000067 ], [ 90.453017986000077, 23.802762159000054 ], [ 90.453913976000081, 23.80264887800007 ], [ 90.454151729000046, 23.802210112000068 ], [ 90.454150198000036, 23.801769790000037 ], [ 90.454326671000047, 23.800999264000041 ], [ 90.45456441500005, 23.800558239000054 ], [ 90.455042638000066, 23.800640034000025 ], [ 90.455044261000069, 23.801105539000048 ], [ 90.454688266000062, 23.801768206000077 ], [ 90.454631234000033, 23.802481927000031 ], [ 90.454811731000063, 23.802867527000046 ], [ 90.455290062000074, 23.802976763000061 ], [ 90.455645719000074, 23.802040867000073 ], [ 90.456302229000073, 23.801871829000049 ], [ 90.456300499000065, 23.801377314000035 ], [ 90.455881884000064, 23.801324358000045 ], [ 90.455642646000058, 23.801160224000057 ], [ 90.455401837000068, 23.800720609000052 ], [ 90.455640347000042, 23.800500871000054 ], [ 90.455938935000063, 23.800443537000035 ], [ 90.456115781000051, 23.799783655000056 ], [ 90.456533240000056, 23.799506935000068 ], [ 90.457010824000065, 23.799230034000061 ], [ 90.457489142000043, 23.799339264000025 ], [ 90.457670797000048, 23.800054536000061 ], [ 90.45808745100004, 23.800842242000044 ], [ 90.458614717000046, 23.801195161000066 ], [ 90.459052636000081, 23.801641234000044 ], [ 90.459053966000056, 23.802019779000034 ], [ 90.458918078000067, 23.802375790000042 ], [ 90.458920214000045, 23.802983755000071 ], [ 90.458784605000062, 23.803420061000054 ], [ 90.458224748000077, 23.803754389000062 ], [ 90.458045905000063, 23.804673456000046 ], [ 90.460199347000071, 23.805161569000063 ], [ 90.460498723000057, 23.805325513000071 ], [ 90.460798326000031, 23.805378814000051 ], [ 90.461038939000048, 23.805929066000033 ], [ 90.461398639000038, 23.80614702400004 ], [ 90.461936341000069, 23.806037027000059 ], [ 90.462948864000055, 23.805042696000044 ], [ 90.463900889000058, 23.803775312000027 ], [ 90.463995382000064, 23.803540729000076 ], [ 90.464750134000042, 23.80294082000006 ], [ 90.466658190000032, 23.799603696000077 ] ] ] } },
{ "type": "Feature", "properties": { "matched_key": "U_30262504042", "navigation_parent_key": "A_302625", "admin_type": "city_ward", "admin_label": "City Corporation Ward", "map_level": "ward", "admin_rank": 3, "displayable": 1, "geometry_status": "EXACT/GEOMETRY", "location_label": "Ward No. 42" }, "geometry": { "type": "Polygon", "coordinates": [ [ [ 90.486862901000052, 23.817625578000047 ], [ 90.487125310000067, 23.817568297000037 ], [ 90.48767033300004, 23.817604964000054 ], [ 90.48888241700007, 23.817824673000075 ], [ 90.489313830000071, 23.817734812000026 ], [ 90.490360800000076, 23.816520057000048 ], [ 90.488934675000053, 23.81555740500005 ], [ 90.488469627000086, 23.815409846000023 ], [ 90.487985033000086, 23.815449766000029 ], [ 90.487078233000034, 23.815804893000063 ], [ 90.486431908000043, 23.815750482000055 ], [ 90.486088153000082, 23.815548338000042 ], [ 90.485092698000074, 23.814009211000041 ], [ 90.48507195500008, 23.813711210000065 ], [ 90.485330370000042, 23.812746200000049 ], [ 90.485245503000044, 23.811538399000028 ], [ 90.48500017300006, 23.810739812000065 ], [ 90.484553124000058, 23.809980247000055 ], [ 90.484145746000081, 23.808997005000037 ], [ 90.48434581500004, 23.808513150000067 ], [ 90.485149742000033, 23.807564491000051 ], [ 90.485289556000055, 23.807211793000079 ], [ 90.485287548000031, 23.80667212000003 ], [ 90.48518527300007, 23.806227598000078 ], [ 90.484656211000072, 23.805188290000046 ], [ 90.483966757000076, 23.804242063000061 ], [ 90.483091027000057, 23.802594140000053 ], [ 90.482766208000044, 23.801795812000023 ], [ 90.481949074000056, 23.799160934000042 ], [ 90.481785115000037, 23.798454669000023 ], [ 90.481700155000055, 23.797210732000053 ], [ 90.481777236000084, 23.79631855100007 ], [ 90.481566567000073, 23.793923388000053 ], [ 90.481360693000056, 23.792828863000068 ], [ 90.480872208000051, 23.791789410000035 ], [ 90.480041214000039, 23.790863927000032 ], [ 90.479130546000079, 23.790123848000064 ], [ 90.476600891000032, 23.788365860000056 ], [ 90.476256616000057, 23.787996599000053 ], [ 90.475910978000059, 23.787421854000058 ], [ 90.475364399000057, 23.786922244000039 ], [ 90.474071171000048, 23.78657170200006 ], [ 90.473019601000033, 23.786037503000045 ], [ 90.472251102000087, 23.785574691000079 ], [ 90.471317831000079, 23.784839151000028 ], [ 90.470369025000082, 23.784950432000073 ], [ 90.468915281000079, 23.785280018000037 ], [ 90.468321410000044, 23.785241223000071 ], [ 90.468051804000083, 23.784986412000023 ], [ 90.467778409000061, 23.784899592000045 ], [ 90.467419731000064, 23.784954875000039 ], [ 90.466883722000034, 23.785340371000075 ], [ 90.466524661000051, 23.785287260000075 ], [ 90.466283843000042, 23.78484766400004 ], [ 90.466042466000033, 23.784078385000043 ], [ 90.465622526000061, 23.783639325000024 ], [ 90.465263274000051, 23.783532020000052 ], [ 90.464568694000036, 23.782624102000057 ], [ 90.464245065000057, 23.782873466000069 ], [ 90.463473570000076, 23.782936753000058 ], [ 90.463597018000087, 23.785571567000034 ], [ 90.464235225000039, 23.786345488000052 ], [ 90.464565766000078, 23.789050503000055 ], [ 90.464570394000077, 23.790353521000043 ], [ 90.465412076000064, 23.791726159000063 ], [ 90.466822424000043, 23.794592665000039 ], [ 90.466889261000063, 23.795782652000071 ], [ 90.467128096000067, 23.795776991000025 ], [ 90.467140676000042, 23.79675295800007 ], [ 90.467485091000071, 23.796770863000063 ], [ 90.467499779000036, 23.797431630000062 ], [ 90.467479878000063, 23.798280288000058 ], [ 90.467244601000061, 23.798256223000067 ], [ 90.46721537600007, 23.798477254000034 ], [ 90.466658190000032, 23.799603696000077 ], [ 90.464750134000042, 23.80294082000006 ], [ 90.463995382000064, 23.803540729000076 ], [ 90.463900889000058, 23.803775312000027 ], [ 90.464201832000072, 23.804379572000073 ], [ 90.465697007000074, 23.80453990500007 ], [ 90.465936457000055, 23.804758217000028 ], [ 90.466058063000048, 23.80530882000005 ], [ 90.466716767000037, 23.805582315000038 ], [ 90.467195110000034, 23.80568925700004 ], [ 90.467734178000057, 23.805963108000071 ], [ 90.468154002000063, 23.806347965000043 ], [ 90.468455759000051, 23.807171249000078 ], [ 90.468400584000051, 23.808381745000077 ], [ 90.468466217000071, 23.810086395000042 ], [ 90.468289621000054, 23.810802741000032 ], [ 90.468351307000034, 23.811407716000076 ], [ 90.468891382000038, 23.811954788000037 ], [ 90.470029097000065, 23.812502295000058 ], [ 90.470390415000054, 23.813160554000035 ], [ 90.470692008000071, 23.813929635000022 ], [ 90.471112257000073, 23.814422872000023 ], [ 90.472310133000065, 23.814970177000077 ], [ 90.47308713700005, 23.815021989000059 ], [ 90.475118763000069, 23.814686067000025 ], [ 90.474397883000051, 23.813699249000024 ], [ 90.474755010000081, 23.813366213000052 ], [ 90.475294124000072, 23.813640037000027 ], [ 90.477573052000082, 23.815667523000059 ], [ 90.479250979000085, 23.816764256000056 ], [ 90.480748744000039, 23.81758379200005 ], [ 90.482423667000035, 23.817854044000057 ], [ 90.484815492000052, 23.818011383000055 ], [ 90.485951272000079, 23.818007808000061 ], [ 90.486679207000066, 23.817894866000074 ], [ 90.486862901000052, 23.817625578000047 ] ] ] } },
{ "type": "Feature", "properties": { "matched_key": "U_30262506001", "navigation_parent_key": "A_302625", "admin_type": "city_ward", "admin_label": "City Corporation Ward", "map_level": "ward", "admin_rank": 3, "displayable": 1, "geometry_status": "NAME/CODE VARIANT", "location_label": "Ward No. 01 (Part)" }, "geometry": { "type": "Polygon", "coordinates": [ [ [ 90.397474809000073, 23.861007667000024 ], [ 90.399989045000041, 23.860683377000043 ], [ 90.399962832000085, 23.860775150000052 ], [ 90.400235477000081, 23.860750733000032 ], [ 90.400258145000066, 23.860571875000062 ], [ 90.40096614600003, 23.859455678000074 ], [ 90.401925866000056, 23.858307703000037 ], [ 90.402062888000046, 23.858386740000071 ], [ 90.404914667000071, 23.854954855000074 ], [ 90.404413182000042, 23.854668939000078 ], [ 90.401271678000057, 23.856339538000043 ], [ 90.401005176000069, 23.856567455000061 ], [ 90.397264899000049, 23.860940520000042 ], [ 90.397474809000073, 23.861007667000024 ] ] ] } },
{ "type": "Feature", "properties": { "matched_key": "U_30262506050", "navigation_parent_key": "A_302625", "admin_type": "city_ward", "admin_label": "City Corporation Ward", "map_level": "ward", "admin_rank": 3, "displayable": 1, "geometry_status": "EXACT/GEOMETRY", "location_label": "Ward No. 50 (Part)" }, "geometry": { "type": "Polygon", "coordinates": [ [ [ 90.392468547000078, 23.861258923000037 ], [ 90.397023726000043, 23.860863374000076 ], [ 90.397264899000049, 23.860940520000042 ], [ 90.401005176000069, 23.856567455000061 ], [ 90.401271678000057, 23.856339538000043 ], [ 90.404413182000042, 23.854668939000078 ], [ 90.404914667000071, 23.854954855000074 ], [ 90.406261520000044, 23.85333343800005 ], [ 90.406935095000051, 23.85411509100004 ], [ 90.407780062000086, 23.854227282000068 ], [ 90.407984786000043, 23.85384018600007 ], [ 90.40835472100008, 23.854016932000036 ], [ 90.410683572000039, 23.854565361000027 ], [ 90.410663636000038, 23.853923811000072 ], [ 90.410843997000086, 23.852813851000064 ], [ 90.411657118000051, 23.852983840000036 ], [ 90.411661403000039, 23.853065079000032 ], [ 90.411919441000066, 23.853071558000067 ], [ 90.411906722000083, 23.852306732000045 ], [ 90.41238332100005, 23.851244746000077 ], [ 90.415241222000077, 23.85085964700005 ], [ 90.415439322000054, 23.850751947000049 ], [ 90.417619524000031, 23.847601249000036 ], [ 90.419087423000065, 23.847004447000074 ], [ 90.419520524000063, 23.846707649000052 ], [ 90.419615824000061, 23.846481848000053 ], [ 90.419546024000056, 23.846194448000062 ], [ 90.419745624000086, 23.846103948000064 ], [ 90.419892301000061, 23.845810767000046 ], [ 90.419861324000067, 23.845465748000038 ], [ 90.420091024000044, 23.845433348000029 ], [ 90.420655224000086, 23.844244549000052 ], [ 90.421154126000033, 23.844271449000075 ], [ 90.421517412000071, 23.843619754000031 ], [ 90.421541483000055, 23.843410799000026 ], [ 90.421419185000047, 23.843353777000061 ], [ 90.42163292500004, 23.842554149000023 ], [ 90.421608724000066, 23.842353049000053 ], [ 90.420043727000063, 23.838915949000068 ], [ 90.419669987000077, 23.838592899000048 ], [ 90.419723843000043, 23.838355654000054 ], [ 90.418807232000063, 23.838057826000068 ], [ 90.418200467000077, 23.837752245000047 ], [ 90.418161124000051, 23.837862090000044 ], [ 90.416308108000067, 23.836296517000051 ], [ 90.415116858000033, 23.835507146000054 ], [ 90.414770427000065, 23.835351048000064 ], [ 90.414091828000039, 23.835223447000033 ], [ 90.413182928000083, 23.833617446000062 ], [ 90.413134878000051, 23.833406791000073 ], [ 90.411918154000034, 23.833140227000058 ], [ 90.410443365000049, 23.83408352400005 ], [ 90.406646227000067, 23.831645825000066 ], [ 90.406047240000078, 23.831700856000055 ], [ 90.400652592000085, 23.831123295000054 ], [ 90.398564533000069, 23.831343792000041 ], [ 90.396407063000083, 23.833543647000056 ], [ 90.395221120000031, 23.835012991000042 ], [ 90.392433409000034, 23.837933966000037 ], [ 90.392297589000066, 23.838247833000025 ], [ 90.393099487000086, 23.841873932000055 ], [ 90.391791419000072, 23.842103024000039 ], [ 90.391923964000057, 23.84346212500003 ], [ 90.393423116000065, 23.843639232000044 ], [ 90.393483365000066, 23.84383525100003 ], [ 90.393435672000066, 23.844300537000038 ], [ 90.393264564000049, 23.845156788000054 ], [ 90.393266685000071, 23.845859047000033 ], [ 90.39341403700007, 23.846018854000079 ], [ 90.393336624000085, 23.846195899000065 ], [ 90.393222188000038, 23.846157953000045 ], [ 90.392140666000046, 23.847559992000072 ], [ 90.39194519800003, 23.847666619000051 ], [ 90.387736662000066, 23.853125534000071 ], [ 90.38673237900008, 23.854596050000055 ], [ 90.385451863000071, 23.856864358000053 ], [ 90.392468547000078, 23.861258923000037 ] ] ] } },
{ "type": "Feature", "properties": { "matched_key": "U_30262507019", "navigation_parent_key": "A_302625", "admin_type": "city_ward", "admin_label": "City Corporation Ward", "map_level": "ward", "admin_rank": 3, "displayable": 1, "geometry_status": "EXACT/GEOMETRY", "location_label": "Ward No. 19 (Part)" }, "geometry": { "type": "Polygon", "coordinates": [ [ [ 90.403224813000065, 23.800407455000027 ], [ 90.404977129000031, 23.80023344600005 ], [ 90.406229468000049, 23.800967804000038 ], [ 90.407911459000047, 23.800957336000067 ], [ 90.407848745000081, 23.800325238000028 ], [ 90.407648255000083, 23.800172215000032 ], [ 90.407509478000065, 23.79856030600007 ], [ 90.407575104000045, 23.798160448000033 ], [ 90.407757397000069, 23.79779189900006 ], [ 90.408956258000046, 23.797020977000045 ], [ 90.409171766000043, 23.796681690000071 ], [ 90.409893712000041, 23.79271908000004 ], [ 90.410290001000078, 23.791537045000041 ], [ 90.410406454000054, 23.791306407000036 ], [ 90.412849579000067, 23.788459210000042 ], [ 90.41389472000003, 23.786645418000035 ], [ 90.414043316000061, 23.786107595000033 ], [ 90.414032711000061, 23.78469631400003 ], [ 90.413485329000082, 23.783476151000059 ], [ 90.41279921000006, 23.782222486000023 ], [ 90.412439777000031, 23.781848603000071 ], [ 90.412056367000048, 23.781650913000078 ], [ 90.411775412000054, 23.781263270000068 ], [ 90.410907935000068, 23.781265398000073 ], [ 90.41088323300005, 23.781565146000048 ], [ 90.409880455000064, 23.781478763000052 ], [ 90.409303418000036, 23.782299533000071 ], [ 90.409140926000077, 23.782425687000057 ], [ 90.409099400000059, 23.78258395000006 ], [ 90.40898347600006, 23.782635244000062 ], [ 90.408741881000083, 23.783089967000024 ], [ 90.408614096000065, 23.783169220000048 ], [ 90.408632498000031, 23.783339756000032 ], [ 90.408426547000033, 23.783318311000073 ], [ 90.408456650000062, 23.783477383000047 ], [ 90.407261407000078, 23.784096497000064 ], [ 90.407303671000079, 23.784151082000051 ], [ 90.407236149000084, 23.784234511000022 ], [ 90.406727662000037, 23.784483227000067 ], [ 90.406944586000066, 23.785029050000048 ], [ 90.407026013000063, 23.785032778000073 ], [ 90.407047293000062, 23.78521093300003 ], [ 90.407227660000046, 23.785396759000037 ], [ 90.406817166000053, 23.785625024000069 ], [ 90.406302135000033, 23.784730368000055 ], [ 90.406057863000058, 23.784824509000032 ], [ 90.406064661000073, 23.784886785000026 ], [ 90.405754345000048, 23.784918449000031 ], [ 90.405214468000054, 23.78516455700003 ], [ 90.404815237000037, 23.785507493000068 ], [ 90.404122602000086, 23.784774631000062 ], [ 90.403946262000034, 23.784954986000059 ], [ 90.403519562000042, 23.785044885000048 ], [ 90.403245663000064, 23.784884986000066 ], [ 90.40307580800004, 23.784626014000025 ], [ 90.402055266000048, 23.785604113000034 ], [ 90.401340900000037, 23.786506952000025 ], [ 90.400470098000085, 23.786557703000028 ], [ 90.400396805000071, 23.786205761000076 ], [ 90.400086981000072, 23.786253497000075 ], [ 90.400070072000062, 23.786159859000065 ], [ 90.399123686000053, 23.786304248000079 ], [ 90.400232320000043, 23.793050195000035 ], [ 90.400555274000055, 23.793018736000079 ], [ 90.40217081600008, 23.80102434500003 ], [ 90.40291385200004, 23.800769108000054 ], [ 90.403224813000065, 23.800407455000027 ] ] ] } },
{ "type": "Feature", "properties": { "matched_key": "U_30262507020", "navigation_parent_key": "A_302625", "admin_type": "city_ward", "admin_label": "City Corporation Ward", "map_level": "ward", "admin_rank": 3, "displayable": 1, "geometry_status": "EXACT/GEOMETRY", "location_label": "Ward No. 20 (Part)" }, "geometry": { "type": "Polygon", "coordinates": [ [ [ 90.400470098000085, 23.786557703000028 ], [ 90.401340900000037, 23.786506952000025 ], [ 90.402055266000048, 23.785604113000034 ], [ 90.40307580800004, 23.784626014000025 ], [ 90.403245663000064, 23.784884986000066 ], [ 90.403519562000042, 23.785044885000048 ], [ 90.403946262000034, 23.784954986000059 ], [ 90.404122602000086, 23.784774631000062 ], [ 90.404815237000037, 23.785507493000068 ], [ 90.405214468000054, 23.78516455700003 ], [ 90.405754345000048, 23.784918449000031 ], [ 90.406064661000073, 23.784886785000026 ], [ 90.406057863000058, 23.784824509000032 ], [ 90.406302135000033, 23.784730368000055 ], [ 90.406818361000035, 23.785624486000074 ], [ 90.407227660000046, 23.785396759000037 ], [ 90.407047293000062, 23.78521093300003 ], [ 90.407026013000063, 23.785032778000073 ], [ 90.406944586000066, 23.785029050000048 ], [ 90.406727662000037, 23.784483227000067 ], [ 90.407236149000084, 23.784234511000022 ], [ 90.407303671000079, 23.784151082000051 ], [ 90.407261407000078, 23.784096497000064 ], [ 90.408456650000062, 23.783477383000047 ], [ 90.408426547000033, 23.783318311000073 ], [ 90.408632498000031, 23.783339756000032 ], [ 90.408614096000065, 23.783169220000048 ], [ 90.408741881000083, 23.783089967000024 ], [ 90.40898347600006, 23.782635244000062 ], [ 90.409099400000059, 23.78258395000006 ], [ 90.409140926000077, 23.782425687000057 ], [ 90.409303418000036, 23.782299533000071 ], [ 90.409880455000064, 23.781478763000052 ], [ 90.41088323300005, 23.781565146000048 ], [ 90.410907584000086, 23.780542989000025 ], [ 90.411731151000083, 23.778899852000052 ], [ 90.410942009000053, 23.778708110000025 ], [ 90.410767294000038, 23.777282944000035 ], [ 90.411301837000053, 23.776945730000023 ], [ 90.411480242000039, 23.776514875000032 ], [ 90.411832530000083, 23.776564123000071 ], [ 90.411972278000064, 23.776272510000069 ], [ 90.411996225000053, 23.775998438000045 ], [ 90.411869158000059, 23.775935420000053 ], [ 90.411778575000085, 23.77548084700004 ], [ 90.411611509000068, 23.775215596000066 ], [ 90.411090708000074, 23.774758132000045 ], [ 90.410784701000068, 23.773898601000042 ], [ 90.409167532000083, 23.773563503000048 ], [ 90.407762603000037, 23.773540440000033 ], [ 90.407782969000039, 23.773406278000039 ], [ 90.407672777000073, 23.773377891000052 ], [ 90.406588727000042, 23.773417605000077 ], [ 90.406472617000077, 23.772862620000069 ], [ 90.405129149000061, 23.772990694000043 ], [ 90.403894201000071, 23.773519600000043 ], [ 90.402587637000067, 23.773636710000062 ], [ 90.402403996000032, 23.774000693000062 ], [ 90.400581374000069, 23.77387486300006 ], [ 90.400057096000069, 23.77403212300004 ], [ 90.400022602000035, 23.774112400000035 ], [ 90.399602399000059, 23.774082885000041 ], [ 90.39900083100008, 23.775150265000036 ], [ 90.398544090000087, 23.776641790000042 ], [ 90.398289822000038, 23.778150856000025 ], [ 90.397560878000036, 23.77817761600005 ], [ 90.398967283000047, 23.785148630000037 ], [ 90.399123686000053, 23.786304248000079 ], [ 90.400070072000062, 23.786159859000065 ], [ 90.400086981000072, 23.786253497000075 ], [ 90.400396805000071, 23.786205761000076 ], [ 90.400470098000085, 23.786557703000028 ] ] ] } },
{ "type": "Feature", "properties": { "matched_key": "U_30262508015", "navigation_parent_key": "A_302625", "admin_type": "city_ward", "admin_label": "City Corporation Ward", "map_level": "ward", "admin_rank": 3, "displayable": 1, "geometry_status": "EXACT/GEOMETRY", "location_label": "Ward No. 15 (Part)" }, "geometry": { "type": "Polygon", "coordinates": [ [ [ 90.387058395000054, 23.828071429000033 ], [ 90.387280768000039, 23.828024950000042 ], [ 90.388229099000057, 23.828275812000072 ], [ 90.388464810000073, 23.82825904300006 ], [ 90.38850504100003, 23.828124548000062 ], [ 90.388416672000062, 23.828110432000074 ], [ 90.388350463000052, 23.827838106000058 ], [ 90.38884353900005, 23.827599021000026 ], [ 90.388880628000038, 23.827655130000039 ], [ 90.389046232000055, 23.82760539800006 ], [ 90.38910549600007, 23.827181630000041 ], [ 90.38928869700004, 23.827030330000071 ], [ 90.389336669000045, 23.826844 ], [ 90.389609815000085, 23.826504936000049 ], [ 90.391318659000035, 23.826986074000047 ], [ 90.392123020000042, 23.827102237000076 ], [ 90.392097619000083, 23.827422041000034 ], [ 90.392548738000073, 23.827465822000079 ], [ 90.393150998000067, 23.827386832000059 ], [ 90.395347595000032, 23.828739872000028 ], [ 90.395742875000053, 23.828796097000065 ], [ 90.396524384000031, 23.827670869000031 ], [ 90.396642996000082, 23.827325076000022 ], [ 90.396700619000057, 23.826699438000048 ], [ 90.396449671000084, 23.825702010000043 ], [ 90.394371711000076, 23.825454432000072 ], [ 90.393962099000078, 23.825696033000042 ], [ 90.393514999000047, 23.82551843300007 ], [ 90.393729300000075, 23.824866932000077 ], [ 90.393570199000067, 23.824741133000032 ], [ 90.393950799000038, 23.824521633000074 ], [ 90.39408, 23.824149734000059 ], [ 90.393893001000038, 23.823361233000071 ], [ 90.394043629000066, 23.823213163000048 ], [ 90.393746621000048, 23.822884069000054 ], [ 90.393551857000034, 23.822396818000072 ], [ 90.39434878600008, 23.821929617000023 ], [ 90.394781772000044, 23.821242048000045 ], [ 90.395601609000039, 23.820440586000075 ], [ 90.396906458000046, 23.81891753900004 ], [ 90.39674622800004, 23.818434298000057 ], [ 90.395967877000032, 23.818669758000055 ], [ 90.39577802000008, 23.818373262000023 ], [ 90.395823487000087, 23.817947754000045 ], [ 90.395466915000043, 23.817719246000024 ], [ 90.395154081000044, 23.817606326000032 ], [ 90.394784974000061, 23.818039208000073 ], [ 90.394817364000062, 23.817759241000033 ], [ 90.394584814000041, 23.817525036000063 ], [ 90.394505956000046, 23.816833549000023 ], [ 90.394110941000065, 23.816930815000035 ], [ 90.393721269000082, 23.816717292000078 ], [ 90.393733803000032, 23.815786926000044 ], [ 90.393530627000075, 23.815559379000035 ], [ 90.393063508000068, 23.81530089000006 ], [ 90.391010448000031, 23.815194676000033 ], [ 90.390873766000084, 23.815456122000057 ], [ 90.389893843000038, 23.816118198000026 ], [ 90.389088783000034, 23.816187146000061 ], [ 90.388787686000057, 23.816337987000054 ], [ 90.389245114000062, 23.817378986000051 ], [ 90.389380900000049, 23.819083500000033 ], [ 90.38976229900004, 23.820143130000076 ], [ 90.389015259000075, 23.819974041000023 ], [ 90.388429058000042, 23.819938240000056 ], [ 90.385483194000074, 23.820419816000026 ], [ 90.385399904000053, 23.820611189000033 ], [ 90.384660216000043, 23.820840075000035 ], [ 90.383950912000046, 23.821231221000062 ], [ 90.383716456000059, 23.821459497000035 ], [ 90.382125619000078, 23.822515141000054 ], [ 90.381210051000039, 23.822911055000077 ], [ 90.381643569000062, 23.823086497000077 ], [ 90.381780674000083, 23.823447724000061 ], [ 90.38180042700003, 23.824487862000069 ], [ 90.381478372000061, 23.825274612000044 ], [ 90.381777509000074, 23.826003234000041 ], [ 90.382511952000073, 23.826805293000064 ], [ 90.382639620000077, 23.828279507000047 ], [ 90.383628230000056, 23.82848705300006 ], [ 90.384044793000044, 23.828655373000061 ], [ 90.385284365000075, 23.828851501000031 ], [ 90.386793702000034, 23.82889265700004 ], [ 90.387058395000054, 23.828071429000033 ] ] ] } },
{ "type": "Feature", "properties": { "matched_key": "U_30262508098", "navigation_parent_key": "A_302625", "admin_type": "city_ward", "admin_label": "City Corporation Ward", "map_level": "ward", "admin_rank": 3, "displayable": 1, "geometry_status": "EXACT/GEOMETRY", "location_label": "Ward No. 98 (Restricted Area)" }, "geometry": { "type": "Polygon", "coordinates": [ [ [ 90.392433409000034, 23.837933966000037 ], [ 90.395221120000031, 23.835012991000042 ], [ 90.396407063000083, 23.833543647000056 ], [ 90.398564533000069, 23.831343792000041 ], [ 90.400652592000085, 23.831123295000054 ], [ 90.406047240000078, 23.831700856000055 ], [ 90.406646227000067, 23.831645825000066 ], [ 90.410443365000049, 23.83408352400005 ], [ 90.411918154000034, 23.833140227000058 ], [ 90.413134878000051, 23.833406791000073 ], [ 90.413177443000052, 23.831009744000028 ], [ 90.413301514000068, 23.829688433000058 ], [ 90.412686495000059, 23.827903938000077 ], [ 90.412562932000071, 23.826865551000026 ], [ 90.412575668000045, 23.825847120000049 ], [ 90.412925899000072, 23.825019724000072 ], [ 90.413493534000054, 23.824248194000063 ], [ 90.413574501000085, 23.823656361000076 ], [ 90.414527261000046, 23.823586060000025 ], [ 90.41515834300003, 23.82366791100003 ], [ 90.415347593000035, 23.823552238000048 ], [ 90.415591089000031, 23.823129323000046 ], [ 90.415633494000076, 23.822706308000079 ], [ 90.415390115000037, 23.822429364000072 ], [ 90.415383202000044, 23.822297941000045 ], [ 90.415696463000074, 23.821759386000053 ], [ 90.416794507000077, 23.821060208000063 ], [ 90.417033658000037, 23.820411210000032 ], [ 90.417373123000061, 23.820120097000029 ], [ 90.416475383000034, 23.819556804000058 ], [ 90.416640868000059, 23.819235811000055 ], [ 90.416654418000064, 23.818271786000025 ], [ 90.417372389000036, 23.818182616000058 ], [ 90.417416354000068, 23.818121556000051 ], [ 90.417385231000083, 23.816918361000035 ], [ 90.417458134000071, 23.816320208000036 ], [ 90.416341334000037, 23.816234442000052 ], [ 90.415295398000069, 23.816262417000075 ], [ 90.415359161000083, 23.815811493000069 ], [ 90.415346501000045, 23.815456672000039 ], [ 90.415270679000059, 23.815330708000033 ], [ 90.41534303800006, 23.813250866000033 ], [ 90.41578437000004, 23.811981017000051 ], [ 90.415834376000078, 23.811470170000064 ], [ 90.415072972000075, 23.811679967000032 ], [ 90.414582591000055, 23.811640638000029 ], [ 90.414258682000082, 23.811467638000067 ], [ 90.414023965000069, 23.81117019900006 ], [ 90.413788338000074, 23.810585986000035 ], [ 90.413624094000056, 23.809515735000048 ], [ 90.413040557000045, 23.809456486000045 ], [ 90.41388095800005, 23.808504386000038 ], [ 90.415081558000054, 23.807456086000059 ], [ 90.415342458000055, 23.807074286000045 ], [ 90.415497031000086, 23.806475448000072 ], [ 90.414001452000036, 23.806197949000023 ], [ 90.413109128000031, 23.805744208000078 ], [ 90.413038612000037, 23.805369555000027 ], [ 90.41201542400006, 23.805245835000051 ], [ 90.412092361000077, 23.80473981800003 ], [ 90.410638174000042, 23.804328208000072 ], [ 90.409672650000061, 23.804217999000059 ], [ 90.408845804000066, 23.804269900000065 ], [ 90.408679635000055, 23.805085351000059 ], [ 90.407680481000057, 23.804993156000023 ], [ 90.407621531000075, 23.805173960000047 ], [ 90.406793021000055, 23.805106145000025 ], [ 90.406820957000036, 23.80462058300003 ], [ 90.406552141000077, 23.804594193000071 ], [ 90.406566180000084, 23.804097580000075 ], [ 90.406641949000061, 23.803907938000066 ], [ 90.406560216000059, 23.802458019000028 ], [ 90.406772184000033, 23.802355845000022 ], [ 90.406759907000037, 23.801565545000074 ], [ 90.406863645000044, 23.801409377000027 ], [ 90.406840458000033, 23.800972958000045 ], [ 90.406229468000049, 23.800967804000038 ], [ 90.404977129000031, 23.80023344600005 ], [ 90.403224813000065, 23.800407455000027 ], [ 90.40291385200004, 23.800769108000054 ], [ 90.40217081600008, 23.80102434500003 ], [ 90.400555274000055, 23.793018736000079 ], [ 90.400232320000043, 23.793050195000035 ], [ 90.398967283000047, 23.785148630000037 ], [ 90.397549942000069, 23.778123408000056 ], [ 90.395826192000072, 23.777309808000041 ], [ 90.395682850000071, 23.777353044000051 ], [ 90.393554207000079, 23.776130709000029 ], [ 90.392709615000058, 23.775751239000044 ], [ 90.389909966000062, 23.775336068000058 ], [ 90.390094347000058, 23.773192663000032 ], [ 90.389341095000077, 23.769486758000028 ], [ 90.38907030200005, 23.767739667000058 ], [ 90.389005574000066, 23.766186255000036 ], [ 90.389104039000074, 23.764645978000033 ], [ 90.388092660000041, 23.764666586000033 ], [ 90.383524616000045, 23.765398331000029 ], [ 90.383292963000031, 23.765378030000022 ], [ 90.383313575000045, 23.765803055000049 ], [ 90.382999935000043, 23.768247106000047 ], [ 90.381983596000055, 23.77267099200003 ], [ 90.379774249000036, 23.779687854000031 ], [ 90.37856953000005, 23.783820662000039 ], [ 90.378491275000044, 23.783814326000027 ], [ 90.378016280000054, 23.785083458000031 ], [ 90.378266155000063, 23.785184753000067 ], [ 90.378278464000061, 23.785399808000022 ], [ 90.377597058000049, 23.787471917000062 ], [ 90.377271103000055, 23.788916389000065 ], [ 90.377011589000062, 23.788904642000034 ], [ 90.376886346000049, 23.789586497000073 ], [ 90.37863664300005, 23.789809717000026 ], [ 90.378648880000071, 23.789999680000051 ], [ 90.37832766300005, 23.790876887000024 ], [ 90.379089418000035, 23.790865624000048 ], [ 90.379328937000082, 23.790714528000024 ], [ 90.381630837000046, 23.791101486000059 ], [ 90.383288207000078, 23.785613461000025 ], [ 90.383912218000034, 23.784100218000049 ], [ 90.383924677000039, 23.783136412000033 ], [ 90.384040914000082, 23.782923427000071 ], [ 90.385415414000079, 23.783161377000056 ], [ 90.385406566000086, 23.783258388000036 ], [ 90.385475687000053, 23.783263908000038 ], [ 90.385416632000045, 23.783817433000024 ], [ 90.385497500000042, 23.78482096700003 ], [ 90.38565365900007, 23.784935290000078 ], [ 90.385681758000032, 23.785050221000063 ], [ 90.385781693000069, 23.785065892000034 ], [ 90.38576798400004, 23.78519443700003 ], [ 90.38619778900005, 23.785314539000069 ], [ 90.38630682400003, 23.785652669000058 ], [ 90.386218732000032, 23.785786148000057 ], [ 90.388256595000087, 23.785799760000032 ], [ 90.388296301000082, 23.786189309000065 ], [ 90.388178583000069, 23.787613911000051 ], [ 90.388306785000054, 23.788388361000045 ], [ 90.387970438000082, 23.790132762000042 ], [ 90.387832092000053, 23.79159284800005 ], [ 90.38798859700006, 23.793768431000046 ], [ 90.387665057000049, 23.795822065000038 ], [ 90.388725684000065, 23.795994484000062 ], [ 90.389038350000078, 23.795629735000034 ], [ 90.389274740000076, 23.795817788000022 ], [ 90.389574536000055, 23.795597036000061 ], [ 90.38985027800004, 23.795811484000069 ], [ 90.390024858000061, 23.795640055000035 ], [ 90.391387139000074, 23.795738892000031 ], [ 90.392098800000042, 23.79557314300007 ], [ 90.39269964600004, 23.798391867000078 ], [ 90.391827283000055, 23.798499236000055 ], [ 90.390957693000075, 23.798492552000027 ], [ 90.390951591000032, 23.798102134000032 ], [ 90.390775955000038, 23.797995037000078 ], [ 90.389944566000054, 23.79790752100007 ], [ 90.38990164900008, 23.796581266000032 ], [ 90.388620996000043, 23.79684343100007 ], [ 90.387387683000043, 23.797203591000027 ], [ 90.387322089000065, 23.798430672000052 ], [ 90.388438200000053, 23.798202361000051 ], [ 90.388481195000054, 23.798334231000069 ], [ 90.388245294000058, 23.799839231000078 ], [ 90.38857719400005, 23.799934030000031 ], [ 90.389604811000083, 23.799917593000032 ], [ 90.389604094000049, 23.799587554000027 ], [ 90.39089176300007, 23.799562011000035 ], [ 90.390792476000058, 23.800127581000027 ], [ 90.390663110000048, 23.800295196000036 ], [ 90.390405523000084, 23.801012800000024 ], [ 90.390433853000047, 23.801801376000071 ], [ 90.390863993000039, 23.802531566000027 ], [ 90.391123822000054, 23.802761495000027 ], [ 90.391353061000075, 23.803202810000073 ], [ 90.391245105000053, 23.803246780000052 ], [ 90.391254914000058, 23.803332879000038 ], [ 90.391656190000049, 23.803344528000025 ], [ 90.391702725000073, 23.803731594000055 ], [ 90.389908393000042, 23.804296030000046 ], [ 90.389805393000074, 23.804429531000039 ], [ 90.389713744000062, 23.804675907000046 ], [ 90.391205834000061, 23.806477347000055 ], [ 90.389529905000074, 23.807372544000032 ], [ 90.393156790000035, 23.811983131000034 ], [ 90.393608682000036, 23.811976233000053 ], [ 90.394435643000065, 23.811792110000056 ], [ 90.394719851000048, 23.811642950000078 ], [ 90.394535787000052, 23.810805927000047 ], [ 90.39511364100008, 23.810612269000046 ], [ 90.395227006000084, 23.810819824000077 ], [ 90.396148018000076, 23.811211329000059 ], [ 90.396047113000066, 23.811586876000035 ], [ 90.394758290000084, 23.814492681000047 ], [ 90.39468991800004, 23.814811247000023 ], [ 90.394771847000072, 23.815323622000051 ], [ 90.395034691000035, 23.815801666000027 ], [ 90.395088912000062, 23.816280241000072 ], [ 90.39465417200006, 23.816586197000049 ], [ 90.394505956000046, 23.816833549000023 ], [ 90.394584814000041, 23.817525036000063 ], [ 90.394817364000062, 23.817759241000033 ], [ 90.394784974000061, 23.818039208000073 ], [ 90.395154081000044, 23.817606326000032 ], [ 90.395466915000043, 23.817719246000024 ], [ 90.395823487000087, 23.817947754000045 ], [ 90.39577802000008, 23.818373262000023 ], [ 90.395967877000032, 23.818669758000055 ], [ 90.39674622800004, 23.818434298000057 ], [ 90.396906458000046, 23.81891753900004 ], [ 90.395601609000039, 23.820440586000075 ], [ 90.394781772000044, 23.821242048000045 ], [ 90.39434878600008, 23.821929617000023 ], [ 90.393551857000034, 23.822396818000072 ], [ 90.393746621000048, 23.822884069000054 ], [ 90.394043629000066, 23.823213163000048 ], [ 90.393893001000038, 23.823361233000071 ], [ 90.39408, 23.824149734000059 ], [ 90.393950799000038, 23.824521633000074 ], [ 90.393570199000067, 23.824741133000032 ], [ 90.393729300000075, 23.824866932000077 ], [ 90.393514999000047, 23.82551843300007 ], [ 90.393962099000078, 23.825696033000042 ], [ 90.394371711000076, 23.825454432000072 ], [ 90.396449671000084, 23.825702010000043 ], [ 90.396700619000057, 23.826699438000048 ], [ 90.396686198000054, 23.827002056000026 ], [ 90.396524384000031, 23.827670869000031 ], [ 90.395742875000053, 23.828796097000065 ], [ 90.395217627000079, 23.828716305000057 ], [ 90.393150998000067, 23.827386832000059 ], [ 90.388802293000083, 23.832185331000062 ], [ 90.388794823000069, 23.83279512200005 ], [ 90.38920398700003, 23.832858696000073 ], [ 90.389200395000046, 23.833657626000047 ], [ 90.389321146000043, 23.833726148000039 ], [ 90.389330446000031, 23.834056877000023 ], [ 90.388803483000061, 23.834322531000055 ], [ 90.388612188000081, 23.835411413000031 ], [ 90.387663475000068, 23.835639609000054 ], [ 90.387180626000031, 23.836717930000077 ], [ 90.387117447000037, 23.837142610000058 ], [ 90.38744110600004, 23.83712640400006 ], [ 90.387847359000034, 23.83744800900007 ], [ 90.387788848000071, 23.837866376000022 ], [ 90.387950068000066, 23.837913767000032 ], [ 90.387940376000074, 23.838298637000037 ], [ 90.388048010000034, 23.838410151000062 ], [ 90.388154066000084, 23.839126833000023 ], [ 90.388016651000044, 23.839920603000053 ], [ 90.387638725000045, 23.840320680000048 ], [ 90.387419462000082, 23.841552825000065 ], [ 90.387863571000082, 23.841618448000077 ], [ 90.388611506000075, 23.843289054000024 ], [ 90.390241934000073, 23.843498984000064 ], [ 90.391787176000037, 23.843594865000057 ], [ 90.391923964000057, 23.84346212500003 ], [ 90.391791419000072, 23.842103024000039 ], [ 90.393099487000086, 23.841873932000055 ], [ 90.392297589000066, 23.838247833000025 ], [ 90.392433409000034, 23.837933966000037 ] ] ] } },
{ "type": "Feature", "properties": { "matched_key": "U_30262510047", "navigation_parent_key": "A_302625", "admin_type": "city_ward", "admin_label": "City Corporation Ward", "map_level": "ward", "admin_rank": 3, "displayable": 1, "geometry_status": "EXACT/GEOMETRY", "location_label": "Ward No. 47" }, "geometry": { "type": "Polygon", "coordinates": [ [ [ 90.414894758000059, 23.884094150000067 ], [ 90.415015962000041, 23.882888054000034 ], [ 90.414762349000057, 23.882874333000075 ], [ 90.414951924000036, 23.881956218000028 ], [ 90.415966119000075, 23.881951607000076 ], [ 90.416198590000079, 23.882046485000046 ], [ 90.416558705000057, 23.882053074000055 ], [ 90.416566499000055, 23.881661426000051 ], [ 90.416725718000066, 23.881685382000057 ], [ 90.416850615000044, 23.880857134000053 ], [ 90.417948821000039, 23.880824510000025 ], [ 90.417952056000047, 23.880516292000038 ], [ 90.418016762000036, 23.880511156000068 ], [ 90.41802659800004, 23.880337151000049 ], [ 90.418114788000082, 23.880342169000073 ], [ 90.418271572000037, 23.880163869000057 ], [ 90.418336327000077, 23.87985726200003 ], [ 90.417793910000057, 23.87987933200003 ], [ 90.418021489000068, 23.879275192000023 ], [ 90.418198493000034, 23.879296402000023 ], [ 90.418316947000051, 23.878993122000054 ], [ 90.418148204000033, 23.878841241000032 ], [ 90.41818070100004, 23.878725286000076 ], [ 90.418050936000043, 23.878690609000046 ], [ 90.418151822000084, 23.878382527000042 ], [ 90.417930593000051, 23.878353028000049 ], [ 90.41795842700003, 23.877669989000026 ], [ 90.41786957000005, 23.877085869000041 ], [ 90.41776266800008, 23.877085567000051 ], [ 90.417883646000064, 23.876516281000079 ], [ 90.41755805400004, 23.876483467000071 ], [ 90.417647154000065, 23.876233364000029 ], [ 90.417574315000081, 23.876210858000036 ], [ 90.41751464500004, 23.875530920000074 ], [ 90.417686999000068, 23.873971366000035 ], [ 90.416535153000041, 23.873769692000053 ], [ 90.417659485000058, 23.872681726000053 ], [ 90.41769572000004, 23.87233066500005 ], [ 90.418166567000071, 23.872132059000023 ], [ 90.418441766000058, 23.872160266000037 ], [ 90.418495463000056, 23.871887682000079 ], [ 90.418913211000074, 23.871977177000076 ], [ 90.419051728000056, 23.871740129000045 ], [ 90.419298336000054, 23.871827612000061 ], [ 90.419592489000081, 23.871515232000036 ], [ 90.419555738000042, 23.871400621000078 ], [ 90.419648835000032, 23.871258890000036 ], [ 90.420541084000035, 23.870622842000046 ], [ 90.420553777000066, 23.870530203000044 ], [ 90.42064666300007, 23.870524571000033 ], [ 90.420706272000075, 23.870273478000058 ], [ 90.420906097000056, 23.870009368000069 ], [ 90.420939934000046, 23.869737478000047 ], [ 90.421039072000042, 23.869786367000074 ], [ 90.421353506000059, 23.869143350000058 ], [ 90.421334318000049, 23.86875481900006 ], [ 90.421506692000037, 23.868780872000059 ], [ 90.421462718000043, 23.868691704000071 ], [ 90.422267625000075, 23.866690309000035 ], [ 90.422248679000063, 23.866557654000076 ], [ 90.422456109000052, 23.866530014000034 ], [ 90.422350146000042, 23.866343134000033 ], [ 90.421195312000066, 23.866008890000046 ], [ 90.421121937000066, 23.865818862000026 ], [ 90.420934890000069, 23.865835624000056 ], [ 90.420928380000078, 23.865750564000052 ], [ 90.420123798000077, 23.865752132000068 ], [ 90.41951251100005, 23.865631513000039 ], [ 90.41952225700004, 23.865533970000058 ], [ 90.41902056400005, 23.865530303000071 ], [ 90.418993475000036, 23.865164379000078 ], [ 90.418891475000066, 23.865117780000048 ], [ 90.418980074000046, 23.864909279000074 ], [ 90.418845976000057, 23.864975479000066 ], [ 90.418594684000084, 23.864143828000067 ], [ 90.418418908000035, 23.864197217000026 ], [ 90.417812276000063, 23.864056178000055 ], [ 90.41775887600005, 23.863891279000029 ], [ 90.417282177000061, 23.863821380000047 ], [ 90.416355628000076, 23.863986144000023 ], [ 90.415614422000033, 23.863794570000039 ], [ 90.415529058000061, 23.863916681000035 ], [ 90.414771676000043, 23.86396787700005 ], [ 90.414472943000078, 23.863688407000041 ], [ 90.414167706000057, 23.863740405000044 ], [ 90.414135353000063, 23.863360718000024 ], [ 90.413997947000041, 23.863128916000051 ], [ 90.41283326000007, 23.862981398000045 ], [ 90.412797322000074, 23.863188133000051 ], [ 90.412410885000043, 23.863596118000032 ], [ 90.412998505000076, 23.864332361000038 ], [ 90.41286860200006, 23.864408902000037 ], [ 90.413017466000042, 23.86458673900006 ], [ 90.413149675000057, 23.865018577000058 ], [ 90.413250649000076, 23.864986631000079 ], [ 90.413433284000064, 23.865457271000025 ], [ 90.413539698000079, 23.866229520000047 ], [ 90.413472714000079, 23.866309434000073 ], [ 90.413444011000081, 23.867090981000047 ], [ 90.413928141000042, 23.867638849000059 ], [ 90.413794375000066, 23.867792278000024 ], [ 90.413729094000075, 23.868120297000075 ], [ 90.414490560000047, 23.868059595000034 ], [ 90.415743198000087, 23.868199721000053 ], [ 90.41560776700004, 23.869132282000066 ], [ 90.415199966000046, 23.869703082000058 ], [ 90.414978566000059, 23.870253582000032 ], [ 90.414970909000033, 23.870339963000049 ], [ 90.415115081000067, 23.870453988000065 ], [ 90.415219106000052, 23.871030193000024 ], [ 90.415172776000077, 23.871381803000077 ], [ 90.415019532000031, 23.871431179000069 ], [ 90.414700067000069, 23.872298348000072 ], [ 90.414759346000039, 23.872416639000051 ], [ 90.414455034000071, 23.872801529000071 ], [ 90.414053203000037, 23.872228351000047 ], [ 90.413591094000083, 23.871753088000048 ], [ 90.413202177000073, 23.871584851000023 ], [ 90.413054621000072, 23.871900650000043 ], [ 90.413097410000034, 23.872097261000079 ], [ 90.412836476000052, 23.872636447000048 ], [ 90.412614060000067, 23.873680415000024 ], [ 90.411919849000071, 23.87501338800007 ], [ 90.411769010000057, 23.875451700000042 ], [ 90.411260651000077, 23.875076161000038 ], [ 90.409503724000047, 23.874594543000057 ], [ 90.409339917000068, 23.875318070000048 ], [ 90.409142442000075, 23.875485295000033 ], [ 90.409070759000031, 23.875738156000068 ], [ 90.407753530000036, 23.875441849000026 ], [ 90.407177979000039, 23.876111502000072 ], [ 90.407288941000047, 23.876518771000065 ], [ 90.40679276000003, 23.876413991000049 ], [ 90.406727442000033, 23.876564658000063 ], [ 90.405805695000083, 23.876502322000078 ], [ 90.405595009000081, 23.878922139000053 ], [ 90.405620208000073, 23.880518874000074 ], [ 90.405826919000049, 23.882286026000031 ], [ 90.407294057000058, 23.882234037000046 ], [ 90.409515467000062, 23.882510403000026 ], [ 90.412109598000086, 23.883000252000045 ], [ 90.413122653000073, 23.883607213000062 ], [ 90.414609139000049, 23.884702646000051 ], [ 90.414894758000059, 23.884094150000067 ] ] ] } },
{ "type": "Feature", "properties": { "matched_key": "U_30262510048", "navigation_parent_key": "A_302625", "admin_type": "city_ward", "admin_label": "City Corporation Ward", "map_level": "ward", "admin_rank": 3, "displayable": 1, "geometry_status": "EXACT/GEOMETRY", "location_label": "Ward No. 48 (Part)" }, "geometry": { "type": "Polygon", "coordinates": [ [ [ 90.431429463000086, 23.86793116900003 ], [ 90.431450310000059, 23.867739176000043 ], [ 90.431900054000039, 23.867279746000065 ], [ 90.432414504000064, 23.866413743000066 ], [ 90.43265772400008, 23.86609760500005 ], [ 90.432940234000057, 23.865919224000038 ], [ 90.43266787400006, 23.865273485000046 ], [ 90.432674175000045, 23.865051486000027 ], [ 90.433285676000082, 23.864616685000044 ], [ 90.433811375000062, 23.864435185000048 ], [ 90.43382607500007, 23.864048886000035 ], [ 90.433698676000063, 23.863883286000032 ], [ 90.433842763000087, 23.863640058000044 ], [ 90.434549631000039, 23.863790896000069 ], [ 90.435635538000042, 23.863705773000049 ], [ 90.435733957000082, 23.863266959000043 ], [ 90.435841075000042, 23.863197987000035 ], [ 90.435903476000078, 23.862636687000077 ], [ 90.436041876000047, 23.86220068700004 ], [ 90.436092305000045, 23.862219258000039 ], [ 90.436545444000046, 23.860654803000045 ], [ 90.438056192000033, 23.85814405800005 ], [ 90.438668840000048, 23.857801346000031 ], [ 90.439041911000061, 23.857674915000075 ], [ 90.439135908000083, 23.858108458000061 ], [ 90.439260098000034, 23.858335136000051 ], [ 90.439742441000078, 23.858817697000063 ], [ 90.43970395000008, 23.858961196000052 ], [ 90.440070237000043, 23.85964444800004 ], [ 90.44073800700005, 23.860353830000065 ], [ 90.44124670900004, 23.860719671000027 ], [ 90.442686379000065, 23.861161709000044 ], [ 90.443465102000062, 23.861233421000065 ], [ 90.444522985000049, 23.860954889000027 ], [ 90.445668541000032, 23.860468350000076 ], [ 90.446543146000067, 23.859908074000032 ], [ 90.447246783000082, 23.858539903000064 ], [ 90.447478370000056, 23.857699231000026 ], [ 90.447751629000038, 23.856483594000053 ], [ 90.447921375000078, 23.854796324000063 ], [ 90.448308238000038, 23.852706487000034 ], [ 90.445120687000042, 23.854695045000028 ], [ 90.444679545000042, 23.854612719000045 ], [ 90.444562047000034, 23.85444577100003 ], [ 90.443977417000042, 23.854447457000049 ], [ 90.443299852000052, 23.853863903000047 ], [ 90.443027708000045, 23.853748815000074 ], [ 90.436845069000071, 23.853854545000047 ], [ 90.436930404000066, 23.852934803000039 ], [ 90.436109302000034, 23.852151837000065 ], [ 90.435200269000063, 23.851878383000042 ], [ 90.434857412000042, 23.851915199000075 ], [ 90.434174867000081, 23.85177015000005 ], [ 90.433745585000054, 23.851514966000025 ], [ 90.43433998200004, 23.850902286000064 ], [ 90.437315024000043, 23.84894345500004 ], [ 90.438390560000073, 23.847970874000055 ], [ 90.438660776000063, 23.847970104000069 ], [ 90.438804767000079, 23.847363931000075 ], [ 90.437876308000057, 23.847172603000047 ], [ 90.437441324000076, 23.846941654000034 ], [ 90.436558525000066, 23.846080954000058 ], [ 90.436381924000045, 23.845767352000053 ], [ 90.435493525000084, 23.844779853000034 ], [ 90.434773026000073, 23.844199753000055 ], [ 90.434060725000052, 23.843808553000031 ], [ 90.433576826000035, 23.843264853000051 ], [ 90.432786325000052, 23.842910152000059 ], [ 90.431401027000049, 23.842608652000024 ], [ 90.430886026000053, 23.842417197000032 ], [ 90.430110625000054, 23.84237857200003 ], [ 90.430090985000049, 23.842820070000073 ], [ 90.430044517000056, 23.842911013000048 ], [ 90.429826527000046, 23.842988097000045 ], [ 90.429811916000062, 23.843284474000029 ], [ 90.430029724000065, 23.843685497000024 ], [ 90.430470354000079, 23.844100398000023 ], [ 90.430284635000078, 23.844509575000075 ], [ 90.429544254000064, 23.844540320000078 ], [ 90.428039400000046, 23.844386778000057 ], [ 90.427693911000063, 23.844249805000061 ], [ 90.426413169000057, 23.844528497000056 ], [ 90.426109069000063, 23.844508885000039 ], [ 90.425968935000071, 23.845390089000034 ], [ 90.425805023000066, 23.845352749000028 ], [ 90.425393324000083, 23.845459050000045 ], [ 90.425045462000071, 23.846563719000073 ], [ 90.423977979000085, 23.84738309100004 ], [ 90.423961247000079, 23.84745070300005 ], [ 90.424275174000059, 23.847698065000031 ], [ 90.424268124000037, 23.847887549000063 ], [ 90.424241324000036, 23.848096050000038 ], [ 90.424077723000039, 23.848378250000053 ], [ 90.424120623000078, 23.848765850000063 ], [ 90.423781893000069, 23.849042527000051 ], [ 90.424644728000033, 23.85001922500004 ], [ 90.422177416000068, 23.851325308000071 ], [ 90.422293515000035, 23.851370835000068 ], [ 90.421586125000033, 23.853300734000072 ], [ 90.421377770000049, 23.854202069000053 ], [ 90.420256125000037, 23.854208247000031 ], [ 90.420606282000051, 23.855200680000053 ], [ 90.42077818000007, 23.856051380000054 ], [ 90.420851980000066, 23.856115980000027 ], [ 90.42168808100007, 23.856158481000023 ], [ 90.421602293000035, 23.857118250000042 ], [ 90.421497888000033, 23.857446063000054 ], [ 90.420372280000038, 23.857234781000045 ], [ 90.420371879000072, 23.857141080000076 ], [ 90.420165979000046, 23.857135580000033 ], [ 90.419840469000064, 23.857293041000048 ], [ 90.419664537000074, 23.857126233000031 ], [ 90.419507654000085, 23.857191991000036 ], [ 90.419634913000039, 23.857408278000037 ], [ 90.419520092000084, 23.857458180000037 ], [ 90.419573478000075, 23.857656150000025 ], [ 90.419503001000066, 23.85828276500007 ], [ 90.419642927000041, 23.858326524000063 ], [ 90.419558480000035, 23.858900281000047 ], [ 90.420109878000062, 23.858991580000065 ], [ 90.419873378000034, 23.859874579000063 ], [ 90.418589047000069, 23.859623842000076 ], [ 90.418496486000038, 23.86096709800006 ], [ 90.419002170000056, 23.861020451000059 ], [ 90.418957078000062, 23.861553980000053 ], [ 90.419216177000067, 23.861607779000053 ], [ 90.419296403000033, 23.861855392000052 ], [ 90.419024400000069, 23.862864246000072 ], [ 90.418950667000047, 23.862833331000047 ], [ 90.418721177000066, 23.863199579000025 ], [ 90.418662176000055, 23.863675479000051 ], [ 90.418793436000044, 23.864027037000028 ], [ 90.418594684000084, 23.864143828000067 ], [ 90.418845976000057, 23.864975479000066 ], [ 90.418980074000046, 23.864909279000074 ], [ 90.418891475000066, 23.865117780000048 ], [ 90.418993475000036, 23.865164379000078 ], [ 90.41902056400005, 23.865530303000071 ], [ 90.41952225700004, 23.865533970000058 ], [ 90.41951251100005, 23.865631513000039 ], [ 90.420123798000077, 23.865752132000068 ], [ 90.420928380000078, 23.865750564000052 ], [ 90.420934890000069, 23.865835624000056 ], [ 90.421121937000066, 23.865818862000026 ], [ 90.421195312000066, 23.866008890000046 ], [ 90.422350146000042, 23.866343134000033 ], [ 90.422588414000074, 23.866186537000033 ], [ 90.422994042000084, 23.86617472000006 ], [ 90.423010964000071, 23.866030734000049 ], [ 90.423338341000033, 23.866075602000024 ], [ 90.423348387000033, 23.865978378000023 ], [ 90.424340757000039, 23.86599228700004 ], [ 90.424382171000047, 23.865884053000059 ], [ 90.42459561700008, 23.865883466000071 ], [ 90.424605554000038, 23.865986371000076 ], [ 90.424798169000042, 23.866003763000037 ], [ 90.424797154000032, 23.865931354000054 ], [ 90.425075044000039, 23.865944214000024 ], [ 90.425286175000053, 23.86517228200006 ], [ 90.426626275000046, 23.86508578300004 ], [ 90.427218200000084, 23.865355629000078 ], [ 90.42716226400006, 23.865772976000073 ], [ 90.427653682000084, 23.865938480000068 ], [ 90.428006425000035, 23.86592420900007 ], [ 90.427907035000032, 23.867163424000069 ], [ 90.428628648000085, 23.867449087000068 ], [ 90.42847503400003, 23.867831469000066 ], [ 90.428542077000031, 23.867979878000028 ], [ 90.428740046000087, 23.868074167000032 ], [ 90.429007656000067, 23.867893558000048 ], [ 90.429716973000041, 23.867888383000036 ], [ 90.430006573000071, 23.867974283000024 ], [ 90.430260587000078, 23.868233174000068 ], [ 90.430564746000073, 23.868268171000068 ], [ 90.431429463000086, 23.86793116900003 ] ] ] } },
{ "type": "Feature", "properties": { "matched_key": "U_30262510049", "navigation_parent_key": "A_302625", "admin_type": "city_ward", "admin_label": "City Corporation Ward", "map_level": "ward", "admin_rank": 3, "displayable": 1, "geometry_status": "EXACT/GEOMETRY", "location_label": "Ward No. 49" }, "geometry": { "type": "Polygon", "coordinates": [ [ [ 90.418793436000044, 23.864027037000028 ], [ 90.418662176000055, 23.863675479000051 ], [ 90.418721177000066, 23.863199579000025 ], [ 90.418950667000047, 23.862833331000047 ], [ 90.419024400000069, 23.862864246000072 ], [ 90.419296403000033, 23.861855392000052 ], [ 90.419216177000067, 23.861607779000053 ], [ 90.418957078000062, 23.861553980000053 ], [ 90.419002170000056, 23.861020451000059 ], [ 90.418496486000038, 23.86096709800006 ], [ 90.418589047000069, 23.859623842000076 ], [ 90.419873378000034, 23.859874579000063 ], [ 90.420109878000062, 23.858991580000065 ], [ 90.419558480000035, 23.858900281000047 ], [ 90.419642927000041, 23.858326524000063 ], [ 90.419503001000066, 23.85828276500007 ], [ 90.419573478000075, 23.857656150000025 ], [ 90.419520092000084, 23.857458180000037 ], [ 90.419634913000039, 23.857408278000037 ], [ 90.419507654000085, 23.857191991000036 ], [ 90.419664537000074, 23.857126233000031 ], [ 90.419840469000064, 23.857293041000048 ], [ 90.420165979000046, 23.857135580000033 ], [ 90.420371879000072, 23.857141080000076 ], [ 90.420372280000038, 23.857234781000045 ], [ 90.421497888000033, 23.857446063000054 ], [ 90.421602293000035, 23.857118250000042 ], [ 90.42168808100007, 23.856158481000023 ], [ 90.420851980000066, 23.856115980000027 ], [ 90.42077818000007, 23.856051380000054 ], [ 90.420606282000051, 23.855200680000053 ], [ 90.420256125000037, 23.854208247000031 ], [ 90.421377770000049, 23.854202069000053 ], [ 90.421586125000033, 23.853300734000072 ], [ 90.422293515000035, 23.851370835000068 ], [ 90.422177416000068, 23.851325308000071 ], [ 90.424644728000033, 23.85001922500004 ], [ 90.423781893000069, 23.849042527000051 ], [ 90.424120623000078, 23.848765850000063 ], [ 90.424077723000039, 23.848378250000053 ], [ 90.424241324000036, 23.848096050000038 ], [ 90.424268124000037, 23.847887549000063 ], [ 90.424275174000059, 23.847698065000031 ], [ 90.423961247000079, 23.84745070300005 ], [ 90.423977979000085, 23.84738309100004 ], [ 90.425045462000071, 23.846563719000073 ], [ 90.425393324000083, 23.845459050000045 ], [ 90.425805023000066, 23.845352749000028 ], [ 90.425968935000071, 23.845390089000034 ], [ 90.426109069000063, 23.844508885000039 ], [ 90.426732567000045, 23.84447384200007 ], [ 90.427486453000085, 23.844253243000026 ], [ 90.427693911000063, 23.844249805000061 ], [ 90.428039400000046, 23.844386778000057 ], [ 90.429544254000064, 23.844540320000078 ], [ 90.430284635000078, 23.844509575000075 ], [ 90.430401080000081, 23.844365860000039 ], [ 90.430470354000079, 23.844100398000023 ], [ 90.429891554000051, 23.843492609000066 ], [ 90.429811916000062, 23.843284474000029 ], [ 90.429826527000046, 23.842988097000045 ], [ 90.430044517000056, 23.842911013000048 ], [ 90.430090985000049, 23.842820070000073 ], [ 90.430071025000075, 23.842375051000033 ], [ 90.430477426000039, 23.841430552000077 ], [ 90.430662766000069, 23.841332473000023 ], [ 90.428887112000041, 23.841007906000073 ], [ 90.428628567000032, 23.841037002000064 ], [ 90.428043431000049, 23.840866561000041 ], [ 90.427762475000065, 23.840677549000077 ], [ 90.425456426000039, 23.840034650000064 ], [ 90.424662427000044, 23.840176951000046 ], [ 90.424397026000065, 23.840295849000029 ], [ 90.424695926000084, 23.840611150000029 ], [ 90.424037515000066, 23.840970396000046 ], [ 90.423604191000038, 23.841052345000037 ], [ 90.423521378000032, 23.841152945000033 ], [ 90.423290304000034, 23.840841953000051 ], [ 90.422624782000071, 23.840417792000039 ], [ 90.422561352000059, 23.840085781000028 ], [ 90.422046065000075, 23.839819533000025 ], [ 90.421141575000036, 23.839632244000029 ], [ 90.420385578000037, 23.839647170000035 ], [ 90.421608724000066, 23.842353049000053 ], [ 90.42163292500004, 23.842554149000023 ], [ 90.421419185000047, 23.843353777000061 ], [ 90.421541483000055, 23.843410799000026 ], [ 90.421517412000071, 23.843619754000031 ], [ 90.421154126000033, 23.844271449000075 ], [ 90.420655224000086, 23.844244549000052 ], [ 90.420091024000044, 23.845433348000029 ], [ 90.419861324000067, 23.845465748000038 ], [ 90.419892301000061, 23.845810767000046 ], [ 90.419745624000086, 23.846103948000064 ], [ 90.419546024000056, 23.846194448000062 ], [ 90.419615824000061, 23.846481848000053 ], [ 90.419520524000063, 23.846707649000052 ], [ 90.419087423000065, 23.847004447000074 ], [ 90.417619524000031, 23.847601249000036 ], [ 90.415715522000085, 23.850409447000061 ], [ 90.41536472100006, 23.850805146000027 ], [ 90.41238332100005, 23.851244746000077 ], [ 90.411906722000083, 23.852306732000045 ], [ 90.411919441000066, 23.853071558000067 ], [ 90.411661403000039, 23.853065079000032 ], [ 90.411657118000051, 23.852983840000036 ], [ 90.410843997000086, 23.852813851000064 ], [ 90.410663636000038, 23.853923811000072 ], [ 90.410683572000039, 23.854565361000027 ], [ 90.410582308000073, 23.854582620000031 ], [ 90.410560222000072, 23.854761533000044 ], [ 90.410918122000055, 23.855323033000047 ], [ 90.41219772200003, 23.855059533000031 ], [ 90.412582623000048, 23.855179034000059 ], [ 90.412647770000035, 23.855397873000072 ], [ 90.412811696000063, 23.855469129000028 ], [ 90.413463381000042, 23.855411377000053 ], [ 90.413393060000033, 23.857034976000023 ], [ 90.414134182000055, 23.857071537000024 ], [ 90.414242564000062, 23.856834653000078 ], [ 90.414862937000066, 23.856898040000033 ], [ 90.414682179000067, 23.858921977000023 ], [ 90.415288979000081, 23.858928977000062 ], [ 90.415509579000059, 23.859108978000052 ], [ 90.415192094000076, 23.860661272000073 ], [ 90.414469200000042, 23.860663588000023 ], [ 90.414459615000055, 23.860563281000054 ], [ 90.414089482000065, 23.860612073000027 ], [ 90.413767968000059, 23.860522806000063 ], [ 90.413668876000031, 23.861132010000063 ], [ 90.412940867000032, 23.861113651000039 ], [ 90.412830282000073, 23.861205860000041 ], [ 90.412832123000044, 23.861379734000025 ], [ 90.413259922000066, 23.861602933000029 ], [ 90.412997021000081, 23.862357233000068 ], [ 90.413491005000083, 23.862400070000035 ], [ 90.413574659000062, 23.862148915000034 ], [ 90.414263370000072, 23.862194119000037 ], [ 90.413997947000041, 23.863128916000051 ], [ 90.414135353000063, 23.863360718000024 ], [ 90.414167706000057, 23.863740405000044 ], [ 90.414472943000078, 23.863688407000041 ], [ 90.414771676000043, 23.86396787700005 ], [ 90.415529058000061, 23.863916681000035 ], [ 90.415614422000033, 23.863794570000039 ], [ 90.416355628000076, 23.863986144000023 ], [ 90.417282177000061, 23.863821380000047 ], [ 90.417708676000075, 23.86387417800006 ], [ 90.417812276000063, 23.864056178000055 ], [ 90.418418908000035, 23.864197217000026 ], [ 90.418793436000044, 23.864027037000028 ] ] ] } },
{ "type": "Feature", "properties": { "matched_key": "U_30262510050", "navigation_parent_key": "A_302625", "admin_type": "city_ward", "admin_label": "City Corporation Ward", "map_level": "ward", "admin_rank": 3, "displayable": 1, "geometry_status": "EXACT/GEOMETRY", "location_label": "Ward No. 50 (Part)" }, "geometry": { "type": "Polygon", "coordinates": [ [ [ 90.406763196000043, 23.876521976000049 ], [ 90.40679276000003, 23.876413991000049 ], [ 90.407288941000047, 23.876518771000065 ], [ 90.407177979000039, 23.876111502000072 ], [ 90.407753530000036, 23.875441849000026 ], [ 90.409070759000031, 23.875738156000068 ], [ 90.409142442000075, 23.875485295000033 ], [ 90.409339917000068, 23.875318070000048 ], [ 90.409503724000047, 23.874594543000057 ], [ 90.411260651000077, 23.875076161000038 ], [ 90.411769010000057, 23.875451700000042 ], [ 90.411919849000071, 23.87501338800007 ], [ 90.412614060000067, 23.873680415000024 ], [ 90.412836476000052, 23.872636447000048 ], [ 90.413097410000034, 23.872097261000079 ], [ 90.413054621000072, 23.871900650000043 ], [ 90.413202177000073, 23.871584851000023 ], [ 90.413591094000083, 23.871753088000048 ], [ 90.414053203000037, 23.872228351000047 ], [ 90.414455034000071, 23.872801529000071 ], [ 90.414759346000039, 23.872416639000051 ], [ 90.414700067000069, 23.872298348000072 ], [ 90.415019532000031, 23.871431179000069 ], [ 90.415172776000077, 23.871381803000077 ], [ 90.415219106000052, 23.871030193000024 ], [ 90.415115081000067, 23.870453988000065 ], [ 90.414970909000033, 23.870339963000049 ], [ 90.414978566000059, 23.870253582000032 ], [ 90.415199966000046, 23.869703082000058 ], [ 90.41560776700004, 23.869132282000066 ], [ 90.415743198000087, 23.868199721000053 ], [ 90.414490560000047, 23.868059595000034 ], [ 90.413729094000075, 23.868120297000075 ], [ 90.413794375000066, 23.867792278000024 ], [ 90.413928141000042, 23.867638849000059 ], [ 90.413444011000081, 23.867090981000047 ], [ 90.413472714000079, 23.866309434000073 ], [ 90.413539698000079, 23.866229520000047 ], [ 90.413433284000064, 23.865457271000025 ], [ 90.413250649000076, 23.864986631000079 ], [ 90.413149675000057, 23.865018577000058 ], [ 90.413017466000042, 23.86458673900006 ], [ 90.41286860200006, 23.864408902000037 ], [ 90.412998505000076, 23.864332361000038 ], [ 90.412410885000043, 23.863596118000032 ], [ 90.412797322000074, 23.863188133000051 ], [ 90.41283326000007, 23.862981398000045 ], [ 90.413997947000041, 23.863128916000051 ], [ 90.414263370000072, 23.862194119000037 ], [ 90.413574659000062, 23.862148915000034 ], [ 90.413491005000083, 23.862400070000035 ], [ 90.412997021000081, 23.862357233000068 ], [ 90.413259922000066, 23.861602933000029 ], [ 90.412832123000044, 23.861379734000025 ], [ 90.412830282000073, 23.861205860000041 ], [ 90.412940867000032, 23.861113651000039 ], [ 90.413668876000031, 23.861132010000063 ], [ 90.413767968000059, 23.860522806000063 ], [ 90.414089482000065, 23.860612073000027 ], [ 90.414459615000055, 23.860563281000054 ], [ 90.414469200000042, 23.860663588000023 ], [ 90.415192094000076, 23.860661272000073 ], [ 90.415509579000059, 23.859108978000052 ], [ 90.415288979000081, 23.858928977000062 ], [ 90.414682179000067, 23.858921977000023 ], [ 90.414862937000066, 23.856898040000033 ], [ 90.414242564000062, 23.856834653000078 ], [ 90.414134182000055, 23.857071537000024 ], [ 90.413393060000033, 23.857034976000023 ], [ 90.413463381000042, 23.855411377000053 ], [ 90.412811696000063, 23.855469129000028 ], [ 90.412647770000035, 23.855397873000072 ], [ 90.412582623000048, 23.855179034000059 ], [ 90.41219772200003, 23.855059533000031 ], [ 90.410918122000055, 23.855323033000047 ], [ 90.410560222000072, 23.854761533000044 ], [ 90.410582308000073, 23.854582620000031 ], [ 90.40835472100008, 23.854016932000036 ], [ 90.407984786000043, 23.85384018600007 ], [ 90.407780062000086, 23.854227282000068 ], [ 90.406935095000051, 23.85411509100004 ], [ 90.406406078000032, 23.853501194000046 ], [ 90.406130070000074, 23.855664122000064 ], [ 90.406103303000066, 23.859638510000025 ], [ 90.406258079000054, 23.859644890000027 ], [ 90.406234934000054, 23.861976710000079 ], [ 90.405857886000035, 23.876483895000035 ], [ 90.406763196000043, 23.876521976000049 ] ] ] } },
{ "type": "Feature", "properties": { "matched_key": "U_30262511009", "navigation_parent_key": "A_302625", "admin_type": "city_ward", "admin_label": "City Corporation Ward", "map_level": "ward", "admin_rank": 3, "displayable": 1, "geometry_status": "EXACT/GEOMETRY", "location_label": "Ward No. 09" }, "geometry": { "type": "Polygon", "coordinates": [ [ [ 90.341819779000048, 23.799212065000063 ], [ 90.34231610900008, 23.798269336000033 ], [ 90.343302480000034, 23.79842612300007 ], [ 90.343529555000032, 23.79752445500003 ], [ 90.343940287000066, 23.797458003000031 ], [ 90.344069758000046, 23.797308349000048 ], [ 90.344093165000061, 23.796334431000048 ], [ 90.346042515000079, 23.796378468000057 ], [ 90.346414387000038, 23.795574642000076 ], [ 90.346845476000055, 23.79555455700006 ], [ 90.346912760000066, 23.795463591000043 ], [ 90.346798291000084, 23.795044894000057 ], [ 90.347253649000038, 23.794731530000035 ], [ 90.34724175000008, 23.794162773000039 ], [ 90.347558391000064, 23.794080804000032 ], [ 90.347613813000066, 23.793435420000037 ], [ 90.347566732000075, 23.79331125300007 ], [ 90.347384676000047, 23.793216069000039 ], [ 90.347232897000083, 23.79278623600004 ], [ 90.346503898000037, 23.792738195000027 ], [ 90.346555784000032, 23.792062611000063 ], [ 90.347232911000049, 23.792045648000055 ], [ 90.347161141000072, 23.791410932000076 ], [ 90.346712137000054, 23.791511043000071 ], [ 90.346682896000061, 23.791200303000039 ], [ 90.346556384000053, 23.791219411000043 ], [ 90.34653161600005, 23.791090465000025 ], [ 90.345179251000047, 23.791366252000046 ], [ 90.344884724000053, 23.790371704000052 ], [ 90.344414993000044, 23.790499057000034 ], [ 90.34438754200005, 23.790305853000064 ], [ 90.343971898000063, 23.790341226000066 ], [ 90.343941062000056, 23.790211512000042 ], [ 90.344010938000054, 23.790118152000048 ], [ 90.343599712000071, 23.788795090000065 ], [ 90.343449468000074, 23.787954196000044 ], [ 90.343284625000081, 23.78768450900003 ], [ 90.343097310000076, 23.786372894000067 ], [ 90.343149612000047, 23.786114674000032 ], [ 90.343306968000036, 23.785882360000073 ], [ 90.343495396000037, 23.785725381000077 ], [ 90.343830462000085, 23.785743755000055 ], [ 90.343889540000077, 23.785495078000054 ], [ 90.343798462000052, 23.78507776400005 ], [ 90.343873372000076, 23.784837578000065 ], [ 90.343982829000083, 23.784778968000069 ], [ 90.343922286000065, 23.784710410000059 ], [ 90.344083286000057, 23.784185310000055 ], [ 90.343691986000067, 23.783935210000038 ], [ 90.343910379000079, 23.783467970000061 ], [ 90.344116588000077, 23.783236517000034 ], [ 90.343970374000037, 23.782727630000068 ], [ 90.345276305000084, 23.778948160000027 ], [ 90.345976242000063, 23.777306195000051 ], [ 90.346497974000044, 23.776628217000052 ], [ 90.34677114200008, 23.776525776000028 ], [ 90.347937035000086, 23.776389820000077 ], [ 90.34887728700005, 23.776072237000051 ], [ 90.349415450000038, 23.776096888000041 ], [ 90.348146910000082, 23.775180702000057 ], [ 90.347494075000043, 23.774474225000063 ], [ 90.34666906800004, 23.774410911000075 ], [ 90.346181261000083, 23.774202353000078 ], [ 90.345370704000061, 23.773687756000072 ], [ 90.344468600000084, 23.772985035000033 ], [ 90.343846949000067, 23.772143044000074 ], [ 90.343757291000031, 23.772139337000056 ], [ 90.343797185000085, 23.772075639000036 ], [ 90.343721263000077, 23.771972808000044 ], [ 90.34311376900007, 23.771418664000066 ], [ 90.342488444000082, 23.771783609000067 ], [ 90.339943838000067, 23.772879898000042 ], [ 90.338253454000039, 23.773418780000043 ], [ 90.334548962000042, 23.774092994000057 ], [ 90.334162911000078, 23.77424964100004 ], [ 90.333891706000031, 23.774460231000035 ], [ 90.333496533000073, 23.775129485000036 ], [ 90.333455650000076, 23.775454741000033 ], [ 90.333980059000055, 23.776390725000056 ], [ 90.336511169000062, 23.778108169000063 ], [ 90.337327576000064, 23.778795112000068 ], [ 90.33749563300006, 23.77902281300004 ], [ 90.337371167000072, 23.779522127000064 ], [ 90.337163437000072, 23.779847749000055 ], [ 90.336663586000043, 23.780363690000058 ], [ 90.335850312000048, 23.780900633000044 ], [ 90.335080546000086, 23.781898132000038 ], [ 90.334916111000041, 23.783083996000073 ], [ 90.335150114000044, 23.783909957000049 ], [ 90.335376457000052, 23.784379152000042 ], [ 90.33553151600006, 23.784322361000022 ], [ 90.336070311000071, 23.78534637100006 ], [ 90.337076066000066, 23.786407747000055 ], [ 90.337767558000053, 23.787399804000074 ], [ 90.338628472000039, 23.789138917000059 ], [ 90.339008703000047, 23.789799708000032 ], [ 90.339101312000082, 23.789788214000055 ], [ 90.339238113000079, 23.790022756000042 ], [ 90.339443250000045, 23.790584574000036 ], [ 90.339596104000066, 23.792273301000023 ], [ 90.339604044000055, 23.793675567000037 ], [ 90.339809922000086, 23.794519645000037 ], [ 90.33986266800008, 23.795221801000025 ], [ 90.33972925900008, 23.79582275100006 ], [ 90.339585751000072, 23.795843389000026 ], [ 90.339586656000051, 23.796193395000046 ], [ 90.339378942000053, 23.796767408000051 ], [ 90.339490011000066, 23.796776197000042 ], [ 90.339358441000059, 23.797142300000075 ], [ 90.339359899000044, 23.797704564000071 ], [ 90.33950808700007, 23.798065535000035 ], [ 90.340323580000074, 23.798583104000045 ], [ 90.341180708000081, 23.798829602000069 ], [ 90.341578109000068, 23.799000338000042 ], [ 90.341819779000048, 23.799212065000063 ] ] ] } },
{ "type": "Feature", "properties": { "matched_key": "U_30262511010", "navigation_parent_key": "A_302625", "admin_type": "city_ward", "admin_label": "City Corporation Ward", "map_level": "ward", "admin_rank": 3, "displayable": 1, "geometry_status": "EXACT/GEOMETRY", "location_label": "Ward No. 10" }, "geometry": { "type": "Polygon", "coordinates": [ [ [ 90.345556290000047, 23.798495149000075 ], [ 90.346264990000066, 23.798294049000049 ], [ 90.346591090000061, 23.798336249000045 ], [ 90.347209091000082, 23.798242048000077 ], [ 90.34766774700006, 23.797984142000075 ], [ 90.348126125000078, 23.797321483000076 ], [ 90.34826939800007, 23.796752118000029 ], [ 90.349008080000033, 23.79675399000007 ], [ 90.349545760000069, 23.795825199000035 ], [ 90.349563743000033, 23.795603352000057 ], [ 90.349975479000079, 23.795408497000039 ], [ 90.350256596000065, 23.794651587000033 ], [ 90.350381609000067, 23.794683212000052 ], [ 90.350434186000086, 23.794483953000054 ], [ 90.350312573000053, 23.794466973000056 ], [ 90.350535603000083, 23.793730160000052 ], [ 90.350632780000069, 23.79244959600004 ], [ 90.350791856000058, 23.791580689000057 ], [ 90.349309702000085, 23.787912616000028 ], [ 90.34949544400007, 23.787858818000075 ], [ 90.349417239000047, 23.787345424000023 ], [ 90.349614372000076, 23.787327661000063 ], [ 90.349618165000038, 23.787009929000078 ], [ 90.349751410000067, 23.787020857000073 ], [ 90.350196855000036, 23.785684902000071 ], [ 90.350141302000054, 23.785081012000035 ], [ 90.350408574000085, 23.783106982000049 ], [ 90.350508027000046, 23.782999954000047 ], [ 90.351968420000048, 23.782445404000043 ], [ 90.352311998000062, 23.782462687000077 ], [ 90.353269296000065, 23.784063845000048 ], [ 90.353466909000076, 23.783986905000063 ], [ 90.356260831000043, 23.784256269000025 ], [ 90.355104536000056, 23.782362158000069 ], [ 90.357030968000061, 23.782143201000054 ], [ 90.357953111000086, 23.782149384000036 ], [ 90.358243105000042, 23.780571179000049 ], [ 90.358148132000053, 23.780261470000028 ], [ 90.358253433000073, 23.778848071000027 ], [ 90.358934933000057, 23.778764070000022 ], [ 90.358928632000072, 23.778277571000046 ], [ 90.358762333000072, 23.777757170000029 ], [ 90.358931633000054, 23.777631070000041 ], [ 90.358997682000052, 23.777053559000024 ], [ 90.356988423000075, 23.776427313000056 ], [ 90.355623614000081, 23.776222718000042 ], [ 90.354082539000046, 23.776163032000056 ], [ 90.353268676000084, 23.776444902000037 ], [ 90.351871412000037, 23.778082963000031 ], [ 90.350854624000078, 23.778186891000075 ], [ 90.350602773000048, 23.778058750000071 ], [ 90.350486239000077, 23.777607393000039 ], [ 90.350571807000051, 23.777261707000036 ], [ 90.350512508000065, 23.776652153000043 ], [ 90.350194370000054, 23.776280287000077 ], [ 90.349905572000068, 23.776095777000023 ], [ 90.349107854000067, 23.776060245000053 ], [ 90.348671739000054, 23.776118587000042 ], [ 90.347937035000086, 23.776389820000077 ], [ 90.34697748800005, 23.776483749000079 ], [ 90.346497974000044, 23.776628217000052 ], [ 90.346025888000042, 23.777225785000041 ], [ 90.345276305000084, 23.778948160000027 ], [ 90.343970374000037, 23.782727630000068 ], [ 90.344116588000077, 23.783236517000034 ], [ 90.343910379000079, 23.783467970000061 ], [ 90.343691986000067, 23.783935210000038 ], [ 90.344083286000057, 23.784185310000055 ], [ 90.343922286000065, 23.784710410000059 ], [ 90.343982829000083, 23.784778968000069 ], [ 90.343873372000076, 23.784837578000065 ], [ 90.343798462000052, 23.78507776400005 ], [ 90.343889540000077, 23.785495078000054 ], [ 90.343830462000085, 23.785743755000055 ], [ 90.343495396000037, 23.785725381000077 ], [ 90.343306968000036, 23.785882360000073 ], [ 90.343149612000047, 23.786114674000032 ], [ 90.343085452000082, 23.786605214000076 ], [ 90.343284625000081, 23.78768450900003 ], [ 90.343449468000074, 23.787954196000044 ], [ 90.343599712000071, 23.788795090000065 ], [ 90.344010938000054, 23.790118152000048 ], [ 90.343941062000056, 23.790211512000042 ], [ 90.343971898000063, 23.790341226000066 ], [ 90.34438754200005, 23.790305853000064 ], [ 90.344414993000044, 23.790499057000034 ], [ 90.344884724000053, 23.790371704000052 ], [ 90.345179251000047, 23.791366252000046 ], [ 90.34653161600005, 23.791090465000025 ], [ 90.346556384000053, 23.791219411000043 ], [ 90.346682896000061, 23.791200303000039 ], [ 90.346712137000054, 23.791511043000071 ], [ 90.347161141000072, 23.791410932000076 ], [ 90.347232911000049, 23.792045648000055 ], [ 90.346555784000032, 23.792062611000063 ], [ 90.346503898000037, 23.792738195000027 ], [ 90.347232897000083, 23.79278623600004 ], [ 90.347384676000047, 23.793216069000039 ], [ 90.347566732000075, 23.79331125300007 ], [ 90.347613813000066, 23.793435420000037 ], [ 90.347558391000064, 23.794080804000032 ], [ 90.34719517800005, 23.794229793000056 ], [ 90.347253649000038, 23.794731530000035 ], [ 90.346798291000084, 23.795044894000057 ], [ 90.346912760000066, 23.795463591000043 ], [ 90.346845476000055, 23.79555455700006 ], [ 90.346414387000038, 23.795574642000076 ], [ 90.346042515000079, 23.796378468000057 ], [ 90.344093165000061, 23.796334431000048 ], [ 90.344069758000046, 23.797308349000048 ], [ 90.343940287000066, 23.797458003000031 ], [ 90.343529555000032, 23.79752445500003 ], [ 90.343302480000034, 23.79842612300007 ], [ 90.345556290000047, 23.798495149000075 ] ] ] } },
{ "type": "Feature", "properties": { "matched_key": "U_30262511012", "navigation_parent_key": "A_302625", "admin_type": "city_ward", "admin_label": "City Corporation Ward", "map_level": "ward", "admin_rank": 3, "displayable": 1, "geometry_status": "EXACT/GEOMETRY", "location_label": "Ward No. 12 (Part)" }, "geometry": { "type": "Polygon", "coordinates": [ [ [ 90.353345415000035, 23.797348009000075 ], [ 90.353860977000068, 23.790852521000033 ], [ 90.354046997000069, 23.785692327000049 ], [ 90.353838474000042, 23.785033436000049 ], [ 90.352311998000062, 23.782462687000077 ], [ 90.351968420000048, 23.782445404000043 ], [ 90.350508027000046, 23.782999954000047 ], [ 90.350408574000085, 23.783106982000049 ], [ 90.350141302000054, 23.785081012000035 ], [ 90.350196855000036, 23.785684902000071 ], [ 90.349751410000067, 23.787020857000073 ], [ 90.349618165000038, 23.787009929000078 ], [ 90.349614372000076, 23.787327661000063 ], [ 90.349417239000047, 23.787345424000023 ], [ 90.34949544400007, 23.787858818000075 ], [ 90.349309702000085, 23.787912616000028 ], [ 90.350791856000058, 23.791580689000057 ], [ 90.350632780000069, 23.79244959600004 ], [ 90.350535603000083, 23.793730160000052 ], [ 90.350312573000053, 23.794466973000056 ], [ 90.350434186000086, 23.794483953000054 ], [ 90.350381609000067, 23.794683212000052 ], [ 90.350256596000065, 23.794651587000033 ], [ 90.349975479000079, 23.795408497000039 ], [ 90.349563743000033, 23.795603352000057 ], [ 90.349545760000069, 23.795825199000035 ], [ 90.349210688000085, 23.796365962000039 ], [ 90.350608184000066, 23.797001987000044 ], [ 90.353370678000033, 23.798747974000037 ], [ 90.353345415000035, 23.797348009000075 ] ] ] } },
{ "type": "Feature", "properties": { "matched_key": "U_30262516034", "navigation_parent_key": "A_302625", "admin_type": "city_ward", "admin_label": "City Corporation Ward", "map_level": "ward", "admin_rank": 3, "displayable": 1, "geometry_status": "EXACT/GEOMETRY", "location_label": "Ward No. 34 (Part)" }, "geometry": { "type": "Polygon", "coordinates": [ [ [ 90.366457045000061, 23.752998171000058 ], [ 90.367314714000031, 23.752169238000079 ], [ 90.366647226000055, 23.751776797000048 ], [ 90.369627248000086, 23.747279906000074 ], [ 90.369341435000081, 23.747115077000046 ], [ 90.368876235000073, 23.747160076000057 ], [ 90.368814235000059, 23.747334075000026 ], [ 90.368355135000058, 23.747312777000047 ], [ 90.368380434000073, 23.747143675000075 ], [ 90.368270234000079, 23.74711327600005 ], [ 90.368431445000056, 23.746446604000027 ], [ 90.368156084000077, 23.746011445000079 ], [ 90.367536835000067, 23.745482839000033 ], [ 90.366744206000078, 23.745165346000078 ], [ 90.366308644000071, 23.745081482000046 ], [ 90.366175665000071, 23.74554220300007 ], [ 90.366282842000032, 23.745681225000055 ], [ 90.366208234000055, 23.74588357500005 ], [ 90.36611113500004, 23.745856074000073 ], [ 90.366058729000031, 23.745965087000059 ], [ 90.366283658000043, 23.746046286000023 ], [ 90.366210256000045, 23.746250739000061 ], [ 90.366416656000069, 23.74633754000007 ], [ 90.366316381000047, 23.746550040000045 ], [ 90.366222566000033, 23.746513361000041 ], [ 90.36623273500004, 23.74640488600005 ], [ 90.365907253000046, 23.746244785000044 ], [ 90.365767985000048, 23.746306861000051 ], [ 90.365681632000076, 23.746595444000036 ], [ 90.365105585000038, 23.746435132000045 ], [ 90.364436986000044, 23.74764241500003 ], [ 90.36466028600006, 23.747768516000065 ], [ 90.365107683000076, 23.747821357000078 ], [ 90.365094424000063, 23.748105655000074 ], [ 90.365008997000075, 23.748084469000048 ], [ 90.364944887000036, 23.748415673000068 ], [ 90.365318486000035, 23.748484015000031 ], [ 90.365207662000046, 23.74898814900007 ], [ 90.36450427300008, 23.748810240000068 ], [ 90.364474009000048, 23.749100137000028 ], [ 90.364311791000034, 23.749357510000038 ], [ 90.363612196000076, 23.749220768000043 ], [ 90.363340286000039, 23.749866415000042 ], [ 90.363726632000066, 23.749956674000032 ], [ 90.364209031000087, 23.750361674000033 ], [ 90.36486743200004, 23.750697674000037 ], [ 90.364516832000049, 23.751200475000076 ], [ 90.364267832000053, 23.751325674000043 ], [ 90.363047128000062, 23.751255410000056 ], [ 90.362190384000087, 23.752805115000058 ], [ 90.36273488300003, 23.752935815000058 ], [ 90.363450584000077, 23.752866815000061 ], [ 90.363809782000033, 23.752942615000052 ], [ 90.36420888300006, 23.752588916000036 ], [ 90.364395185000035, 23.75275911500006 ], [ 90.364492584000061, 23.752677815000027 ], [ 90.364594384000043, 23.752760415000068 ], [ 90.365324584000064, 23.752221516000077 ], [ 90.365946484000062, 23.752814516000058 ], [ 90.366093984000031, 23.752673316000028 ], [ 90.366457045000061, 23.752998171000058 ] ] ] } },
{ "type": "Feature", "properties": { "matched_key": "U_30262521015", "navigation_parent_key": "A_302625", "admin_type": "city_ward", "admin_label": "City Corporation Ward", "map_level": "ward", "admin_rank": 3, "displayable": 1, "geometry_status": "EXACT/GEOMETRY", "location_label": "Ward No. 15 (Part)" }, "geometry": { "type": "MultiPolygon", "coordinates": [ [ [ [ 90.388165257000082, 23.819959142000073 ], [ 90.389015259000075, 23.819974041000023 ], [ 90.38976229900004, 23.820143130000076 ], [ 90.389380900000049, 23.819083500000033 ], [ 90.389245114000062, 23.817378986000051 ], [ 90.388787686000057, 23.816337987000054 ], [ 90.389088783000034, 23.816187146000061 ], [ 90.389893843000038, 23.816118198000026 ], [ 90.390873766000084, 23.815456122000057 ], [ 90.391010448000031, 23.815194676000033 ], [ 90.393063508000068, 23.81530089000006 ], [ 90.393530627000075, 23.815559379000035 ], [ 90.393733803000032, 23.815786926000044 ], [ 90.393721269000082, 23.816717292000078 ], [ 90.394110941000065, 23.816930815000035 ], [ 90.394499708000069, 23.816844015000072 ], [ 90.39465417200006, 23.816586197000049 ], [ 90.394980704000034, 23.81641374700007 ], [ 90.395088912000062, 23.816280241000072 ], [ 90.395068072000072, 23.816086099000074 ], [ 90.395034691000035, 23.815801666000027 ], [ 90.394771847000072, 23.815323622000051 ], [ 90.39468991800004, 23.814811247000023 ], [ 90.394758290000084, 23.814492681000047 ], [ 90.396047113000066, 23.811586876000035 ], [ 90.396148018000076, 23.811211329000059 ], [ 90.395227006000084, 23.810819824000077 ], [ 90.39511364100008, 23.810612269000046 ], [ 90.394535787000052, 23.810805927000047 ], [ 90.394719851000048, 23.811642950000078 ], [ 90.394435643000065, 23.811792110000056 ], [ 90.393608682000036, 23.811976233000053 ], [ 90.393156790000035, 23.811983131000034 ], [ 90.389529905000074, 23.807372544000032 ], [ 90.391205834000061, 23.806477347000055 ], [ 90.389713744000062, 23.804675907000046 ], [ 90.389805393000074, 23.804429531000039 ], [ 90.389908393000042, 23.804296030000046 ], [ 90.391702725000073, 23.803731594000055 ], [ 90.391656190000049, 23.803344528000025 ], [ 90.391254914000058, 23.803332879000038 ], [ 90.391245105000053, 23.803246780000052 ], [ 90.391353061000075, 23.803202810000073 ], [ 90.391123822000054, 23.802761495000027 ], [ 90.390863993000039, 23.802531566000027 ], [ 90.390433853000047, 23.801801376000071 ], [ 90.390405523000084, 23.801012800000024 ], [ 90.390663110000048, 23.800295196000036 ], [ 90.390792476000058, 23.800127581000027 ], [ 90.39089176300007, 23.799562011000035 ], [ 90.389604094000049, 23.799587554000027 ], [ 90.389604811000083, 23.799917593000032 ], [ 90.38857719400005, 23.799934030000031 ], [ 90.388245294000058, 23.799839231000078 ], [ 90.387531194000076, 23.804319430000078 ], [ 90.387574592000078, 23.804692630000034 ], [ 90.387819216000082, 23.805140485000038 ], [ 90.387493003000031, 23.805233229000066 ], [ 90.38746842200004, 23.805352782000057 ], [ 90.386507513000083, 23.805398210000078 ], [ 90.385698154000067, 23.805749153000079 ], [ 90.385354524000036, 23.805711656000028 ], [ 90.385395490000064, 23.805984611000042 ], [ 90.384839530000079, 23.806290750000073 ], [ 90.384581978000085, 23.807350468000038 ], [ 90.384567795000066, 23.807461493000062 ], [ 90.384767570000065, 23.807666832000052 ], [ 90.384855150000078, 23.808468585000071 ], [ 90.384283232000087, 23.808282322000025 ], [ 90.38424185100007, 23.808787065000047 ], [ 90.383457130000068, 23.809250228000053 ], [ 90.38368506900008, 23.811991769000031 ], [ 90.384303765000084, 23.811985507000031 ], [ 90.383769056000062, 23.81593334300004 ], [ 90.383713409000052, 23.816963610000073 ], [ 90.383963428000072, 23.820028838000042 ], [ 90.383743559000038, 23.820369472000039 ], [ 90.383950912000046, 23.821231221000062 ], [ 90.384660216000043, 23.820840075000035 ], [ 90.385399904000053, 23.820611189000033 ], [ 90.385483194000074, 23.820419816000026 ], [ 90.388165257000082, 23.819959142000073 ] ] ], [ [ [ 90.39269964600004, 23.798391867000078 ], [ 90.392098800000042, 23.79557314300007 ], [ 90.391387139000074, 23.795738892000031 ], [ 90.390024858000061, 23.795640055000035 ], [ 90.38985027800004, 23.795811484000069 ], [ 90.389574536000055, 23.795597036000061 ], [ 90.389274740000076, 23.795817788000022 ], [ 90.389038350000078, 23.795629735000034 ], [ 90.388725684000065, 23.795994484000062 ], [ 90.387665057000049, 23.795822065000038 ], [ 90.38738614500005, 23.797203082000067 ], [ 90.388620996000043, 23.79684343100007 ], [ 90.38990164900008, 23.796581266000032 ], [ 90.389944566000054, 23.79790752100007 ], [ 90.390775955000038, 23.797995037000078 ], [ 90.390951591000032, 23.798102134000032 ], [ 90.390957693000075, 23.798492552000027 ], [ 90.391827283000055, 23.798499236000055 ], [ 90.39269964600004, 23.798391867000078 ] ] ] ] } },
{ "type": "Feature", "properties": { "matched_key": "U_30262522017", "navigation_parent_key": "A_302625", "admin_type": "city_ward", "admin_label": "City Corporation Ward", "map_level": "ward", "admin_rank": 3, "displayable": 1, "geometry_status": "EXACT/GEOMETRY", "location_label": "Ward No. 17 (Part)" }, "geometry": { "type": "Polygon", "coordinates": [ [ [ 90.458145472000069, 23.829465623000033 ], [ 90.458356174000073, 23.827375521000079 ], [ 90.462054400000056, 23.827750480000077 ], [ 90.462481523000065, 23.823464442000045 ], [ 90.463015179000081, 23.82374162900004 ], [ 90.465826575000051, 23.824173487000053 ], [ 90.466122276000078, 23.823294204000035 ], [ 90.466177498000036, 23.821918868000068 ], [ 90.466653937000046, 23.821477100000038 ], [ 90.46683015900004, 23.820650113000056 ], [ 90.466349600000058, 23.819938017000027 ], [ 90.465796930000067, 23.818877908000047 ], [ 90.461556837000046, 23.818548817000078 ], [ 90.460907644000031, 23.817507558000045 ], [ 90.460307918000069, 23.816864099000043 ], [ 90.458643688000052, 23.816367194000065 ], [ 90.457081032000076, 23.81520082000003 ], [ 90.454609012000049, 23.813965418000066 ], [ 90.454528922000065, 23.81334430000004 ], [ 90.454847098000073, 23.812700980000045 ], [ 90.452984682000078, 23.812557204000029 ], [ 90.453316342000051, 23.809164782000039 ], [ 90.450041425000052, 23.808893198000078 ], [ 90.449993205000055, 23.809701063000034 ], [ 90.449578734000056, 23.810858410000037 ], [ 90.434813255000051, 23.810414089000062 ], [ 90.434442171000057, 23.810381469000049 ], [ 90.434517655000036, 23.809158264000075 ], [ 90.432493271000055, 23.808974185000068 ], [ 90.431706984000073, 23.809053731000063 ], [ 90.43082018900003, 23.809028818000058 ], [ 90.429984554000043, 23.808630088000029 ], [ 90.429121155000075, 23.808378988000072 ], [ 90.428286955000033, 23.807823089000067 ], [ 90.426873454000031, 23.807586387000072 ], [ 90.42645417500006, 23.807417245000067 ], [ 90.426305641000056, 23.807833210000069 ], [ 90.425475762000076, 23.807235872000035 ], [ 90.424298983000085, 23.807382563000033 ], [ 90.423359828000059, 23.807258693000051 ], [ 90.42275249100004, 23.807410608000055 ], [ 90.422018065000032, 23.807819035000023 ], [ 90.421843553000031, 23.808345331000055 ], [ 90.421438546000047, 23.808713643000033 ], [ 90.421409063000056, 23.809237489000054 ], [ 90.421873402000074, 23.809302467000066 ], [ 90.422128217000079, 23.809504650000065 ], [ 90.422168125000042, 23.809640191000028 ], [ 90.421231271000067, 23.809737274000042 ], [ 90.42120419400004, 23.810245266000038 ], [ 90.421034890000044, 23.810318574000064 ], [ 90.420862015000068, 23.81037449400003 ], [ 90.42039995600004, 23.81028589400006 ], [ 90.420210315000077, 23.810844554000028 ], [ 90.420226145000072, 23.810920507000048 ], [ 90.420441694000033, 23.810957385000052 ], [ 90.42071261500007, 23.812029270000039 ], [ 90.419618340000056, 23.812014697000052 ], [ 90.419593972000087, 23.812123117000056 ], [ 90.41930934100003, 23.812117866000051 ], [ 90.418625496000061, 23.812420924000037 ], [ 90.418432340000038, 23.812081267000053 ], [ 90.417674451000039, 23.81181172600003 ], [ 90.417177021000043, 23.811486144000071 ], [ 90.416722243000038, 23.811683553000023 ], [ 90.415834376000078, 23.811470170000064 ], [ 90.41578437000004, 23.811981017000051 ], [ 90.41534303800006, 23.813250866000033 ], [ 90.415270679000059, 23.815330708000033 ], [ 90.415346501000045, 23.815456672000039 ], [ 90.415359161000083, 23.815811493000069 ], [ 90.415295398000069, 23.816262417000075 ], [ 90.416341334000037, 23.816234442000052 ], [ 90.417458134000071, 23.816320208000036 ], [ 90.417385231000083, 23.816918361000035 ], [ 90.417416354000068, 23.818121556000051 ], [ 90.417372389000036, 23.818182616000058 ], [ 90.416654418000064, 23.818271786000025 ], [ 90.416640868000059, 23.819235811000055 ], [ 90.416475383000034, 23.819556804000058 ], [ 90.417182185000058, 23.820035249000057 ], [ 90.418201199000066, 23.820543533000034 ], [ 90.419252028000074, 23.821401008000066 ], [ 90.419629689000033, 23.820914495000068 ], [ 90.420166694000045, 23.820940128000075 ], [ 90.421604093000042, 23.820562208000069 ], [ 90.422592952000059, 23.820739154000023 ], [ 90.422746353000036, 23.820823653000048 ], [ 90.422890408000058, 23.821041734000062 ], [ 90.423386454000081, 23.821151694000037 ], [ 90.424177171000053, 23.82103464000005 ], [ 90.425239266000062, 23.820549137000057 ], [ 90.42655869400005, 23.820883058000049 ], [ 90.426809495000043, 23.821043057000054 ], [ 90.427317656000071, 23.821005089000039 ], [ 90.427694455000051, 23.821135089000052 ], [ 90.428298154000061, 23.821162387000072 ], [ 90.429197955000063, 23.821514189000027 ], [ 90.42957178100005, 23.82155483300005 ], [ 90.429082325000081, 23.826501391000079 ], [ 90.436052792000055, 23.827958568000042 ], [ 90.439782036000054, 23.828646481000078 ], [ 90.439781304000064, 23.828778757000066 ], [ 90.442902834000051, 23.829382487000032 ], [ 90.457338800000059, 23.832548334000023 ], [ 90.458145472000069, 23.829465623000033 ] ] ] } },
{ "type": "Feature", "properties": { "matched_key": "U_30262522039", "navigation_parent_key": "A_302625", "admin_type": "city_ward", "admin_label": "City Corporation Ward", "map_level": "ward", "admin_rank": 3, "displayable": 1, "geometry_status": "EXACT/GEOMETRY", "location_label": "Ward No. 39" }, "geometry": { "type": "Polygon", "coordinates": [ [ [ 90.445653562000075, 23.799319705000073 ], [ 90.442956800000047, 23.797236484000052 ], [ 90.44181747500005, 23.796140062000063 ], [ 90.440668699000071, 23.795691728000065 ], [ 90.441154040000072, 23.794437105000043 ], [ 90.44216706800006, 23.793388709000055 ], [ 90.442584354000076, 23.793057834000024 ], [ 90.44291643300005, 23.79258253200004 ], [ 90.440151130000061, 23.792094066000061 ], [ 90.43974014500003, 23.792137819000061 ], [ 90.439228082000056, 23.792049658000053 ], [ 90.43869092400007, 23.792120855000064 ], [ 90.438569630000075, 23.792071866000072 ], [ 90.438566930000036, 23.791940565000061 ], [ 90.438411431000077, 23.791945462000058 ], [ 90.438383026000054, 23.791606682000065 ], [ 90.437900339000066, 23.791574664000052 ], [ 90.434899120000068, 23.791431721000038 ], [ 90.434718301000032, 23.792066116000058 ], [ 90.433935010000084, 23.792029483000078 ], [ 90.433866242000079, 23.791850440000076 ], [ 90.434010182000065, 23.791258478000032 ], [ 90.432840742000053, 23.791119948000073 ], [ 90.431860442000072, 23.790831270000069 ], [ 90.430953361000036, 23.790780724000058 ], [ 90.427382886000032, 23.790159042000028 ], [ 90.426674796000043, 23.789963122000074 ], [ 90.426088223000079, 23.789444266000032 ], [ 90.426027737000084, 23.790555039000026 ], [ 90.425529045000076, 23.793026765000036 ], [ 90.425448978000077, 23.794061194000051 ], [ 90.425539604000051, 23.794573528000058 ], [ 90.424264022000045, 23.794540913000048 ], [ 90.423642452000081, 23.797721940000031 ], [ 90.425877133000085, 23.798094396000067 ], [ 90.43080330500004, 23.79843833700005 ], [ 90.432329304000064, 23.798623938000048 ], [ 90.434034903000054, 23.798648137000043 ], [ 90.437468800000033, 23.79892393700004 ], [ 90.447443381000085, 23.800125051000066 ], [ 90.445653562000075, 23.799319705000073 ] ] ] } },
{ "type": "Feature", "properties": { "matched_key": "U_30262522040", "navigation_parent_key": "A_302625", "admin_type": "city_ward", "admin_label": "City Corporation Ward", "map_level": "ward", "admin_rank": 3, "displayable": 1, "geometry_status": "EXACT/GEOMETRY", "location_label": "Ward No. 40" }, "geometry": { "type": "Polygon", "coordinates": [ [ [ 90.449993205000055, 23.809701063000034 ], [ 90.45005068100005, 23.808930889000067 ], [ 90.449806848000037, 23.807612882000058 ], [ 90.450043289000064, 23.806785735000062 ], [ 90.450518404000036, 23.805960148000054 ], [ 90.450635771000066, 23.805300446000047 ], [ 90.450689591000071, 23.803649629000063 ], [ 90.450568430000033, 23.803209659000061 ], [ 90.450686744000052, 23.80282543900006 ], [ 90.451348928000073, 23.802342530000033 ], [ 90.451162065000062, 23.801886946000025 ], [ 90.451098909000052, 23.801008735000039 ], [ 90.450799552000035, 23.800844770000026 ], [ 90.44972285700004, 23.800683072000027 ], [ 90.449544461000073, 23.800902626000038 ], [ 90.44954597800006, 23.80134294800007 ], [ 90.44930688900007, 23.801397838000071 ], [ 90.448168983000073, 23.80074178600006 ], [ 90.447443381000085, 23.800125051000066 ], [ 90.437468800000033, 23.79892393700004 ], [ 90.434034903000054, 23.798648137000043 ], [ 90.432329304000064, 23.798623938000048 ], [ 90.43080330500004, 23.79843833700005 ], [ 90.425877133000085, 23.798094396000067 ], [ 90.423642452000081, 23.797721940000031 ], [ 90.422674862000065, 23.802638265000041 ], [ 90.421894511000062, 23.805889788000059 ], [ 90.421438546000047, 23.808713643000033 ], [ 90.421843553000031, 23.808345331000055 ], [ 90.422018065000032, 23.807819035000023 ], [ 90.42275249100004, 23.807410608000055 ], [ 90.423359828000059, 23.807258693000051 ], [ 90.424298983000085, 23.807382563000033 ], [ 90.425276490000044, 23.807224065000071 ], [ 90.425475762000076, 23.807235872000035 ], [ 90.425742731000071, 23.807392136000033 ], [ 90.426305641000056, 23.807833210000069 ], [ 90.42645417500006, 23.807417245000067 ], [ 90.426873454000031, 23.807586387000072 ], [ 90.428286955000033, 23.807823089000067 ], [ 90.429121155000075, 23.808378988000072 ], [ 90.429984554000043, 23.808630088000029 ], [ 90.43082018900003, 23.809028818000058 ], [ 90.431706984000073, 23.809053731000063 ], [ 90.432493271000055, 23.808974185000068 ], [ 90.434517655000036, 23.809158264000075 ], [ 90.434442171000057, 23.810381469000049 ], [ 90.449578734000056, 23.810858410000037 ], [ 90.449993205000055, 23.809701063000034 ] ] ] } },
{ "type": "Feature", "properties": { "matched_key": "U_30262526018", "navigation_parent_key": "A_302625", "admin_type": "city_ward", "admin_label": "City Corporation Ward", "map_level": "ward", "admin_rank": 3, "displayable": 1, "geometry_status": "EXACT/GEOMETRY", "location_label": "Ward No. 18" }, "geometry": { "type": "Polygon", "coordinates": [ [ [ 90.418625496000061, 23.812420924000037 ], [ 90.41930934100003, 23.812117866000051 ], [ 90.419593972000087, 23.812123117000056 ], [ 90.419618340000056, 23.812014697000052 ], [ 90.42071261500007, 23.812029270000039 ], [ 90.420441694000033, 23.810957385000052 ], [ 90.420226145000072, 23.810920507000048 ], [ 90.420210315000077, 23.810844554000028 ], [ 90.42039995600004, 23.81028589400006 ], [ 90.420862015000068, 23.81037449400003 ], [ 90.421034890000044, 23.810318574000064 ], [ 90.42120419400004, 23.810245266000038 ], [ 90.421231271000067, 23.809737274000042 ], [ 90.422168125000042, 23.809640191000028 ], [ 90.422128217000079, 23.809504650000065 ], [ 90.421873402000074, 23.809302467000066 ], [ 90.421409063000056, 23.809237489000054 ], [ 90.421438546000047, 23.808713643000033 ], [ 90.421894511000062, 23.805889788000059 ], [ 90.422674862000065, 23.802638265000041 ], [ 90.424264022000045, 23.794540913000048 ], [ 90.425539604000051, 23.794573528000058 ], [ 90.425448978000077, 23.794061194000051 ], [ 90.425529045000076, 23.793026765000036 ], [ 90.426027737000084, 23.790555039000026 ], [ 90.426088223000079, 23.789444266000032 ], [ 90.425896630000068, 23.78930280700007 ], [ 90.424852628000053, 23.788957291000031 ], [ 90.424041604000081, 23.788577903000032 ], [ 90.423980137000058, 23.788409857000033 ], [ 90.423301116000061, 23.788085126000055 ], [ 90.423264849000077, 23.787912649000077 ], [ 90.423060308000061, 23.788042125000061 ], [ 90.423006161000046, 23.788456866000047 ], [ 90.421752861000073, 23.788620304000062 ], [ 90.422127784000054, 23.791116729000066 ], [ 90.422027109000055, 23.792047337000042 ], [ 90.42174116700005, 23.792980711000041 ], [ 90.421433247000039, 23.793568656000048 ], [ 90.420878464000054, 23.794274696000059 ], [ 90.418304649000049, 23.796713656000065 ], [ 90.417770501000064, 23.797550596000065 ], [ 90.417627473000039, 23.798101958000075 ], [ 90.417590683000071, 23.799452396000049 ], [ 90.417470025000057, 23.800477895000029 ], [ 90.417618889000039, 23.801751055000068 ], [ 90.417579480000086, 23.802473750000047 ], [ 90.417396190000034, 23.803291673000047 ], [ 90.416782944000033, 23.80511561000003 ], [ 90.416248203000066, 23.805972869000072 ], [ 90.415688857000077, 23.806620192000025 ], [ 90.415497031000086, 23.806475448000072 ], [ 90.415342458000055, 23.807074286000045 ], [ 90.415081558000054, 23.807456086000059 ], [ 90.41388095800005, 23.808504386000038 ], [ 90.413040557000045, 23.809456486000045 ], [ 90.413624094000056, 23.809515735000048 ], [ 90.413788338000074, 23.810585986000035 ], [ 90.414023965000069, 23.81117019900006 ], [ 90.414258682000082, 23.811467638000067 ], [ 90.414582591000055, 23.811640638000029 ], [ 90.415072972000075, 23.811679967000032 ], [ 90.415953663000039, 23.811461811000072 ], [ 90.416248317000054, 23.811540720000039 ], [ 90.41624227300008, 23.811600481000028 ], [ 90.416722243000038, 23.811683553000023 ], [ 90.417177021000043, 23.811486144000071 ], [ 90.417674451000039, 23.81181172600003 ], [ 90.418432340000038, 23.812081267000053 ], [ 90.418625496000061, 23.812420924000037 ] ] ] } },
{ "type": "Feature", "properties": { "matched_key": "U_30262526019", "navigation_parent_key": "A_302625", "admin_type": "city_ward", "admin_label": "City Corporation Ward", "map_level": "ward", "admin_rank": 3, "displayable": 1, "geometry_status": "EXACT/GEOMETRY", "location_label": "Ward No. 19 (Part)" }, "geometry": { "type": "Polygon", "coordinates": [ [ [ 90.416248203000066, 23.805972869000072 ], [ 90.416782944000033, 23.80511561000003 ], [ 90.417396190000034, 23.803291673000047 ], [ 90.417579480000086, 23.802473750000047 ], [ 90.417618889000039, 23.801751055000068 ], [ 90.417470025000057, 23.800477895000029 ], [ 90.417590683000071, 23.799452396000049 ], [ 90.417627473000039, 23.798101958000075 ], [ 90.417770501000064, 23.797550596000065 ], [ 90.418304649000049, 23.796713656000065 ], [ 90.420878464000054, 23.794274696000059 ], [ 90.421433247000039, 23.793568656000048 ], [ 90.42174116700005, 23.792980711000041 ], [ 90.422027109000055, 23.792047337000042 ], [ 90.422127784000054, 23.791116729000066 ], [ 90.421750993000046, 23.78861127700003 ], [ 90.42151552100006, 23.788643533000027 ], [ 90.421609870000054, 23.788033589000065 ], [ 90.421603603000051, 23.787421664000078 ], [ 90.421175264000055, 23.786237335000067 ], [ 90.42131867900008, 23.786004361000039 ], [ 90.42091950400004, 23.784158329000036 ], [ 90.420658423000077, 23.783856456000024 ], [ 90.42048580800008, 23.783782408000036 ], [ 90.420331860000033, 23.783410242000059 ], [ 90.420310940000036, 23.783200294000039 ], [ 90.420426932000055, 23.783023849000074 ], [ 90.419937323000056, 23.781663550000076 ], [ 90.419985284000063, 23.781507610000062 ], [ 90.420209258000057, 23.781337646000054 ], [ 90.420391141000039, 23.779334219000077 ], [ 90.420015952000085, 23.778642006000041 ], [ 90.419720834000032, 23.777859249000073 ], [ 90.419435556000053, 23.776509683000029 ], [ 90.418705296000041, 23.775077771000042 ], [ 90.418228583000086, 23.773898079000048 ], [ 90.417725004000033, 23.773138463000066 ], [ 90.417195079000066, 23.772771824000074 ], [ 90.416725390000067, 23.77263535000003 ], [ 90.416864414000031, 23.772181097000043 ], [ 90.416754647000062, 23.771806548000029 ], [ 90.415705631000037, 23.771000976000039 ], [ 90.414602810000076, 23.772568802000023 ], [ 90.413519895000036, 23.772097507000069 ], [ 90.413414396000064, 23.772388547000048 ], [ 90.414606032000052, 23.773020398000028 ], [ 90.413821750000068, 23.774056727000072 ], [ 90.413783149000039, 23.775621692000072 ], [ 90.41363186600006, 23.776082749000068 ], [ 90.413241609000067, 23.776625738000064 ], [ 90.412655246000043, 23.777230219000046 ], [ 90.412286506000044, 23.777791211000078 ], [ 90.410907584000086, 23.780542989000025 ], [ 90.410907935000068, 23.781265398000073 ], [ 90.411775412000054, 23.781263270000068 ], [ 90.412056367000048, 23.781650913000078 ], [ 90.412562807000086, 23.781956663000074 ], [ 90.413070494000067, 23.782655314000067 ], [ 90.414032711000061, 23.78469631400003 ], [ 90.414043316000061, 23.786107595000033 ], [ 90.41389472000003, 23.786645418000035 ], [ 90.412849579000067, 23.788459210000042 ], [ 90.410406454000054, 23.791306407000036 ], [ 90.410290001000078, 23.791537045000041 ], [ 90.409893712000041, 23.79271908000004 ], [ 90.409254479000083, 23.796451146000038 ], [ 90.409088909000047, 23.796867073000044 ], [ 90.407657775000075, 23.797914100000071 ], [ 90.407509478000065, 23.79856030600007 ], [ 90.407648255000083, 23.800172215000032 ], [ 90.407848745000081, 23.800325238000028 ], [ 90.407911459000047, 23.800957336000067 ], [ 90.406840458000033, 23.800972958000045 ], [ 90.406863645000044, 23.801409377000027 ], [ 90.406759907000037, 23.801565545000074 ], [ 90.406772184000033, 23.802355845000022 ], [ 90.406560216000059, 23.802458019000028 ], [ 90.406641949000061, 23.803907938000066 ], [ 90.406566180000084, 23.804097580000075 ], [ 90.406552141000077, 23.804594193000071 ], [ 90.406820957000036, 23.80462058300003 ], [ 90.406793021000055, 23.805106145000025 ], [ 90.407621531000075, 23.805173960000047 ], [ 90.407680481000057, 23.804993156000023 ], [ 90.408679635000055, 23.805085351000059 ], [ 90.408845804000066, 23.804269900000065 ], [ 90.409672650000061, 23.804217999000059 ], [ 90.410638174000042, 23.804328208000072 ], [ 90.412092361000077, 23.80473981800003 ], [ 90.41201542400006, 23.805245835000051 ], [ 90.413038612000037, 23.805369555000027 ], [ 90.413109128000031, 23.805744208000078 ], [ 90.414001452000036, 23.806197949000023 ], [ 90.415435462000062, 23.806428935000042 ], [ 90.415688857000077, 23.806620192000025 ], [ 90.416248203000066, 23.805972869000072 ] ] ] } },
{ "type": "Feature", "properties": { "matched_key": "U_30262526020", "navigation_parent_key": "A_302625", "admin_type": "city_ward", "admin_label": "City Corporation Ward", "map_level": "ward", "admin_rank": 3, "displayable": 1, "geometry_status": "EXACT/GEOMETRY", "location_label": "Ward No. 20 (Part)" }, "geometry": { "type": "Polygon", "coordinates": [ [ [ 90.411731151000083, 23.778899852000052 ], [ 90.412655246000043, 23.777230219000046 ], [ 90.413241609000067, 23.776625738000064 ], [ 90.41363186600006, 23.776082749000068 ], [ 90.413783149000039, 23.775621692000072 ], [ 90.413821750000068, 23.774056727000072 ], [ 90.414606032000052, 23.773020398000028 ], [ 90.413454449000085, 23.772409786000026 ], [ 90.413444498000047, 23.772493408000059 ], [ 90.41262663200007, 23.772542602000044 ], [ 90.412346455000034, 23.772376192000024 ], [ 90.412253104000058, 23.771880830000043 ], [ 90.411764626000036, 23.771682246000069 ], [ 90.411410921000083, 23.771826402000045 ], [ 90.41137358900005, 23.771747615000038 ], [ 90.410965794000049, 23.771878708000031 ], [ 90.41084537100005, 23.771238550000078 ], [ 90.410710465000079, 23.77094734800005 ], [ 90.409722481000074, 23.771114719000025 ], [ 90.40942369000004, 23.771232472000065 ], [ 90.409581626000033, 23.771703067000033 ], [ 90.409718429000065, 23.771696515000031 ], [ 90.409744218000071, 23.771847007000076 ], [ 90.409465863000037, 23.771893152000075 ], [ 90.409513466000078, 23.772362033000036 ], [ 90.409064330000035, 23.772384780000039 ], [ 90.409053662000076, 23.772280430000023 ], [ 90.408861515000069, 23.772289509000075 ], [ 90.408785240000043, 23.771530234000068 ], [ 90.408383043000072, 23.77160957600006 ], [ 90.408545178000054, 23.772471626000026 ], [ 90.408256597000047, 23.772528790000024 ], [ 90.407765976000064, 23.772609770000031 ], [ 90.407706792000056, 23.771552144000054 ], [ 90.406959806000032, 23.77167236300005 ], [ 90.407060207000086, 23.772118018000072 ], [ 90.406924742000058, 23.77214562100005 ], [ 90.406912805000047, 23.772064636000039 ], [ 90.406208089000074, 23.772161846000074 ], [ 90.406201844000066, 23.772069342000066 ], [ 90.405764636000072, 23.772107861000052 ], [ 90.40577247300007, 23.772325441000078 ], [ 90.405695877000085, 23.772328630000061 ], [ 90.405755528000043, 23.772913109000058 ], [ 90.406472617000077, 23.772862620000069 ], [ 90.406588727000042, 23.773417605000077 ], [ 90.407672777000073, 23.773377891000052 ], [ 90.407782969000039, 23.773406278000039 ], [ 90.407762603000037, 23.773540440000033 ], [ 90.409167532000083, 23.773563503000048 ], [ 90.410784701000068, 23.773898601000042 ], [ 90.411090708000074, 23.774758132000045 ], [ 90.411611509000068, 23.775215596000066 ], [ 90.411778575000085, 23.77548084700004 ], [ 90.411869158000059, 23.775935420000053 ], [ 90.411996225000053, 23.775998438000045 ], [ 90.411972278000064, 23.776272510000069 ], [ 90.411832530000083, 23.776564123000071 ], [ 90.411480242000039, 23.776514875000032 ], [ 90.411301837000053, 23.776945730000023 ], [ 90.410767294000038, 23.777282944000035 ], [ 90.410772850000058, 23.777563973000042 ], [ 90.410848748000035, 23.777566813000078 ], [ 90.410895546000063, 23.778526265000039 ], [ 90.410942009000053, 23.778708110000025 ], [ 90.411731151000083, 23.778899852000052 ] ] ] } },
{ "type": "Feature", "properties": { "matched_key": "U_30262527022", "navigation_parent_key": "A_302625", "admin_type": "city_ward", "admin_label": "City Corporation Ward", "map_level": "ward", "admin_rank": 3, "displayable": 1, "geometry_status": "EXACT/GEOMETRY", "location_label": "Ward No. 22 (Part)" }, "geometry": { "type": "Polygon", "coordinates": [ [ [ 90.418130658000052, 23.772048962000042 ], [ 90.418632947000049, 23.771099477000064 ], [ 90.419151082000042, 23.770721671000047 ], [ 90.419645138000078, 23.770518381000045 ], [ 90.420362455000031, 23.770408041000053 ], [ 90.421489777000033, 23.770383723000066 ], [ 90.421447538000052, 23.77002572400005 ], [ 90.422300568000082, 23.769775003000063 ], [ 90.423082319000059, 23.76967802300004 ], [ 90.422628597000084, 23.768205626000054 ], [ 90.42312260500006, 23.767909821000046 ], [ 90.417024612000034, 23.757306241000038 ], [ 90.415027847000033, 23.757780302000072 ], [ 90.415038626000069, 23.757858284000065 ], [ 90.414807233000033, 23.757920219000027 ], [ 90.414850943000033, 23.758308495000051 ], [ 90.414694191000081, 23.758308255000031 ], [ 90.414615414000082, 23.75852883500005 ], [ 90.41454893000008, 23.758521064000035 ], [ 90.414562358000069, 23.758784938000076 ], [ 90.414627777000078, 23.758780461000072 ], [ 90.414636856000072, 23.75887558900007 ], [ 90.414570987000047, 23.759273952000058 ], [ 90.414790241000048, 23.759275540000033 ], [ 90.414760612000066, 23.759553140000037 ], [ 90.414688555000055, 23.75954673800004 ], [ 90.414617713000041, 23.759842694000042 ], [ 90.415321194000057, 23.759919803000059 ], [ 90.415252480000049, 23.760595921000061 ], [ 90.415051632000086, 23.761241926000025 ], [ 90.413639950000061, 23.761883520000026 ], [ 90.413241534000065, 23.761851724000053 ], [ 90.412746957000081, 23.762190516000032 ], [ 90.412216686000079, 23.762426824000045 ], [ 90.41191959300005, 23.76275782600004 ], [ 90.410527420000051, 23.763423702000068 ], [ 90.415477252000073, 23.769779959000061 ], [ 90.415779592000035, 23.770533352000029 ], [ 90.415752378000036, 23.771041495000077 ], [ 90.416754647000062, 23.771806548000029 ], [ 90.417155739000066, 23.771785143000045 ], [ 90.417252916000052, 23.772058111000035 ], [ 90.417697620000069, 23.772054651000076 ], [ 90.417846473000054, 23.772182959000077 ], [ 90.418130658000052, 23.772048962000042 ] ] ] } },
{ "type": "Feature", "properties": { "matched_key": "U_30262530004", "navigation_parent_key": "A_302625", "admin_type": "city_ward", "admin_label": "City Corporation Ward", "map_level": "ward", "admin_rank": 3, "displayable": 1, "geometry_status": "EXACT/GEOMETRY", "location_label": "Ward No. 04" }, "geometry": { "type": "Polygon", "coordinates": [ [ [ 90.379914425000038, 23.812907833000054 ], [ 90.382431687000064, 23.812087698000028 ], [ 90.38368506900008, 23.811991769000031 ], [ 90.383457130000068, 23.809250228000053 ], [ 90.38424185100007, 23.808787065000047 ], [ 90.384283232000087, 23.808282322000025 ], [ 90.384855150000078, 23.808468585000071 ], [ 90.384767570000065, 23.807666832000052 ], [ 90.384567795000066, 23.807461493000062 ], [ 90.384839530000079, 23.806290750000073 ], [ 90.385395490000064, 23.805984611000042 ], [ 90.385354524000036, 23.805711656000028 ], [ 90.385698154000067, 23.805749153000079 ], [ 90.386507513000083, 23.805398210000078 ], [ 90.38746842200004, 23.805352782000057 ], [ 90.387493003000031, 23.805233229000066 ], [ 90.387819216000082, 23.805140485000038 ], [ 90.387574592000078, 23.804692630000034 ], [ 90.387531194000076, 23.804319430000078 ], [ 90.388481195000054, 23.798334231000069 ], [ 90.388438200000053, 23.798202361000051 ], [ 90.387322089000065, 23.798430672000052 ], [ 90.38738789000007, 23.797203660000037 ], [ 90.386905417000037, 23.797286189000033 ], [ 90.384466616000054, 23.798070787000029 ], [ 90.38099541400004, 23.799634286000071 ], [ 90.379454715000065, 23.800650485000062 ], [ 90.378815013000064, 23.801167185000054 ], [ 90.377152564000085, 23.802786388000072 ], [ 90.373965163000037, 23.805015887000025 ], [ 90.377279691000069, 23.810484115000065 ], [ 90.376705704000074, 23.810818703000052 ], [ 90.376755342000081, 23.811005557000044 ], [ 90.376925287000063, 23.811189647000049 ], [ 90.376936329000046, 23.811424728000077 ], [ 90.377048541000079, 23.811428551000063 ], [ 90.377048509000076, 23.811582938000072 ], [ 90.37716907500004, 23.811573665000026 ], [ 90.377171057000055, 23.81176713900004 ], [ 90.377574940000045, 23.811856189000025 ], [ 90.377546248000044, 23.812050523000039 ], [ 90.377683808000086, 23.812099222000029 ], [ 90.378683479000074, 23.812144568000065 ], [ 90.379914425000038, 23.812907833000054 ] ] ] } },
{ "type": "Feature", "properties": { "matched_key": "U_30262530014", "navigation_parent_key": "A_302625", "admin_type": "city_ward", "admin_label": "City Corporation Ward", "map_level": "ward", "admin_rank": 3, "displayable": 1, "geometry_status": "EXACT/GEOMETRY", "location_label": "Ward No. 14 (Part)" }, "geometry": { "type": "Polygon", "coordinates": [ [ [ 90.376550045000045, 23.803233340000077 ], [ 90.377893764000078, 23.802113589000044 ], [ 90.378786844000047, 23.801191612000025 ], [ 90.378667743000051, 23.800997523000035 ], [ 90.378616727000065, 23.800634628000068 ], [ 90.378688324000052, 23.800140612000064 ], [ 90.378229714000042, 23.80003268400003 ], [ 90.378388615000063, 23.799360585000045 ], [ 90.379467389000069, 23.799460402000022 ], [ 90.379464815000063, 23.799035786000047 ], [ 90.379580273000045, 23.798515791000057 ], [ 90.379927542000075, 23.797920909000027 ], [ 90.380095647000076, 23.797316820000049 ], [ 90.380031216000077, 23.797179386000039 ], [ 90.379836232000059, 23.797107347000065 ], [ 90.37939549400005, 23.797139388000062 ], [ 90.379305705000036, 23.79664282400006 ], [ 90.37948155600003, 23.796353357000044 ], [ 90.379459521000058, 23.795689425000035 ], [ 90.379399228000068, 23.795676191000041 ], [ 90.379463231000045, 23.795536468000023 ], [ 90.379466628000046, 23.794592078000051 ], [ 90.379613228000039, 23.794582683000044 ], [ 90.379700299000035, 23.794361311000046 ], [ 90.379594147000034, 23.794297046000054 ], [ 90.379756990000033, 23.794023654000057 ], [ 90.379626133000045, 23.79397606200007 ], [ 90.379500068000084, 23.793761912000036 ], [ 90.379482591000055, 23.793117497000026 ], [ 90.379632616000038, 23.792716516000041 ], [ 90.379553473000044, 23.792651708000051 ], [ 90.379558237000083, 23.792429258000027 ], [ 90.379256239000085, 23.792282559000057 ], [ 90.379238281000084, 23.792090808000069 ], [ 90.379048552000086, 23.792043479000029 ], [ 90.379102510000052, 23.791842599000063 ], [ 90.378968539000084, 23.791812457000049 ], [ 90.378999304000047, 23.791673771000035 ], [ 90.379082392000043, 23.791672567000035 ], [ 90.379012941000042, 23.79149968400003 ], [ 90.379089418000035, 23.790865624000048 ], [ 90.378733261000036, 23.790915433000066 ], [ 90.377359455000033, 23.790804698000045 ], [ 90.376029392000078, 23.790626235000047 ], [ 90.375695301000064, 23.790502852000031 ], [ 90.371013154000082, 23.80149487400007 ], [ 90.37156568100005, 23.801616755000055 ], [ 90.371609308000075, 23.801445948000037 ], [ 90.371954879000043, 23.801474721000034 ], [ 90.372002828000063, 23.802116571000056 ], [ 90.371510846000035, 23.802090097000075 ], [ 90.37136035900005, 23.802329408000048 ], [ 90.371556987000076, 23.802423574000045 ], [ 90.371452012000077, 23.802774272000079 ], [ 90.371512970000083, 23.802869692000058 ], [ 90.371466809000083, 23.803012902000035 ], [ 90.371288630000038, 23.802990358000045 ], [ 90.371167530000037, 23.803197252000075 ], [ 90.370810123000069, 23.802974427000038 ], [ 90.370834259000048, 23.802817553000068 ], [ 90.370513755000047, 23.802737566000076 ], [ 90.36902857900003, 23.805941756000038 ], [ 90.368612073000065, 23.807102094000072 ], [ 90.369444471000065, 23.807274415000052 ], [ 90.373474556000076, 23.806497487000058 ], [ 90.374646351000081, 23.806147697000029 ], [ 90.373965163000037, 23.805015887000025 ], [ 90.376550045000045, 23.803233340000077 ] ] ] } },
{ "type": "Feature", "properties": { "matched_key": "U_30262530016", "navigation_parent_key": "A_302625", "admin_type": "city_ward", "admin_label": "City Corporation Ward", "map_level": "ward", "admin_rank": 3, "displayable": 1, "geometry_status": "EXACT/GEOMETRY", "location_label": "Ward No. 16" }, "geometry": { "type": "MultiPolygon", "coordinates": [ [ [ [ 90.381263715000046, 23.799493086000041 ], [ 90.384841017000042, 23.797929288000034 ], [ 90.386905417000037, 23.797286189000033 ], [ 90.387385991000031, 23.797203885000044 ], [ 90.387485996000066, 23.796866330000057 ], [ 90.38798859700006, 23.793768431000046 ], [ 90.387822391000043, 23.791827073000036 ], [ 90.387970438000082, 23.790132762000042 ], [ 90.388306785000054, 23.788388361000045 ], [ 90.388178583000069, 23.787613911000051 ], [ 90.388296301000082, 23.786189309000065 ], [ 90.388256595000087, 23.785799760000032 ], [ 90.386218732000032, 23.785786148000057 ], [ 90.38630682400003, 23.785652669000058 ], [ 90.38619778900005, 23.785314539000069 ], [ 90.38576798400004, 23.78519443700003 ], [ 90.385781693000069, 23.785065892000034 ], [ 90.385681758000032, 23.785050221000063 ], [ 90.38565365900007, 23.784935290000078 ], [ 90.385497500000042, 23.78482096700003 ], [ 90.385416632000045, 23.783817433000024 ], [ 90.385475687000053, 23.783263908000038 ], [ 90.385406566000086, 23.783258388000036 ], [ 90.385415414000079, 23.783161377000056 ], [ 90.384040914000082, 23.782923427000071 ], [ 90.383924677000039, 23.783136412000033 ], [ 90.383912218000034, 23.784100218000049 ], [ 90.383288207000078, 23.785613461000025 ], [ 90.381630837000046, 23.791101486000059 ], [ 90.379328937000082, 23.790714528000024 ], [ 90.379089418000035, 23.790865624000048 ], [ 90.379012941000042, 23.79149968400003 ], [ 90.379082392000043, 23.791672567000035 ], [ 90.378999304000047, 23.791673771000035 ], [ 90.378968539000084, 23.791812457000049 ], [ 90.379102510000052, 23.791842599000063 ], [ 90.379048552000086, 23.792043479000029 ], [ 90.379238281000084, 23.792090808000069 ], [ 90.379256239000085, 23.792282559000057 ], [ 90.379558237000083, 23.792429258000027 ], [ 90.379553473000044, 23.792651708000051 ], [ 90.379632616000038, 23.792716516000041 ], [ 90.379482591000055, 23.793117497000026 ], [ 90.379500068000084, 23.793761912000036 ], [ 90.379626133000045, 23.79397606200007 ], [ 90.379756990000033, 23.794023654000057 ], [ 90.379594147000034, 23.794297046000054 ], [ 90.379700299000035, 23.794361311000046 ], [ 90.379613228000039, 23.794582683000044 ], [ 90.379466628000046, 23.794592078000051 ], [ 90.379463231000045, 23.795536468000023 ], [ 90.379399228000068, 23.795676191000041 ], [ 90.379459521000058, 23.795689425000035 ], [ 90.37948155600003, 23.796353357000044 ], [ 90.379305705000036, 23.79664282400006 ], [ 90.37939549400005, 23.797139388000062 ], [ 90.379836232000059, 23.797107347000065 ], [ 90.380031216000077, 23.797179386000039 ], [ 90.380091343000061, 23.797444449000068 ], [ 90.379927542000075, 23.797920909000027 ], [ 90.379580273000045, 23.798515791000057 ], [ 90.379464815000063, 23.799035786000047 ], [ 90.379467389000069, 23.799460402000022 ], [ 90.378388615000063, 23.799360585000045 ], [ 90.378229714000042, 23.80003268400003 ], [ 90.378688324000052, 23.800140612000064 ], [ 90.378616727000065, 23.800634628000068 ], [ 90.378667743000051, 23.800997523000035 ], [ 90.378786844000047, 23.801191612000025 ], [ 90.379454715000065, 23.800650485000062 ], [ 90.381263715000046, 23.799493086000041 ] ] ], [ [ [ 90.37832766300005, 23.790876887000024 ], [ 90.378648880000071, 23.789999680000051 ], [ 90.37863664300005, 23.789809717000026 ], [ 90.376886346000049, 23.789586497000073 ], [ 90.377011589000062, 23.788904642000034 ], [ 90.377271103000055, 23.788916389000065 ], [ 90.377597058000049, 23.787471917000062 ], [ 90.378278464000061, 23.785399808000022 ], [ 90.378266155000063, 23.785184753000067 ], [ 90.378016280000054, 23.785083458000031 ], [ 90.378498971000056, 23.783795139000063 ], [ 90.373000236000053, 23.783093971000028 ], [ 90.372132098000066, 23.783152328000028 ], [ 90.371601653000084, 23.783004571000049 ], [ 90.371147152000049, 23.783086955000044 ], [ 90.370409850000044, 23.782998583000051 ], [ 90.370198505000076, 23.783156976000043 ], [ 90.370204282000032, 23.783464066000079 ], [ 90.370519864000073, 23.783686097000043 ], [ 90.370421534000059, 23.783964894000064 ], [ 90.370579679000059, 23.784052461000044 ], [ 90.37051492900008, 23.784190488000036 ], [ 90.370633923000071, 23.784537711000041 ], [ 90.370838667000044, 23.784655286000032 ], [ 90.371470483000053, 23.784372800000028 ], [ 90.37190464300005, 23.784672633000071 ], [ 90.372492257000033, 23.786035992000052 ], [ 90.373194218000037, 23.785933810000074 ], [ 90.374996508000038, 23.785932011000057 ], [ 90.375331886000083, 23.786012263000032 ], [ 90.375313038000058, 23.786661869000056 ], [ 90.375230937000083, 23.786888870000041 ], [ 90.376601136000033, 23.787028870000029 ], [ 90.376691437000034, 23.787288570000044 ], [ 90.377092751000077, 23.787234186000035 ], [ 90.375712811000085, 23.790508480000028 ], [ 90.37654004500007, 23.790706280000052 ], [ 90.37832766300005, 23.790876887000024 ] ] ] ] } },
{ "type": "Feature", "properties": { "matched_key": "U_30262537017", "navigation_parent_key": "A_302625", "admin_type": "city_ward", "admin_label": "City Corporation Ward", "map_level": "ward", "admin_rank": 3, "displayable": 1, "geometry_status": "EXACT/GEOMETRY", "location_label": "Ward No. 17 (Part)" }, "geometry": { "type": "Polygon", "coordinates": [ [ [ 90.425842627000065, 23.837829050000039 ], [ 90.425810203000083, 23.837444160000075 ], [ 90.426466178000055, 23.837451980000026 ], [ 90.426521286000082, 23.837038598000049 ], [ 90.426673385000072, 23.837008823000076 ], [ 90.428365942000084, 23.836997354000061 ], [ 90.428374671000086, 23.837225395000075 ], [ 90.428880485000036, 23.837262377000059 ], [ 90.429192881000063, 23.837268279000057 ], [ 90.429272956000034, 23.837170959000048 ], [ 90.430099876000043, 23.837249944000064 ], [ 90.43162359300004, 23.837216330000047 ], [ 90.434272323000073, 23.837579216000051 ], [ 90.436083565000047, 23.837389382000026 ], [ 90.436198159000071, 23.837226118000046 ], [ 90.436331448000033, 23.836685641000031 ], [ 90.436204889000066, 23.836131561000059 ], [ 90.436154640000041, 23.835089741000047 ], [ 90.436237728000037, 23.834118905000025 ], [ 90.436931304000041, 23.834029647000023 ], [ 90.43738391100004, 23.834099679000076 ], [ 90.437788082000054, 23.833727314000043 ], [ 90.437934706000078, 23.833348050000041 ], [ 90.44099618000007, 23.833958305000067 ], [ 90.44150208700006, 23.833340125000063 ], [ 90.443617467000081, 23.832000531000062 ], [ 90.443905505000032, 23.831139366000059 ], [ 90.44392485700007, 23.83071870200007 ], [ 90.443507571000055, 23.830241939000075 ], [ 90.443668331000083, 23.829548927000076 ], [ 90.439781304000064, 23.828778757000066 ], [ 90.439782036000054, 23.828646481000078 ], [ 90.436052792000055, 23.827958568000042 ], [ 90.429082325000081, 23.826501391000079 ], [ 90.42957178100005, 23.82155483300005 ], [ 90.429197955000063, 23.821514189000027 ], [ 90.428298154000061, 23.821162387000072 ], [ 90.427694455000051, 23.821135089000052 ], [ 90.427317656000071, 23.821005089000039 ], [ 90.426809495000043, 23.821043057000054 ], [ 90.42655869400005, 23.820883058000049 ], [ 90.425239266000062, 23.820549137000057 ], [ 90.424177171000053, 23.82103464000005 ], [ 90.423386454000081, 23.821151694000037 ], [ 90.422890408000058, 23.821041734000062 ], [ 90.422746353000036, 23.820823653000048 ], [ 90.422592952000059, 23.820739154000023 ], [ 90.421604093000042, 23.820562208000069 ], [ 90.420166694000045, 23.820940128000075 ], [ 90.419629689000033, 23.820914495000068 ], [ 90.419252028000074, 23.821401008000066 ], [ 90.418201199000066, 23.820543533000034 ], [ 90.417373123000061, 23.820120097000029 ], [ 90.417033658000037, 23.820411210000032 ], [ 90.416794507000077, 23.821060208000063 ], [ 90.415696463000074, 23.821759386000053 ], [ 90.415383202000044, 23.822297941000045 ], [ 90.415390115000037, 23.822429364000072 ], [ 90.415633494000076, 23.822706308000079 ], [ 90.415591089000031, 23.823129323000046 ], [ 90.415347593000035, 23.823552238000048 ], [ 90.41515834300003, 23.82366791100003 ], [ 90.414527261000046, 23.823586060000025 ], [ 90.413574501000085, 23.823656361000076 ], [ 90.413493534000054, 23.824248194000063 ], [ 90.412925899000072, 23.825019724000072 ], [ 90.412575668000045, 23.825847120000049 ], [ 90.412562932000071, 23.826865551000026 ], [ 90.412686495000059, 23.827903938000077 ], [ 90.413301514000068, 23.829688433000058 ], [ 90.413177443000052, 23.831009744000028 ], [ 90.413182928000083, 23.833617446000062 ], [ 90.414091828000039, 23.835223447000033 ], [ 90.414770427000065, 23.835351048000064 ], [ 90.415116858000033, 23.835507146000054 ], [ 90.416308108000067, 23.836296517000051 ], [ 90.418161124000051, 23.837862090000044 ], [ 90.418200467000077, 23.837752245000047 ], [ 90.418807232000063, 23.838057826000068 ], [ 90.419819070000074, 23.838387007000051 ], [ 90.419850648000079, 23.838283053000055 ], [ 90.422144904000049, 23.838187464000043 ], [ 90.422126328000047, 23.838010349000058 ], [ 90.425842627000065, 23.837829050000039 ] ] ] } },
{ "type": "Feature", "properties": { "matched_key": "U_30262537043", "navigation_parent_key": "A_302625", "admin_type": "city_ward", "admin_label": "City Corporation Ward", "map_level": "ward", "admin_rank": 3, "displayable": 1, "geometry_status": "EXACT/GEOMETRY", "location_label": "Ward No. 43" }, "geometry": { "type": "Polygon", "coordinates": [ [ [ 90.48075926000007, 23.832263467000075 ], [ 90.48249532300008, 23.830605874000071 ], [ 90.483102286000076, 23.830616955000039 ], [ 90.483784533000062, 23.830767764000029 ], [ 90.484084604000032, 23.830980949000036 ], [ 90.484620114000052, 23.831912249000027 ], [ 90.485070109000048, 23.832201434000069 ], [ 90.486050849000037, 23.832137166000052 ], [ 90.486630781000031, 23.831600019000064 ], [ 90.486841501000072, 23.830146347000039 ], [ 90.487443849000044, 23.827281501000073 ], [ 90.488236478000033, 23.825262895000037 ], [ 90.488251442000035, 23.824819299000069 ], [ 90.488216990000069, 23.824498218000031 ], [ 90.487982516000045, 23.824040117000038 ], [ 90.48779877700008, 23.823811274000036 ], [ 90.487415478000059, 23.823567771000057 ], [ 90.487125863000074, 23.823141211000063 ], [ 90.487023020000038, 23.822714761000043 ], [ 90.486651512000037, 23.820505284000035 ], [ 90.486679207000066, 23.817894866000074 ], [ 90.485951272000079, 23.818007808000061 ], [ 90.484815492000052, 23.818011383000055 ], [ 90.482423667000035, 23.817854044000057 ], [ 90.480748744000039, 23.81758379200005 ], [ 90.479250979000085, 23.816764256000056 ], [ 90.477573052000082, 23.815667523000059 ], [ 90.475294124000072, 23.813640037000027 ], [ 90.474755010000081, 23.813366213000052 ], [ 90.474397883000051, 23.813699249000024 ], [ 90.475118763000069, 23.814686067000025 ], [ 90.47308713700005, 23.815021989000059 ], [ 90.472310133000065, 23.814970177000077 ], [ 90.471112257000073, 23.814422872000023 ], [ 90.470692008000071, 23.813929635000022 ], [ 90.470390415000054, 23.813160554000035 ], [ 90.470029097000065, 23.812502295000058 ], [ 90.468891382000038, 23.811954788000037 ], [ 90.468351307000034, 23.811407716000076 ], [ 90.468289621000054, 23.810802741000032 ], [ 90.468466217000071, 23.810086395000042 ], [ 90.468400584000051, 23.808381745000077 ], [ 90.468455759000051, 23.807171249000078 ], [ 90.468154002000063, 23.806347965000043 ], [ 90.467734178000057, 23.805963108000071 ], [ 90.467195110000034, 23.80568925700004 ], [ 90.466716767000037, 23.805582315000038 ], [ 90.466058063000048, 23.80530882000005 ], [ 90.465936457000055, 23.804758217000028 ], [ 90.465697007000074, 23.80453990500007 ], [ 90.464201832000072, 23.804379572000073 ], [ 90.463900889000058, 23.803775312000027 ], [ 90.462948864000055, 23.805042696000044 ], [ 90.461936341000069, 23.806037027000059 ], [ 90.461398639000038, 23.80614702400004 ], [ 90.461038939000048, 23.805929066000033 ], [ 90.460798326000031, 23.805378814000051 ], [ 90.460498723000057, 23.805325513000071 ], [ 90.460199347000071, 23.805161569000063 ], [ 90.458045905000063, 23.804673456000046 ], [ 90.458224748000077, 23.803754389000062 ], [ 90.458784605000062, 23.803420061000054 ], [ 90.458920214000045, 23.802983755000071 ], [ 90.458918078000067, 23.802375790000042 ], [ 90.459053966000056, 23.802019779000034 ], [ 90.459052636000081, 23.801641234000044 ], [ 90.458614717000046, 23.801195161000066 ], [ 90.45808745100004, 23.800842242000044 ], [ 90.457670797000048, 23.800054536000061 ], [ 90.457489142000043, 23.799339264000025 ], [ 90.457010824000065, 23.799230034000061 ], [ 90.456533240000056, 23.799506935000068 ], [ 90.456115781000051, 23.799783655000056 ], [ 90.455938935000063, 23.800443537000035 ], [ 90.455640347000042, 23.800500871000054 ], [ 90.455401837000068, 23.800720609000052 ], [ 90.455642646000058, 23.801160224000057 ], [ 90.455881884000064, 23.801324358000045 ], [ 90.456300499000065, 23.801377314000035 ], [ 90.456302229000073, 23.801871829000049 ], [ 90.455645719000074, 23.802040867000073 ], [ 90.455290062000074, 23.802976763000061 ], [ 90.454811731000063, 23.802867527000046 ], [ 90.454631234000033, 23.802481927000031 ], [ 90.454688266000062, 23.801768206000077 ], [ 90.455044261000069, 23.801105539000048 ], [ 90.455042638000066, 23.800640034000025 ], [ 90.45456441500005, 23.800558239000054 ], [ 90.454326671000047, 23.800999264000041 ], [ 90.454150198000036, 23.801769790000037 ], [ 90.454151729000046, 23.802210112000068 ], [ 90.453913976000081, 23.80264887800007 ], [ 90.453017986000077, 23.802762159000054 ], [ 90.451762310000049, 23.802655194000067 ], [ 90.45152151800005, 23.802217832000053 ], [ 90.450686744000052, 23.80282543900006 ], [ 90.450568430000033, 23.803209659000061 ], [ 90.450689591000071, 23.803649629000063 ], [ 90.450635771000066, 23.805300446000047 ], [ 90.450518404000036, 23.805960148000054 ], [ 90.450043289000064, 23.806785735000062 ], [ 90.449806848000037, 23.807612882000058 ], [ 90.449929331000078, 23.808436724000046 ], [ 90.450041425000052, 23.808893198000078 ], [ 90.453316342000051, 23.809164782000039 ], [ 90.452984682000078, 23.812557204000029 ], [ 90.454847098000073, 23.812700980000045 ], [ 90.454528922000065, 23.81334430000004 ], [ 90.454609012000049, 23.813965418000066 ], [ 90.457081032000076, 23.81520082000003 ], [ 90.458643688000052, 23.816367194000065 ], [ 90.460307918000069, 23.816864099000043 ], [ 90.460907644000031, 23.817507558000045 ], [ 90.461556837000046, 23.818548817000078 ], [ 90.465796930000067, 23.818877908000047 ], [ 90.466349600000058, 23.819938017000027 ], [ 90.46683015900004, 23.820650113000056 ], [ 90.466653937000046, 23.821477100000038 ], [ 90.466177498000036, 23.821918868000068 ], [ 90.466122276000078, 23.823294204000035 ], [ 90.465826575000051, 23.824173487000053 ], [ 90.463015179000081, 23.82374162900004 ], [ 90.462481523000065, 23.823464442000045 ], [ 90.462054400000056, 23.827750480000077 ], [ 90.458356174000073, 23.827375521000079 ], [ 90.458145472000069, 23.829465623000033 ], [ 90.457338800000059, 23.832548334000023 ], [ 90.468304787000079, 23.835135062000063 ], [ 90.467841817000078, 23.835992900000065 ], [ 90.467424664000077, 23.836380295000026 ], [ 90.467307155000071, 23.836983556000064 ], [ 90.465275975000054, 23.837375832000077 ], [ 90.464979261000053, 23.837981889000048 ], [ 90.464862922000066, 23.838917081000034 ], [ 90.465160514000047, 23.840263311000058 ], [ 90.46254792600007, 23.841320754000037 ], [ 90.463442521000047, 23.843155237000076 ], [ 90.464103373000057, 23.84397970200007 ], [ 90.464822190000064, 23.844361408000054 ], [ 90.465651105000063, 23.845225601000038 ], [ 90.464810745000079, 23.846076418000052 ], [ 90.465614661000075, 23.850142352000034 ], [ 90.466614268000058, 23.853981517000022 ], [ 90.46701042400008, 23.85465821300005 ], [ 90.467366349000031, 23.85494172500006 ], [ 90.467528432000051, 23.855219029000068 ], [ 90.468316345000062, 23.855848894000076 ], [ 90.469549607000033, 23.857425782000064 ], [ 90.471516025000085, 23.858052034000025 ], [ 90.472403, 23.858907377000037 ], [ 90.474366196000062, 23.857803869000065 ], [ 90.474512178000055, 23.855079039000032 ], [ 90.47416247700005, 23.851806081000063 ], [ 90.473277633000066, 23.848518467000076 ], [ 90.473283470000069, 23.848167585000056 ], [ 90.472671797000032, 23.846033335000072 ], [ 90.47254792800004, 23.845216295000057 ], [ 90.472617889000048, 23.842337045000079 ], [ 90.472817444000043, 23.841686112000048 ], [ 90.474124369000037, 23.840083382000046 ], [ 90.476680845000033, 23.83782872200004 ], [ 90.477563290000035, 23.836304053000049 ], [ 90.478262287000064, 23.834127367000065 ], [ 90.478523584000072, 23.833756234000077 ], [ 90.48075926000007, 23.832263467000075 ] ] ] } },
{ "type": "Feature", "properties": { "matched_key": "U_30262537048", "navigation_parent_key": "A_302625", "admin_type": "city_ward", "admin_label": "City Corporation Ward", "map_level": "ward", "admin_rank": 3, "displayable": 1, "geometry_status": "EXACT/GEOMETRY", "location_label": "Ward No. 48 (Part)" }, "geometry": { "type": "Polygon", "coordinates": [ [ [ 90.445120687000042, 23.854695045000028 ], [ 90.448308238000038, 23.852706487000034 ], [ 90.448673705000033, 23.850824451000051 ], [ 90.44936578100004, 23.850217269000041 ], [ 90.449978434000059, 23.849894837000022 ], [ 90.451182359000086, 23.849460024000052 ], [ 90.453588918000037, 23.848402957000076 ], [ 90.457623167000065, 23.847013607000065 ], [ 90.459745714000064, 23.846201156000063 ], [ 90.460109055000032, 23.846202331000029 ], [ 90.460597379000035, 23.846835389000034 ], [ 90.461060929000041, 23.847750775000065 ], [ 90.462111593000031, 23.84859440300005 ], [ 90.462446081000053, 23.849110498000073 ], [ 90.463244703000044, 23.850871648000066 ], [ 90.463526641000044, 23.851105640000071 ], [ 90.463936693000051, 23.851294083000028 ], [ 90.46607074700006, 23.85175474600004 ], [ 90.465614661000075, 23.850142352000034 ], [ 90.464810745000079, 23.846076418000052 ], [ 90.465651105000063, 23.845225601000038 ], [ 90.464822190000064, 23.844361408000054 ], [ 90.464103373000057, 23.84397970200007 ], [ 90.463442521000047, 23.843155237000076 ], [ 90.46254792600007, 23.841320754000037 ], [ 90.465160514000047, 23.840263311000058 ], [ 90.464862922000066, 23.838917081000034 ], [ 90.464979261000053, 23.837981889000048 ], [ 90.465275975000054, 23.837375832000077 ], [ 90.467307155000071, 23.836983556000064 ], [ 90.467424664000077, 23.836380295000026 ], [ 90.467841817000078, 23.835992900000065 ], [ 90.468304787000079, 23.835135062000063 ], [ 90.460683905000053, 23.833386810000036 ], [ 90.456326927000077, 23.832300605000057 ], [ 90.443668331000083, 23.829548927000076 ], [ 90.443507571000055, 23.830241939000075 ], [ 90.44392485700007, 23.83071870200007 ], [ 90.443905505000032, 23.831139366000059 ], [ 90.443617467000081, 23.832000531000062 ], [ 90.44150208700006, 23.833340125000063 ], [ 90.44099618000007, 23.833958305000067 ], [ 90.437934706000078, 23.833348050000041 ], [ 90.437788082000054, 23.833727314000043 ], [ 90.43738391100004, 23.834099679000076 ], [ 90.436931304000041, 23.834029647000023 ], [ 90.436237728000037, 23.834118905000025 ], [ 90.436154640000041, 23.835089741000047 ], [ 90.436204889000066, 23.836131561000059 ], [ 90.436331448000033, 23.836685641000031 ], [ 90.436198159000071, 23.837226118000046 ], [ 90.436083565000047, 23.837389382000026 ], [ 90.434272323000073, 23.837579216000051 ], [ 90.43162359300004, 23.837216330000047 ], [ 90.430099876000043, 23.837249944000064 ], [ 90.429272956000034, 23.837170959000048 ], [ 90.429192881000063, 23.837268279000057 ], [ 90.428880485000036, 23.837262377000059 ], [ 90.428374671000086, 23.837225395000075 ], [ 90.428365942000084, 23.836997354000061 ], [ 90.426673385000072, 23.837008823000076 ], [ 90.426521286000082, 23.837038598000049 ], [ 90.426466178000055, 23.837451980000026 ], [ 90.425810203000083, 23.837444160000075 ], [ 90.425842627000065, 23.837829050000039 ], [ 90.422126328000047, 23.838010349000058 ], [ 90.422144904000049, 23.838187464000043 ], [ 90.419850648000079, 23.838283053000055 ], [ 90.419819070000074, 23.838387007000051 ], [ 90.419723843000043, 23.838355654000054 ], [ 90.419669987000077, 23.838592899000048 ], [ 90.420043727000063, 23.838915949000068 ], [ 90.420385578000037, 23.839647170000035 ], [ 90.421141575000036, 23.839632244000029 ], [ 90.422046065000075, 23.839819533000025 ], [ 90.422561352000059, 23.840085781000028 ], [ 90.422624782000071, 23.840417792000039 ], [ 90.423290304000034, 23.840841953000051 ], [ 90.423521378000032, 23.841152945000033 ], [ 90.423604191000038, 23.841052345000037 ], [ 90.424037515000066, 23.840970396000046 ], [ 90.424695926000084, 23.840611150000029 ], [ 90.424397026000065, 23.840295849000029 ], [ 90.424662427000044, 23.840176951000046 ], [ 90.425456426000039, 23.840034650000064 ], [ 90.427762475000065, 23.840677549000077 ], [ 90.428043431000049, 23.840866561000041 ], [ 90.428628567000032, 23.841037002000064 ], [ 90.428887112000041, 23.841007906000073 ], [ 90.430662766000069, 23.841332473000023 ], [ 90.430477426000039, 23.841430552000077 ], [ 90.430071025000075, 23.842375051000033 ], [ 90.430886026000053, 23.842417197000032 ], [ 90.431401027000049, 23.842608652000024 ], [ 90.432786325000052, 23.842910152000059 ], [ 90.433576826000035, 23.843264853000051 ], [ 90.434060725000052, 23.843808553000031 ], [ 90.434773026000073, 23.844199753000055 ], [ 90.435493525000084, 23.844779853000034 ], [ 90.436381924000045, 23.845767352000053 ], [ 90.436558525000066, 23.846080954000058 ], [ 90.437441324000076, 23.846941654000034 ], [ 90.437876308000057, 23.847172603000047 ], [ 90.438804767000079, 23.847363931000075 ], [ 90.438660776000063, 23.847970104000069 ], [ 90.438390560000073, 23.847970874000055 ], [ 90.437315024000043, 23.84894345500004 ], [ 90.43433998200004, 23.850902286000064 ], [ 90.433745585000054, 23.851514966000025 ], [ 90.434174867000081, 23.85177015000005 ], [ 90.434857412000042, 23.851915199000075 ], [ 90.435200269000063, 23.851878383000042 ], [ 90.436109302000034, 23.852151837000065 ], [ 90.436930404000066, 23.852934803000039 ], [ 90.436845069000071, 23.853854545000047 ], [ 90.443027708000045, 23.853748815000074 ], [ 90.443299852000052, 23.853863903000047 ], [ 90.443977417000042, 23.854447457000049 ], [ 90.444562047000034, 23.85444577100003 ], [ 90.444679545000042, 23.854612719000045 ], [ 90.445120687000042, 23.854695045000028 ] ] ] } },
{ "type": "Feature", "properties": { "matched_key": "U_30262548007", "navigation_parent_key": "A_302625", "admin_type": "city_ward", "admin_label": "City Corporation Ward", "map_level": "ward", "admin_rank": 3, "displayable": 1, "geometry_status": "EXACT/GEOMETRY", "location_label": "Ward No. 07 (Part)" }, "geometry": { "type": "Polygon", "coordinates": [ [ [ 90.364516959000071, 23.810227943000029 ], [ 90.366708907000032, 23.810263209000027 ], [ 90.367659714000069, 23.810441536000042 ], [ 90.368586425000046, 23.807182773000022 ], [ 90.366175625000039, 23.806635013000061 ], [ 90.365296495000052, 23.806235155000024 ], [ 90.362189805000071, 23.804384065000079 ], [ 90.35544987600008, 23.800084510000033 ], [ 90.355322268000066, 23.800087062000046 ], [ 90.35421443000007, 23.801518988000055 ], [ 90.352237248000051, 23.804346140000064 ], [ 90.351785999000072, 23.805151054000078 ], [ 90.351603352000041, 23.806133743000032 ], [ 90.357342191000043, 23.807997552000074 ], [ 90.360634105000031, 23.809326208000073 ], [ 90.361139707000063, 23.809567709000078 ], [ 90.361007306000033, 23.810258409000028 ], [ 90.36256940700008, 23.81051620900007 ], [ 90.363670806000073, 23.810300809000069 ], [ 90.364516959000071, 23.810227943000029 ] ] ] } },
{ "type": "Feature", "properties": { "matched_key": "U_30262548011", "navigation_parent_key": "A_302625", "admin_type": "city_ward", "admin_label": "City Corporation Ward", "map_level": "ward", "admin_rank": 3, "displayable": 1, "geometry_status": "EXACT/GEOMETRY", "location_label": "Ward No. 11" }, "geometry": { "type": "Polygon", "coordinates": [ [ [ 90.362687933000075, 23.79205932800005 ], [ 90.362878128000034, 23.791983218000041 ], [ 90.363571553000043, 23.792047072000059 ], [ 90.363636406000069, 23.791983691000041 ], [ 90.363600180000049, 23.791680258000042 ], [ 90.363374099000055, 23.791633472000058 ], [ 90.363422619000062, 23.791150130000062 ], [ 90.363284309000051, 23.790899277000051 ], [ 90.363202145000059, 23.790420383000026 ], [ 90.362970634000078, 23.790394069000058 ], [ 90.363004910000086, 23.790149093000025 ], [ 90.362902113000075, 23.790016353000055 ], [ 90.363013561000059, 23.789590631000067 ], [ 90.363093943000081, 23.78961018800004 ], [ 90.363215421000064, 23.789290420000043 ], [ 90.363440186000048, 23.789150235000022 ], [ 90.36374614600004, 23.789090803000079 ], [ 90.363940572000047, 23.788235846000077 ], [ 90.364261602000056, 23.787816019000047 ], [ 90.364376401000072, 23.787404773000048 ], [ 90.364689594000083, 23.786910993000049 ], [ 90.364748960000043, 23.786369681000053 ], [ 90.36441317200007, 23.78629144100006 ], [ 90.364487688000054, 23.786173842000039 ], [ 90.364374447000046, 23.785602811000047 ], [ 90.364853338000046, 23.785140010000077 ], [ 90.36521908900005, 23.785172030000069 ], [ 90.365761535000047, 23.785365955000032 ], [ 90.365953795000053, 23.785069135000072 ], [ 90.366015632000085, 23.785080981000078 ], [ 90.366235237000069, 23.784123866000073 ], [ 90.366770397000039, 23.783110964000059 ], [ 90.366086633000066, 23.782799270000055 ], [ 90.365465270000072, 23.782341786000075 ], [ 90.364269436000086, 23.779400044000056 ], [ 90.363767118000055, 23.778768958000057 ], [ 90.362252150000074, 23.777517012000033 ], [ 90.361996066000074, 23.777192445000026 ], [ 90.361780041000031, 23.777156823000041 ], [ 90.36152536000003, 23.777338068000063 ], [ 90.361319273000049, 23.777347581000072 ], [ 90.360533346000068, 23.777078447000065 ], [ 90.360144901000069, 23.777025159000061 ], [ 90.359434293000049, 23.777153269000053 ], [ 90.358997682000052, 23.777053559000024 ], [ 90.358931633000054, 23.777631070000041 ], [ 90.358762333000072, 23.777757170000029 ], [ 90.358928632000072, 23.778277571000046 ], [ 90.358934933000057, 23.778764070000022 ], [ 90.358253433000073, 23.778848071000027 ], [ 90.358148132000053, 23.780261470000028 ], [ 90.358243105000042, 23.780571179000049 ], [ 90.357953111000086, 23.782149384000036 ], [ 90.357030968000061, 23.782143201000054 ], [ 90.355104536000056, 23.782362158000069 ], [ 90.356260831000043, 23.784256269000025 ], [ 90.353466909000076, 23.783986905000063 ], [ 90.353269296000065, 23.784063845000048 ], [ 90.353838474000042, 23.785033436000049 ], [ 90.354046997000069, 23.785692327000049 ], [ 90.353888371000039, 23.789571325000054 ], [ 90.354294873000072, 23.789594881000028 ], [ 90.354233485000066, 23.791117845000031 ], [ 90.355148410000083, 23.791114378000032 ], [ 90.355160543000068, 23.790924055000062 ], [ 90.355777710000041, 23.790922633000037 ], [ 90.356999335000069, 23.791095388000031 ], [ 90.357048023000061, 23.790774752000061 ], [ 90.357574606000071, 23.790906082000049 ], [ 90.357529360000058, 23.791428004000068 ], [ 90.35871501400004, 23.791603976000033 ], [ 90.358745514000077, 23.791399475000048 ], [ 90.359845815000085, 23.791337976000023 ], [ 90.359922015000052, 23.79106497600003 ], [ 90.360336715000074, 23.791173076000064 ], [ 90.360496115000046, 23.79110707600006 ], [ 90.361213834000068, 23.791313670000022 ], [ 90.36163513300005, 23.791133569000067 ], [ 90.361677732000032, 23.790996770000049 ], [ 90.362089869000044, 23.790714276000074 ], [ 90.362245590000043, 23.790706949000025 ], [ 90.362483089000079, 23.791240649000031 ], [ 90.362414987000079, 23.79140846100006 ], [ 90.36217208000005, 23.791271270000038 ], [ 90.361822415000063, 23.791581496000049 ], [ 90.36206095600005, 23.79180057700006 ], [ 90.362222476000056, 23.791845261000049 ], [ 90.362196259000086, 23.791944261000026 ], [ 90.362425314000063, 23.792253682000023 ], [ 90.362556741000049, 23.792233891000024 ], [ 90.362687933000075, 23.79205932800005 ] ] ] } },
{ "type": "Feature", "properties": { "matched_key": "U_30262548012", "navigation_parent_key": "A_302625", "admin_type": "city_ward", "admin_label": "City Corporation Ward", "map_level": "ward", "admin_rank": 3, "displayable": 1, "geometry_status": "EXACT/GEOMETRY", "location_label": "Ward No. 12 (Part)" }, "geometry": { "type": "Polygon", "coordinates": [ [ [ 90.359569806000081, 23.80079717600006 ], [ 90.359839932000057, 23.799746536000043 ], [ 90.359696530000065, 23.799709220000068 ], [ 90.35985785400004, 23.799132585000052 ], [ 90.359781368000085, 23.799119232000066 ], [ 90.359904275000076, 23.798622139000031 ], [ 90.360123712000075, 23.798661665000054 ], [ 90.360164728000086, 23.798506703000044 ], [ 90.360349351000082, 23.798538250000036 ], [ 90.360371279000049, 23.798484427000062 ], [ 90.361158624000041, 23.798684684000023 ], [ 90.361186066000073, 23.798602664000043 ], [ 90.361348087000067, 23.798623796000072 ], [ 90.361391448000063, 23.798447595000027 ], [ 90.361803536000082, 23.798742928000024 ], [ 90.362214628000061, 23.79762551400006 ], [ 90.362499592000063, 23.797288387000037 ], [ 90.362489001000085, 23.79678711400004 ], [ 90.362587387000076, 23.796646881000072 ], [ 90.362763889000064, 23.795914842000059 ], [ 90.362888592000047, 23.795751965000022 ], [ 90.362922989000083, 23.795325103000039 ], [ 90.363602326000034, 23.795360706000054 ], [ 90.363684747000036, 23.795256857000027 ], [ 90.36373265900005, 23.794737983000061 ], [ 90.363912791000075, 23.794518888000027 ], [ 90.364092565000078, 23.793948765000039 ], [ 90.364428433000057, 23.793577670000047 ], [ 90.364509737000049, 23.793234531000053 ], [ 90.363364391000061, 23.793221772000038 ], [ 90.363362564000056, 23.792564668000068 ], [ 90.363571553000043, 23.792047072000059 ], [ 90.362878128000034, 23.791983218000041 ], [ 90.362687933000075, 23.79205932800005 ], [ 90.362502351000046, 23.792272033000074 ], [ 90.362425314000063, 23.792253682000023 ], [ 90.362196259000086, 23.791944261000026 ], [ 90.362222476000056, 23.791845261000049 ], [ 90.36206095600005, 23.79180057700006 ], [ 90.361822415000063, 23.791581496000049 ], [ 90.36217208000005, 23.791271270000038 ], [ 90.362414987000079, 23.79140846100006 ], [ 90.362483089000079, 23.791240649000031 ], [ 90.362245590000043, 23.790706949000025 ], [ 90.362089869000044, 23.790714276000074 ], [ 90.361677732000032, 23.790996770000049 ], [ 90.36163513300005, 23.791133569000067 ], [ 90.361213834000068, 23.791313670000022 ], [ 90.360496115000046, 23.79110707600006 ], [ 90.360336715000074, 23.791173076000064 ], [ 90.359922015000052, 23.79106497600003 ], [ 90.359845815000085, 23.791337976000023 ], [ 90.358745514000077, 23.791399475000048 ], [ 90.35871501400004, 23.791603976000033 ], [ 90.357529360000058, 23.791428004000068 ], [ 90.357574606000071, 23.790906082000049 ], [ 90.357048023000061, 23.790774752000061 ], [ 90.356999335000069, 23.791095388000031 ], [ 90.355777710000041, 23.790922633000037 ], [ 90.355160543000068, 23.790924055000062 ], [ 90.355148410000083, 23.791114378000032 ], [ 90.354233485000066, 23.791117845000031 ], [ 90.354294873000072, 23.789594881000028 ], [ 90.353888371000039, 23.789571325000054 ], [ 90.353860977000068, 23.790852521000033 ], [ 90.353345415000035, 23.797348009000075 ], [ 90.353370678000033, 23.798747974000037 ], [ 90.354291113000045, 23.799253936000071 ], [ 90.355353534000074, 23.800077958000031 ], [ 90.355986274000031, 23.800372309000068 ], [ 90.35904232300004, 23.802353898000035 ], [ 90.360002411000039, 23.801123348000033 ], [ 90.359569806000081, 23.80079717600006 ] ] ] } },
{ "type": "Feature", "properties": { "matched_key": "U_30262548013", "navigation_parent_key": "A_302625", "admin_type": "city_ward", "admin_label": "City Corporation Ward", "map_level": "ward", "admin_rank": 3, "displayable": 1, "geometry_status": "EXACT/GEOMETRY", "location_label": "Ward No. 13" }, "geometry": { "type": "Polygon", "coordinates": [ [ [ 90.366210189000071, 23.806017458000042 ], [ 90.366236406000041, 23.805882032000056 ], [ 90.366446084000074, 23.805950372000041 ], [ 90.366521454000065, 23.805751875000055 ], [ 90.36674015400007, 23.80580539400006 ], [ 90.366798402000086, 23.805656450000072 ], [ 90.366974106000043, 23.805696696000041 ], [ 90.367084434000049, 23.805462886000043 ], [ 90.367336524000052, 23.805527479000034 ], [ 90.367433439000081, 23.805169972000044 ], [ 90.367699552000033, 23.805164390000073 ], [ 90.368247920000044, 23.803835847000073 ], [ 90.368058599000051, 23.803735129000074 ], [ 90.367744623000078, 23.803220579000026 ], [ 90.368247857000085, 23.80305147100006 ], [ 90.368609801000048, 23.802754497000024 ], [ 90.368817990000082, 23.802918600000055 ], [ 90.369034724000073, 23.802730952000047 ], [ 90.369335207000063, 23.802883870000073 ], [ 90.369584001000078, 23.802776554000047 ], [ 90.370340719000069, 23.80268568200006 ], [ 90.370834259000048, 23.802817553000068 ], [ 90.370810123000069, 23.802974427000038 ], [ 90.371167530000037, 23.803197252000075 ], [ 90.371288630000038, 23.802990358000045 ], [ 90.371466809000083, 23.803012902000035 ], [ 90.371512970000083, 23.802869692000058 ], [ 90.371452012000077, 23.802774272000079 ], [ 90.371556987000076, 23.802423574000045 ], [ 90.37136035900005, 23.802329408000048 ], [ 90.371510846000035, 23.802090097000075 ], [ 90.372002828000063, 23.802116571000056 ], [ 90.371954879000043, 23.801474721000034 ], [ 90.371609308000075, 23.801445948000037 ], [ 90.37156568100005, 23.801616755000055 ], [ 90.371013154000082, 23.80149487400007 ], [ 90.371386713000049, 23.800625049000075 ], [ 90.371224915000084, 23.800236444000063 ], [ 90.371003462000033, 23.800261978000037 ], [ 90.370919865000076, 23.800091641000051 ], [ 90.37075924100003, 23.800047600000028 ], [ 90.370600157000069, 23.800047982000024 ], [ 90.370561579000082, 23.80018250300003 ], [ 90.370360471000083, 23.800205522000056 ], [ 90.368294474000038, 23.799854194000034 ], [ 90.368261535000045, 23.799763495000036 ], [ 90.367998887000056, 23.799688524000032 ], [ 90.367910606000066, 23.799329301000057 ], [ 90.367658040000038, 23.799344679000058 ], [ 90.367718564000086, 23.798620545000063 ], [ 90.367946060000065, 23.798618591000036 ], [ 90.368143708000048, 23.798104141000067 ], [ 90.368351761000042, 23.797831774000031 ], [ 90.368418985000062, 23.797371075000058 ], [ 90.368856513000082, 23.797573880000073 ], [ 90.369778923000069, 23.797278506000055 ], [ 90.369659647000049, 23.797017557000061 ], [ 90.369488255000078, 23.797027526000022 ], [ 90.369467389000079, 23.796796223000058 ], [ 90.36956865500008, 23.795856282000045 ], [ 90.369751797000049, 23.795831116000045 ], [ 90.369829242000037, 23.795427397000026 ], [ 90.369622556000081, 23.795389704000058 ], [ 90.369730614000048, 23.794930758000078 ], [ 90.369504137000035, 23.794924246000051 ], [ 90.369641266000031, 23.794804767000073 ], [ 90.370101399000077, 23.794862950000038 ], [ 90.370251023000037, 23.794655613000032 ], [ 90.370001617000071, 23.794354375000069 ], [ 90.369605518000071, 23.794551030000036 ], [ 90.369445674000076, 23.794182834000026 ], [ 90.369264109000085, 23.793108412000038 ], [ 90.369361096000034, 23.792259134000062 ], [ 90.36968119800008, 23.791595390000055 ], [ 90.369596818000048, 23.791513860000066 ], [ 90.369958030000078, 23.790587022000068 ], [ 90.37002857300007, 23.790244810000047 ], [ 90.369975945000078, 23.79018405100004 ], [ 90.37017932200007, 23.78959091300004 ], [ 90.371061556000086, 23.787421314000028 ], [ 90.371341502000064, 23.786502984000037 ], [ 90.371516020000058, 23.786501608000037 ], [ 90.371677213000055, 23.786093027000049 ], [ 90.372492257000033, 23.786035992000052 ], [ 90.37190464300005, 23.784672633000071 ], [ 90.371470483000053, 23.784372800000028 ], [ 90.370838667000044, 23.784655286000032 ], [ 90.370633923000071, 23.784537711000041 ], [ 90.37051492900008, 23.784190488000036 ], [ 90.370579679000059, 23.784052461000044 ], [ 90.370421534000059, 23.783964894000064 ], [ 90.370519864000073, 23.783686097000043 ], [ 90.369828650000045, 23.78331580400004 ], [ 90.368726037000044, 23.783092757000077 ], [ 90.367676191000044, 23.783230747000061 ], [ 90.367224665000037, 23.783222788000046 ], [ 90.366770397000039, 23.783110964000059 ], [ 90.366235237000069, 23.784123866000073 ], [ 90.366015632000085, 23.785080981000078 ], [ 90.365953795000053, 23.785069135000072 ], [ 90.365761535000047, 23.785365955000032 ], [ 90.36521908900005, 23.785172030000069 ], [ 90.364853338000046, 23.785140010000077 ], [ 90.364374447000046, 23.785602811000047 ], [ 90.364487688000054, 23.786173842000039 ], [ 90.36441317200007, 23.78629144100006 ], [ 90.364748960000043, 23.786369681000053 ], [ 90.364689594000083, 23.786910993000049 ], [ 90.364376401000072, 23.787404773000048 ], [ 90.364261602000056, 23.787816019000047 ], [ 90.363940572000047, 23.788235846000077 ], [ 90.36374614600004, 23.789090803000079 ], [ 90.363440186000048, 23.789150235000022 ], [ 90.363215421000064, 23.789290420000043 ], [ 90.363093943000081, 23.78961018800004 ], [ 90.363013561000059, 23.789590631000067 ], [ 90.362902113000075, 23.790016353000055 ], [ 90.363004910000086, 23.790149093000025 ], [ 90.362970634000078, 23.790394069000058 ], [ 90.363202145000059, 23.790420383000026 ], [ 90.363284309000051, 23.790899277000051 ], [ 90.363422619000062, 23.791150130000062 ], [ 90.363374099000055, 23.791633472000058 ], [ 90.363600180000049, 23.791680258000042 ], [ 90.363636406000069, 23.791983691000041 ], [ 90.363362564000056, 23.792564668000068 ], [ 90.363364391000061, 23.793221772000038 ], [ 90.364335104000077, 23.793272724000076 ], [ 90.364341130000071, 23.793198148000045 ], [ 90.364451275000079, 23.793207448000032 ], [ 90.364509737000049, 23.793234531000053 ], [ 90.364483614000051, 23.793463638000048 ], [ 90.364020290000042, 23.794099738000057 ], [ 90.363912791000075, 23.794518888000027 ], [ 90.36373265900005, 23.794737983000061 ], [ 90.363709052000047, 23.795211985000037 ], [ 90.363602326000034, 23.795360706000054 ], [ 90.362922989000083, 23.795325103000039 ], [ 90.362888592000047, 23.795751965000022 ], [ 90.362763889000064, 23.795914842000059 ], [ 90.362587387000076, 23.796646881000072 ], [ 90.362489001000085, 23.79678711400004 ], [ 90.362499592000063, 23.797288387000037 ], [ 90.362214628000061, 23.79762551400006 ], [ 90.361803536000082, 23.798742928000024 ], [ 90.361391448000063, 23.798447595000027 ], [ 90.361348087000067, 23.798623796000072 ], [ 90.361186066000073, 23.798602664000043 ], [ 90.361158624000041, 23.798684684000023 ], [ 90.360371279000049, 23.798484427000062 ], [ 90.360349351000082, 23.798538250000036 ], [ 90.360164728000086, 23.798506703000044 ], [ 90.360123712000075, 23.798661665000054 ], [ 90.359904275000076, 23.798622139000031 ], [ 90.359781368000085, 23.799119232000066 ], [ 90.35985785400004, 23.799132585000052 ], [ 90.359696530000065, 23.799709220000068 ], [ 90.359839932000057, 23.799746536000043 ], [ 90.359569806000081, 23.80079717600006 ], [ 90.360002411000039, 23.801123348000033 ], [ 90.35904232300004, 23.802353898000035 ], [ 90.362189805000071, 23.804384065000079 ], [ 90.364537424000048, 23.805778451000037 ], [ 90.36491793600004, 23.805031962000044 ], [ 90.365544151000051, 23.805387903000053 ], [ 90.365658558000064, 23.805201303000047 ], [ 90.365972900000031, 23.805349497000066 ], [ 90.365828940000085, 23.80593962100005 ], [ 90.366210189000071, 23.806017458000042 ] ] ] } },
{ "type": "Feature", "properties": { "matched_key": "U_30262548014", "navigation_parent_key": "A_302625", "admin_type": "city_ward", "admin_label": "City Corporation Ward", "map_level": "ward", "admin_rank": 3, "displayable": 1, "geometry_status": "EXACT/GEOMETRY", "location_label": "Ward No. 14 (Part)" }, "geometry": { "type": "MultiPolygon", "coordinates": [ [ [ [ 90.371386713000049, 23.800625049000075 ], [ 90.377092751000077, 23.787234186000035 ], [ 90.376691437000034, 23.787288570000044 ], [ 90.376601136000033, 23.787028870000029 ], [ 90.375230937000083, 23.786888870000041 ], [ 90.375313038000058, 23.786661869000056 ], [ 90.375331886000083, 23.786012263000032 ], [ 90.374996508000038, 23.785932011000057 ], [ 90.373194218000037, 23.785933810000074 ], [ 90.371647351000036, 23.786109010000075 ], [ 90.371516020000058, 23.786501608000037 ], [ 90.371341502000064, 23.786502984000037 ], [ 90.371277508000048, 23.786646484000073 ], [ 90.371061556000086, 23.787421314000028 ], [ 90.37017932200007, 23.78959091300004 ], [ 90.369975945000078, 23.79018405100004 ], [ 90.37002857300007, 23.790244810000047 ], [ 90.369958030000078, 23.790587022000068 ], [ 90.369596818000048, 23.791513860000066 ], [ 90.36968119800008, 23.791595390000055 ], [ 90.369361096000034, 23.792259134000062 ], [ 90.369264109000085, 23.793108412000038 ], [ 90.369445674000076, 23.794182834000026 ], [ 90.369605518000071, 23.794551030000036 ], [ 90.370001617000071, 23.794354375000069 ], [ 90.370251023000037, 23.794655613000032 ], [ 90.370101399000077, 23.794862950000038 ], [ 90.369641266000031, 23.794804767000073 ], [ 90.369504137000035, 23.794924246000051 ], [ 90.369730614000048, 23.794930758000078 ], [ 90.369622556000081, 23.795389704000058 ], [ 90.369829242000037, 23.795427397000026 ], [ 90.369751797000049, 23.795831116000045 ], [ 90.36956865500008, 23.795856282000045 ], [ 90.369467389000079, 23.796796223000058 ], [ 90.369488255000078, 23.797027526000022 ], [ 90.369659647000049, 23.797017557000061 ], [ 90.369778923000069, 23.797278506000055 ], [ 90.368856513000082, 23.797573880000073 ], [ 90.368418985000062, 23.797371075000058 ], [ 90.368351761000042, 23.797831774000031 ], [ 90.368143708000048, 23.798104141000067 ], [ 90.367946060000065, 23.798618591000036 ], [ 90.367718564000086, 23.798620545000063 ], [ 90.367658040000038, 23.799344679000058 ], [ 90.367910606000066, 23.799329301000057 ], [ 90.367998887000056, 23.799688524000032 ], [ 90.368261535000045, 23.799763495000036 ], [ 90.368294474000038, 23.799854194000034 ], [ 90.370360471000083, 23.800205522000056 ], [ 90.370561579000082, 23.80018250300003 ], [ 90.370600157000069, 23.800047982000024 ], [ 90.37075924100003, 23.800047600000028 ], [ 90.370919865000076, 23.800091641000051 ], [ 90.371003462000033, 23.800261978000037 ], [ 90.371224915000084, 23.800236444000063 ], [ 90.371386713000049, 23.800625049000075 ] ] ], [ [ [ 90.36896719300006, 23.806093558000043 ], [ 90.370513755000047, 23.802737566000076 ], [ 90.370117353000069, 23.802688129000046 ], [ 90.369335207000063, 23.802883870000073 ], [ 90.369034724000073, 23.802730952000047 ], [ 90.368817990000082, 23.802918600000055 ], [ 90.368609801000048, 23.802754497000024 ], [ 90.368247857000085, 23.80305147100006 ], [ 90.367744623000078, 23.803220579000026 ], [ 90.368058599000051, 23.803735129000074 ], [ 90.368247920000044, 23.803835847000073 ], [ 90.367699552000033, 23.805164390000073 ], [ 90.367433439000081, 23.805169972000044 ], [ 90.367336524000052, 23.805527479000034 ], [ 90.367084434000049, 23.805462886000043 ], [ 90.366974106000043, 23.805696696000041 ], [ 90.366798402000086, 23.805656450000072 ], [ 90.36674015400007, 23.80580539400006 ], [ 90.366521454000065, 23.805751875000055 ], [ 90.366446084000074, 23.805950372000041 ], [ 90.366236406000041, 23.805882032000056 ], [ 90.366185296000083, 23.806018170000073 ], [ 90.365828940000085, 23.80593962100005 ], [ 90.365972900000031, 23.805349497000066 ], [ 90.365658558000064, 23.805201303000047 ], [ 90.365544151000051, 23.805387903000053 ], [ 90.36491793600004, 23.805031962000044 ], [ 90.364537424000048, 23.805778451000037 ], [ 90.365296495000052, 23.806235155000024 ], [ 90.366175625000039, 23.806635013000061 ], [ 90.368586425000046, 23.807182773000022 ], [ 90.36896719300006, 23.806093558000043 ] ] ] ] } },
{ "type": "Feature", "properties": { "matched_key": "U_30262550029", "navigation_parent_key": "A_302625", "admin_type": "city_ward", "admin_label": "City Corporation Ward", "map_level": "ward", "admin_rank": 3, "displayable": 1, "geometry_status": "EXACT/GEOMETRY", "location_label": "Ward No. 29" }, "geometry": { "type": "Polygon", "coordinates": [ [ [ 90.362223248000078, 23.773816406000037 ], [ 90.362492314000065, 23.772851187000072 ], [ 90.363182115000086, 23.773083786000029 ], [ 90.36331741500004, 23.772765387000049 ], [ 90.363409513000079, 23.772775487000047 ], [ 90.363556214000084, 23.772096086000033 ], [ 90.363643914000079, 23.772059187000025 ], [ 90.364567315000045, 23.772327785000073 ], [ 90.364936914000054, 23.771338789000026 ], [ 90.363856816000066, 23.771015087000023 ], [ 90.363759713000036, 23.770707787000049 ], [ 90.363488414000074, 23.770641987000033 ], [ 90.364701015000037, 23.767407586000047 ], [ 90.364389772000038, 23.767300639000041 ], [ 90.36468241700004, 23.766629087000069 ], [ 90.364780862000032, 23.766577301000041 ], [ 90.365910700000086, 23.763286820000076 ], [ 90.366222176000065, 23.762886664000064 ], [ 90.366372200000058, 23.762197865000076 ], [ 90.365891728000065, 23.762079996000068 ], [ 90.366014659000086, 23.761555304000069 ], [ 90.36498547900004, 23.761284616000069 ], [ 90.364089879000062, 23.763896712000076 ], [ 90.358975067000074, 23.762483399000075 ], [ 90.358562569000071, 23.768186087000061 ], [ 90.358751118000043, 23.769615033000036 ], [ 90.359026421000067, 23.770246664000069 ], [ 90.361165765000067, 23.773515932000066 ], [ 90.362223248000078, 23.773816406000037 ] ] ] } },
{ "type": "Feature", "properties": { "matched_key": "U_30262550031", "navigation_parent_key": "A_302625", "admin_type": "city_ward", "admin_label": "City Corporation Ward", "map_level": "ward", "admin_rank": 3, "displayable": 1, "geometry_status": "EXACT/GEOMETRY", "location_label": "Ward No. 31" }, "geometry": { "type": "Polygon", "coordinates": [ [ [ 90.364089879000062, 23.763896712000076 ], [ 90.36498547900004, 23.761284616000069 ], [ 90.366014659000086, 23.761555304000069 ], [ 90.365891728000065, 23.762079996000068 ], [ 90.366984079000076, 23.762338416000034 ], [ 90.367143080000062, 23.761899016000029 ], [ 90.368316179000033, 23.762255617000051 ], [ 90.368880380000064, 23.760833018000028 ], [ 90.367528880000066, 23.76075961600003 ], [ 90.367796781000038, 23.759996318000049 ], [ 90.367229173000055, 23.759964958000069 ], [ 90.36726012400004, 23.759363541000027 ], [ 90.367421023000077, 23.758696164000071 ], [ 90.368194549000066, 23.758536408000055 ], [ 90.367485081000041, 23.758324215000073 ], [ 90.367964481000058, 23.757026416000031 ], [ 90.36731558200006, 23.756841716000054 ], [ 90.367231783000079, 23.757041917000038 ], [ 90.365743383000051, 23.756652615000064 ], [ 90.365330501000074, 23.757856450000077 ], [ 90.363740563000079, 23.757369735000054 ], [ 90.364343144000031, 23.755644562000043 ], [ 90.364300178000065, 23.755412076000027 ], [ 90.363988272000086, 23.755069580000054 ], [ 90.362206981000043, 23.756547114000057 ], [ 90.361461179000059, 23.757054035000067 ], [ 90.361712475000047, 23.757212462000041 ], [ 90.361468500000058, 23.757612911000024 ], [ 90.36114695200007, 23.757928088000028 ], [ 90.361068685000077, 23.758120364000035 ], [ 90.361007674000064, 23.758076892000076 ], [ 90.360205380000082, 23.759139613000059 ], [ 90.359676880000052, 23.760257213000045 ], [ 90.359435079000036, 23.761006013000042 ], [ 90.358878577000041, 23.760910267000042 ], [ 90.358965527000066, 23.761274508000042 ], [ 90.358857267000076, 23.762410032000048 ], [ 90.364089879000062, 23.763896712000076 ] ] ] } },
{ "type": "Feature", "properties": { "matched_key": "U_30262550032", "navigation_parent_key": "A_302625", "admin_type": "city_ward", "admin_label": "City Corporation Ward", "map_level": "ward", "admin_rank": 3, "displayable": 1, "geometry_status": "EXACT/GEOMETRY", "location_label": "Ward No. 32" }, "geometry": { "type": "Polygon", "coordinates": [ [ [ 90.36723591100008, 23.773246452000024 ], [ 90.367587264000065, 23.772545603000026 ], [ 90.370880216000046, 23.763961436000045 ], [ 90.373355350000054, 23.759520548000069 ], [ 90.374167048000061, 23.758319527000026 ], [ 90.374953070000061, 23.756929917000036 ], [ 90.37139518400005, 23.754701218000037 ], [ 90.367253551000033, 23.752273665000075 ], [ 90.363988272000086, 23.755069580000054 ], [ 90.364300178000065, 23.755412076000027 ], [ 90.364343144000031, 23.755644562000043 ], [ 90.363740563000079, 23.757369735000054 ], [ 90.365330501000074, 23.757856450000077 ], [ 90.365743383000051, 23.756652615000064 ], [ 90.367231783000079, 23.757041917000038 ], [ 90.36731558200006, 23.756841716000054 ], [ 90.367964481000058, 23.757026416000031 ], [ 90.367485081000041, 23.758324215000073 ], [ 90.368194549000066, 23.758536408000055 ], [ 90.367421023000077, 23.758696164000071 ], [ 90.36726012400004, 23.759363541000027 ], [ 90.367229173000055, 23.759964958000069 ], [ 90.367796781000038, 23.759996318000049 ], [ 90.367528880000066, 23.76075961600003 ], [ 90.368880380000064, 23.760833018000028 ], [ 90.368316179000033, 23.762255617000051 ], [ 90.367143080000062, 23.761899016000029 ], [ 90.366984079000076, 23.762338416000034 ], [ 90.366372279000075, 23.762197517000061 ], [ 90.366222176000065, 23.762886664000064 ], [ 90.365910700000086, 23.763286820000076 ], [ 90.364780862000032, 23.766577301000041 ], [ 90.36468241700004, 23.766629087000069 ], [ 90.364389772000038, 23.767300639000041 ], [ 90.364701015000037, 23.767407586000047 ], [ 90.363488414000074, 23.770641987000033 ], [ 90.363759713000036, 23.770707787000049 ], [ 90.363856816000066, 23.771015087000023 ], [ 90.364936914000054, 23.771338789000026 ], [ 90.364567315000045, 23.772327785000073 ], [ 90.363643914000079, 23.772059187000025 ], [ 90.363556214000084, 23.772096086000033 ], [ 90.363409513000079, 23.772775487000047 ], [ 90.36331741500004, 23.772765387000049 ], [ 90.363182115000086, 23.773083786000029 ], [ 90.362492314000065, 23.772851187000072 ], [ 90.362223248000078, 23.773816406000037 ], [ 90.363501654000061, 23.774332345000062 ], [ 90.365644929000041, 23.774914713000044 ], [ 90.366295685000068, 23.774386769000046 ], [ 90.36723591100008, 23.773246452000024 ] ] ] } },
{ "type": "Feature", "properties": { "matched_key": "U_30262550033", "navigation_parent_key": "A_302625", "admin_type": "city_ward", "admin_label": "City Corporation Ward", "map_level": "ward", "admin_rank": 3, "displayable": 1, "geometry_status": "EXACT/GEOMETRY", "location_label": "Ward No. 33 (Part)" }, "geometry": { "type": "Polygon", "coordinates": [ [ [ 90.34488772900005, 23.765845562000038 ], [ 90.345004429000085, 23.765824362000046 ], [ 90.346765393000055, 23.766355924000038 ], [ 90.34768976600003, 23.764737968000077 ], [ 90.34856086700006, 23.763401460000068 ], [ 90.349666999000078, 23.762205239000025 ], [ 90.351377977000084, 23.762631709000061 ], [ 90.352048742000079, 23.762721946000056 ], [ 90.353325443000074, 23.762354887000072 ], [ 90.353802242000086, 23.762307186000044 ], [ 90.353915142000062, 23.762219487000038 ], [ 90.354043488000059, 23.761905548000072 ], [ 90.355370633000064, 23.761570677000066 ], [ 90.356106197000031, 23.761652291000075 ], [ 90.358857267000076, 23.762410032000048 ], [ 90.358965527000066, 23.761274508000042 ], [ 90.358878577000041, 23.760910267000042 ], [ 90.359435079000036, 23.761006013000042 ], [ 90.359676880000052, 23.760257213000045 ], [ 90.360205380000082, 23.759139613000059 ], [ 90.361007674000064, 23.758076892000076 ], [ 90.361068685000077, 23.758120364000035 ], [ 90.36114695200007, 23.757928088000028 ], [ 90.361468500000058, 23.757612911000024 ], [ 90.361712475000047, 23.757212462000041 ], [ 90.361461179000059, 23.757054035000067 ], [ 90.362725947000058, 23.756138376000024 ], [ 90.366457045000061, 23.752998171000058 ], [ 90.366093984000031, 23.752673316000028 ], [ 90.365946484000062, 23.752814516000058 ], [ 90.365324584000064, 23.752221516000077 ], [ 90.364594384000043, 23.752760415000068 ], [ 90.364492584000061, 23.752677815000027 ], [ 90.364395185000035, 23.75275911500006 ], [ 90.36420888300006, 23.752588916000036 ], [ 90.363809782000033, 23.752942615000052 ], [ 90.363450584000077, 23.752866815000061 ], [ 90.36273488300003, 23.752935815000058 ], [ 90.362190384000087, 23.752805115000058 ], [ 90.362888429000066, 23.751617012000054 ], [ 90.361802084000033, 23.751686014000029 ], [ 90.361613942000076, 23.752220108000074 ], [ 90.360196262000045, 23.751873154000066 ], [ 90.360012553000047, 23.75171670900005 ], [ 90.358026714000061, 23.751489931000037 ], [ 90.358216164000055, 23.75057206300005 ], [ 90.357988582000075, 23.750535420000062 ], [ 90.358485022000082, 23.748378885000022 ], [ 90.359279996000055, 23.745583703000023 ], [ 90.357918215000041, 23.745111740000027 ], [ 90.357008043000064, 23.744380733000071 ], [ 90.356989268000063, 23.744074411000042 ], [ 90.356596772000046, 23.743904623000049 ], [ 90.355184825000038, 23.744056908000061 ], [ 90.354133211000033, 23.743203496000035 ], [ 90.353729288000068, 23.743057642000053 ], [ 90.352902590000042, 23.743280827000035 ], [ 90.352277168000057, 23.74332064400005 ], [ 90.351393375000043, 23.743193027000075 ], [ 90.351304073000051, 23.741780562000031 ], [ 90.351865560000078, 23.740313766000043 ], [ 90.351830217000042, 23.739941255000076 ], [ 90.349906714000042, 23.738893338000025 ], [ 90.349157971000068, 23.74130219400007 ], [ 90.346563333000063, 23.743438045000062 ], [ 90.344724291000034, 23.745234491000076 ], [ 90.344096968000031, 23.745723643000076 ], [ 90.343197114000077, 23.746827604000032 ], [ 90.341494850000061, 23.748321732000022 ], [ 90.340346047000082, 23.748751051000056 ], [ 90.339317332000064, 23.748902349000048 ], [ 90.337486052000031, 23.748908617000041 ], [ 90.335772511000073, 23.748670730000072 ], [ 90.33363496000004, 23.748582775000045 ], [ 90.33210871700004, 23.748678647000077 ], [ 90.330888251000033, 23.74891610800006 ], [ 90.330023607000044, 23.74920022200007 ], [ 90.329464987000051, 23.749481421000041 ], [ 90.329160630000047, 23.749904337000032 ], [ 90.328907523000055, 23.750467148000041 ], [ 90.329369191000069, 23.751870715000052 ], [ 90.330430388000082, 23.753641074000029 ], [ 90.333019897000042, 23.756327192000072 ], [ 90.333990524000058, 23.757180924000068 ], [ 90.336419103000082, 23.759720552000033 ], [ 90.33690460400004, 23.760331446000066 ], [ 90.337959552000086, 23.762465317000078 ], [ 90.33854897100008, 23.764116967000064 ], [ 90.339279417000057, 23.765508620000048 ], [ 90.340028829000062, 23.76664054500003 ], [ 90.340635358000043, 23.766971515000023 ], [ 90.340956966000078, 23.765912939000032 ], [ 90.341139250000083, 23.765556297000046 ], [ 90.341834351000045, 23.765716897000061 ], [ 90.341893295000034, 23.765341806000038 ], [ 90.344086995000055, 23.766325808000033 ], [ 90.343493495000075, 23.767321907000053 ], [ 90.344161695000082, 23.767644807000067 ], [ 90.344193795000081, 23.767212407000045 ], [ 90.344321794000052, 23.766867306000051 ], [ 90.34488772900005, 23.765845562000038 ] ] ] } },
{ "type": "Feature", "properties": { "matched_key": "U_30262550034", "navigation_parent_key": "A_302625", "admin_type": "city_ward", "admin_label": "City Corporation Ward", "map_level": "ward", "admin_rank": 3, "displayable": 1, "geometry_status": "EXACT/GEOMETRY", "location_label": "Ward No. 34 (Part)" }, "geometry": { "type": "Polygon", "coordinates": [ [ [ 90.361613942000076, 23.752220108000074 ], [ 90.361802084000033, 23.751686014000029 ], [ 90.362888429000066, 23.751617012000054 ], [ 90.363047128000062, 23.751255410000056 ], [ 90.364140532000079, 23.751352274000055 ], [ 90.364369933000035, 23.75129077400004 ], [ 90.364516832000049, 23.751200475000076 ], [ 90.36486743200004, 23.750697674000037 ], [ 90.364209031000087, 23.750361674000033 ], [ 90.363726632000066, 23.749956674000032 ], [ 90.363340286000039, 23.749866415000042 ], [ 90.363612196000076, 23.749220768000043 ], [ 90.364311791000034, 23.749357510000038 ], [ 90.364474009000048, 23.749100137000028 ], [ 90.36450427300008, 23.748810240000068 ], [ 90.365207662000046, 23.74898814900007 ], [ 90.365318486000035, 23.748484015000031 ], [ 90.364944887000036, 23.748415673000068 ], [ 90.365008997000075, 23.748084469000048 ], [ 90.365094424000063, 23.748105655000074 ], [ 90.365107683000076, 23.747821357000078 ], [ 90.36466028600006, 23.747768516000065 ], [ 90.364436986000044, 23.74764241500003 ], [ 90.364480187000083, 23.74753021500004 ], [ 90.365105585000038, 23.746435132000045 ], [ 90.365681632000076, 23.746595444000036 ], [ 90.365767985000048, 23.746306861000051 ], [ 90.365907253000046, 23.746244785000044 ], [ 90.36623273500004, 23.74640488600005 ], [ 90.366222566000033, 23.746513361000041 ], [ 90.366316381000047, 23.746550040000045 ], [ 90.366416656000069, 23.74633754000007 ], [ 90.366210256000045, 23.746250739000061 ], [ 90.366283658000043, 23.746046286000023 ], [ 90.366058729000031, 23.745965087000059 ], [ 90.36611113500004, 23.745856074000073 ], [ 90.366208234000055, 23.74588357500005 ], [ 90.366282842000032, 23.745681225000055 ], [ 90.366175665000071, 23.74554220300007 ], [ 90.366191939000032, 23.745392851000076 ], [ 90.366308644000071, 23.745081482000046 ], [ 90.366744206000078, 23.745165346000078 ], [ 90.366828731000055, 23.744911735000073 ], [ 90.366777052000032, 23.744883478000077 ], [ 90.367092098000057, 23.744235422000031 ], [ 90.36617338800005, 23.743934316000036 ], [ 90.365777489000038, 23.744861116000038 ], [ 90.36519118700005, 23.744659515000023 ], [ 90.364564162000079, 23.744565169000055 ], [ 90.36459228800004, 23.74445881500003 ], [ 90.364283589000081, 23.74442751600003 ], [ 90.364274560000069, 23.74408889800003 ], [ 90.363908387000038, 23.744081215000051 ], [ 90.363996888000031, 23.743540615000029 ], [ 90.363365888000033, 23.743608216000041 ], [ 90.363370544000077, 23.743779178000068 ], [ 90.362686220000057, 23.74377873800006 ], [ 90.362666526000055, 23.743554115000052 ], [ 90.362563970000053, 23.743550700000071 ], [ 90.362565948000054, 23.743691684000055 ], [ 90.362026281000055, 23.74361207000004 ], [ 90.362038134000045, 23.743523413000048 ], [ 90.361842146000072, 23.743392904000075 ], [ 90.361681588000067, 23.743419114000062 ], [ 90.361572194000075, 23.743884 ], [ 90.359720404000086, 23.743872725000074 ], [ 90.360153284000035, 23.742474547000029 ], [ 90.357050990000062, 23.741807851000033 ], [ 90.355866785000046, 23.741677864000053 ], [ 90.355283590000056, 23.741416352000044 ], [ 90.353129889000058, 23.741158852000069 ], [ 90.352522890000046, 23.741153352000026 ], [ 90.351719508000031, 23.740768052000078 ], [ 90.351424307000059, 23.741335440000057 ], [ 90.351304073000051, 23.741780562000031 ], [ 90.351393375000043, 23.743193027000075 ], [ 90.352277168000057, 23.74332064400005 ], [ 90.352902590000042, 23.743280827000035 ], [ 90.353729288000068, 23.743057642000053 ], [ 90.354133211000033, 23.743203496000035 ], [ 90.355184825000038, 23.744056908000061 ], [ 90.356596772000046, 23.743904623000049 ], [ 90.356989268000063, 23.744074411000042 ], [ 90.357008043000064, 23.744380733000071 ], [ 90.357918215000041, 23.745111740000027 ], [ 90.359279996000055, 23.745583703000023 ], [ 90.358485022000082, 23.748378885000022 ], [ 90.357988582000075, 23.750535420000062 ], [ 90.358216164000055, 23.75057206300005 ], [ 90.358026714000061, 23.751489931000037 ], [ 90.360012553000047, 23.75171670900005 ], [ 90.360196262000045, 23.751873154000066 ], [ 90.361613942000076, 23.752220108000074 ] ] ] } },
{ "type": "Feature", "properties": { "matched_key": "U_30262564002", "navigation_parent_key": "A_302625", "admin_type": "city_ward", "admin_label": "City Corporation Ward", "map_level": "ward", "admin_rank": 3, "displayable": 1, "geometry_status": "EXACT/GEOMETRY", "location_label": "Ward No. 02" }, "geometry": { "type": "Polygon", "coordinates": [ [ [ 90.363681213000064, 23.849244330000033 ], [ 90.364089933000059, 23.847689802000048 ], [ 90.364865657000053, 23.846570213000064 ], [ 90.365776543000038, 23.844871268000077 ], [ 90.365865905000078, 23.844839412000056 ], [ 90.366355353000074, 23.843992462000074 ], [ 90.367820771000083, 23.842129526000065 ], [ 90.368118405000075, 23.841875638000033 ], [ 90.368223131000036, 23.841545788000076 ], [ 90.369116420000069, 23.840352506000045 ], [ 90.369416887000057, 23.840082431000042 ], [ 90.369418695000036, 23.839986833000069 ], [ 90.369775962000062, 23.839904723000075 ], [ 90.369790673000068, 23.83996621700004 ], [ 90.371160116000055, 23.839609307000046 ], [ 90.371938282000031, 23.839706763000038 ], [ 90.372606730000086, 23.839677161000054 ], [ 90.374026967000077, 23.839455600000065 ], [ 90.374139016000072, 23.839378614000054 ], [ 90.374512173000085, 23.84037072600006 ], [ 90.374466407000057, 23.840719275000026 ], [ 90.374663805000068, 23.840898971000058 ], [ 90.374981974000036, 23.84095411900006 ], [ 90.375611615000082, 23.840903833000027 ], [ 90.376052488000084, 23.84074946100003 ], [ 90.376205516000084, 23.840488856000036 ], [ 90.376571245000036, 23.840262106000068 ], [ 90.377342897000062, 23.840231538000069 ], [ 90.377942752000081, 23.840097421000053 ], [ 90.378141074000041, 23.839939193000077 ], [ 90.37817513400006, 23.839587774000051 ], [ 90.377927615000033, 23.839160788000072 ], [ 90.376779301000056, 23.838201136000066 ], [ 90.376648423000063, 23.837883410000074 ], [ 90.376651811000045, 23.837817603000076 ], [ 90.376752172000067, 23.837848736000069 ], [ 90.377015225000036, 23.837174159000028 ], [ 90.37710136000004, 23.836413981000078 ], [ 90.377406294000082, 23.835849235000069 ], [ 90.377431900000033, 23.835662843000023 ], [ 90.379167401000075, 23.833508744000028 ], [ 90.379469603000075, 23.833087843000044 ], [ 90.379492202000051, 23.832898545000035 ], [ 90.380868562000046, 23.831842756000071 ], [ 90.380981602000077, 23.831845344000044 ], [ 90.380996502000073, 23.83193364400006 ], [ 90.382474184000046, 23.830667838000068 ], [ 90.382563110000035, 23.830495604000077 ], [ 90.382639620000077, 23.828279507000047 ], [ 90.382581967000078, 23.827104947000066 ], [ 90.382511952000073, 23.826805293000064 ], [ 90.381777509000074, 23.826003234000041 ], [ 90.381478372000061, 23.825274612000044 ], [ 90.38180042700003, 23.824487862000069 ], [ 90.381780674000083, 23.823447724000061 ], [ 90.381643569000062, 23.823086497000077 ], [ 90.381210051000039, 23.822911055000077 ], [ 90.380195911000044, 23.823613567000052 ], [ 90.379968845000064, 23.823607353000057 ], [ 90.378306957000063, 23.823134981000067 ], [ 90.377598559000035, 23.823046394000073 ], [ 90.377668257000039, 23.822321376000048 ], [ 90.37752142100004, 23.822246251000024 ], [ 90.364961694000044, 23.820282215000077 ], [ 90.364411326000038, 23.822353275000069 ], [ 90.36428489900004, 23.823886821000031 ], [ 90.364173965000077, 23.827892937000058 ], [ 90.363912561000063, 23.829219055000067 ], [ 90.363917166000078, 23.830484990000059 ], [ 90.361917749000042, 23.830464860000063 ], [ 90.361510329000055, 23.830890759000056 ], [ 90.361596537000082, 23.831062625000072 ], [ 90.361614631000066, 23.831966525000041 ], [ 90.361428088000082, 23.832026303000077 ], [ 90.360497338000073, 23.831978702000072 ], [ 90.360545609000042, 23.831509596000046 ], [ 90.360367071000042, 23.830668592000052 ], [ 90.360351467000044, 23.829470984000068 ], [ 90.359106734000079, 23.829689561000066 ], [ 90.359077453000054, 23.828972534000059 ], [ 90.35790589000004, 23.828971180000053 ], [ 90.354976082000064, 23.829366345000039 ], [ 90.35491974200005, 23.829908230000058 ], [ 90.355160288000036, 23.831012178000037 ], [ 90.355572704000053, 23.831212805000064 ], [ 90.35623150400005, 23.832721663000029 ], [ 90.356003563000058, 23.832970732000035 ], [ 90.35570485900007, 23.833946476000051 ], [ 90.355731745000071, 23.834978529000068 ], [ 90.355640329000039, 23.835753046000036 ], [ 90.355845675000069, 23.836741966000034 ], [ 90.355286920000083, 23.837632274000043 ], [ 90.355511764000084, 23.840055050000046 ], [ 90.355434330000037, 23.840241634000051 ], [ 90.355154398000082, 23.840486044000045 ], [ 90.355108881000035, 23.840944998000055 ], [ 90.355235076000042, 23.841489589000048 ], [ 90.35562522500004, 23.841646418000039 ], [ 90.35553317800003, 23.842191513000046 ], [ 90.35517537000004, 23.84297196600005 ], [ 90.355318908000072, 23.843027005000067 ], [ 90.355510052000056, 23.843351727000027 ], [ 90.355428559000075, 23.843401596000035 ], [ 90.355321085000071, 23.843826363000062 ], [ 90.354127431000052, 23.844303310000043 ], [ 90.353693584000041, 23.844554954000046 ], [ 90.353260140000032, 23.844955630000072 ], [ 90.35309830500006, 23.845479877000059 ], [ 90.353154009000036, 23.845879431000071 ], [ 90.354105787000037, 23.846276929000055 ], [ 90.354676909000034, 23.846625618000076 ], [ 90.354924040000071, 23.847675060000029 ], [ 90.355305523000084, 23.848024183000064 ], [ 90.356066854000062, 23.84834759000006 ], [ 90.358511933000045, 23.848741601000029 ], [ 90.35916381100003, 23.848764921000054 ], [ 90.359896766000077, 23.848587080000073 ], [ 90.36168880200006, 23.84853320700006 ], [ 90.362123824000037, 23.848706058000062 ], [ 90.362885665000078, 23.849205557000062 ], [ 90.363355625000054, 23.849360262000062 ], [ 90.363681213000064, 23.849244330000033 ] ] ] } },
{ "type": "Feature", "properties": { "matched_key": "U_30262564003", "navigation_parent_key": "A_302625", "admin_type": "city_ward", "admin_label": "City Corporation Ward", "map_level": "ward", "admin_rank": 3, "displayable": 1, "geometry_status": "EXACT/GEOMETRY", "location_label": "Ward No. 03" }, "geometry": { "type": "Polygon", "coordinates": [ [ [ 90.375782018000052, 23.818355862000033 ], [ 90.376550742000063, 23.816516160000049 ], [ 90.376938177000056, 23.816658415000063 ], [ 90.377113170000086, 23.816262319000032 ], [ 90.377334773000086, 23.816091261000054 ], [ 90.377532406000057, 23.815389186000061 ], [ 90.377781080000034, 23.815362612000058 ], [ 90.378401391000068, 23.814673810000045 ], [ 90.377905479000049, 23.814288877000024 ], [ 90.378272270000082, 23.813850524000031 ], [ 90.37821632400005, 23.813816486000064 ], [ 90.378333242000053, 23.813445361000049 ], [ 90.378517743000032, 23.813512160000073 ], [ 90.378577605000032, 23.813398602000063 ], [ 90.378943701000082, 23.813240194000059 ], [ 90.379112613000075, 23.813263677000066 ], [ 90.379283327000053, 23.813122922000048 ], [ 90.379217139000048, 23.813060043000064 ], [ 90.379670722000071, 23.812736786000073 ], [ 90.378683479000074, 23.812144568000065 ], [ 90.377683808000086, 23.812099222000029 ], [ 90.377546248000044, 23.812050523000039 ], [ 90.377574940000045, 23.811856189000025 ], [ 90.377171057000055, 23.81176713900004 ], [ 90.37716907500004, 23.811573665000026 ], [ 90.377048509000076, 23.811582938000072 ], [ 90.377048541000079, 23.811428551000063 ], [ 90.376936329000046, 23.811424728000077 ], [ 90.376925287000063, 23.811189647000049 ], [ 90.376755342000081, 23.811005557000044 ], [ 90.376705704000074, 23.810818703000052 ], [ 90.377279691000069, 23.810484115000065 ], [ 90.374646351000081, 23.806147697000029 ], [ 90.373474556000076, 23.806497487000058 ], [ 90.369444471000065, 23.807274415000052 ], [ 90.368612089000067, 23.807096183000056 ], [ 90.366904693000038, 23.812969337000027 ], [ 90.368075041000054, 23.813239258000067 ], [ 90.368609640000045, 23.813225659000068 ], [ 90.368604558000072, 23.813330793000034 ], [ 90.369300341000041, 23.813307259000055 ], [ 90.370104240000046, 23.813462159000039 ], [ 90.369603939000058, 23.81503705800003 ], [ 90.36912963900005, 23.816895159000069 ], [ 90.375782018000052, 23.818355862000033 ] ] ] } },
{ "type": "Feature", "properties": { "matched_key": "U_30262564005", "navigation_parent_key": "A_302625", "admin_type": "city_ward", "admin_label": "City Corporation Ward", "map_level": "ward", "admin_rank": 3, "displayable": 1, "geometry_status": "EXACT/GEOMETRY", "location_label": "Ward No. 05" }, "geometry": { "type": "Polygon", "coordinates": [ [ [ 90.380920290000063, 23.823078870000074 ], [ 90.382125619000078, 23.822515141000054 ], [ 90.383716456000059, 23.821459497000035 ], [ 90.383950912000046, 23.821231221000062 ], [ 90.383743559000038, 23.820369472000039 ], [ 90.383963428000072, 23.820028838000042 ], [ 90.383713409000052, 23.816963610000073 ], [ 90.383769056000062, 23.81593334300004 ], [ 90.384303765000084, 23.811985507000031 ], [ 90.382979684000077, 23.811998906000042 ], [ 90.382431687000064, 23.812087698000028 ], [ 90.379914425000038, 23.812907833000054 ], [ 90.379670722000071, 23.812736786000073 ], [ 90.379217139000048, 23.813060043000064 ], [ 90.379283327000053, 23.813122922000048 ], [ 90.379112613000075, 23.813263677000066 ], [ 90.378943701000082, 23.813240194000059 ], [ 90.378577605000032, 23.813398602000063 ], [ 90.378517743000032, 23.813512160000073 ], [ 90.378333242000053, 23.813445361000049 ], [ 90.37821632400005, 23.813816486000064 ], [ 90.378272270000082, 23.813850524000031 ], [ 90.377905479000049, 23.814288877000024 ], [ 90.378401391000068, 23.814673810000045 ], [ 90.377781080000034, 23.815362612000058 ], [ 90.377532406000057, 23.815389186000061 ], [ 90.377334773000086, 23.816091261000054 ], [ 90.377113170000086, 23.816262319000032 ], [ 90.376938177000056, 23.816658415000063 ], [ 90.376550742000063, 23.816516160000049 ], [ 90.375782018000052, 23.818355862000033 ], [ 90.36912963900005, 23.816895159000069 ], [ 90.369603939000058, 23.81503705800003 ], [ 90.370104240000046, 23.813462159000039 ], [ 90.369300341000041, 23.813307259000055 ], [ 90.368604558000072, 23.813330793000034 ], [ 90.368609640000045, 23.813225659000068 ], [ 90.368075041000054, 23.813239258000067 ], [ 90.366904693000038, 23.812969337000027 ], [ 90.364961694000044, 23.820282215000077 ], [ 90.37752142100004, 23.822246251000024 ], [ 90.377668257000039, 23.822321376000048 ], [ 90.377598559000035, 23.823046394000073 ], [ 90.378306957000063, 23.823134981000067 ], [ 90.379968845000064, 23.823607353000057 ], [ 90.380195911000044, 23.823613567000052 ], [ 90.380920290000063, 23.823078870000074 ] ] ] } },
{ "type": "Feature", "properties": { "matched_key": "U_30262564006", "navigation_parent_key": "A_302625", "admin_type": "city_ward", "admin_label": "City Corporation Ward", "map_level": "ward", "admin_rank": 3, "displayable": 1, "geometry_status": "EXACT/GEOMETRY", "location_label": "Ward No. 06 (Part)" }, "geometry": { "type": "Polygon", "coordinates": [ [ [ 90.361428088000082, 23.832026303000077 ], [ 90.361614631000066, 23.831966525000041 ], [ 90.361596537000082, 23.831062625000072 ], [ 90.361510329000055, 23.830890759000056 ], [ 90.361871048000069, 23.830486478000068 ], [ 90.363917166000078, 23.830484990000059 ], [ 90.363912561000063, 23.829219055000067 ], [ 90.364173965000077, 23.827892937000058 ], [ 90.36428489900004, 23.823886821000031 ], [ 90.364411326000038, 23.822353275000069 ], [ 90.367030346000035, 23.812480836000077 ], [ 90.367659714000069, 23.810441536000042 ], [ 90.366708907000032, 23.810263209000027 ], [ 90.364260108000053, 23.810229509000067 ], [ 90.362329106000061, 23.81051621000006 ], [ 90.361007306000033, 23.810258409000028 ], [ 90.360810407000031, 23.811333708000063 ], [ 90.360878507000052, 23.811815909000074 ], [ 90.361089706000087, 23.812416208000059 ], [ 90.36205480600006, 23.814166209000064 ], [ 90.362619253000048, 23.814839570000061 ], [ 90.362433206000048, 23.815678608000042 ], [ 90.362060406000069, 23.816284709000058 ], [ 90.361878305000062, 23.816913708000072 ], [ 90.361280606000037, 23.817884009000068 ], [ 90.361148136000054, 23.818630979000034 ], [ 90.360007174000032, 23.818526987000041 ], [ 90.359971013000063, 23.818601157000046 ], [ 90.359891125000047, 23.819004214000074 ], [ 90.359959189000051, 23.819009834000042 ], [ 90.359929505000082, 23.81950150800003 ], [ 90.359587035000061, 23.821773421000046 ], [ 90.359160108000083, 23.821734734000074 ], [ 90.359143531000086, 23.821822650000058 ], [ 90.357925269000077, 23.821652033000078 ], [ 90.358001329000047, 23.821173997000074 ], [ 90.358119530000067, 23.821190842000078 ], [ 90.358141726000042, 23.820846992000043 ], [ 90.357670823000035, 23.820758972000078 ], [ 90.356811667000045, 23.820743454000024 ], [ 90.35691810700007, 23.821569718000035 ], [ 90.356893392000075, 23.824331866000023 ], [ 90.359347763000073, 23.824329595000052 ], [ 90.359337620000076, 23.824620351000078 ], [ 90.359442391000073, 23.82462483300003 ], [ 90.35931858400005, 23.826784091000036 ], [ 90.359248567000066, 23.826786034000065 ], [ 90.359221666000053, 23.827254136000079 ], [ 90.35890306500005, 23.827712236000025 ], [ 90.358779265000067, 23.828473935000034 ], [ 90.358993118000058, 23.82847434100006 ], [ 90.359106734000079, 23.829689561000066 ], [ 90.360351467000044, 23.829470984000068 ], [ 90.360367071000042, 23.830668592000052 ], [ 90.360545609000042, 23.831509596000046 ], [ 90.360497338000073, 23.831978702000072 ], [ 90.361428088000082, 23.832026303000077 ] ] ] } },
{ "type": "Feature", "properties": { "matched_key": "U_30262564015", "navigation_parent_key": "A_302625", "admin_type": "city_ward", "admin_label": "City Corporation Ward", "map_level": "ward", "admin_rank": 3, "displayable": 1, "geometry_status": "EXACT/GEOMETRY", "location_label": "Ward No. 15 (Part)" }, "geometry": { "type": "Polygon", "coordinates": [ [ [ 90.383704198000032, 23.844576241000027 ], [ 90.384780914000032, 23.844693014000029 ], [ 90.385359554000047, 23.844383382000046 ], [ 90.385730558000034, 23.84429083200007 ], [ 90.386156289000041, 23.844331411000041 ], [ 90.38639844100004, 23.844455346000075 ], [ 90.387305968000078, 23.844205421000026 ], [ 90.387260971000046, 23.843859015000078 ], [ 90.388349972000071, 23.843903076000061 ], [ 90.388368213000035, 23.843624410000075 ], [ 90.388689119000048, 23.843599118000043 ], [ 90.388709476000031, 23.843301364000069 ], [ 90.38855314500006, 23.843195177000041 ], [ 90.387863571000082, 23.841618448000077 ], [ 90.387419462000082, 23.841552825000065 ], [ 90.387638725000045, 23.840320680000048 ], [ 90.388016651000044, 23.839920603000053 ], [ 90.388154066000084, 23.839126833000023 ], [ 90.388048010000034, 23.838410151000062 ], [ 90.387940376000074, 23.838298637000037 ], [ 90.387950068000066, 23.837913767000032 ], [ 90.387788848000071, 23.837866376000022 ], [ 90.387847359000034, 23.83744800900007 ], [ 90.38744110600004, 23.83712640400006 ], [ 90.387119726000037, 23.837151232000053 ], [ 90.387180626000031, 23.836717930000077 ], [ 90.387663475000068, 23.835639609000054 ], [ 90.388612188000081, 23.835411413000031 ], [ 90.388803483000061, 23.834322531000055 ], [ 90.389330446000031, 23.834056877000023 ], [ 90.389321146000043, 23.833726148000039 ], [ 90.389200395000046, 23.833657626000047 ], [ 90.38920398700003, 23.832858696000073 ], [ 90.388794823000069, 23.83279512200005 ], [ 90.388763393000033, 23.832376330000045 ], [ 90.388830492000068, 23.832139330000075 ], [ 90.393134425000085, 23.827430700000036 ], [ 90.392097619000083, 23.827422041000034 ], [ 90.392123020000042, 23.827102237000076 ], [ 90.391318659000035, 23.826986074000047 ], [ 90.389609815000085, 23.826504936000049 ], [ 90.389336669000045, 23.826844 ], [ 90.38928869700004, 23.827030330000071 ], [ 90.38910549600007, 23.827181630000041 ], [ 90.389046232000055, 23.82760539800006 ], [ 90.388880628000038, 23.827655130000039 ], [ 90.38884353900005, 23.827599021000026 ], [ 90.388350463000052, 23.827838106000058 ], [ 90.388416672000062, 23.828110432000074 ], [ 90.38850504100003, 23.828124548000062 ], [ 90.388464810000073, 23.82825904300006 ], [ 90.388229099000057, 23.828275812000072 ], [ 90.38706019600005, 23.828029274000073 ], [ 90.386793702000034, 23.82889265700004 ], [ 90.385284365000075, 23.828851501000031 ], [ 90.384044793000044, 23.828655373000061 ], [ 90.383628230000056, 23.82848705300006 ], [ 90.382639620000077, 23.828279507000047 ], [ 90.382563110000035, 23.830495604000077 ], [ 90.382474184000046, 23.830667838000068 ], [ 90.380996502000073, 23.83193364400006 ], [ 90.381175585000051, 23.832123891000037 ], [ 90.380596510000032, 23.834223533000056 ], [ 90.380210225000042, 23.834750221000036 ], [ 90.379815371000063, 23.835840212000051 ], [ 90.37935632600005, 23.835916447000045 ], [ 90.379071897000074, 23.836377165000044 ], [ 90.378934824000055, 23.838377163000075 ], [ 90.379291287000058, 23.838534903000038 ], [ 90.379481643000076, 23.84028227400006 ], [ 90.379089913000087, 23.841066792000049 ], [ 90.378934928000035, 23.842643317000068 ], [ 90.37913737100007, 23.843667990000029 ], [ 90.379602624000086, 23.844236923000039 ], [ 90.381092466000041, 23.844835112000055 ], [ 90.381696415000079, 23.845262654000067 ], [ 90.382125245000054, 23.845206895000047 ], [ 90.383105446000059, 23.844630554000048 ], [ 90.383704198000032, 23.844576241000027 ] ] ] } },
{ "type": "Feature", "properties": { "matched_key": "U_30262566035", "navigation_parent_key": "A_302625", "admin_type": "city_ward", "admin_label": "City Corporation Ward", "map_level": "ward", "admin_rank": 3, "displayable": 1, "geometry_status": "EXACT/GEOMETRY", "location_label": "Ward No. 35" }, "geometry": { "type": "Polygon", "coordinates": [ [ [ 90.407051497000054, 23.759446737000076 ], [ 90.407239172000061, 23.759247531000028 ], [ 90.407299442000067, 23.759299306000059 ], [ 90.407608808000077, 23.759181070000068 ], [ 90.407591791000073, 23.759034338000049 ], [ 90.40796428200008, 23.758900126000071 ], [ 90.408075480000036, 23.758958543000062 ], [ 90.40841879900006, 23.75891021700005 ], [ 90.408600816000046, 23.759061028000076 ], [ 90.408879150000075, 23.758825447000049 ], [ 90.40906332600008, 23.758881415000076 ], [ 90.40909115200003, 23.75875714600005 ], [ 90.408961745000056, 23.758563307000031 ], [ 90.408818799000073, 23.757922855000061 ], [ 90.408689072000072, 23.757865329000026 ], [ 90.408699721000062, 23.757609783000078 ], [ 90.408634769000059, 23.757610455000076 ], [ 90.408633872000053, 23.757512676000033 ], [ 90.408781066000074, 23.756468702000063 ], [ 90.409027456000047, 23.756381418000046 ], [ 90.409296468000036, 23.755017893000058 ], [ 90.408988854000086, 23.754621991000079 ], [ 90.408902037000075, 23.754259909000041 ], [ 90.408610549000059, 23.754247924000026 ], [ 90.407818181000039, 23.754014012000027 ], [ 90.407788633000052, 23.753104951000068 ], [ 90.407918331000076, 23.75154780400004 ], [ 90.408010863000072, 23.751447151000036 ], [ 90.408972463000055, 23.75134722100006 ], [ 90.409375411000042, 23.751192020000076 ], [ 90.408752729000071, 23.750190795000037 ], [ 90.411156432000041, 23.749854142000061 ], [ 90.41108422800005, 23.749445816000048 ], [ 90.411618831000055, 23.74933379600003 ], [ 90.411556799000039, 23.748940403000063 ], [ 90.41115461000004, 23.748950616000059 ], [ 90.411074050000082, 23.748453311000048 ], [ 90.410803972000053, 23.748451903000046 ], [ 90.410806283000056, 23.748361082000031 ], [ 90.410685647000037, 23.748284205000061 ], [ 90.410538935000034, 23.748418103000063 ], [ 90.41035809400006, 23.748387292000075 ], [ 90.410354262000055, 23.748255660000041 ], [ 90.409420493000084, 23.748293401000069 ], [ 90.409360221000043, 23.748446990000048 ], [ 90.409249570000043, 23.748431510000046 ], [ 90.409000118000051, 23.748148530000037 ], [ 90.408019323000076, 23.748808764000046 ], [ 90.407403713000065, 23.749023892000025 ], [ 90.406511070000079, 23.749179194000078 ], [ 90.405285464000031, 23.749129835000076 ], [ 90.402962114000047, 23.74839505500006 ], [ 90.400128947000042, 23.747341319000043 ], [ 90.394762350000065, 23.74588290500003 ], [ 90.393933997000033, 23.748242137000034 ], [ 90.393075174000046, 23.74991076200007 ], [ 90.393327996000039, 23.749896300000046 ], [ 90.393956308000043, 23.750055498000052 ], [ 90.39604171600007, 23.750671533000059 ], [ 90.398050175000037, 23.751660620000052 ], [ 90.398696449000056, 23.751569313000061 ], [ 90.398973695000052, 23.751966378000077 ], [ 90.399539103000052, 23.752147825000065 ], [ 90.400415219000081, 23.752651373000049 ], [ 90.400775611000086, 23.752975607000053 ], [ 90.401798912000061, 23.753496124000037 ], [ 90.401539421000052, 23.753803632000029 ], [ 90.401666638000052, 23.753862816000037 ], [ 90.401927449000084, 23.754244515000039 ], [ 90.402389804000052, 23.755997464000075 ], [ 90.402705464000064, 23.75622897900007 ], [ 90.403554747000044, 23.755700926000031 ], [ 90.406169502000068, 23.758850663000032 ], [ 90.407051497000054, 23.759446737000076 ] ] ] } },
{ "type": "Feature", "properties": { "matched_key": "U_30262566036", "navigation_parent_key": "A_302625", "admin_type": "city_ward", "admin_label": "City Corporation Ward", "map_level": "ward", "admin_rank": 3, "displayable": 1, "geometry_status": "EXACT/GEOMETRY", "location_label": "Ward No. 36" }, "geometry": { "type": "Polygon", "coordinates": [ [ [ 90.410527420000051, 23.763423702000068 ], [ 90.41191959300005, 23.76275782600004 ], [ 90.412216686000079, 23.762426824000045 ], [ 90.412746957000081, 23.762190516000032 ], [ 90.413241534000065, 23.761851724000053 ], [ 90.413639950000061, 23.761883520000026 ], [ 90.415051632000086, 23.761241926000025 ], [ 90.415266983000038, 23.760523983000041 ], [ 90.415321194000057, 23.759919803000059 ], [ 90.414617713000041, 23.759842694000042 ], [ 90.414688555000055, 23.75954673800004 ], [ 90.414760612000066, 23.759553140000037 ], [ 90.414790241000048, 23.759275540000033 ], [ 90.414570987000047, 23.759273952000058 ], [ 90.414636856000072, 23.75887558900007 ], [ 90.414545991000068, 23.758670511000048 ], [ 90.41454893000008, 23.758521064000035 ], [ 90.414615414000082, 23.75852883500005 ], [ 90.414694191000081, 23.758308255000031 ], [ 90.414850943000033, 23.758308495000051 ], [ 90.414807233000033, 23.757920219000027 ], [ 90.415038626000069, 23.757858284000065 ], [ 90.414846848000082, 23.757150495000076 ], [ 90.41475255000006, 23.757153790000075 ], [ 90.414685740000039, 23.756786103000024 ], [ 90.415125622000062, 23.756718006000028 ], [ 90.414922353000065, 23.755991559000051 ], [ 90.414756834000059, 23.756115320000049 ], [ 90.414547571000071, 23.756145437000043 ], [ 90.414536933000079, 23.75603847900004 ], [ 90.414375283000084, 23.756036967000057 ], [ 90.414387882000085, 23.755816630000027 ], [ 90.414303923000034, 23.755798566000067 ], [ 90.414179942000032, 23.755576740000038 ], [ 90.414622490000056, 23.755432345000031 ], [ 90.414637705000075, 23.75491147300005 ], [ 90.41456369000008, 23.75491220300006 ], [ 90.414538272000073, 23.754714171000046 ], [ 90.414363503000061, 23.754738356000075 ], [ 90.414349389000051, 23.75461367500003 ], [ 90.41417681300004, 23.754643891000057 ], [ 90.414159227000084, 23.755088501000046 ], [ 90.414041620000035, 23.755091684000035 ], [ 90.413999075000049, 23.754544030000034 ], [ 90.414103147000048, 23.754543124000065 ], [ 90.414104809000037, 23.754455305000079 ], [ 90.414414613000076, 23.754450202000044 ], [ 90.414410823000082, 23.75421452300003 ], [ 90.413924917000031, 23.754174821000049 ], [ 90.413941968000074, 23.754046527000071 ], [ 90.414087238000036, 23.754046498000037 ], [ 90.414013976000035, 23.753787155000055 ], [ 90.413857496000048, 23.753812669000069 ], [ 90.413816624000049, 23.753655287000072 ], [ 90.413676255000041, 23.753656846000069 ], [ 90.413629428000036, 23.752846840000075 ], [ 90.413768623000067, 23.752883610000026 ], [ 90.413779907000048, 23.752633722000041 ], [ 90.41385460500004, 23.752485828000033 ], [ 90.413933274000044, 23.752485618000037 ], [ 90.414018258000056, 23.752037901000051 ], [ 90.412782622000066, 23.749938463000035 ], [ 90.412882275000072, 23.749924074000035 ], [ 90.412737886000059, 23.749635854000076 ], [ 90.408752729000071, 23.750190795000037 ], [ 90.409375411000042, 23.751192020000076 ], [ 90.408972463000055, 23.75134722100006 ], [ 90.408557070000086, 23.751354054000046 ], [ 90.407941840000035, 23.751493992000064 ], [ 90.407788633000052, 23.753104951000068 ], [ 90.407818181000039, 23.754014012000027 ], [ 90.408610549000059, 23.754247924000026 ], [ 90.408902037000075, 23.754259909000041 ], [ 90.408988854000086, 23.754621991000079 ], [ 90.409296468000036, 23.755017893000058 ], [ 90.409027456000047, 23.756381418000046 ], [ 90.408781066000074, 23.756468702000063 ], [ 90.408633872000053, 23.757512676000033 ], [ 90.408634769000059, 23.757610455000076 ], [ 90.408699721000062, 23.757609783000078 ], [ 90.408689072000072, 23.757865329000026 ], [ 90.408818799000073, 23.757922855000061 ], [ 90.408961745000056, 23.758563307000031 ], [ 90.40909115200003, 23.75875714600005 ], [ 90.40906332600008, 23.758881415000076 ], [ 90.408879150000075, 23.758825447000049 ], [ 90.408600816000046, 23.759061028000076 ], [ 90.40841879900006, 23.75891021700005 ], [ 90.408075480000036, 23.758958543000062 ], [ 90.40796428200008, 23.758900126000071 ], [ 90.407591791000073, 23.759034338000049 ], [ 90.407608808000077, 23.759181070000068 ], [ 90.407299442000067, 23.759299306000059 ], [ 90.407239172000061, 23.759247531000028 ], [ 90.407038660000069, 23.759460319000027 ], [ 90.409539471000073, 23.762079885000048 ], [ 90.410527420000051, 23.763423702000068 ] ] ] } },
{ "type": "Feature", "properties": { "matched_key": "U_30262567022", "navigation_parent_key": "A_302625", "admin_type": "city_ward", "admin_label": "City Corporation Ward", "map_level": "ward", "admin_rank": 3, "displayable": 1, "geometry_status": "EXACT/GEOMETRY", "location_label": "Ward No. 22 (Part)" }, "geometry": { "type": "Polygon", "coordinates": [ [ [ 90.42312260500006, 23.767909821000046 ], [ 90.424257388000058, 23.767351217000055 ], [ 90.424285503000078, 23.767509207000046 ], [ 90.424213835000046, 23.767538759000047 ], [ 90.424267541000063, 23.767644743000062 ], [ 90.425531456000044, 23.766999964000036 ], [ 90.425893529000064, 23.766909585000064 ], [ 90.428005018000079, 23.765771744000062 ], [ 90.430015992000051, 23.764817880000066 ], [ 90.431599866000056, 23.764172975000065 ], [ 90.433066999000062, 23.763735036000071 ], [ 90.432673926000064, 23.762953128000049 ], [ 90.432488803000069, 23.762736332000031 ], [ 90.432102926000084, 23.761817755000038 ], [ 90.431996775000073, 23.761375078000071 ], [ 90.431678766000061, 23.761461069000063 ], [ 90.431599107000068, 23.761247127000047 ], [ 90.43149298600008, 23.761280653000028 ], [ 90.431427142000075, 23.761102815000072 ], [ 90.431313670000065, 23.761135730000035 ], [ 90.431252559000086, 23.760949634000042 ], [ 90.431149814000037, 23.760973580000041 ], [ 90.431082562000086, 23.760771485000078 ], [ 90.430305476000058, 23.760997379000059 ], [ 90.429256474000056, 23.758753680000041 ], [ 90.427500476000034, 23.757940680000047 ], [ 90.427360376000081, 23.758303380000029 ], [ 90.426598896000087, 23.758019513000079 ], [ 90.425209098000039, 23.757835227000044 ], [ 90.425285075000033, 23.757622757000036 ], [ 90.424744166000039, 23.757360121000033 ], [ 90.42481123500005, 23.757139476000077 ], [ 90.424504069000079, 23.756601578000073 ], [ 90.423975211000084, 23.756887022000058 ], [ 90.424030075000076, 23.75727248100003 ], [ 90.423910291000084, 23.757778383000073 ], [ 90.423219138000036, 23.757786252000074 ], [ 90.423081878000062, 23.757355823000069 ], [ 90.42026062900004, 23.758880754000074 ], [ 90.420162471000083, 23.759264077000068 ], [ 90.419754678000061, 23.759246382000072 ], [ 90.419720543000039, 23.759323195000036 ], [ 90.418859105000081, 23.759149082000079 ], [ 90.418688387000032, 23.759190172000046 ], [ 90.418660648000071, 23.758838491000063 ], [ 90.417774781000048, 23.758566808000069 ], [ 90.42312260500006, 23.767909821000046 ] ] ] } },
{ "type": "Feature", "properties": { "matched_key": "U_30262567023", "navigation_parent_key": "A_302625", "admin_type": "city_ward", "admin_label": "City Corporation Ward", "map_level": "ward", "admin_rank": 3, "displayable": 1, "geometry_status": "EXACT/GEOMETRY", "location_label": "Ward No. 23" }, "geometry": { "type": "Polygon", "coordinates": [ [ [ 90.419720543000039, 23.759323195000036 ], [ 90.419754678000061, 23.759246382000072 ], [ 90.420162471000083, 23.759264077000068 ], [ 90.42026062900004, 23.758880754000074 ], [ 90.423081878000062, 23.757355823000069 ], [ 90.423219138000036, 23.757786252000074 ], [ 90.423910291000084, 23.757778383000073 ], [ 90.424030075000076, 23.75727248100003 ], [ 90.423975211000084, 23.756887022000058 ], [ 90.424504069000079, 23.756601578000073 ], [ 90.42481123500005, 23.757139476000077 ], [ 90.424744166000039, 23.757360121000033 ], [ 90.425285075000033, 23.757622757000036 ], [ 90.425209098000039, 23.757835227000044 ], [ 90.426110245000075, 23.757941300000027 ], [ 90.426378843000066, 23.757162197000071 ], [ 90.426427235000062, 23.756785225000044 ], [ 90.426559802000043, 23.756794025000033 ], [ 90.426706697000043, 23.756401014000062 ], [ 90.426846495000063, 23.756418706000034 ], [ 90.426944552000066, 23.755988173000048 ], [ 90.426787872000034, 23.755919321000079 ], [ 90.426883609000072, 23.755317476000073 ], [ 90.426952100000051, 23.755279103000078 ], [ 90.426883607000036, 23.754781501000025 ], [ 90.426963012000044, 23.754648049000025 ], [ 90.426938951000068, 23.754508205000036 ], [ 90.426715133000073, 23.754502004000074 ], [ 90.426848131000042, 23.75345642800005 ], [ 90.426843027000075, 23.75268748700006 ], [ 90.425478420000047, 23.752677366000057 ], [ 90.425130988000035, 23.751002891000041 ], [ 90.42497228700006, 23.750672383000051 ], [ 90.424591302000067, 23.750974556000074 ], [ 90.423906222000085, 23.751346765000051 ], [ 90.421614189000081, 23.752068854000072 ], [ 90.420437084000071, 23.752313913000023 ], [ 90.418380385000034, 23.752395913000043 ], [ 90.417953886000078, 23.752341914000056 ], [ 90.417044820000058, 23.752043720000074 ], [ 90.416675419000057, 23.751687720000064 ], [ 90.416280320000055, 23.750683919000039 ], [ 90.416060456000082, 23.749414110000032 ], [ 90.413498813000047, 23.749749317000067 ], [ 90.412782622000066, 23.749938463000035 ], [ 90.414018258000056, 23.752037901000051 ], [ 90.413933274000044, 23.752485618000037 ], [ 90.41385460500004, 23.752485828000033 ], [ 90.413779907000048, 23.752633722000041 ], [ 90.413768623000067, 23.752883610000026 ], [ 90.413629428000036, 23.752846840000075 ], [ 90.413676255000041, 23.753656846000069 ], [ 90.413816624000049, 23.753655287000072 ], [ 90.413857496000048, 23.753812669000069 ], [ 90.414013976000035, 23.753787155000055 ], [ 90.414087238000036, 23.754046498000037 ], [ 90.413941968000074, 23.754046527000071 ], [ 90.413924917000031, 23.754174821000049 ], [ 90.414410823000082, 23.75421452300003 ], [ 90.414414613000076, 23.754450202000044 ], [ 90.414104809000037, 23.754455305000079 ], [ 90.414103147000048, 23.754543124000065 ], [ 90.413999075000049, 23.754544030000034 ], [ 90.414041620000035, 23.755091684000035 ], [ 90.414159227000084, 23.755088501000046 ], [ 90.41417681300004, 23.754643891000057 ], [ 90.414349389000051, 23.75461367500003 ], [ 90.414363503000061, 23.754738356000075 ], [ 90.414538272000073, 23.754714171000046 ], [ 90.41456369000008, 23.75491220300006 ], [ 90.414637705000075, 23.75491147300005 ], [ 90.414622490000056, 23.755432345000031 ], [ 90.414179942000032, 23.755576740000038 ], [ 90.414303923000034, 23.755798566000067 ], [ 90.414387882000085, 23.755816630000027 ], [ 90.414375283000084, 23.756036967000057 ], [ 90.414536933000079, 23.75603847900004 ], [ 90.414547571000071, 23.756145437000043 ], [ 90.414756834000059, 23.756115320000049 ], [ 90.414922353000065, 23.755991559000051 ], [ 90.415125622000062, 23.756718006000028 ], [ 90.414685740000039, 23.756786103000024 ], [ 90.41475255000006, 23.757153790000075 ], [ 90.414846848000082, 23.757150495000076 ], [ 90.415042761000052, 23.757777576000024 ], [ 90.417024612000034, 23.757306241000038 ], [ 90.417755131000035, 23.758560089000071 ], [ 90.418660648000071, 23.758838491000063 ], [ 90.418688387000032, 23.759190172000046 ], [ 90.418859105000081, 23.759149082000079 ], [ 90.419720543000039, 23.759323195000036 ] ] ] } },
{ "type": "Feature", "properties": { "matched_key": "U_30262570006", "navigation_parent_key": "A_302625", "admin_type": "city_ward", "admin_label": "City Corporation Ward", "map_level": "ward", "admin_rank": 3, "displayable": 1, "geometry_status": "EXACT/GEOMETRY", "location_label": "Ward No. 06 (Part)" }, "geometry": { "type": "Polygon", "coordinates": [ [ [ 90.355511764000084, 23.840055050000046 ], [ 90.355286920000083, 23.837632274000043 ], [ 90.355845675000069, 23.836741966000034 ], [ 90.355640329000039, 23.835753046000036 ], [ 90.355731745000071, 23.834978529000068 ], [ 90.35570485900007, 23.833946476000051 ], [ 90.356003563000058, 23.832970732000035 ], [ 90.35623150400005, 23.832721663000029 ], [ 90.355572704000053, 23.831212805000064 ], [ 90.355160288000036, 23.831012178000037 ], [ 90.35491974200005, 23.829908230000058 ], [ 90.354976082000064, 23.829366345000039 ], [ 90.35790589000004, 23.828971180000053 ], [ 90.359077453000054, 23.828972534000059 ], [ 90.358993118000058, 23.82847434100006 ], [ 90.358779265000067, 23.828473935000034 ], [ 90.35890306500005, 23.827712236000025 ], [ 90.359221666000053, 23.827254136000079 ], [ 90.359372631000042, 23.826215528000034 ], [ 90.359442391000073, 23.82462483300003 ], [ 90.359337620000076, 23.824620351000078 ], [ 90.359347763000073, 23.824329595000052 ], [ 90.356893392000075, 23.824331866000023 ], [ 90.35691810700007, 23.821569718000035 ], [ 90.356811667000045, 23.820743454000024 ], [ 90.357670823000035, 23.820758972000078 ], [ 90.358141726000042, 23.820846992000043 ], [ 90.358119530000067, 23.821190842000078 ], [ 90.358001329000047, 23.821173997000074 ], [ 90.357925269000077, 23.821652033000078 ], [ 90.359143531000086, 23.821822650000058 ], [ 90.359160108000083, 23.821734734000074 ], [ 90.359587035000061, 23.821773421000046 ], [ 90.359929505000082, 23.81950150800003 ], [ 90.359959189000051, 23.819009834000042 ], [ 90.359891125000047, 23.819004214000074 ], [ 90.359971013000063, 23.818601157000046 ], [ 90.360007174000032, 23.818526987000041 ], [ 90.361148136000054, 23.818630979000034 ], [ 90.361280606000037, 23.817884009000068 ], [ 90.361878305000062, 23.816913708000072 ], [ 90.362060406000069, 23.816284709000058 ], [ 90.362420505000046, 23.81570750800006 ], [ 90.362570806000065, 23.815235508000058 ], [ 90.362619253000048, 23.814839570000061 ], [ 90.36205480600006, 23.814166209000064 ], [ 90.361016406000033, 23.812247009000032 ], [ 90.360810407000031, 23.811333708000063 ], [ 90.360984550000069, 23.810370097000032 ], [ 90.359535975000085, 23.810324554000033 ], [ 90.359242429000062, 23.810901055000045 ], [ 90.358735058000036, 23.811158931000023 ], [ 90.358284235000042, 23.811272503000055 ], [ 90.358320131000085, 23.812540909000063 ], [ 90.35822442500006, 23.813507763000075 ], [ 90.358180246000074, 23.813706090000039 ], [ 90.358014164000053, 23.813688444000036 ], [ 90.358040770000059, 23.815408241000057 ], [ 90.357813766000049, 23.815549332000046 ], [ 90.357724860000076, 23.815702859000055 ], [ 90.357484018000036, 23.815793083000074 ], [ 90.357017484000039, 23.81698308600005 ], [ 90.356947159000072, 23.816963049000037 ], [ 90.356414357000062, 23.819269548000022 ], [ 90.35630658000008, 23.819250541000031 ], [ 90.356408205000037, 23.819585208000035 ], [ 90.355335108000077, 23.819440451000048 ], [ 90.355093876000069, 23.819577240000058 ], [ 90.354222780000043, 23.819641340000032 ], [ 90.353510318000076, 23.819588065000062 ], [ 90.352565157000072, 23.819682797000041 ], [ 90.352501575000076, 23.820764335000035 ], [ 90.351504527000031, 23.820942504000072 ], [ 90.351206237000042, 23.821302616000025 ], [ 90.351215373000059, 23.821608494000031 ], [ 90.351715703000082, 23.822188564000044 ], [ 90.35197605500008, 23.823040201000026 ], [ 90.352086558000053, 23.823173516000054 ], [ 90.352126618000057, 23.823612483000034 ], [ 90.351891614000067, 23.823685272000034 ], [ 90.351470618000064, 23.824110429000029 ], [ 90.351249856000038, 23.824128856000073 ], [ 90.351049138000064, 23.824356349000027 ], [ 90.351122696000061, 23.825626382000053 ], [ 90.35097157000007, 23.82610085400006 ], [ 90.349880348000056, 23.826062033000028 ], [ 90.349869201000047, 23.825772827000037 ], [ 90.35007796900004, 23.825575582000056 ], [ 90.350030849000063, 23.825441859000023 ], [ 90.349671800000067, 23.82514874900005 ], [ 90.349084441000059, 23.825054487000045 ], [ 90.348582201000056, 23.825339825000071 ], [ 90.348556900000062, 23.825717927000028 ], [ 90.348432192000075, 23.825731928000039 ], [ 90.348421208000047, 23.825876528000038 ], [ 90.348034430000041, 23.82583293600004 ], [ 90.347946512000078, 23.825986083000032 ], [ 90.347922254000082, 23.826631396000039 ], [ 90.348092899000051, 23.826694427000064 ], [ 90.347965801000043, 23.827128427000048 ], [ 90.346681096000054, 23.827059714000029 ], [ 90.346472800000072, 23.826308026000049 ], [ 90.345041099000071, 23.826692726000033 ], [ 90.345180499000037, 23.827015525000036 ], [ 90.345282999000062, 23.827768826000067 ], [ 90.344911799000045, 23.828516725000043 ], [ 90.344491798000035, 23.82875772500006 ], [ 90.343523696000034, 23.828877224000053 ], [ 90.34307844500006, 23.829100857000071 ], [ 90.34380492300005, 23.830109737000043 ], [ 90.34497562100006, 23.830732617000024 ], [ 90.346944773000075, 23.83160207800006 ], [ 90.347492655000053, 23.832011817000023 ], [ 90.347436860000073, 23.832030007000071 ], [ 90.348863752000057, 23.833435832000077 ], [ 90.349377176000075, 23.834493715000065 ], [ 90.349435305000043, 23.835116818000074 ], [ 90.34890542800008, 23.836856750000038 ], [ 90.348849394000069, 23.83724526900005 ], [ 90.348952042000064, 23.837764397000058 ], [ 90.349898320000079, 23.839568725000049 ], [ 90.350400572000069, 23.840339849000031 ], [ 90.350788322000085, 23.840749940000023 ], [ 90.351729421000073, 23.841301028000032 ], [ 90.352698319000069, 23.841689461000044 ], [ 90.354475985000079, 23.842703779000033 ], [ 90.35517537000004, 23.84297196600005 ], [ 90.35553317800003, 23.842191513000046 ], [ 90.35562522500004, 23.841646418000039 ], [ 90.355235076000042, 23.841489589000048 ], [ 90.355108881000035, 23.840944998000055 ], [ 90.355154398000082, 23.840486044000045 ], [ 90.355434330000037, 23.840241634000051 ], [ 90.355511764000084, 23.840055050000046 ] ] ] } },
{ "type": "Feature", "properties": { "matched_key": "U_30262570007", "navigation_parent_key": "A_302625", "admin_type": "city_ward", "admin_label": "City Corporation Ward", "map_level": "ward", "admin_rank": 3, "displayable": 1, "geometry_status": "EXACT/GEOMETRY", "location_label": "Ward No. 07 (Part)" }, "geometry": { "type": "Polygon", "coordinates": [ [ [ 90.352565157000072, 23.819682797000041 ], [ 90.355093876000069, 23.819577240000058 ], [ 90.355335108000077, 23.819440451000048 ], [ 90.356408205000037, 23.819585208000035 ], [ 90.35630658000008, 23.819250541000031 ], [ 90.356414357000062, 23.819269548000022 ], [ 90.356947159000072, 23.816963049000037 ], [ 90.357017484000039, 23.81698308600005 ], [ 90.357484018000036, 23.815793083000074 ], [ 90.357724860000076, 23.815702859000055 ], [ 90.357813766000049, 23.815549332000046 ], [ 90.358040770000059, 23.815408241000057 ], [ 90.358014164000053, 23.813688444000036 ], [ 90.358180246000074, 23.813706090000039 ], [ 90.35822442500006, 23.813507763000075 ], [ 90.358320131000085, 23.812540909000063 ], [ 90.358284235000042, 23.811272503000055 ], [ 90.358735058000036, 23.811158931000023 ], [ 90.359242429000062, 23.810901055000045 ], [ 90.359535975000085, 23.810324554000033 ], [ 90.360984550000069, 23.810370097000032 ], [ 90.361139707000063, 23.809567709000078 ], [ 90.358324090000053, 23.808360252000057 ], [ 90.356099791000076, 23.80757925100005 ], [ 90.355180919000077, 23.809383679000064 ], [ 90.354841706000059, 23.809306408000054 ], [ 90.354287378000038, 23.811444261000076 ], [ 90.354372609000052, 23.811878786000023 ], [ 90.353305940000041, 23.812919955000041 ], [ 90.352687778000075, 23.81372751300006 ], [ 90.352244065000036, 23.813696913000058 ], [ 90.352167762000079, 23.813843862000056 ], [ 90.351990578000084, 23.813898464000033 ], [ 90.351440815000046, 23.814402723000057 ], [ 90.351771021000047, 23.814953905000039 ], [ 90.351855008000086, 23.815274909000038 ], [ 90.351839869000059, 23.815825563000033 ], [ 90.351799090000043, 23.816116261000047 ], [ 90.351501265000081, 23.816644617000065 ], [ 90.351221051000039, 23.817540012000052 ], [ 90.351838523000083, 23.818410421000067 ], [ 90.352521597000077, 23.818944186000067 ], [ 90.352565157000072, 23.819682797000041 ] ] ] } },
{ "type": "Feature", "properties": { "matched_key": "U_30262574007", "navigation_parent_key": "A_302625", "admin_type": "city_ward", "admin_label": "City Corporation Ward", "map_level": "ward", "admin_rank": 3, "displayable": 1, "geometry_status": "EXACT/GEOMETRY", "location_label": "Ward No. 07 (Part)" }, "geometry": { "type": "Polygon", "coordinates": [ [ [ 90.354287378000038, 23.811444261000076 ], [ 90.354841706000059, 23.809306408000054 ], [ 90.355180919000077, 23.809383679000064 ], [ 90.356099791000076, 23.80757925100005 ], [ 90.353628362000052, 23.806823450000024 ], [ 90.35302031100008, 23.808266671000069 ], [ 90.353492328000073, 23.809013020000066 ], [ 90.354037393000056, 23.81022211100003 ], [ 90.354287378000038, 23.811444261000076 ] ] ] } },
{ "type": "Feature", "properties": { "matched_key": "U_30262574008", "navigation_parent_key": "A_302625", "admin_type": "city_ward", "admin_label": "City Corporation Ward", "map_level": "ward", "admin_rank": 3, "displayable": 1, "geometry_status": "EXACT/GEOMETRY", "location_label": "Ward No. 08" }, "geometry": { "type": "Polygon", "coordinates": [ [ [ 90.345041099000071, 23.826692726000033 ], [ 90.346472800000072, 23.826308026000049 ], [ 90.346681096000054, 23.827059714000029 ], [ 90.347965801000043, 23.827128427000048 ], [ 90.348092899000051, 23.826694427000064 ], [ 90.347922254000082, 23.826631396000039 ], [ 90.347946512000078, 23.825986083000032 ], [ 90.348034430000041, 23.82583293600004 ], [ 90.348421208000047, 23.825876528000038 ], [ 90.348432192000075, 23.825731928000039 ], [ 90.348556900000062, 23.825717927000028 ], [ 90.348582201000056, 23.825339825000071 ], [ 90.349084441000059, 23.825054487000045 ], [ 90.349671800000067, 23.82514874900005 ], [ 90.350030849000063, 23.825441859000023 ], [ 90.35007796900004, 23.825575582000056 ], [ 90.349869201000047, 23.825772827000037 ], [ 90.349880348000056, 23.826062033000028 ], [ 90.35097157000007, 23.82610085400006 ], [ 90.351122696000061, 23.825626382000053 ], [ 90.351049138000064, 23.824356349000027 ], [ 90.351249856000038, 23.824128856000073 ], [ 90.351470618000064, 23.824110429000029 ], [ 90.351891614000067, 23.823685272000034 ], [ 90.352126618000057, 23.823612483000034 ], [ 90.352086558000053, 23.823173516000054 ], [ 90.35197605500008, 23.823040201000026 ], [ 90.351715703000082, 23.822188564000044 ], [ 90.351215373000059, 23.821608494000031 ], [ 90.351206237000042, 23.821302616000025 ], [ 90.351504527000031, 23.820942504000072 ], [ 90.352501575000076, 23.820764335000035 ], [ 90.352566032000084, 23.820007086000032 ], [ 90.352521597000077, 23.818944186000067 ], [ 90.351838523000083, 23.818410421000067 ], [ 90.351221051000039, 23.817540012000052 ], [ 90.351501265000081, 23.816644617000065 ], [ 90.351799090000043, 23.816116261000047 ], [ 90.351839869000059, 23.815825563000033 ], [ 90.351855008000086, 23.815274909000038 ], [ 90.351771021000047, 23.814953905000039 ], [ 90.351440815000046, 23.814402723000057 ], [ 90.351990578000084, 23.813898464000033 ], [ 90.352167762000079, 23.813843862000056 ], [ 90.352244065000036, 23.813696913000058 ], [ 90.352687778000075, 23.81372751300006 ], [ 90.353305940000041, 23.812919955000041 ], [ 90.354372609000052, 23.811878786000023 ], [ 90.354037393000056, 23.81022211100003 ], [ 90.353492328000073, 23.809013020000066 ], [ 90.35302031100008, 23.808266671000069 ], [ 90.353628362000052, 23.806823450000024 ], [ 90.351603352000041, 23.806133743000032 ], [ 90.351603011000066, 23.806007291000071 ], [ 90.351699483000061, 23.805377061000058 ], [ 90.352154755000072, 23.804470524000067 ], [ 90.355345404000047, 23.800021523000055 ], [ 90.354291113000045, 23.799253936000071 ], [ 90.353325836000067, 23.798727753000037 ], [ 90.350608184000066, 23.797001987000044 ], [ 90.349210688000085, 23.796365962000039 ], [ 90.349008080000033, 23.79675399000007 ], [ 90.34826939800007, 23.796752118000029 ], [ 90.348126125000078, 23.797321483000076 ], [ 90.347777171000075, 23.797834860000023 ], [ 90.34766774700006, 23.797984142000075 ], [ 90.347209091000082, 23.798242048000077 ], [ 90.346591090000061, 23.798336249000045 ], [ 90.346264990000066, 23.798294049000049 ], [ 90.34579079100007, 23.798459249000075 ], [ 90.345228490000068, 23.79850194900007 ], [ 90.343685080000057, 23.798480421000079 ], [ 90.34231610900008, 23.798269336000033 ], [ 90.342043558000057, 23.798683173000029 ], [ 90.341812270000048, 23.79915563000003 ], [ 90.341856675000031, 23.79947843900004 ], [ 90.342283227000053, 23.800471058000028 ], [ 90.342470152000033, 23.801330981000035 ], [ 90.342564459000073, 23.802900154000042 ], [ 90.342228783000053, 23.803691444000037 ], [ 90.341974588000085, 23.804678588000058 ], [ 90.341720944000031, 23.805053996000026 ], [ 90.340908957000067, 23.805898065000065 ], [ 90.339994253000043, 23.806649773000061 ], [ 90.33933440900006, 23.807493498000042 ], [ 90.338526284000068, 23.809839181000029 ], [ 90.338324760000035, 23.810681896000062 ], [ 90.338530898000045, 23.811618555000052 ], [ 90.339454895000074, 23.814660445000072 ], [ 90.340019381000047, 23.816298580000023 ], [ 90.340487137000082, 23.817311437000058 ], [ 90.340578227000037, 23.817887048000046 ], [ 90.340531284000065, 23.818239417000029 ], [ 90.340322752000077, 23.818513106000069 ], [ 90.339905860000044, 23.818654027000036 ], [ 90.339311262000081, 23.818655338000042 ], [ 90.338226487000043, 23.818459008000048 ], [ 90.337463743000058, 23.818453903000034 ], [ 90.336693580000031, 23.818902692000052 ], [ 90.336373195000078, 23.819350495000037 ], [ 90.336111286000062, 23.820346886000038 ], [ 90.336160914000061, 23.820793882000032 ], [ 90.33648330300008, 23.821359961000041 ], [ 90.337015265000048, 23.822049776000028 ], [ 90.338754838000057, 23.823906638000039 ], [ 90.340180041000053, 23.825204165000059 ], [ 90.341402515000084, 23.825937602000067 ], [ 90.342134262000059, 23.826274693000073 ], [ 90.34226336200004, 23.826597315000072 ], [ 90.342265937000036, 23.826877310000043 ], [ 90.342198635000045, 23.826954238000042 ], [ 90.342477902000041, 23.828376217000027 ], [ 90.34307844500006, 23.829100857000071 ], [ 90.343523696000034, 23.828877224000053 ], [ 90.344491798000035, 23.82875772500006 ], [ 90.344911799000045, 23.828516725000043 ], [ 90.345282999000062, 23.827768826000067 ], [ 90.345180499000037, 23.827015525000036 ], [ 90.345041099000071, 23.826692726000033 ] ] ] } },
{ "type": "Feature", "properties": { "matched_key": "U_30262580027", "navigation_parent_key": "A_302625", "admin_type": "city_ward", "admin_label": "City Corporation Ward", "map_level": "ward", "admin_rank": 3, "displayable": 1, "geometry_status": "EXACT/GEOMETRY", "location_label": "Ward No. 27" }, "geometry": { "type": "Polygon", "coordinates": [ [ [ 90.383313575000045, 23.765803055000049 ], [ 90.383292963000031, 23.765378030000022 ], [ 90.383524616000045, 23.765398331000029 ], [ 90.387690421000059, 23.764710500000035 ], [ 90.389104039000074, 23.764645978000033 ], [ 90.389190149000058, 23.762663143000054 ], [ 90.389483147000078, 23.760539786000038 ], [ 90.389643053000043, 23.759656460000031 ], [ 90.389755019000063, 23.759563597000067 ], [ 90.390194621000035, 23.75786213300006 ], [ 90.38950737600004, 23.756109318000028 ], [ 90.387159525000072, 23.751118022000071 ], [ 90.386405816000035, 23.751338946000033 ], [ 90.385983271000043, 23.75155452100006 ], [ 90.384978834000037, 23.752442207000058 ], [ 90.384673940000084, 23.752623615000061 ], [ 90.384255462000056, 23.752764658000046 ], [ 90.383451051000065, 23.752850205000072 ], [ 90.383141570000078, 23.753142270000069 ], [ 90.382777611000051, 23.753134154000065 ], [ 90.382564410000043, 23.753014453000048 ], [ 90.382556124000075, 23.753152929000066 ], [ 90.382228547000068, 23.753119674000061 ], [ 90.382204573000081, 23.753295688000037 ], [ 90.38135408800008, 23.753252822000036 ], [ 90.38111477700005, 23.753422770000043 ], [ 90.380812444000071, 23.753443087000051 ], [ 90.380731611000044, 23.753097254000068 ], [ 90.380648240000085, 23.753085282000029 ], [ 90.380652246000068, 23.753180034000025 ], [ 90.38057189500006, 23.753177975000028 ], [ 90.380654050000032, 23.75377304400007 ], [ 90.380530259000068, 23.753782599000033 ], [ 90.380590383000083, 23.754245942000068 ], [ 90.380875014000083, 23.754236794000064 ], [ 90.380909219000046, 23.754653947000065 ], [ 90.38058495100006, 23.754715716000078 ], [ 90.380687403000081, 23.755146763000027 ], [ 90.380997411000067, 23.75505778400003 ], [ 90.381370417000085, 23.755910578000055 ], [ 90.381252485000061, 23.755949160000057 ], [ 90.381199492000064, 23.756096673000059 ], [ 90.380614343000047, 23.756386644000031 ], [ 90.380653058000064, 23.756623650000051 ], [ 90.380394249000062, 23.756628806000037 ], [ 90.380395233000058, 23.756967517000078 ], [ 90.379684304000079, 23.756939913000053 ], [ 90.379418371000042, 23.75850769300007 ], [ 90.374146808000035, 23.758319576000076 ], [ 90.373355350000054, 23.759520548000069 ], [ 90.370880216000046, 23.763961436000045 ], [ 90.367587264000065, 23.772545603000026 ], [ 90.367128333000039, 23.773382193000032 ], [ 90.372152025000048, 23.774634709000054 ], [ 90.377996391000067, 23.776250866000055 ], [ 90.380693594000036, 23.776881025000023 ], [ 90.381983596000055, 23.77267099200003 ], [ 90.38236254900005, 23.771157125000059 ], [ 90.382999935000043, 23.768247106000047 ], [ 90.383313575000045, 23.765803055000049 ] ] ] } },
{ "type": "Feature", "properties": { "matched_key": "U_30262580028", "navigation_parent_key": "A_302625", "admin_type": "city_ward", "admin_label": "City Corporation Ward", "map_level": "ward", "admin_rank": 3, "displayable": 1, "geometry_status": "EXACT/GEOMETRY", "location_label": "Ward No. 28" }, "geometry": { "type": "Polygon", "coordinates": [ [ [ 90.37856953000005, 23.783820662000039 ], [ 90.380693594000036, 23.776881025000023 ], [ 90.377996391000067, 23.776250866000055 ], [ 90.372152025000048, 23.774634709000054 ], [ 90.367128333000039, 23.773382193000032 ], [ 90.366074194000078, 23.774588268000059 ], [ 90.364790631000062, 23.775580356000034 ], [ 90.362179465000054, 23.777408795000042 ], [ 90.363767118000055, 23.778768958000057 ], [ 90.364032974000054, 23.77907543300006 ], [ 90.364565646000074, 23.780031613000062 ], [ 90.364981356000044, 23.781277105000072 ], [ 90.365465270000072, 23.782341786000075 ], [ 90.365740430000074, 23.782593702000042 ], [ 90.36650615700006, 23.783029077000037 ], [ 90.367224665000037, 23.783222788000046 ], [ 90.368726037000044, 23.783092757000077 ], [ 90.369357036000054, 23.783191170000066 ], [ 90.370204282000032, 23.783464066000079 ], [ 90.370198505000076, 23.783156976000043 ], [ 90.370409850000044, 23.782998583000051 ], [ 90.371147152000049, 23.783086955000044 ], [ 90.371601653000084, 23.783004571000049 ], [ 90.372132098000066, 23.783152328000028 ], [ 90.373000236000053, 23.783093971000028 ], [ 90.37856953000005, 23.783820662000039 ] ] ] } },
{ "type": "Feature", "properties": { "matched_key": "U_30262590025", "navigation_parent_key": "A_302625", "admin_type": "city_ward", "admin_label": "City Corporation Ward", "map_level": "ward", "admin_rank": 3, "displayable": 1, "geometry_status": "EXACT/GEOMETRY", "location_label": "Ward No. 25 (Part)" }, "geometry": { "type": "Polygon", "coordinates": [ [ [ 90.397549942000069, 23.778123408000056 ], [ 90.397242005000066, 23.775811841000063 ], [ 90.397470586000054, 23.775782107000055 ], [ 90.395875215000046, 23.76611940500004 ], [ 90.395418801000062, 23.766302091000057 ], [ 90.395179277000068, 23.766121398000053 ], [ 90.394921064000073, 23.76638917300005 ], [ 90.393993167000076, 23.765643615000045 ], [ 90.393686787000036, 23.765966647000027 ], [ 90.393230667000068, 23.765718208000067 ], [ 90.392670397000074, 23.765639915000065 ], [ 90.392675394000037, 23.765299007000067 ], [ 90.391923963000067, 23.765214824000054 ], [ 90.390770391000046, 23.764896465000049 ], [ 90.390695708000067, 23.765162931000077 ], [ 90.390180709000049, 23.765172732000053 ], [ 90.389987609000059, 23.765278231000025 ], [ 90.389546887000051, 23.76510698900006 ], [ 90.389077023000084, 23.765068403000043 ], [ 90.389005574000066, 23.766186255000036 ], [ 90.38907030200005, 23.767739667000058 ], [ 90.389341095000077, 23.769486758000028 ], [ 90.390094347000058, 23.773192663000032 ], [ 90.389909966000062, 23.775336068000058 ], [ 90.392709615000058, 23.775751239000044 ], [ 90.393554207000079, 23.776130709000029 ], [ 90.395682850000071, 23.777353044000051 ], [ 90.395826192000072, 23.777309808000041 ], [ 90.397549942000069, 23.778123408000056 ] ] ] } },
{ "type": "Feature", "properties": { "matched_key": "U_30262590026", "navigation_parent_key": "A_302625", "admin_type": "city_ward", "admin_label": "City Corporation Ward", "map_level": "ward", "admin_rank": 3, "displayable": 1, "geometry_status": "EXACT/GEOMETRY", "location_label": "Ward No. 26" }, "geometry": { "type": "Polygon", "coordinates": [ [ [ 90.395172219000074, 23.766128717000072 ], [ 90.395418801000062, 23.766302091000057 ], [ 90.395728693000081, 23.766200325000057 ], [ 90.395444590000068, 23.764170811000042 ], [ 90.395576057000085, 23.764181669000038 ], [ 90.394375139000033, 23.756856463000076 ], [ 90.39416615600004, 23.756148279000058 ], [ 90.394063283000037, 23.756213474000049 ], [ 90.393841242000065, 23.754668926000022 ], [ 90.393901725000035, 23.75423193000006 ], [ 90.394502784000053, 23.753111252000053 ], [ 90.394656892000057, 23.753247337000062 ], [ 90.395044152000082, 23.752778705000026 ], [ 90.395526062000044, 23.752384524000036 ], [ 90.396321715000056, 23.752015945000039 ], [ 90.398050175000037, 23.751660620000052 ], [ 90.39604171600007, 23.750671533000059 ], [ 90.393327996000039, 23.749896300000046 ], [ 90.392844040000057, 23.749923984000077 ], [ 90.387136799000075, 23.750958002000061 ], [ 90.38950737600004, 23.756109318000028 ], [ 90.390194621000035, 23.75786213300006 ], [ 90.389755019000063, 23.759563597000067 ], [ 90.389643053000043, 23.759656460000031 ], [ 90.389483147000078, 23.760539786000038 ], [ 90.389190149000058, 23.762663143000054 ], [ 90.389077023000084, 23.765068403000043 ], [ 90.389546887000051, 23.76510698900006 ], [ 90.389987609000059, 23.765278231000025 ], [ 90.390180709000049, 23.765172732000053 ], [ 90.390695708000067, 23.765162931000077 ], [ 90.390770391000046, 23.764896465000049 ], [ 90.391923963000067, 23.765214824000054 ], [ 90.392675394000037, 23.765299007000067 ], [ 90.392670397000074, 23.765639915000065 ], [ 90.393230667000068, 23.765718208000067 ], [ 90.393686787000036, 23.765966647000027 ], [ 90.393993167000076, 23.765643615000045 ], [ 90.394921064000073, 23.76638917300005 ], [ 90.395172219000074, 23.766128717000072 ] ] ] } },
{ "type": "Feature", "properties": { "matched_key": "U_30262592020", "navigation_parent_key": "A_302625", "admin_type": "city_ward", "admin_label": "City Corporation Ward", "map_level": "ward", "admin_rank": 3, "displayable": 1, "geometry_status": "EXACT/GEOMETRY", "location_label": "Ward No. 20 (Part)" }, "geometry": { "type": "Polygon", "coordinates": [ [ [ 90.39900083100008, 23.775150265000036 ], [ 90.399602399000059, 23.774082885000041 ], [ 90.399156607000066, 23.77415433300007 ], [ 90.399018181000031, 23.774055933000056 ], [ 90.398528226000053, 23.774085853000031 ], [ 90.398486864000063, 23.773745061000056 ], [ 90.397145464000062, 23.773949911000045 ], [ 90.397470586000054, 23.775782107000055 ], [ 90.397242005000066, 23.775811841000063 ], [ 90.397560878000036, 23.77817761600005 ], [ 90.398289822000038, 23.778150856000025 ], [ 90.398544090000087, 23.776641790000042 ], [ 90.39900083100008, 23.775150265000036 ] ] ] } },
{ "type": "Feature", "properties": { "matched_key": "U_30262592024", "navigation_parent_key": "A_302625", "admin_type": "city_ward", "admin_label": "City Corporation Ward", "map_level": "ward", "admin_rank": 3, "displayable": 1, "geometry_status": "EXACT/GEOMETRY", "location_label": "Ward No. 24" }, "geometry": { "type": "Polygon", "coordinates": [ [ [ 90.400022602000035, 23.774112400000035 ], [ 90.400057096000069, 23.77403212300004 ], [ 90.400581374000069, 23.77387486300006 ], [ 90.402403996000032, 23.774000693000062 ], [ 90.402587637000067, 23.773636710000062 ], [ 90.403894201000071, 23.773519600000043 ], [ 90.405129149000061, 23.772990694000043 ], [ 90.405755528000043, 23.772913109000058 ], [ 90.405695877000085, 23.772328630000061 ], [ 90.40577247300007, 23.772325441000078 ], [ 90.405764636000072, 23.772107861000052 ], [ 90.406201844000066, 23.772069342000066 ], [ 90.406208089000074, 23.772161846000074 ], [ 90.406912805000047, 23.772064636000039 ], [ 90.406924742000058, 23.77214562100005 ], [ 90.407060207000086, 23.772118018000072 ], [ 90.406959806000032, 23.77167236300005 ], [ 90.407706792000056, 23.771552144000054 ], [ 90.407765976000064, 23.772609770000031 ], [ 90.408545178000054, 23.772471626000026 ], [ 90.408383043000072, 23.77160957600006 ], [ 90.408785240000043, 23.771530234000068 ], [ 90.408861515000069, 23.772289509000075 ], [ 90.409053662000076, 23.772280430000023 ], [ 90.409064330000035, 23.772384780000039 ], [ 90.409513466000078, 23.772362033000036 ], [ 90.409465863000037, 23.771893152000075 ], [ 90.409744218000071, 23.771847007000076 ], [ 90.409718429000065, 23.771696515000031 ], [ 90.409581626000033, 23.771703067000033 ], [ 90.40942369000004, 23.771232472000065 ], [ 90.410642645000053, 23.77095250800005 ], [ 90.410710465000079, 23.77094734800005 ], [ 90.41084537100005, 23.771238550000078 ], [ 90.410965794000049, 23.771878708000031 ], [ 90.41137358900005, 23.771747615000038 ], [ 90.411410921000083, 23.771826402000045 ], [ 90.411764626000036, 23.771682246000069 ], [ 90.412023021000039, 23.771784706000062 ], [ 90.412274990000071, 23.771904670000026 ], [ 90.412346455000034, 23.772376192000024 ], [ 90.41262663200007, 23.772542602000044 ], [ 90.413444498000047, 23.772493408000059 ], [ 90.413519895000036, 23.772097507000069 ], [ 90.414602810000076, 23.772568802000023 ], [ 90.415705631000037, 23.771000976000039 ], [ 90.415752378000036, 23.771041495000077 ], [ 90.415806485000076, 23.770695861000036 ], [ 90.415477252000073, 23.769779959000061 ], [ 90.409370813000066, 23.761888393000049 ], [ 90.407383095000057, 23.759771031000071 ], [ 90.406169502000068, 23.758850663000032 ], [ 90.403554747000044, 23.755700926000031 ], [ 90.402705464000064, 23.75622897900007 ], [ 90.402389804000052, 23.755997464000075 ], [ 90.401927449000084, 23.754244515000039 ], [ 90.401666638000052, 23.753862816000037 ], [ 90.401539421000052, 23.753803632000029 ], [ 90.401798912000061, 23.753496124000037 ], [ 90.400775611000086, 23.752975607000053 ], [ 90.400415219000081, 23.752651373000049 ], [ 90.399539103000052, 23.752147825000065 ], [ 90.398973695000052, 23.751966378000077 ], [ 90.398696449000056, 23.751569313000061 ], [ 90.397499786000083, 23.751738378000027 ], [ 90.396321715000056, 23.752015945000039 ], [ 90.395526062000044, 23.752384524000036 ], [ 90.395044152000082, 23.752778705000026 ], [ 90.394656892000057, 23.753247337000062 ], [ 90.394502784000053, 23.753111252000053 ], [ 90.393901725000035, 23.75423193000006 ], [ 90.393841242000065, 23.754668926000022 ], [ 90.394063283000037, 23.756213474000049 ], [ 90.39416615600004, 23.756148279000058 ], [ 90.394375139000033, 23.756856463000076 ], [ 90.395576057000085, 23.764181669000038 ], [ 90.395444590000068, 23.764170811000042 ], [ 90.395728693000081, 23.766200325000057 ], [ 90.395875215000046, 23.76611940500004 ], [ 90.396122250000076, 23.767657991000078 ], [ 90.396995932000038, 23.767578252000078 ], [ 90.397029393000082, 23.767780549000065 ], [ 90.397502048000035, 23.767735409000068 ], [ 90.397712771000045, 23.767811623000057 ], [ 90.397575275000065, 23.768260657000042 ], [ 90.398005582000053, 23.768326736000063 ], [ 90.398004762000085, 23.76859488100007 ], [ 90.398397375000059, 23.768590279000023 ], [ 90.398395318000041, 23.768469811000045 ], [ 90.398795282000037, 23.76847594700007 ], [ 90.399397791000069, 23.768346399000052 ], [ 90.399543453000035, 23.768786105000061 ], [ 90.39979764900005, 23.768831908000038 ], [ 90.398897204000036, 23.76912817300007 ], [ 90.39902617100006, 23.76938074800006 ], [ 90.399440274000085, 23.769243990000064 ], [ 90.399524811000049, 23.769535796000071 ], [ 90.400115926000069, 23.769330148000051 ], [ 90.40016293900004, 23.769482667000034 ], [ 90.400256275000061, 23.769475947000046 ], [ 90.400356625000086, 23.770049829000072 ], [ 90.400501381000083, 23.77004282200005 ], [ 90.40080809400007, 23.771391879000078 ], [ 90.401176270000065, 23.771536107000031 ], [ 90.400928889000056, 23.772265695000044 ], [ 90.399571703000049, 23.774086645000068 ], [ 90.400022602000035, 23.774112400000035 ] ] ] } },
{ "type": "Feature", "properties": { "matched_key": "U_30262592025", "navigation_parent_key": "A_302625", "admin_type": "city_ward", "admin_label": "City Corporation Ward", "map_level": "ward", "admin_rank": 3, "displayable": 1, "geometry_status": "EXACT/GEOMETRY", "location_label": "Ward No. 25 (Part)" }, "geometry": { "type": "Polygon", "coordinates": [ [ [ 90.399571703000049, 23.774086645000068 ], [ 90.400928889000056, 23.772265695000044 ], [ 90.401176270000065, 23.771536107000031 ], [ 90.40080809400007, 23.771391879000078 ], [ 90.400501381000083, 23.77004282200005 ], [ 90.400356625000086, 23.770049829000072 ], [ 90.400256275000061, 23.769475947000046 ], [ 90.40016293900004, 23.769482667000034 ], [ 90.400115926000069, 23.769330148000051 ], [ 90.399524811000049, 23.769535796000071 ], [ 90.399440274000085, 23.769243990000064 ], [ 90.399045562000083, 23.76940912200007 ], [ 90.398897204000036, 23.76912817300007 ], [ 90.39979764900005, 23.768831908000038 ], [ 90.399543453000035, 23.768786105000061 ], [ 90.399397791000069, 23.768346399000052 ], [ 90.398795282000037, 23.76847594700007 ], [ 90.398395318000041, 23.768469811000045 ], [ 90.398397375000059, 23.768590279000023 ], [ 90.398004762000085, 23.76859488100007 ], [ 90.398005582000053, 23.768326736000063 ], [ 90.397575275000065, 23.768260657000042 ], [ 90.397712771000045, 23.767811623000057 ], [ 90.397502048000035, 23.767735409000068 ], [ 90.397029393000082, 23.767780549000065 ], [ 90.396995932000038, 23.767578252000078 ], [ 90.396122250000076, 23.767657991000078 ], [ 90.397145464000062, 23.773949911000045 ], [ 90.398486864000063, 23.773745061000056 ], [ 90.398528226000053, 23.774085853000031 ], [ 90.399018181000031, 23.774055933000056 ], [ 90.399156607000066, 23.77415433300007 ], [ 90.399571703000049, 23.774086645000068 ] ] ] } },
{ "type": "Feature", "properties": { "matched_key": "U_30262593052", "navigation_parent_key": "A_302625", "admin_type": "city_ward", "admin_label": "City Corporation Ward", "map_level": "ward", "admin_rank": 3, "displayable": 1, "geometry_status": "EXACT/GEOMETRY", "location_label": "Ward No. 52" }, "geometry": { "type": "Polygon", "coordinates": [ [ [ 90.378685381000082, 23.870903632000022 ], [ 90.378685282000049, 23.870403835000047 ], [ 90.379267896000044, 23.870347263000042 ], [ 90.379272297000057, 23.869036265000034 ], [ 90.381151353000064, 23.869028968000066 ], [ 90.381173735000061, 23.868751562000057 ], [ 90.38204859700005, 23.868635764000032 ], [ 90.382041147000052, 23.868428607000055 ], [ 90.382870473000082, 23.868422232000057 ], [ 90.382935494000037, 23.867171115000076 ], [ 90.383398897000063, 23.867169266000076 ], [ 90.383487759000047, 23.866900686000065 ], [ 90.383815815000048, 23.866699142000073 ], [ 90.383943788000067, 23.866475376000039 ], [ 90.384302378000086, 23.866468506000047 ], [ 90.384382023000057, 23.866070641000078 ], [ 90.384686896000062, 23.866095015000042 ], [ 90.384743899000057, 23.865398566000067 ], [ 90.38521939900005, 23.865344066000034 ], [ 90.385299799000052, 23.864309467000055 ], [ 90.385437999000033, 23.864037167000049 ], [ 90.385888698000031, 23.864278367000054 ], [ 90.387120650000043, 23.862448766000057 ], [ 90.387357072000043, 23.862431508000043 ], [ 90.387415829000076, 23.862521754000056 ], [ 90.387549680000063, 23.862530259000039 ], [ 90.387555296000073, 23.862452577000056 ], [ 90.387876650000067, 23.862499676000027 ], [ 90.387916929000085, 23.862380209000037 ], [ 90.388378971000066, 23.862495729000045 ], [ 90.388494230000049, 23.86263088100003 ], [ 90.38940836900008, 23.862780465000071 ], [ 90.389475946000061, 23.86287182500007 ], [ 90.389916650000032, 23.862781091000045 ], [ 90.390473399000086, 23.862120668000045 ], [ 90.391267490000075, 23.862179476000051 ], [ 90.392052491000072, 23.862998066000046 ], [ 90.392609871000047, 23.863255426000023 ], [ 90.392691704000072, 23.862891610000077 ], [ 90.39255802200006, 23.862720761000048 ], [ 90.392607326000075, 23.862688287000026 ], [ 90.392436599000064, 23.862428471000044 ], [ 90.392320654000059, 23.862498310000035 ], [ 90.392146170000046, 23.862285821000057 ], [ 90.392427794000071, 23.862093679000054 ], [ 90.392072092000035, 23.861674813000036 ], [ 90.39193534900005, 23.861352535000037 ], [ 90.392070484000044, 23.861011735000034 ], [ 90.385451863000071, 23.856864358000053 ], [ 90.38673237900008, 23.854596050000055 ], [ 90.387736662000066, 23.853125534000071 ], [ 90.39194519800003, 23.847666619000051 ], [ 90.392140666000046, 23.847559992000072 ], [ 90.393222188000038, 23.846157953000045 ], [ 90.393336624000085, 23.846195899000065 ], [ 90.39341403700007, 23.846018854000079 ], [ 90.393266685000071, 23.845859047000033 ], [ 90.393264564000049, 23.845156788000054 ], [ 90.393435672000066, 23.844300537000038 ], [ 90.393483365000066, 23.84383525100003 ], [ 90.393423116000065, 23.843639232000044 ], [ 90.391923964000057, 23.84346212500003 ], [ 90.391787176000037, 23.843594865000057 ], [ 90.391443036000055, 23.843594284000062 ], [ 90.388709476000031, 23.843301364000069 ], [ 90.388689119000048, 23.843599118000043 ], [ 90.388368213000035, 23.843624410000075 ], [ 90.388349972000071, 23.843903076000061 ], [ 90.387260971000046, 23.843859015000078 ], [ 90.387305968000078, 23.844205421000026 ], [ 90.387052097000037, 23.844278318000079 ], [ 90.38639844100004, 23.844455346000075 ], [ 90.386156289000041, 23.844331411000041 ], [ 90.385567583000068, 23.844299570000032 ], [ 90.384780914000032, 23.844693014000029 ], [ 90.384246317000077, 23.844586067000023 ], [ 90.383105446000059, 23.844630554000048 ], [ 90.382125245000054, 23.845206895000047 ], [ 90.381696415000079, 23.845262654000067 ], [ 90.381092466000041, 23.844835112000055 ], [ 90.379602624000086, 23.844236923000039 ], [ 90.37913737100007, 23.843667990000029 ], [ 90.378934928000035, 23.842643317000068 ], [ 90.379089913000087, 23.841066792000049 ], [ 90.379481643000076, 23.84028227400006 ], [ 90.379291287000058, 23.838534903000038 ], [ 90.378934824000055, 23.838377163000075 ], [ 90.379071897000074, 23.836377165000044 ], [ 90.37935632600005, 23.835916447000045 ], [ 90.379815371000063, 23.835840212000051 ], [ 90.380210225000042, 23.834750221000036 ], [ 90.380596510000032, 23.834223533000056 ], [ 90.381175585000051, 23.832123891000037 ], [ 90.380981602000077, 23.831845344000044 ], [ 90.380868562000046, 23.831842756000071 ], [ 90.379492202000051, 23.832898545000035 ], [ 90.379469603000075, 23.833087843000044 ], [ 90.379167401000075, 23.833508744000028 ], [ 90.377431900000033, 23.835662843000023 ], [ 90.377406294000082, 23.835849235000069 ], [ 90.37710136000004, 23.836413981000078 ], [ 90.377015225000036, 23.837174159000028 ], [ 90.376752172000067, 23.837848736000069 ], [ 90.376651811000045, 23.837817603000076 ], [ 90.376648423000063, 23.837883410000074 ], [ 90.376779301000056, 23.838201136000066 ], [ 90.377791365000064, 23.839012142000058 ], [ 90.378014457000063, 23.839287025000033 ], [ 90.378206678000083, 23.839713173000064 ], [ 90.378020621000076, 23.840068550000069 ], [ 90.377342897000062, 23.840231538000069 ], [ 90.376571245000036, 23.840262106000068 ], [ 90.376205516000084, 23.840488856000036 ], [ 90.376052488000084, 23.84074946100003 ], [ 90.375611615000082, 23.840903833000027 ], [ 90.374981974000036, 23.84095411900006 ], [ 90.374663805000068, 23.840898971000058 ], [ 90.374466407000057, 23.840719275000026 ], [ 90.374512173000085, 23.84037072600006 ], [ 90.374139016000072, 23.839378614000054 ], [ 90.374026967000077, 23.839455600000065 ], [ 90.372606730000086, 23.839677161000054 ], [ 90.371938282000031, 23.839706763000038 ], [ 90.371160116000055, 23.839609307000046 ], [ 90.369790673000068, 23.83996621700004 ], [ 90.369775962000062, 23.839904723000075 ], [ 90.369418695000036, 23.839986833000069 ], [ 90.369416887000057, 23.840082431000042 ], [ 90.369116420000069, 23.840352506000045 ], [ 90.368223131000036, 23.841545788000076 ], [ 90.368118405000075, 23.841875638000033 ], [ 90.367820771000083, 23.842129526000065 ], [ 90.366355353000074, 23.843992462000074 ], [ 90.365865905000078, 23.844839412000056 ], [ 90.365776543000038, 23.844871268000077 ], [ 90.364865657000053, 23.846570213000064 ], [ 90.364089933000059, 23.847689802000048 ], [ 90.363681213000064, 23.849244330000033 ], [ 90.363355625000054, 23.849360262000062 ], [ 90.362885665000078, 23.849205557000062 ], [ 90.362123824000037, 23.848706058000062 ], [ 90.36168880200006, 23.84853320700006 ], [ 90.359896766000077, 23.848587080000073 ], [ 90.35916381100003, 23.848764921000054 ], [ 90.358511933000045, 23.848741601000029 ], [ 90.356066854000062, 23.84834759000006 ], [ 90.355305523000084, 23.848024183000064 ], [ 90.354924040000071, 23.847675060000029 ], [ 90.354676909000034, 23.846625618000076 ], [ 90.354105787000037, 23.846276929000055 ], [ 90.353154009000036, 23.845879431000071 ], [ 90.35309830500006, 23.845479877000059 ], [ 90.353260140000032, 23.844955630000072 ], [ 90.353693584000041, 23.844554954000046 ], [ 90.354127431000052, 23.844303310000043 ], [ 90.355321085000071, 23.843826363000062 ], [ 90.355428559000075, 23.843401596000035 ], [ 90.355510052000056, 23.843351727000027 ], [ 90.355318908000072, 23.843027005000067 ], [ 90.354475985000079, 23.842703779000033 ], [ 90.352698319000069, 23.841689461000044 ], [ 90.351729421000073, 23.841301028000032 ], [ 90.350788322000085, 23.840749940000023 ], [ 90.350400572000069, 23.840339849000031 ], [ 90.349102125000059, 23.838118578000035 ], [ 90.348849394000069, 23.83724526900005 ], [ 90.349435305000043, 23.835116818000074 ], [ 90.349377176000075, 23.834493715000065 ], [ 90.348863752000057, 23.833435832000077 ], [ 90.347436860000073, 23.832030007000071 ], [ 90.347492655000053, 23.832011817000023 ], [ 90.346697063000079, 23.831453600000032 ], [ 90.34497562100006, 23.830732617000024 ], [ 90.34380492300005, 23.830109737000043 ], [ 90.342477902000041, 23.828376217000027 ], [ 90.342265764000047, 23.827279253000029 ], [ 90.340993386000036, 23.827650144000074 ], [ 90.340196499000058, 23.827986101000079 ], [ 90.339960078000047, 23.828395340000043 ], [ 90.33984736900004, 23.828946561000066 ], [ 90.339645349000079, 23.829134429000078 ], [ 90.338882798000043, 23.829463530000055 ], [ 90.337406666000049, 23.829841612000052 ], [ 90.337204021000048, 23.83002947600005 ], [ 90.336800658000072, 23.831622319000076 ], [ 90.336826255000062, 23.83250517700003 ], [ 90.336696740000036, 23.832494169000029 ], [ 90.336690776000069, 23.83256192500005 ], [ 90.336909586000047, 23.832929515000046 ], [ 90.338072311000076, 23.833794079000029 ], [ 90.338436828000056, 23.83426070400003 ], [ 90.338387118000071, 23.834732755000061 ], [ 90.337551641000061, 23.836538804000043 ], [ 90.337683868000056, 23.837832400000025 ], [ 90.337902245000066, 23.83826547700005 ], [ 90.338957350000044, 23.839496078000025 ], [ 90.341137076000052, 23.841060640000023 ], [ 90.341356694000069, 23.841726293000079 ], [ 90.341212357000074, 23.842153392000057 ], [ 90.340978704000065, 23.842456494000032 ], [ 90.339912518000062, 23.843583378000062 ], [ 90.338311984000086, 23.845038853000062 ], [ 90.336964908000084, 23.846026331000076 ], [ 90.336799556000074, 23.846640895000064 ], [ 90.336873530000048, 23.847241385000075 ], [ 90.337165905000063, 23.848040109000067 ], [ 90.337893354000073, 23.848806267000043 ], [ 90.338511485000083, 23.849306207000041 ], [ 90.339540615000033, 23.849954271000058 ], [ 90.340531103000046, 23.851076611000053 ], [ 90.340436339000064, 23.851219083000046 ], [ 90.340584559000035, 23.851568756000063 ], [ 90.341386048000061, 23.852935383000045 ], [ 90.342367043000081, 23.85346611600005 ], [ 90.343164695000041, 23.853364987000077 ], [ 90.343819262000068, 23.854165149000039 ], [ 90.344617266000057, 23.854194977000077 ], [ 90.345487517000038, 23.853926572000034 ], [ 90.347007828000073, 23.852988308000079 ], [ 90.347732603000054, 23.852720219000048 ], [ 90.348925610000038, 23.852652037000041 ], [ 90.349846334000063, 23.854043189000038 ], [ 90.350089245000049, 23.854672642000025 ], [ 90.350132726000083, 23.855587308000054 ], [ 90.350285018000079, 23.855602612000041 ], [ 90.345962689000032, 23.857178650000037 ], [ 90.344883744000072, 23.857776380000075 ], [ 90.346333534000053, 23.85883429200004 ], [ 90.34712096100003, 23.859841027000073 ], [ 90.347646565000048, 23.860707859000058 ], [ 90.348884297000041, 23.860044301000073 ], [ 90.349296002000074, 23.859701163000068 ], [ 90.34999870300004, 23.859373162000054 ], [ 90.357091905000061, 23.858479664000072 ], [ 90.357921253000086, 23.858407659000022 ], [ 90.358110328000066, 23.858490642000049 ], [ 90.360214546000066, 23.858209964000025 ], [ 90.360354956000037, 23.860689342000057 ], [ 90.359296866000079, 23.863629580000065 ], [ 90.35941963700003, 23.864076394000051 ], [ 90.35983630000004, 23.864251552000042 ], [ 90.360467992000054, 23.864715240000066 ], [ 90.361014698000076, 23.864634925000075 ], [ 90.361640636000061, 23.864418959000034 ], [ 90.361652501000037, 23.864495835000071 ], [ 90.368673553000065, 23.864699881000035 ], [ 90.370173827000031, 23.865299155000059 ], [ 90.370650449000038, 23.865388185000029 ], [ 90.375281151000081, 23.864788545000067 ], [ 90.375192575000085, 23.866152017000047 ], [ 90.375016074000087, 23.866959146000056 ], [ 90.375679604000084, 23.867067414000076 ], [ 90.375762703000078, 23.867172913000047 ], [ 90.375803716000064, 23.867973155000072 ], [ 90.376001064000036, 23.868821060000073 ], [ 90.376219669000079, 23.869247644000041 ], [ 90.376522111000043, 23.869273852000049 ], [ 90.377460935000045, 23.870028490000038 ], [ 90.377463168000077, 23.870152732000065 ], [ 90.377678626000034, 23.870367506000036 ], [ 90.378284147000045, 23.870773058000054 ], [ 90.378685381000082, 23.870903632000022 ] ] ] } },
{ "type": "Feature", "properties": { "matched_key": "U_30262593053", "navigation_parent_key": "A_302625", "admin_type": "city_ward", "admin_label": "City Corporation Ward", "map_level": "ward", "admin_rank": 3, "displayable": 1, "geometry_status": "EXACT/GEOMETRY", "location_label": "Ward No. 53" }, "geometry": { "type": "Polygon", "coordinates": [ [ [ 90.386621128000058, 23.887572026000043 ], [ 90.38716512700006, 23.887180627000077 ], [ 90.38756410600007, 23.887268107000068 ], [ 90.387697565000053, 23.886828036000054 ], [ 90.387588374000075, 23.886599007000029 ], [ 90.387812920000044, 23.886120169000037 ], [ 90.387662354000042, 23.885170712000047 ], [ 90.387929503000066, 23.884096895000027 ], [ 90.387735544000066, 23.883599852000032 ], [ 90.388091530000054, 23.88315282700006 ], [ 90.387609932000032, 23.883064727000033 ], [ 90.387757531000034, 23.882514628000024 ], [ 90.387137364000068, 23.882309037000027 ], [ 90.387438919000033, 23.881560173000025 ], [ 90.387162118000049, 23.881447673000025 ], [ 90.387265519000039, 23.881007774000068 ], [ 90.387990552000076, 23.878956507000055 ], [ 90.386238026000058, 23.878350241000078 ], [ 90.383097138000039, 23.876831634000041 ], [ 90.382648621000044, 23.87670404000005 ], [ 90.381696434000048, 23.876062853000064 ], [ 90.379549488000066, 23.875582674000043 ], [ 90.379097696000031, 23.874328298000023 ], [ 90.37830636700005, 23.873682176000045 ], [ 90.37808566800004, 23.873362072000077 ], [ 90.37818307200007, 23.873217805000024 ], [ 90.378606726000044, 23.873198265000042 ], [ 90.378659438000057, 23.872683007000035 ], [ 90.378864986000053, 23.872279972000058 ], [ 90.378935374000037, 23.871697297000026 ], [ 90.378277719000039, 23.870768754000039 ], [ 90.377678626000034, 23.870367506000036 ], [ 90.377463168000077, 23.870152732000065 ], [ 90.377460935000045, 23.870028490000038 ], [ 90.376522111000043, 23.869273852000049 ], [ 90.376219669000079, 23.869247644000041 ], [ 90.376001064000036, 23.868821060000073 ], [ 90.375803716000064, 23.867973155000072 ], [ 90.375762703000078, 23.867172913000047 ], [ 90.375679604000084, 23.867067414000076 ], [ 90.375016074000087, 23.866959146000056 ], [ 90.375192575000085, 23.866152017000047 ], [ 90.375281151000081, 23.864788545000067 ], [ 90.370650449000038, 23.865388185000029 ], [ 90.370173827000031, 23.865299155000059 ], [ 90.368673553000065, 23.864699881000035 ], [ 90.361652501000037, 23.864495835000071 ], [ 90.361640636000061, 23.864418959000034 ], [ 90.361014698000076, 23.864634925000075 ], [ 90.360467992000054, 23.864715240000066 ], [ 90.35983630000004, 23.864251552000042 ], [ 90.35941963700003, 23.864076394000051 ], [ 90.359296866000079, 23.863629580000065 ], [ 90.360354956000037, 23.860689342000057 ], [ 90.360214546000066, 23.858209964000025 ], [ 90.358110328000066, 23.858490642000049 ], [ 90.357921253000086, 23.858407659000022 ], [ 90.357091905000061, 23.858479664000072 ], [ 90.34999870300004, 23.859373162000054 ], [ 90.349296002000074, 23.859701163000068 ], [ 90.348884297000041, 23.860044301000073 ], [ 90.347646565000048, 23.860707859000058 ], [ 90.348901237000064, 23.86286252900004 ], [ 90.350476268000079, 23.864904648000049 ], [ 90.351712449000047, 23.869188299000029 ], [ 90.351894581000067, 23.87536162300006 ], [ 90.352043590000051, 23.876483501000052 ], [ 90.352432204000081, 23.877083519000053 ], [ 90.35764256200008, 23.881287464000025 ], [ 90.358773493000058, 23.882628604000047 ], [ 90.358985207000046, 23.884002956000074 ], [ 90.359605548000047, 23.883927327000038 ], [ 90.361458939000045, 23.884226970000043 ], [ 90.362393948000033, 23.884001084000033 ], [ 90.362773220000065, 23.883801840000046 ], [ 90.363000144000068, 23.884035719000053 ], [ 90.36402748200004, 23.884165095000071 ], [ 90.364159361000077, 23.884472208000034 ], [ 90.364533451000057, 23.884012235000057 ], [ 90.365099465000071, 23.883563796000033 ], [ 90.366027320000057, 23.882111907000024 ], [ 90.367693002000067, 23.880853896000076 ], [ 90.367917186000057, 23.880780640000069 ], [ 90.368239399000061, 23.880382852000025 ], [ 90.369409069000085, 23.880896011000061 ], [ 90.370182373000034, 23.881396016000053 ], [ 90.369946473000084, 23.881893355000045 ], [ 90.369702551000046, 23.882882904000041 ], [ 90.369947011000079, 23.883046935000039 ], [ 90.369979302000047, 23.883369774000073 ], [ 90.369874494000044, 23.883612103000075 ], [ 90.370044037000071, 23.88366286400003 ], [ 90.369995753000069, 23.883934225000075 ], [ 90.370225857000037, 23.883967128000052 ], [ 90.370148398000083, 23.884622818000025 ], [ 90.370874262000086, 23.884808978000024 ], [ 90.37051632500004, 23.885618715000078 ], [ 90.37129152600005, 23.885915716000056 ], [ 90.37142242200008, 23.885963011000058 ], [ 90.371432390000052, 23.88585577200007 ], [ 90.371830675000069, 23.885864721000075 ], [ 90.37188941900007, 23.88525065500005 ], [ 90.371988658000078, 23.885047565000036 ], [ 90.372919166000031, 23.885336461000065 ], [ 90.372871700000076, 23.885891408000077 ], [ 90.373164745000054, 23.885934879000047 ], [ 90.37316303700004, 23.886048258000073 ], [ 90.373424018000037, 23.886144737000052 ], [ 90.373772320000057, 23.886179318000075 ], [ 90.373766381000053, 23.886283290000051 ], [ 90.374418964000085, 23.886260049000043 ], [ 90.374449951000031, 23.886404071000072 ], [ 90.37662782700005, 23.886444919000041 ], [ 90.378063227000041, 23.886217720000047 ], [ 90.380036226000072, 23.886385121000046 ], [ 90.381620326000075, 23.88624842300004 ], [ 90.384349227000087, 23.886223925000024 ], [ 90.384657728000036, 23.886249725000027 ], [ 90.385722227000031, 23.886571426000046 ], [ 90.386498028000062, 23.886590326000032 ], [ 90.386621128000058, 23.887572026000043 ] ] ] } },
{ "type": "Feature", "properties": { "matched_key": "U_30262593054", "navigation_parent_key": "A_302625", "admin_type": "city_ward", "admin_label": "City Corporation Ward", "map_level": "ward", "admin_rank": 3, "displayable": 1, "geometry_status": "EXACT/GEOMETRY", "location_label": "Ward No. 54" }, "geometry": { "type": "Polygon", "coordinates": [ [ [ 90.385813058000053, 23.897967163000033 ], [ 90.387539245000085, 23.895786048000048 ], [ 90.388885539000057, 23.89468161800005 ], [ 90.389240559000086, 23.894154139000022 ], [ 90.38949529000007, 23.893495945000041 ], [ 90.389685991000079, 23.892594492000057 ], [ 90.390035855000065, 23.891947797000057 ], [ 90.390220912000075, 23.891827651000028 ], [ 90.388514441000041, 23.891308367000079 ], [ 90.387715513000046, 23.890914409000061 ], [ 90.386470652000071, 23.890517247000048 ], [ 90.386490515000048, 23.889604691000045 ], [ 90.386749978000068, 23.888755176000075 ], [ 90.386822341000084, 23.887917603000062 ], [ 90.386717365000038, 23.887596148000057 ], [ 90.386621128000058, 23.887572026000043 ], [ 90.386498028000062, 23.886590326000032 ], [ 90.385722227000031, 23.886571426000046 ], [ 90.384657728000036, 23.886249725000027 ], [ 90.384349227000087, 23.886223925000024 ], [ 90.381620326000075, 23.88624842300004 ], [ 90.380036226000072, 23.886385121000046 ], [ 90.378063227000041, 23.886217720000047 ], [ 90.37662782700005, 23.886444919000041 ], [ 90.374449951000031, 23.886404071000072 ], [ 90.374418964000085, 23.886260049000043 ], [ 90.373766381000053, 23.886283290000051 ], [ 90.373772320000057, 23.886179318000075 ], [ 90.373424018000037, 23.886144737000052 ], [ 90.37316303700004, 23.886048258000073 ], [ 90.373164745000054, 23.885934879000047 ], [ 90.372871700000076, 23.885891408000077 ], [ 90.372919166000031, 23.885336461000065 ], [ 90.371988658000078, 23.885047565000036 ], [ 90.37188941900007, 23.88525065500005 ], [ 90.371830675000069, 23.885864721000075 ], [ 90.371432390000052, 23.88585577200007 ], [ 90.37142242200008, 23.885963011000058 ], [ 90.37051632500004, 23.885618715000078 ], [ 90.370874262000086, 23.884808978000024 ], [ 90.370148398000083, 23.884622818000025 ], [ 90.370225857000037, 23.883967128000052 ], [ 90.369995753000069, 23.883934225000075 ], [ 90.370044037000071, 23.88366286400003 ], [ 90.369874494000044, 23.883612103000075 ], [ 90.369979302000047, 23.883369774000073 ], [ 90.369947011000079, 23.883046935000039 ], [ 90.369702551000046, 23.882882904000041 ], [ 90.369946473000084, 23.881893355000045 ], [ 90.370182373000034, 23.881396016000053 ], [ 90.369409069000085, 23.880896011000061 ], [ 90.368239399000061, 23.880382852000025 ], [ 90.367917186000057, 23.880780640000069 ], [ 90.367693002000067, 23.880853896000076 ], [ 90.366027320000057, 23.882111907000024 ], [ 90.365099465000071, 23.883563796000033 ], [ 90.364533451000057, 23.884012235000057 ], [ 90.364159361000077, 23.884472208000034 ], [ 90.36402748200004, 23.884165095000071 ], [ 90.363000144000068, 23.884035719000053 ], [ 90.362773220000065, 23.883801840000046 ], [ 90.362393948000033, 23.884001084000033 ], [ 90.361458939000045, 23.884226970000043 ], [ 90.359605548000047, 23.883927327000038 ], [ 90.358985207000046, 23.884002956000074 ], [ 90.358388830000081, 23.885092420000035 ], [ 90.357572928000081, 23.887123408000036 ], [ 90.357147013000031, 23.888660375000029 ], [ 90.357111547000045, 23.889185302000044 ], [ 90.357732267000074, 23.889853974000061 ], [ 90.358879374000082, 23.890848478000066 ], [ 90.35930342000006, 23.891567631000044 ], [ 90.359479788000044, 23.892319222000026 ], [ 90.359832451000045, 23.89316806000005 ], [ 90.360213379000072, 23.89333485700007 ], [ 90.36034593800008, 23.893576013000029 ], [ 90.360629429000085, 23.893737929000054 ], [ 90.361371807000069, 23.893767800000035 ], [ 90.362115256000038, 23.893962505000047 ], [ 90.364591834000066, 23.894767303000037 ], [ 90.367811455000037, 23.895606415000032 ], [ 90.369545337000034, 23.89625258500007 ], [ 90.370500632000073, 23.89644448100006 ], [ 90.373116812000035, 23.896438158000024 ], [ 90.373965713000075, 23.896567063000077 ], [ 90.374779276000083, 23.896790891000023 ], [ 90.375699349000058, 23.897113809000075 ], [ 90.376938936000045, 23.897729489000028 ], [ 90.37927673300004, 23.899315680000029 ], [ 90.37994939400005, 23.899639184000023 ], [ 90.380621206000058, 23.899671391000027 ], [ 90.384718918000033, 23.898588615000051 ], [ 90.385813058000053, 23.897967163000033 ] ] ] } },
{ "type": "Feature", "properties": { "matched_key": "U_30262594001", "navigation_parent_key": "A_302625", "admin_type": "city_ward", "admin_label": "City Corporation Ward", "map_level": "ward", "admin_rank": 3, "displayable": 1, "geometry_status": "EXACT/GEOMETRY", "location_label": "Ward No. 01 (Part)" }, "geometry": { "type": "Polygon", "coordinates": [ [ [ 90.392730809000057, 23.888578679000034 ], [ 90.392545991000077, 23.886944309000057 ], [ 90.392707303000066, 23.886282283000071 ], [ 90.392999375000045, 23.885619922000046 ], [ 90.39306313700007, 23.885183950000055 ], [ 90.393046267000045, 23.884883670000079 ], [ 90.392700274000049, 23.88395422900004 ], [ 90.392731682000033, 23.883579311000062 ], [ 90.392894076000061, 23.883278573000041 ], [ 90.393415546000085, 23.882751110000072 ], [ 90.393756427000085, 23.882194752000032 ], [ 90.393814405000057, 23.881254441000067 ], [ 90.393927528000063, 23.880847881000022 ], [ 90.394353575000082, 23.880789435000054 ], [ 90.395394281000051, 23.881164355000067 ], [ 90.396158926000055, 23.881348795000065 ], [ 90.398259473000053, 23.881548898000062 ], [ 90.399606973000061, 23.881956454000033 ], [ 90.40079273200007, 23.882192800000041 ], [ 90.401113470000041, 23.880207349000045 ], [ 90.401215834000084, 23.880088619000048 ], [ 90.401335638000035, 23.878318876000037 ], [ 90.40054334000007, 23.875070476000076 ], [ 90.400484141000049, 23.87091437600003 ], [ 90.39998074600004, 23.862260475000028 ], [ 90.400235477000081, 23.860750733000032 ], [ 90.399962832000085, 23.860775150000052 ], [ 90.399989045000041, 23.860683377000043 ], [ 90.397474809000073, 23.861007667000024 ], [ 90.397023726000043, 23.860863374000076 ], [ 90.395620156000064, 23.860939244000065 ], [ 90.392468547000078, 23.861258923000037 ], [ 90.392070484000044, 23.861011735000034 ], [ 90.39193534900005, 23.861352535000037 ], [ 90.392072092000035, 23.861674813000036 ], [ 90.392427794000071, 23.862093679000054 ], [ 90.392146170000046, 23.862285821000057 ], [ 90.392320654000059, 23.862498310000035 ], [ 90.392436599000064, 23.862428471000044 ], [ 90.392607326000075, 23.862688287000026 ], [ 90.39255802200006, 23.862720761000048 ], [ 90.392691704000072, 23.862891610000077 ], [ 90.392609871000047, 23.863255426000023 ], [ 90.392052491000072, 23.862998066000046 ], [ 90.391267490000075, 23.862179476000051 ], [ 90.390473399000086, 23.862120668000045 ], [ 90.389916650000032, 23.862781091000045 ], [ 90.389475946000061, 23.86287182500007 ], [ 90.38940836900008, 23.862780465000071 ], [ 90.388494230000049, 23.86263088100003 ], [ 90.388378971000066, 23.862495729000045 ], [ 90.387916929000085, 23.862380209000037 ], [ 90.387876650000067, 23.862499676000027 ], [ 90.387555296000073, 23.862452577000056 ], [ 90.387549680000063, 23.862530259000039 ], [ 90.387182406000079, 23.862417250000078 ], [ 90.385825899000054, 23.864379467000049 ], [ 90.385789899000031, 23.864544065000075 ], [ 90.387344544000086, 23.864563112000042 ], [ 90.387348531000043, 23.865023278000024 ], [ 90.389882998000076, 23.865012167000032 ], [ 90.389832498000033, 23.866314468000041 ], [ 90.390321441000083, 23.866330785000059 ], [ 90.390292998000064, 23.867169668000031 ], [ 90.390735996000046, 23.867174367000075 ], [ 90.390730775000065, 23.867364513000041 ], [ 90.391222386000038, 23.867429600000037 ], [ 90.391171997000072, 23.868856768000057 ], [ 90.391964956000038, 23.868806642000038 ], [ 90.39197022500008, 23.868744254000035 ], [ 90.392827661000069, 23.868797721000078 ], [ 90.392942460000086, 23.870021304000034 ], [ 90.393080884000085, 23.870325790000038 ], [ 90.393165127000032, 23.870982677000029 ], [ 90.39314414200004, 23.873182094000072 ], [ 90.39325593500007, 23.873814068000058 ], [ 90.393394441000055, 23.874143394000043 ], [ 90.393817804000037, 23.87447876300007 ], [ 90.394884389000083, 23.875580230000025 ], [ 90.395187728000053, 23.876010743000052 ], [ 90.39524451300008, 23.876516405000075 ], [ 90.394529057000057, 23.877585476000036 ], [ 90.394767482000077, 23.87873053900006 ], [ 90.394768735000071, 23.879143762000069 ], [ 90.394180070000061, 23.87964714900005 ], [ 90.392598693000082, 23.879614667000055 ], [ 90.39226235600006, 23.879875496000068 ], [ 90.39114246400004, 23.879776249000031 ], [ 90.387990552000076, 23.878956507000055 ], [ 90.387265519000039, 23.881007774000068 ], [ 90.387162118000049, 23.881447673000025 ], [ 90.387438919000033, 23.881560173000025 ], [ 90.387137364000068, 23.882309037000027 ], [ 90.387757531000034, 23.882514628000024 ], [ 90.387609932000032, 23.883064727000033 ], [ 90.388091530000054, 23.88315282700006 ], [ 90.387735544000066, 23.883599852000032 ], [ 90.387929503000066, 23.884096895000027 ], [ 90.387662354000042, 23.885170712000047 ], [ 90.387812920000044, 23.886120169000037 ], [ 90.387588374000075, 23.886599007000029 ], [ 90.387697565000053, 23.886828036000054 ], [ 90.38756410600007, 23.887268107000068 ], [ 90.38716512700006, 23.887180627000077 ], [ 90.386621128000058, 23.887572026000043 ], [ 90.386717365000038, 23.887596148000057 ], [ 90.386822341000084, 23.887917603000062 ], [ 90.386810956000033, 23.888284707000025 ], [ 90.386749978000068, 23.888755176000075 ], [ 90.386490515000048, 23.889604691000045 ], [ 90.386470652000071, 23.890517247000048 ], [ 90.387715513000046, 23.890914409000061 ], [ 90.388514441000041, 23.891308367000079 ], [ 90.390220912000075, 23.891827651000028 ], [ 90.391039568000053, 23.891091700000061 ], [ 90.392423145000066, 23.889570754000033 ], [ 90.392730809000057, 23.888578679000034 ] ] ] } },
{ "type": "Feature", "properties": { "matched_key": "U_30262594051", "navigation_parent_key": "A_302625", "admin_type": "city_ward", "admin_label": "City Corporation Ward", "map_level": "ward", "admin_rank": 3, "displayable": 1, "geometry_status": "EXACT/GEOMETRY", "location_label": "Ward No. 51" }, "geometry": { "type": "Polygon", "coordinates": [ [ [ 90.39276039300006, 23.879596369000069 ], [ 90.394180070000061, 23.87964714900005 ], [ 90.394768735000071, 23.879143762000069 ], [ 90.394767482000077, 23.87873053900006 ], [ 90.394529057000057, 23.877585476000036 ], [ 90.39524451300008, 23.876516405000075 ], [ 90.395187728000053, 23.876010743000052 ], [ 90.394884389000083, 23.875580230000025 ], [ 90.393817804000037, 23.87447876300007 ], [ 90.393394441000055, 23.874143394000043 ], [ 90.39325593500007, 23.873814068000058 ], [ 90.39314414200004, 23.873182094000072 ], [ 90.393165127000032, 23.870982677000029 ], [ 90.393080884000085, 23.870325790000038 ], [ 90.392942460000086, 23.870021304000034 ], [ 90.392827661000069, 23.868797721000078 ], [ 90.39197022500008, 23.868744254000035 ], [ 90.391964956000038, 23.868806642000038 ], [ 90.391171997000072, 23.868856768000057 ], [ 90.391222386000038, 23.867429600000037 ], [ 90.390730775000065, 23.867364513000041 ], [ 90.390735996000046, 23.867174367000075 ], [ 90.390292998000064, 23.867169668000031 ], [ 90.390321441000083, 23.866330785000059 ], [ 90.389832498000033, 23.866314468000041 ], [ 90.389882998000076, 23.865012167000032 ], [ 90.387348531000043, 23.865023278000024 ], [ 90.387344544000086, 23.864563112000042 ], [ 90.385789899000031, 23.864544065000075 ], [ 90.385888698000031, 23.864278367000054 ], [ 90.385437999000033, 23.864037167000049 ], [ 90.385299799000052, 23.864309467000055 ], [ 90.38521939900005, 23.865344066000034 ], [ 90.384743899000057, 23.865398566000067 ], [ 90.384686896000062, 23.866095015000042 ], [ 90.384382023000057, 23.866070641000078 ], [ 90.384302378000086, 23.866468506000047 ], [ 90.383943788000067, 23.866475376000039 ], [ 90.383815815000048, 23.866699142000073 ], [ 90.383487759000047, 23.866900686000065 ], [ 90.383398897000063, 23.867169266000076 ], [ 90.382935494000037, 23.867171115000076 ], [ 90.382870473000082, 23.868422232000057 ], [ 90.382041147000052, 23.868428607000055 ], [ 90.38204859700005, 23.868635764000032 ], [ 90.381173735000061, 23.868751562000057 ], [ 90.381151353000064, 23.869028968000066 ], [ 90.379272297000057, 23.869036265000034 ], [ 90.379267896000044, 23.870347263000042 ], [ 90.378685282000049, 23.870403835000047 ], [ 90.378685381000082, 23.870903632000022 ], [ 90.378277719000039, 23.870768754000039 ], [ 90.378935374000037, 23.871697297000026 ], [ 90.378864986000053, 23.872279972000058 ], [ 90.378659438000057, 23.872683007000035 ], [ 90.378606726000044, 23.873198265000042 ], [ 90.37818307200007, 23.873217805000024 ], [ 90.37808566800004, 23.873362072000077 ], [ 90.37830636700005, 23.873682176000045 ], [ 90.379097696000031, 23.874328298000023 ], [ 90.379549488000066, 23.875582674000043 ], [ 90.381696434000048, 23.876062853000064 ], [ 90.382648621000044, 23.87670404000005 ], [ 90.383097138000039, 23.876831634000041 ], [ 90.386238026000058, 23.878350241000078 ], [ 90.387434677000044, 23.878816914000026 ], [ 90.39114246400004, 23.879776249000031 ], [ 90.39226235600006, 23.879875496000068 ], [ 90.392456393000032, 23.879676669000048 ], [ 90.39276039300006, 23.879596369000069 ] ] ] } },
{ "type": "Feature", "properties": { "matched_key": "U_30262595001", "navigation_parent_key": "A_302625", "admin_type": "city_ward", "admin_label": "City Corporation Ward", "map_level": "ward", "admin_rank": 3, "displayable": 1, "geometry_status": "EXACT/GEOMETRY", "location_label": "Ward No. 01 (Part)" }, "geometry": { "type": "Polygon", "coordinates": [ [ [ 90.403771583000037, 23.882313616000033 ], [ 90.405169954000087, 23.882357738000053 ], [ 90.405517897000038, 23.882256448000078 ], [ 90.405826919000049, 23.882286026000031 ], [ 90.405620208000073, 23.880518874000074 ], [ 90.405595009000081, 23.878922139000053 ], [ 90.405805695000083, 23.876502322000078 ], [ 90.40585903300007, 23.876502549000065 ], [ 90.405957658000034, 23.87306022100006 ], [ 90.406258079000054, 23.859644890000027 ], [ 90.406103303000066, 23.859638510000025 ], [ 90.406130070000074, 23.855664122000064 ], [ 90.406406078000032, 23.853501194000046 ], [ 90.406261520000044, 23.85333343800005 ], [ 90.402426802000036, 23.857965788000058 ], [ 90.402062888000046, 23.858386740000071 ], [ 90.401925866000056, 23.858307703000037 ], [ 90.400765645000035, 23.859727876000022 ], [ 90.400258145000066, 23.860571875000062 ], [ 90.400001546000055, 23.861963975000037 ], [ 90.400484141000049, 23.87091437600003 ], [ 90.40054334000007, 23.875070476000076 ], [ 90.401335638000035, 23.878318876000037 ], [ 90.401215834000084, 23.880088619000048 ], [ 90.401113470000041, 23.880207349000045 ], [ 90.40079273200007, 23.882192800000041 ], [ 90.402654933000065, 23.882603319000054 ], [ 90.403003115000047, 23.88257851000003 ], [ 90.403771583000037, 23.882313616000033 ] ] ] } },
{ "type": "Feature", "properties": { "matched_key": "U_30262596044", "navigation_parent_key": "A_302625", "admin_type": "city_ward", "admin_label": "City Corporation Ward", "map_level": "ward", "admin_rank": 3, "displayable": 1, "geometry_status": "EXACT/GEOMETRY", "location_label": "Ward No. 44" }, "geometry": { "type": "Polygon", "coordinates": [ [ [ 90.460493648000067, 23.88422014300005 ], [ 90.460578184000042, 23.883869703000073 ], [ 90.46091494500007, 23.883350606000079 ], [ 90.461532520000048, 23.882778352000059 ], [ 90.461772172000053, 23.882668527000078 ], [ 90.462077124000075, 23.882648337000035 ], [ 90.462072794000051, 23.881429 ], [ 90.461628861000065, 23.88088840000006 ], [ 90.460838428000045, 23.87958109300007 ], [ 90.460786597000038, 23.878813508000064 ], [ 90.460980963000054, 23.878225832000055 ], [ 90.462894212000037, 23.877632994000066 ], [ 90.463630391000038, 23.877495296000063 ], [ 90.464218434000031, 23.877132234000044 ], [ 90.464854291000051, 23.876407738000069 ], [ 90.465244433000066, 23.875638819000073 ], [ 90.466124049000086, 23.874416805000067 ], [ 90.466662312000039, 23.873873241000069 ], [ 90.467543526000043, 23.873102828000071 ], [ 90.46881727400006, 23.872240892000036 ], [ 90.470286463000036, 23.871107382000048 ], [ 90.471294090000072, 23.869997851000051 ], [ 90.471849911000049, 23.868889701000057 ], [ 90.472435760000053, 23.86793951900006 ], [ 90.473019142000055, 23.866311925000048 ], [ 90.472768526000038, 23.864912698000069 ], [ 90.472712209000065, 23.862925777000044 ], [ 90.472907316000033, 23.862563890000047 ], [ 90.473100128000056, 23.861569752000037 ], [ 90.472750168000061, 23.859854700000028 ], [ 90.472403, 23.858907377000037 ], [ 90.471516025000085, 23.858052034000025 ], [ 90.469549607000033, 23.857425782000064 ], [ 90.468316345000062, 23.855848894000076 ], [ 90.467528432000051, 23.855219029000068 ], [ 90.467366349000031, 23.85494172500006 ], [ 90.46701042400008, 23.85465821300005 ], [ 90.466614268000058, 23.853981517000022 ], [ 90.46607074700006, 23.85175474600004 ], [ 90.463936693000051, 23.851294083000028 ], [ 90.463526641000044, 23.851105640000071 ], [ 90.463244703000044, 23.850871648000066 ], [ 90.462446081000053, 23.849110498000073 ], [ 90.462111593000031, 23.84859440300005 ], [ 90.461060929000041, 23.847750775000065 ], [ 90.460597379000035, 23.846835389000034 ], [ 90.460109055000032, 23.846202331000029 ], [ 90.459745714000064, 23.846201156000063 ], [ 90.457623167000065, 23.847013607000065 ], [ 90.453588918000037, 23.848402957000076 ], [ 90.451182359000086, 23.849460024000052 ], [ 90.449978434000059, 23.849894837000022 ], [ 90.44936578100004, 23.850217269000041 ], [ 90.448673705000033, 23.850824451000051 ], [ 90.448092465000059, 23.853680342000075 ], [ 90.447751629000038, 23.856483594000053 ], [ 90.447246783000082, 23.858539903000064 ], [ 90.446543146000067, 23.859908074000032 ], [ 90.445668541000032, 23.860468350000076 ], [ 90.444522985000049, 23.860954889000027 ], [ 90.443465102000062, 23.861233421000065 ], [ 90.442686379000065, 23.861161709000044 ], [ 90.44124670900004, 23.860719671000027 ], [ 90.44073800700005, 23.860353830000065 ], [ 90.440070237000043, 23.85964444800004 ], [ 90.43970395000008, 23.858961196000052 ], [ 90.439742441000078, 23.858817697000063 ], [ 90.439260098000034, 23.858335136000051 ], [ 90.439135908000083, 23.858108458000061 ], [ 90.439041911000061, 23.857674915000075 ], [ 90.438056192000033, 23.85814405800005 ], [ 90.436545444000046, 23.860654803000045 ], [ 90.436092305000045, 23.862219258000039 ], [ 90.436041876000047, 23.86220068700004 ], [ 90.435903476000078, 23.862636687000077 ], [ 90.435841075000042, 23.863197987000035 ], [ 90.435733957000082, 23.863266959000043 ], [ 90.435635538000042, 23.863705773000049 ], [ 90.435237917000052, 23.864484873000038 ], [ 90.436047367000072, 23.864464573000078 ], [ 90.436189678000062, 23.866547568000044 ], [ 90.435784489000071, 23.866606070000046 ], [ 90.435544373000084, 23.86639929200004 ], [ 90.435159525000074, 23.866323906000048 ], [ 90.434743782000055, 23.866334639000058 ], [ 90.434548622000079, 23.866572090000034 ], [ 90.435369005000041, 23.866982638000025 ], [ 90.43617525600007, 23.866896521000058 ], [ 90.437365931000045, 23.867046092000066 ], [ 90.437396922000062, 23.866988649000064 ], [ 90.438093558000048, 23.867048803000046 ], [ 90.438306354000076, 23.866962164000029 ], [ 90.439439638000067, 23.867044966000037 ], [ 90.440256280000085, 23.867243380000048 ], [ 90.441138028000069, 23.868249355000046 ], [ 90.441928563000033, 23.868409596000049 ], [ 90.442600017000075, 23.868704003000062 ], [ 90.443120185000055, 23.868831557000078 ], [ 90.443530576000057, 23.868773020000049 ], [ 90.443845581000062, 23.868633171000056 ], [ 90.445424463000052, 23.868786570000054 ], [ 90.447659458000032, 23.869086785000036 ], [ 90.448422700000037, 23.869357763000039 ], [ 90.447802839000076, 23.870213147000072 ], [ 90.446695615000067, 23.871166906000042 ], [ 90.446029922000037, 23.871893114000045 ], [ 90.445807313000046, 23.872318274000065 ], [ 90.446511547000057, 23.872892040000067 ], [ 90.446617084000081, 23.873950764000028 ], [ 90.446946055000069, 23.874274021000076 ], [ 90.446893173000035, 23.874972255000046 ], [ 90.44704512800007, 23.875335538000058 ], [ 90.448518949000061, 23.875778462000028 ], [ 90.451425168000071, 23.877394526000046 ], [ 90.456168404000039, 23.875390130000028 ], [ 90.45602782900005, 23.875905593000027 ], [ 90.45649768100003, 23.877087631000052 ], [ 90.457432012000083, 23.881051274000072 ], [ 90.457621012000061, 23.881586027000026 ], [ 90.459038811000084, 23.884005223000031 ], [ 90.459445384000048, 23.884189948000028 ], [ 90.460281803000044, 23.884060947000023 ], [ 90.460493648000067, 23.88422014300005 ] ] ] } },
{ "type": "Feature", "properties": { "matched_key": "U_30262596045", "navigation_parent_key": "A_302625", "admin_type": "city_ward", "admin_label": "City Corporation Ward", "map_level": "ward", "admin_rank": 3, "displayable": 1, "geometry_status": "EXACT/GEOMETRY", "location_label": "Ward No. 45" }, "geometry": { "type": "Polygon", "coordinates": [ [ [ 90.442108440000084, 23.881007222000051 ], [ 90.443468996000036, 23.881031880000023 ], [ 90.443472562000068, 23.88084574100003 ], [ 90.443207306000033, 23.880655597000043 ], [ 90.44301447600003, 23.879928436000057 ], [ 90.442427864000081, 23.878971245000059 ], [ 90.442040883000061, 23.877820744000076 ], [ 90.441716478000046, 23.877445497000053 ], [ 90.441781254000034, 23.877181317000066 ], [ 90.441741153000066, 23.87691172500007 ], [ 90.442107075000081, 23.876387954000052 ], [ 90.442814761000079, 23.87612497300006 ], [ 90.442991952000057, 23.875699948000033 ], [ 90.442989958000055, 23.875112858000023 ], [ 90.443091192000054, 23.874735470000076 ], [ 90.443294652000077, 23.874452627000039 ], [ 90.443702828000085, 23.874076611000078 ], [ 90.444248200000061, 23.873860107000041 ], [ 90.445633575000045, 23.872647624000024 ], [ 90.446029922000037, 23.871893114000045 ], [ 90.446695615000067, 23.871166906000042 ], [ 90.447802839000076, 23.870213147000072 ], [ 90.448422700000037, 23.869357763000039 ], [ 90.447659458000032, 23.869086785000036 ], [ 90.445424463000052, 23.868786570000054 ], [ 90.443845581000062, 23.868633171000056 ], [ 90.443530576000057, 23.868773020000049 ], [ 90.443120185000055, 23.868831557000078 ], [ 90.442600017000075, 23.868704003000062 ], [ 90.441928563000033, 23.868409596000049 ], [ 90.441138028000069, 23.868249355000046 ], [ 90.440256280000085, 23.867243380000048 ], [ 90.439439638000067, 23.867044966000037 ], [ 90.438306354000076, 23.866962164000029 ], [ 90.438093558000048, 23.867048803000046 ], [ 90.437396922000062, 23.866988649000064 ], [ 90.437365931000045, 23.867046092000066 ], [ 90.43617525600007, 23.866896521000058 ], [ 90.435369005000041, 23.866982638000025 ], [ 90.434548622000079, 23.866572090000034 ], [ 90.434743782000055, 23.866334639000058 ], [ 90.435159525000074, 23.866323906000048 ], [ 90.435544373000084, 23.86639929200004 ], [ 90.435784489000071, 23.866606070000046 ], [ 90.436189678000062, 23.866547568000044 ], [ 90.436047367000072, 23.864464573000078 ], [ 90.435237917000052, 23.864484873000038 ], [ 90.435635538000042, 23.863705773000049 ], [ 90.434549631000039, 23.863790896000069 ], [ 90.433842763000087, 23.863640058000044 ], [ 90.433698676000063, 23.863883286000032 ], [ 90.43382607500007, 23.864048886000035 ], [ 90.433811375000062, 23.864435185000048 ], [ 90.433285676000082, 23.864616685000044 ], [ 90.432674175000045, 23.865051486000027 ], [ 90.43266787400006, 23.865273485000046 ], [ 90.432940234000057, 23.865919224000038 ], [ 90.43265772400008, 23.86609760500005 ], [ 90.432414504000064, 23.866413743000066 ], [ 90.431900054000039, 23.867279746000065 ], [ 90.431450310000059, 23.867739176000043 ], [ 90.431385498000054, 23.868001293000077 ], [ 90.430720618000066, 23.868253396000057 ], [ 90.430260587000078, 23.868233174000068 ], [ 90.430006573000071, 23.867974283000024 ], [ 90.429716973000041, 23.867888383000036 ], [ 90.429007656000067, 23.867893558000048 ], [ 90.428740046000087, 23.868074167000032 ], [ 90.428542077000031, 23.867979878000028 ], [ 90.42847503400003, 23.867831469000066 ], [ 90.428628648000085, 23.867449087000068 ], [ 90.427907035000032, 23.867163424000069 ], [ 90.428006425000035, 23.86592420900007 ], [ 90.427653682000084, 23.865938480000068 ], [ 90.42716226400006, 23.865772976000073 ], [ 90.427218200000084, 23.865355629000078 ], [ 90.426626275000046, 23.86508578300004 ], [ 90.425286175000053, 23.86517228200006 ], [ 90.425075044000039, 23.865944214000024 ], [ 90.424797154000032, 23.865931354000054 ], [ 90.424798169000042, 23.866003763000037 ], [ 90.424605554000038, 23.865986371000076 ], [ 90.42459561700008, 23.865883466000071 ], [ 90.424382171000047, 23.865884053000059 ], [ 90.424340757000039, 23.86599228700004 ], [ 90.423348387000033, 23.865978378000023 ], [ 90.423338341000033, 23.866075602000024 ], [ 90.423010964000071, 23.866030734000049 ], [ 90.422994042000084, 23.86617472000006 ], [ 90.422588414000074, 23.866186537000033 ], [ 90.422350146000042, 23.866343134000033 ], [ 90.422456109000052, 23.866530014000034 ], [ 90.422248679000063, 23.866557654000076 ], [ 90.422267625000075, 23.866690309000035 ], [ 90.421462718000043, 23.868691704000071 ], [ 90.421506692000037, 23.868780872000059 ], [ 90.421334318000049, 23.86875481900006 ], [ 90.421353506000059, 23.869143350000058 ], [ 90.421039072000042, 23.869786367000074 ], [ 90.420939934000046, 23.869737478000047 ], [ 90.420906097000056, 23.870009368000069 ], [ 90.420706272000075, 23.870273478000058 ], [ 90.42064666300007, 23.870524571000033 ], [ 90.420553777000066, 23.870530203000044 ], [ 90.420541084000035, 23.870622842000046 ], [ 90.419648835000032, 23.871258890000036 ], [ 90.419555738000042, 23.871400621000078 ], [ 90.419592489000081, 23.871515232000036 ], [ 90.419298336000054, 23.871827612000061 ], [ 90.419051728000056, 23.871740129000045 ], [ 90.418913211000074, 23.871977177000076 ], [ 90.418495463000056, 23.871887682000079 ], [ 90.418441766000058, 23.872160266000037 ], [ 90.418166567000071, 23.872132059000023 ], [ 90.41769572000004, 23.87233066500005 ], [ 90.417659485000058, 23.872681726000053 ], [ 90.416535153000041, 23.873769692000053 ], [ 90.417686999000068, 23.873971366000035 ], [ 90.41751464500004, 23.875530920000074 ], [ 90.417574315000081, 23.876210858000036 ], [ 90.417647154000065, 23.876233364000029 ], [ 90.41755805400004, 23.876483467000071 ], [ 90.417883646000064, 23.876516281000079 ], [ 90.41776266800008, 23.877085567000051 ], [ 90.41786957000005, 23.877085869000041 ], [ 90.41795842700003, 23.877669989000026 ], [ 90.417930593000051, 23.878353028000049 ], [ 90.418151822000084, 23.878382527000042 ], [ 90.418050936000043, 23.878690609000046 ], [ 90.41818070100004, 23.878725286000076 ], [ 90.418148204000033, 23.878841241000032 ], [ 90.418316947000051, 23.878993122000054 ], [ 90.419057957000064, 23.879095661000065 ], [ 90.419692406000081, 23.879065216000072 ], [ 90.419714132000081, 23.878892079000025 ], [ 90.419989733000079, 23.87888577800004 ], [ 90.421227532000046, 23.879235379000079 ], [ 90.421938135000062, 23.879331680000064 ], [ 90.423296134000054, 23.878978479000068 ], [ 90.424180835000072, 23.878907480000066 ], [ 90.424503236000078, 23.87899488100004 ], [ 90.424689535000084, 23.87915238100004 ], [ 90.425865535000071, 23.879290082000068 ], [ 90.426046636000081, 23.879624881000041 ], [ 90.426457934000041, 23.879665182000053 ], [ 90.427334936000079, 23.879916983000044 ], [ 90.428070337000065, 23.879962082000077 ], [ 90.430202037000072, 23.880331184000056 ], [ 90.432674438000049, 23.880324785000028 ], [ 90.433688038000071, 23.880542687000059 ], [ 90.435048638000069, 23.880996086000039 ], [ 90.435969540000031, 23.881140587000061 ], [ 90.439043240000046, 23.881367487000034 ], [ 90.440408541000068, 23.881226387000027 ], [ 90.44058437800004, 23.881118100000037 ], [ 90.442108440000084, 23.881007222000051 ] ] ] } },
{ "type": "Feature", "properties": { "matched_key": "U_30262596046", "navigation_parent_key": "A_302625", "admin_type": "city_ward", "admin_label": "City Corporation Ward", "map_level": "ward", "admin_rank": 3, "displayable": 1, "geometry_status": "EXACT/GEOMETRY", "location_label": "Ward No. 46" }, "geometry": { "type": "Polygon", "coordinates": [ [ [ 90.438750841000058, 23.900340757000038 ], [ 90.439730912000073, 23.90019570100003 ], [ 90.440635429000054, 23.899861179000027 ], [ 90.441054329000053, 23.899543849000054 ], [ 90.441894446000049, 23.89923208700003 ], [ 90.442510370000036, 23.899076766000064 ], [ 90.443295485000078, 23.899022572000035 ], [ 90.444807553000032, 23.898245950000046 ], [ 90.445872113000064, 23.898037386000055 ], [ 90.447272156000054, 23.897364937000077 ], [ 90.447830946000067, 23.896848476000059 ], [ 90.448670142000083, 23.896279256000071 ], [ 90.449734402000047, 23.895813248000024 ], [ 90.451023647000056, 23.895603989000051 ], [ 90.453042026000048, 23.895494189000033 ], [ 90.45422016100008, 23.895644261000029 ], [ 90.454950282000084, 23.895849846000033 ], [ 90.455791246000047, 23.895795422000049 ], [ 90.456801340000084, 23.895997908000027 ], [ 90.457698968000045, 23.895995241000037 ], [ 90.458815034000054, 23.896144613000047 ], [ 90.458715004000055, 23.895783230000063 ], [ 90.458893867000086, 23.895266914000047 ], [ 90.459399049000069, 23.894645043000025 ], [ 90.459847679000063, 23.894227833000059 ], [ 90.460521836000055, 23.89396666500005 ], [ 90.461307232000081, 23.893396145000054 ], [ 90.461588088000042, 23.892877229000078 ], [ 90.460633769000083, 23.891844258000049 ], [ 90.460582163000083, 23.891460453000036 ], [ 90.460690342000078, 23.890912554000067 ], [ 90.460633833000031, 23.890290206000032 ], [ 90.460970598000074, 23.890030118000027 ], [ 90.461083064000036, 23.889718492000043 ], [ 90.461588213000084, 23.889251113000057 ], [ 90.461756604000072, 23.888837067000054 ], [ 90.461698077000051, 23.888648659000069 ], [ 90.460914768000066, 23.887751478000041 ], [ 90.460690529000033, 23.88640717100003 ], [ 90.460690550000038, 23.88588915400004 ], [ 90.460465677000059, 23.885165106000045 ], [ 90.460297318000073, 23.884906637000029 ], [ 90.460493648000067, 23.88422014300005 ], [ 90.460281803000044, 23.884060947000023 ], [ 90.459445384000048, 23.884189948000028 ], [ 90.459038811000084, 23.884005223000031 ], [ 90.457621012000061, 23.881586027000026 ], [ 90.457432012000083, 23.881051274000072 ], [ 90.45649768100003, 23.877087631000052 ], [ 90.45602782900005, 23.875905593000027 ], [ 90.456168404000039, 23.875390130000028 ], [ 90.451425168000071, 23.877394526000046 ], [ 90.448518949000061, 23.875778462000028 ], [ 90.44704512800007, 23.875335538000058 ], [ 90.446893173000035, 23.874972255000046 ], [ 90.446946055000069, 23.874274021000076 ], [ 90.446617084000081, 23.873950764000028 ], [ 90.446511547000057, 23.872892040000067 ], [ 90.445807313000046, 23.872318274000065 ], [ 90.445633575000045, 23.872647624000024 ], [ 90.444708116000072, 23.873470213000076 ], [ 90.444248200000061, 23.873860107000041 ], [ 90.443702828000085, 23.874076611000078 ], [ 90.443294652000077, 23.874452627000039 ], [ 90.443091192000054, 23.874735470000076 ], [ 90.442989958000055, 23.875112858000023 ], [ 90.442991952000057, 23.875699948000033 ], [ 90.442814761000079, 23.87612497300006 ], [ 90.442107075000081, 23.876387954000052 ], [ 90.441741153000066, 23.87691172500007 ], [ 90.441781254000034, 23.877181317000066 ], [ 90.441716478000046, 23.877445497000053 ], [ 90.442040883000061, 23.877820744000076 ], [ 90.442427864000081, 23.878971245000059 ], [ 90.44300359600004, 23.879905127000029 ], [ 90.443120976000046, 23.880470438000032 ], [ 90.443207306000033, 23.880655597000043 ], [ 90.443472562000068, 23.88084574100003 ], [ 90.443468996000036, 23.881031880000023 ], [ 90.441771578000044, 23.881021400000066 ], [ 90.44058437800004, 23.881118100000037 ], [ 90.440408541000068, 23.881226387000027 ], [ 90.439043240000046, 23.881367487000034 ], [ 90.435969540000031, 23.881140587000061 ], [ 90.435048638000069, 23.880996086000039 ], [ 90.433688038000071, 23.880542687000059 ], [ 90.432674438000049, 23.880324785000028 ], [ 90.430202037000072, 23.880331184000056 ], [ 90.428070337000065, 23.879962082000077 ], [ 90.427334936000079, 23.879916983000044 ], [ 90.426457934000041, 23.879665182000053 ], [ 90.426046636000081, 23.879624881000041 ], [ 90.425865535000071, 23.879290082000068 ], [ 90.424689535000084, 23.87915238100004 ], [ 90.424503236000078, 23.87899488100004 ], [ 90.424180835000072, 23.878907480000066 ], [ 90.423296134000054, 23.878978479000068 ], [ 90.421938135000062, 23.879331680000064 ], [ 90.421227532000046, 23.879235379000079 ], [ 90.420279234000077, 23.878918679000037 ], [ 90.419862734000048, 23.878885379000053 ], [ 90.419714132000081, 23.878892079000025 ], [ 90.419692406000081, 23.879065216000072 ], [ 90.419057957000064, 23.879095661000065 ], [ 90.418316947000051, 23.878993122000054 ], [ 90.418198493000034, 23.879296402000023 ], [ 90.418021489000068, 23.879275192000023 ], [ 90.417793910000057, 23.87987933200003 ], [ 90.418336327000077, 23.87985726200003 ], [ 90.418271572000037, 23.880163869000057 ], [ 90.418114788000082, 23.880342169000073 ], [ 90.41802659800004, 23.880337151000049 ], [ 90.418016762000036, 23.880511156000068 ], [ 90.417952056000047, 23.880516292000038 ], [ 90.417948821000039, 23.880824510000025 ], [ 90.416850615000044, 23.880857134000053 ], [ 90.416725718000066, 23.881685382000057 ], [ 90.416566499000055, 23.881661426000051 ], [ 90.416558705000057, 23.882053074000055 ], [ 90.416198590000079, 23.882046485000046 ], [ 90.415966119000075, 23.881951607000076 ], [ 90.414951924000036, 23.881956218000028 ], [ 90.414762349000057, 23.882874333000075 ], [ 90.415015962000041, 23.882888054000034 ], [ 90.41499267100005, 23.883501053000032 ], [ 90.414894758000059, 23.884094150000067 ], [ 90.414609139000049, 23.884702646000051 ], [ 90.415494945000034, 23.885750505000033 ], [ 90.415900413000031, 23.886027152000054 ], [ 90.416305470000054, 23.886175091000041 ], [ 90.421668284000077, 23.887716294000029 ], [ 90.422174884000071, 23.887936194000076 ], [ 90.423147939000046, 23.889426535000041 ], [ 90.424803346000033, 23.890995411000063 ], [ 90.425971592000053, 23.891897664000055 ], [ 90.429211042000077, 23.893999949000033 ], [ 90.430277645000047, 23.894810757000073 ], [ 90.43119531800005, 23.895642782000039 ], [ 90.432032873000082, 23.896223011000075 ], [ 90.434039050000081, 23.896877996000057 ], [ 90.435440496000069, 23.898064169000065 ], [ 90.437286123000035, 23.900314645000037 ], [ 90.437431690000039, 23.900303950000023 ], [ 90.437754277000067, 23.900693596000053 ], [ 90.438205460000063, 23.900660698000024 ], [ 90.438750841000058, 23.900340757000038 ] ] ] } }
]
}
