{
"type": "FeatureCollection",
"name": "district",
"crs": { "type": "name", "properties": { "name": "urn:ogc:def:crs:OGC:1.3:CRS84" } },
"features": [
{ "type": "Feature", "properties": { "matched_key": "D_3026", "navigation_parent_key": null, "admin_type": "district", "admin_label": "District", "map_level": "district", "admin_rank": 1, "displayable": 1, "geometry_status": "EXACT/GEOMETRY", "location_label": "Dhaka" }, "geometry": { "type": "Polygon", "coordinates": [ [ [ 90.019264474000067, 24.044931448000057 ], [ 90.018345989000068, 24.044073500000025 ], [ 90.017912831000046, 24.043308070000023 ], [ 90.017910900000061, 24.042684844000064 ], [ 90.018017189000034, 24.04230096200007 ], [ 90.018554055000038, 24.041867349000029 ], [ 90.018768224000041, 24.041530874000046 ], [ 90.018864230000077, 24.038123448000078 ], [ 90.019023624000056, 24.037357945000053 ], [ 90.019184324000037, 24.037118572000054 ], [ 90.019667711000068, 24.036827220000077 ], [ 90.02004448100007, 24.036730075000037 ], [ 90.021389972000065, 24.036723118000054 ], [ 90.022519991000081, 24.036526507000076 ], [ 90.023649673000079, 24.036185368000076 ], [ 90.024241886000084, 24.036135599000033 ], [ 90.026395999000044, 24.036363306000055 ], [ 90.026665864000051, 24.036507775000075 ], [ 90.027902782000069, 24.036119169000074 ], [ 90.028225105000047, 24.035827820000065 ], [ 90.028545500000064, 24.035154858000055 ], [ 90.028597299000069, 24.034531623000078 ], [ 90.028703888000052, 24.034292249000032 ], [ 90.028915037000047, 24.032996083000057 ], [ 90.028589744000044, 24.032327756000029 ], [ 90.027994926000076, 24.031609803000038 ], [ 90.027617836000047, 24.031564710000055 ], [ 90.026970556000038, 24.031230632000074 ], [ 90.026106858000048, 24.030564654000045 ], [ 90.024704117000056, 24.029754241000035 ], [ 90.02411092300008, 24.029327559000023 ], [ 90.023356103000083, 24.028995742000063 ], [ 90.023032503000081, 24.028995793000036 ], [ 90.02292527000003, 24.029092906000074 ], [ 90.022606148000079, 24.03010230700005 ], [ 90.022444833000066, 24.030246846000068 ], [ 90.021798534000084, 24.030154359000051 ], [ 90.021584069000085, 24.030393744000037 ], [ 90.021585032000075, 24.030633098000067 ], [ 90.021423722000065, 24.030825056000026 ], [ 90.021262382000032, 24.030827337000062 ], [ 90.020938740000076, 24.030585769000027 ], [ 90.020450893000032, 24.029727771000069 ], [ 90.02039484900007, 24.029007456000045 ], [ 90.020445405000032, 24.028050031000078 ], [ 90.020604474000038, 24.027327429000024 ], [ 90.021566311000072, 24.025261168000043 ], [ 90.021727630000044, 24.025166305000027 ], [ 90.022158468000043, 24.025163986000052 ], [ 90.02253586900008, 24.025355866000041 ], [ 90.023128372000031, 24.025498037000034 ], [ 90.023289698000042, 24.025446076000037 ], [ 90.023611998000035, 24.025109575000045 ], [ 90.023718588000065, 24.024870204000024 ], [ 90.023982591000049, 24.023379840000075 ], [ 90.024304577000066, 24.023043337000047 ], [ 90.024787911000033, 24.022803906000036 ], [ 90.026672560000065, 24.02279229800007 ], [ 90.027480177000086, 24.022981834000063 ], [ 90.027696237000043, 24.02312405300006 ], [ 90.028180834000068, 24.023072028000058 ], [ 90.029204518000085, 24.023406030000046 ], [ 90.029904885000064, 24.02354589600003 ], [ 90.031738119000067, 24.024353914000073 ], [ 90.03217027900007, 24.02473543800005 ], [ 90.032439793000037, 24.024780541000041 ], [ 90.033518276000052, 24.025399019000076 ], [ 90.035515204000035, 24.026780503000055 ], [ 90.036755988000039, 24.027444082000045 ], [ 90.037672157000031, 24.027728376000027 ], [ 90.037911307000059, 24.027951866000024 ], [ 90.038760985000067, 24.027836491000073 ], [ 90.041151217000049, 24.02778844900007 ], [ 90.041820680000058, 24.029181492000077 ], [ 90.042131773000051, 24.029470439000079 ], [ 90.043237821000048, 24.02955819500005 ], [ 90.045671887000083, 24.029972973000042 ], [ 90.046974268000042, 24.029931934000047 ], [ 90.047777377000045, 24.030193621000024 ], [ 90.049155739000071, 24.03034447400006 ], [ 90.049925053000038, 24.030612935000079 ], [ 90.052071751000085, 24.030858349000027 ], [ 90.053374290000079, 24.031185320000077 ], [ 90.055204995000054, 24.031225315000029 ], [ 90.057628435000083, 24.031086682000023 ], [ 90.058714202000033, 24.031126915000073 ], [ 90.059750258000065, 24.031327483000041 ], [ 90.060479818000033, 24.031300099000077 ], [ 90.06135486900007, 24.030258783000079 ], [ 90.061731307000059, 24.030211214000076 ], [ 90.062108803000058, 24.030450416000065 ], [ 90.062110924000081, 24.031023963000052 ], [ 90.061950644000035, 24.031313060000059 ], [ 90.062004777000084, 24.031407877000049 ], [ 90.062274670000079, 24.031550026000048 ], [ 90.062651771000048, 24.031597289000047 ], [ 90.063083385000084, 24.031881629000054 ], [ 90.063838299000054, 24.032165832000032 ], [ 90.064000327000031, 24.032310281000036 ], [ 90.064001414000074, 24.032644471000026 ], [ 90.063842201000057, 24.033220345000075 ], [ 90.063387909000085, 24.033703759000048 ], [ 90.063427748000038, 24.034726644000045 ], [ 90.063857910000081, 24.035157755000057 ], [ 90.063980911000044, 24.035923186000048 ], [ 90.063914105000038, 24.036928052000064 ], [ 90.064149177000047, 24.037476660000038 ], [ 90.064637498000081, 24.038034197000059 ], [ 90.065272582000034, 24.038295862000041 ], [ 90.065868993000038, 24.037451091000037 ], [ 90.066071095000041, 24.036613264000039 ], [ 90.066628122000054, 24.035106896000059 ], [ 90.067044559000067, 24.034535426000048 ], [ 90.067383688000064, 24.033643343000051 ], [ 90.067472530000032, 24.033105886000044 ], [ 90.067711686000052, 24.032631587000026 ], [ 90.068602118000058, 24.032290223000075 ], [ 90.069032382000046, 24.03231938600004 ], [ 90.069830916000058, 24.032538055000032 ], [ 90.070798612000033, 24.033000513000047 ], [ 90.072097853000059, 24.033898616000045 ], [ 90.072851381000078, 24.033848583000065 ], [ 90.073175740000067, 24.034085523000044 ], [ 90.073697935000041, 24.034715272000028 ], [ 90.074039538000079, 24.035537043000033 ], [ 90.074227839000059, 24.036451466000074 ], [ 90.074174566000067, 24.037338908000038 ], [ 90.074017750000053, 24.03827607900007 ], [ 90.073509738000041, 24.039375998000025 ], [ 90.073246854000047, 24.040261283000063 ], [ 90.073259994000068, 24.041211920000023 ], [ 90.073553038000057, 24.042011132000027 ], [ 90.074661795000054, 24.042843819000041 ], [ 90.074876937000056, 24.04284145500003 ], [ 90.07498548500007, 24.042936240000074 ], [ 90.077138367000032, 24.042826786000035 ], [ 90.080261287000042, 24.042813890000048 ], [ 90.082091057000071, 24.042564533000075 ], [ 90.082304752000084, 24.042227969000066 ], [ 90.082573525000043, 24.041986211000051 ], [ 90.083057586000052, 24.041983693000077 ], [ 90.083541093000065, 24.041597301000024 ], [ 90.083647923000058, 24.041405306000058 ], [ 90.083963174000075, 24.039388688000031 ], [ 90.084013969000068, 24.038573502000077 ], [ 90.084226914000055, 24.038044997000043 ], [ 90.084656315000075, 24.037660892000076 ], [ 90.08519405100003, 24.037516078000067 ], [ 90.086486342000057, 24.037458901000036 ], [ 90.087295934000053, 24.038031990000036 ], [ 90.087672722000036, 24.038029516000051 ], [ 90.088424031000045, 24.037403601000051 ], [ 90.08880037800003, 24.037209191000045 ], [ 90.090038982000067, 24.037296532000028 ], [ 90.090307831000075, 24.037201536000055 ], [ 90.090629676000049, 24.036864896000054 ], [ 90.090681245000042, 24.036336479000056 ], [ 90.091163276000032, 24.035661032000064 ], [ 90.09121630900006, 24.035471323000024 ], [ 90.091859028000044, 24.034746102000042 ], [ 90.09191267500006, 24.034556393000059 ], [ 90.092715469000041, 24.033354621000058 ], [ 90.092930181000042, 24.033209976000023 ], [ 90.092875645000049, 24.033015815000056 ], [ 90.093677666000076, 24.031622104000064 ], [ 90.094210082000075, 24.030133715000034 ], [ 90.094370668000067, 24.029941680000036 ], [ 90.094316168000034, 24.02979719800004 ], [ 90.094422903000066, 24.029508102000023 ], [ 90.094744755000079, 24.029218870000022 ], [ 90.09549793900004, 24.029166467000039 ], [ 90.095714354000052, 24.02926117100003 ], [ 90.095983251000064, 24.02925874500005 ], [ 90.096626187000084, 24.02848834100007 ], [ 90.096625430000074, 24.028298665000023 ], [ 90.096891633000041, 24.027575917000036 ], [ 90.097961182000063, 24.025703304000047 ], [ 90.100107961000049, 24.024060303000056 ], [ 90.100697145000083, 24.023387016000072 ], [ 90.101125299000046, 24.022713831000033 ], [ 90.101715158000047, 24.022133118000056 ], [ 90.10198170700005, 24.021509714000047 ], [ 90.102195664000078, 24.021222798000053 ], [ 90.102624991000084, 24.020883803000061 ], [ 90.103433279000058, 24.02102325900006 ], [ 90.104563494000047, 24.021015718000058 ], [ 90.105318012000055, 24.021155202000045 ], [ 90.106232780000084, 24.021102635000034 ], [ 90.106609401000071, 24.020960115000037 ], [ 90.108004154000071, 24.019798493000053 ], [ 90.10843389300004, 24.019608515000073 ], [ 90.108919176000086, 24.019698492000032 ], [ 90.109513348000064, 24.020273872000075 ], [ 90.110003690000042, 24.021610296000063 ], [ 90.110168911000073, 24.02256985300005 ], [ 90.110072331000083, 24.025351857000032 ], [ 90.110128401000054, 24.025877944000058 ], [ 90.109863791000066, 24.026937165000049 ], [ 90.109866468000064, 24.027555871000061 ], [ 90.110085433000052, 24.028467971000055 ], [ 90.110786733000054, 24.028849078000064 ], [ 90.115255321000063, 24.028825458000028 ], [ 90.118538439000076, 24.028615212000034 ], [ 90.119613756000035, 24.028323087000047 ], [ 90.12074235700004, 24.027836719000049 ], [ 90.121225787000071, 24.027545046000057 ], [ 90.121602192000068, 24.027495072000079 ], [ 90.121872541000073, 24.027734210000062 ], [ 90.121927864000043, 24.028068359000031 ], [ 90.121449554000037, 24.029556801000069 ], [ 90.121506071000056, 24.030182239000055 ], [ 90.121831092000036, 24.030708109000045 ], [ 90.122370302000036, 24.030897355000036 ], [ 90.124899971000048, 24.030737251000062 ], [ 90.125762528000052, 24.03097364000007 ], [ 90.126086716000032, 24.031257889000074 ], [ 90.126142195000057, 24.031738810000036 ], [ 90.125714403000075, 24.03236464500003 ], [ 90.125662268000042, 24.03279371800005 ], [ 90.12571680700006, 24.032940447000044 ], [ 90.126148871000055, 24.033224606000033 ], [ 90.127010381000048, 24.033316475000049 ], [ 90.127604051000048, 24.033550821000063 ], [ 90.127820291000035, 24.033744834000061 ], [ 90.127875679000056, 24.034126399000058 ], [ 90.128038230000072, 24.034413035000057 ], [ 90.128416169000047, 24.034652072000029 ], [ 90.128577818000053, 24.03464968000003 ], [ 90.129063418000044, 24.034983465000039 ], [ 90.129655987000035, 24.035028125000053 ], [ 90.130626145000065, 24.035264397000049 ], [ 90.13164927300005, 24.03530416500007 ], [ 90.132565298000031, 24.035490795000044 ], [ 90.134395778000055, 24.035532104000026 ], [ 90.135848912000085, 24.035329855000043 ], [ 90.136547516000064, 24.03508762000007 ], [ 90.136870821000059, 24.03508507500004 ], [ 90.137626068000031, 24.035513429000048 ], [ 90.138276420000068, 24.036420580000026 ], [ 90.141398860000038, 24.036401925000064 ], [ 90.143660065000063, 24.036293690000036 ], [ 90.146296603000053, 24.035993132000044 ], [ 90.147802005000074, 24.035553623000055 ], [ 90.148436358000083, 24.035549213000024 ], [ 90.148044394000067, 24.028975727000045 ], [ 90.148034290000055, 24.026519894000046 ], [ 90.150234990000058, 24.026534209000033 ], [ 90.150389267000037, 24.024956787000065 ], [ 90.15215837900007, 24.024835550000034 ], [ 90.153796941000053, 24.024332055000059 ], [ 90.154570547000048, 24.024026501000037 ], [ 90.154527657000074, 24.023827666000045 ], [ 90.155371946000059, 24.023689070000046 ], [ 90.155962356000032, 24.023254924000071 ], [ 90.156412561000081, 24.022757692000027 ], [ 90.157538101000057, 24.023695892000035 ], [ 90.159026078000068, 24.022477261000063 ], [ 90.159562356000038, 24.022266701000035 ], [ 90.160580464000077, 24.02229950900005 ], [ 90.160773671000072, 24.022233823000079 ], [ 90.161532958000066, 24.02122141500007 ], [ 90.163463240000056, 24.021117755000034 ], [ 90.163144355000043, 24.020454225000037 ], [ 90.16303064300007, 24.019955316000051 ], [ 90.163158925000062, 24.019580341000051 ], [ 90.163707560000034, 24.018952015000025 ], [ 90.164508933000036, 24.018447601000048 ], [ 90.164218727000048, 24.017858568000065 ], [ 90.163782859000037, 24.016535809000061 ], [ 90.163650432000054, 24.014359179000053 ], [ 90.164621071000056, 24.013116207000053 ], [ 90.166563004000068, 24.011897010000041 ], [ 90.167057679000038, 24.011399699000037 ], [ 90.167440036000073, 24.011487349000049 ], [ 90.167473258000086, 24.011277313000051 ], [ 90.167701684000065, 24.010902224000063 ], [ 90.168081029000064, 24.010800196000048 ], [ 90.168138680000084, 24.010240132000035 ], [ 90.16690907900005, 24.009823737000033 ], [ 90.166635099000075, 24.009187260000033 ], [ 90.166990568000074, 24.008206874000052 ], [ 90.16837042700007, 24.007223108000062 ], [ 90.168486874000052, 24.006227851000062 ], [ 90.168682341000078, 24.005608248000044 ], [ 90.169497127000056, 24.004627350000078 ], [ 90.16981872100007, 24.003850219000071 ], [ 90.170398145000036, 24.003576352000039 ], [ 90.170463863000066, 24.003318857000068 ], [ 90.171001148000073, 24.00278084100006 ], [ 90.171878194000044, 24.001280506000057 ], [ 90.176648539000041, 24.001101213000027 ], [ 90.177590006000059, 24.00092851200003 ], [ 90.178155421000042, 24.001214631000039 ], [ 90.178784080000071, 24.001907126000049 ], [ 90.179600125000036, 24.001906170000041 ], [ 90.180980711000075, 24.001559063000059 ], [ 90.182236355000043, 24.001729189000059 ], [ 90.184371531000068, 24.002245993000031 ], [ 90.184748155000079, 24.002419409000026 ], [ 90.182991679000054, 24.003112481000073 ], [ 90.182364540000037, 24.003517423000062 ], [ 90.182051342000079, 24.004093599000043 ], [ 90.182052317000057, 24.004786826000043 ], [ 90.182555407000052, 24.005305582000062 ], [ 90.184565711000062, 24.006339626000056 ], [ 90.186011002000043, 24.007376588000056 ], [ 90.188399343000071, 24.007809477000023 ], [ 90.189235091000057, 24.007808448000048 ], [ 90.190022009000074, 24.008033282000042 ], [ 90.190612746000056, 24.008574481000039 ], [ 90.19100697500005, 24.009206247000066 ], [ 90.192237101000046, 24.009927287000039 ], [ 90.193171589000031, 24.010197082000047 ], [ 90.194400581000082, 24.010150368000041 ], [ 90.195923932000085, 24.009696815000041 ], [ 90.196612685000048, 24.010012064000023 ], [ 90.197153266000043, 24.009875886000032 ], [ 90.197698818000049, 24.009376152000073 ], [ 90.197346950000053, 24.007933702000059 ], [ 90.197492988000079, 24.006985130000032 ], [ 90.19788496700005, 24.006126560000041 ], [ 90.198375536000071, 24.005448510000065 ], [ 90.199309517000074, 24.005402135000054 ], [ 90.200440422000042, 24.005536143000029 ], [ 90.201276715000063, 24.005896341000039 ], [ 90.201966023000068, 24.006572850000055 ], [ 90.202459189000081, 24.007565748000047 ], [ 90.202608442000042, 24.008694579000064 ], [ 90.20305217300006, 24.009506895000072 ], [ 90.203586011000084, 24.01017005500006 ], [ 90.20506882400008, 24.010136466000063 ], [ 90.206297238000047, 24.009728367000037 ], [ 90.207868395000048, 24.008461731000068 ], [ 90.208456880000085, 24.007557709000025 ], [ 90.208651996000071, 24.006609057000048 ], [ 90.209387733000085, 24.005569348000051 ], [ 90.210960208000074, 24.005160741000054 ], [ 90.211648531000037, 24.005204952000042 ], [ 90.212189592000072, 24.005384850000041 ], [ 90.21287858200003, 24.005835506000039 ], [ 90.214257549000081, 24.007323904000032 ], [ 90.215585357000066, 24.007593010000051 ], [ 90.217159582000079, 24.008223045000022 ], [ 90.217455311000037, 24.008674239000072 ], [ 90.21780104000004, 24.009622131000071 ], [ 90.218145708000065, 24.009937769000032 ], [ 90.218588553000075, 24.010162944000058 ], [ 90.219276289000049, 24.009845834000032 ], [ 90.219963562000032, 24.009257754000032 ], [ 90.220602128000053, 24.008940709000058 ], [ 90.220897100000059, 24.008940283000072 ], [ 90.221291245000032, 24.009436489000052 ], [ 90.221586294000076, 24.009481222000034 ], [ 90.221831641000051, 24.009209902000066 ], [ 90.222322950000034, 24.009028545000035 ], [ 90.223650711000062, 24.009252418000074 ], [ 90.224387984000032, 24.009161019000032 ], [ 90.224879054000041, 24.008844171000078 ], [ 90.225861898000062, 24.008616919000076 ], [ 90.226992618000054, 24.008615251000037 ], [ 90.231073604000073, 24.008925280000028 ], [ 90.232204329000069, 24.008923571000025 ], [ 90.233580289000031, 24.008605354000053 ], [ 90.234612684000069, 24.008603779000055 ], [ 90.236824631000047, 24.008419733000039 ], [ 90.237561640000081, 24.008192787000041 ], [ 90.238890670000046, 24.00909394200005 ], [ 90.23913723000004, 24.009500007000042 ], [ 90.239483705000055, 24.010763980000036 ], [ 90.239534709000054, 24.011757443000079 ], [ 90.238881812000045, 24.012616523000077 ], [ 90.238898178000056, 24.013158433000058 ], [ 90.238557164000042, 24.014857018000043 ], [ 90.238510916000052, 24.016437731000053 ], [ 90.238266506000059, 24.017205847000071 ], [ 90.237825518000079, 24.018019433000063 ], [ 90.236651750000078, 24.021408331000032 ], [ 90.236701495000034, 24.02172438100007 ], [ 90.237389996000047, 24.021813637000037 ], [ 90.238029995000034, 24.022264254000049 ], [ 90.23812924200007, 24.022760873000038 ], [ 90.237983571000086, 24.023754642000029 ], [ 90.236907183000085, 24.026646615000061 ], [ 90.237695709000036, 24.027638937000063 ], [ 90.237696871000082, 24.028271188000076 ], [ 90.237500858000033, 24.028632782000045 ], [ 90.237107670000057, 24.028723711000055 ], [ 90.236614985000074, 24.028182542000025 ], [ 90.236122796000075, 24.027912334000064 ], [ 90.235336175000043, 24.02795870500006 ], [ 90.234902678000083, 24.028359048000027 ], [ 90.235022523000055, 24.02953982300005 ], [ 90.235614865000059, 24.03080342100003 ], [ 90.236107803000039, 24.031480076000037 ], [ 90.23669867600006, 24.031930776000024 ], [ 90.236949106000054, 24.032415869000033 ], [ 90.237703745000033, 24.032008251000036 ], [ 90.240235906000066, 24.03193655900003 ], [ 90.241773743000067, 24.031621398000027 ], [ 90.242540156000075, 24.031275835000031 ], [ 90.243405194000047, 24.030757369000071 ], [ 90.247136204000071, 24.027657871000031 ], [ 90.249689541000066, 24.025869871000054 ], [ 90.251163534000057, 24.025325529000042 ], [ 90.25121094800005, 24.024422232000063 ], [ 90.251087459000075, 24.024128886000028 ], [ 90.250447406000035, 24.023678324000059 ], [ 90.24988158900004, 24.023476024000047 ], [ 90.249610819000054, 24.023295821000033 ], [ 90.249512006000032, 24.023047595000037 ], [ 90.249681954000039, 24.021940874000052 ], [ 90.248917434000077, 24.020677610000064 ], [ 90.248916564000069, 24.020226001000026 ], [ 90.248989967000057, 24.020045236000044 ], [ 90.249456390000034, 24.019705771000076 ], [ 90.250486598000066, 24.018529904000047 ], [ 90.250805033000063, 24.017942289000075 ], [ 90.250902532000055, 24.017513099000041 ], [ 90.251613449000047, 24.016495809000048 ], [ 90.252669252000032, 24.015861818000076 ], [ 90.254193082000086, 24.015723816000047 ], [ 90.255275144000052, 24.015947821000054 ], [ 90.256086265000079, 24.015901307000036 ], [ 90.257977700000083, 24.015198138000073 ], [ 90.258369932000051, 24.014655547000075 ], [ 90.258639113000072, 24.01404541900007 ], [ 90.259100911000075, 24.013507222000044 ], [ 90.258553820000031, 24.01257331100004 ], [ 90.258437961000084, 24.010873192000076 ], [ 90.258324272000038, 24.010256935000029 ], [ 90.258910608000065, 24.009373048000043 ], [ 90.259397897000042, 24.009051582000041 ], [ 90.259162873000037, 24.008607143000063 ], [ 90.258319749000066, 24.007992115000036 ], [ 90.257814822000057, 24.00809683500006 ], [ 90.257309483000085, 24.007993813000041 ], [ 90.256971497000052, 24.007375675000048 ], [ 90.256634234000046, 24.007118823000042 ], [ 90.256241255000077, 24.006965931000025 ], [ 90.255735407000032, 24.006914840000036 ], [ 90.255060790000073, 24.006351450000068 ], [ 90.254723226000067, 24.005938789000027 ], [ 90.254328939000061, 24.005117512000027 ], [ 90.254159248000065, 24.004447150000033 ], [ 90.253483333000077, 24.003213113000072 ], [ 90.253033031000086, 24.002647083000056 ], [ 90.252245691000041, 24.001928059000022 ], [ 90.252244688000076, 24.001413224000032 ], [ 90.252461843000049, 24.000277065000034 ], [ 90.252129732000071, 24.000128579000034 ], [ 90.251680257000032, 23.999664160000066 ], [ 90.250837127000068, 23.99899715600003 ], [ 90.250892146000069, 23.998534163000045 ], [ 90.251115929000036, 23.998276378000071 ], [ 90.252182653000034, 23.998274628000047 ], [ 90.252966854000078, 23.997399467000037 ], [ 90.25363919800003, 23.996831585000052 ], [ 90.254468784000039, 23.995413987000063 ], [ 90.255001521000054, 23.995515288000036 ], [ 90.256050652000056, 23.993305362000058 ], [ 90.255743831000075, 23.993157817000053 ], [ 90.258730003000039, 23.987292985000067 ], [ 90.259015274000035, 23.986569947000078 ], [ 90.259158476000039, 23.985849449000057 ], [ 90.259228259000054, 23.98423960100007 ], [ 90.261938045000079, 23.978010134000044 ], [ 90.261927974000059, 23.977631977000044 ], [ 90.261515406000058, 23.977280632000031 ], [ 90.261921704000031, 23.975809489000028 ], [ 90.26231507500006, 23.975514185000065 ], [ 90.262508660000037, 23.974771558000043 ], [ 90.259443367000074, 23.974729811000032 ], [ 90.259352860000035, 23.974227872000029 ], [ 90.259992250000039, 23.974226791000035 ], [ 90.260384616000067, 23.974122254000065 ], [ 90.260664446000078, 23.973658876000059 ], [ 90.260662998000043, 23.972938557000077 ], [ 90.260381407000068, 23.972525808000057 ], [ 90.259819891000063, 23.972219663000033 ], [ 90.25953830800006, 23.971806914000069 ], [ 90.258527094000044, 23.971192169000062 ], [ 90.258749475000059, 23.970263728000077 ], [ 90.259141831000079, 23.969852099000036 ], [ 90.259646194000084, 23.969541892000052 ], [ 90.261104621000072, 23.96923232100005 ], [ 90.261495622000041, 23.968459397000061 ], [ 90.26188847800006, 23.968302919000052 ], [ 90.262393456000041, 23.968302057000074 ], [ 90.263909441000067, 23.968814297000051 ], [ 90.264414527000042, 23.968865364000067 ], [ 90.264919192000036, 23.968710945000055 ], [ 90.265927247000036, 23.967781135000052 ], [ 90.267104869000036, 23.967162642000062 ], [ 90.268900536000046, 23.96715950600003 ], [ 90.268899149000049, 23.966491122000036 ], [ 90.268560071000081, 23.965615585000023 ], [ 90.268110663000073, 23.965153466000061 ], [ 90.267715484000064, 23.964176413000075 ], [ 90.268219912000063, 23.963918114000023 ], [ 90.268499904000066, 23.963556335000078 ], [ 90.268723354000031, 23.962887555000066 ], [ 90.269170084000052, 23.962062580000065 ], [ 90.269562273000076, 23.961598987000059 ], [ 90.270066903000043, 23.961444551000056 ], [ 90.271022412000036, 23.962163190000069 ], [ 90.271640569000056, 23.96283048500004 ], [ 90.272933386000034, 23.963857872000062 ], [ 90.274506530000053, 23.964679259000036 ], [ 90.27512434700003, 23.964883637000071 ], [ 90.275797633000082, 23.964882428000067 ], [ 90.276752538000039, 23.965291678000028 ], [ 90.277481729000044, 23.965290361000029 ], [ 90.279673194000054, 23.966521546000024 ], [ 90.280515035000064, 23.966623880000043 ], [ 90.281130921000056, 23.966211787000077 ], [ 90.281242332000033, 23.965746420000073 ], [ 90.280621713000073, 23.964254975000074 ], [ 90.281295390000082, 23.964152130000059 ], [ 90.282080475000043, 23.964150690000054 ], [ 90.283201129000076, 23.963376369000059 ], [ 90.283987161000084, 23.963528464000035 ], [ 90.284604536000074, 23.963527322000061 ], [ 90.285109272000057, 23.963424773000042 ], [ 90.285612639000078, 23.962701256000059 ], [ 90.286229902000059, 23.962650428000074 ], [ 90.287071610000055, 23.962700792000078 ], [ 90.288698436000061, 23.962492257000065 ], [ 90.289987926000038, 23.961974988000065 ], [ 90.292736822000052, 23.961660417000076 ], [ 90.293744975000038, 23.960886235000032 ], [ 90.294698505000042, 23.960678924000035 ], [ 90.296549978000087, 23.96067535800006 ], [ 90.297276661000069, 23.959592341000075 ], [ 90.29744381900008, 23.95881976000004 ], [ 90.297778672000049, 23.958046853000042 ], [ 90.297911093000039, 23.956863371000054 ], [ 90.298892863000049, 23.95479984900004 ], [ 90.299197267000068, 23.953616029000045 ], [ 90.299682, 23.951259924000055 ], [ 90.299723726000082, 23.949911776000079 ], [ 90.299273055000072, 23.949192332000052 ], [ 90.29949534800005, 23.948367705000067 ], [ 90.300786568000035, 23.948674536000055 ], [ 90.305275633000065, 23.948769549000076 ], [ 90.306621543000063, 23.948559128000056 ], [ 90.307799640000042, 23.948556771000028 ], [ 90.309764205000079, 23.948914111000079 ], [ 90.311785660000055, 23.949424858000043 ], [ 90.313580697000077, 23.949265398000023 ], [ 90.31436631300005, 23.949521212000036 ], [ 90.315995189000034, 23.950240450000024 ], [ 90.318239622000078, 23.950235815000042 ], [ 90.31857761200007, 23.950799629000073 ], [ 90.31818637300006, 23.951315280000074 ], [ 90.317126967000036, 23.954149081000025 ], [ 90.316514537000046, 23.956157761000043 ], [ 90.316852287000074, 23.956619967000051 ], [ 90.317133138000031, 23.956671324000069 ], [ 90.318591900000058, 23.956616369000074 ], [ 90.320049902000051, 23.956252046000031 ], [ 90.321059634000051, 23.956200261000049 ], [ 90.321621330000085, 23.956300696000028 ], [ 90.322911652000073, 23.956196377000026 ], [ 90.323471709000046, 23.955885842000043 ], [ 90.324536013000056, 23.955059405000043 ], [ 90.325040677000061, 23.954954468000039 ], [ 90.328519505000031, 23.955050934000042 ], [ 90.330033621000041, 23.954790269000057 ], [ 90.330928651000079, 23.953605120000077 ], [ 90.331095643000083, 23.953089920000025 ], [ 90.330924712000069, 23.95206061500005 ], [ 90.330641640000067, 23.951135418000035 ], [ 90.330920770000034, 23.950516108000045 ], [ 90.330974961000038, 23.949847606000048 ], [ 90.332039301000066, 23.949073052000074 ], [ 90.332879878000085, 23.948712201000035 ], [ 90.333383850000075, 23.948349816000075 ], [ 90.334280181000054, 23.947936902000038 ], [ 90.335065241000052, 23.94772744900007 ], [ 90.335570009000037, 23.947676671000067 ], [ 90.336020073000043, 23.948086654000065 ], [ 90.336863039000036, 23.948651581000036 ], [ 90.338040599000067, 23.948443510000061 ], [ 90.338826198000049, 23.948441778000074 ], [ 90.339612475000081, 23.948697460000062 ], [ 90.339894391000087, 23.949159740000027 ], [ 90.339953523000077, 23.950394765000055 ], [ 90.339788997000085, 23.951835773000028 ], [ 90.339509226000075, 23.952195424000024 ], [ 90.338949089000039, 23.952454079000063 ], [ 90.338164136000046, 23.95271322900004 ], [ 90.336481493000065, 23.95287273100007 ], [ 90.336033007000083, 23.953079197000022 ], [ 90.335865634000072, 23.953438594000033 ], [ 90.33586656600005, 23.953799882000055 ], [ 90.335986816000059, 23.954265230000033 ], [ 90.337327968000068, 23.954774417000067 ], [ 90.338002406000044, 23.955235837000032 ], [ 90.338957562000076, 23.955696633000059 ], [ 90.339462490000074, 23.955695517000038 ], [ 90.340304576000051, 23.955901395000069 ], [ 90.341091571000049, 23.956412228000033 ], [ 90.341487211000072, 23.957596828000078 ], [ 90.341925496000044, 23.957945852000023 ], [ 90.342276546000051, 23.957592813000076 ], [ 90.342398864000074, 23.957389315000057 ], [ 90.342983608000054, 23.955513822000057 ], [ 90.344947734000073, 23.952167495000026 ], [ 90.346768455000074, 23.948290824000026 ], [ 90.347001009000053, 23.947283205000076 ], [ 90.347229867000067, 23.945123982000041 ], [ 90.34706843400005, 23.943326931000058 ], [ 90.346983117000036, 23.940592613000035 ], [ 90.34705708000007, 23.939081801000043 ], [ 90.347288616000071, 23.937929667000049 ], [ 90.347986714000058, 23.935552604000065 ], [ 90.348218276000068, 23.934185953000053 ], [ 90.348605635000069, 23.932746688000066 ], [ 90.348758374000056, 23.931305697000028 ], [ 90.348752194000042, 23.929004745000043 ], [ 90.348436086000049, 23.927926106000029 ], [ 90.348505810000063, 23.924615624000069 ], [ 90.348136793000037, 23.920287745000053 ], [ 90.34757572400008, 23.91945127200006 ], [ 90.347090245000061, 23.917713659000071 ], [ 90.346979686000054, 23.917016163000028 ], [ 90.347067382000034, 23.91490241300005 ], [ 90.347264952000046, 23.913463576000026 ], [ 90.347152952000044, 23.912224150000043 ], [ 90.346825136000064, 23.911339725000062 ], [ 90.346015762000036, 23.910399934000054 ], [ 90.345485834000044, 23.909475316000055 ], [ 90.345003782000049, 23.909004463000031 ], [ 90.344505180000056, 23.908079772000065 ], [ 90.344502686000055, 23.907138161000034 ], [ 90.344981509000036, 23.906396439000048 ], [ 90.345487346000084, 23.905887238000048 ], [ 90.345346557000084, 23.905473198000038 ], [ 90.345101811000063, 23.905221972000049 ], [ 90.344091020000064, 23.904720685000029 ], [ 90.343906878000041, 23.904513355000063 ], [ 90.343847423000057, 23.902928320000058 ], [ 90.344715829000052, 23.900218948000031 ], [ 90.345411449000039, 23.899275771000077 ], [ 90.345952145000069, 23.898262939000062 ], [ 90.348681196000086, 23.895454506000078 ], [ 90.349066080000057, 23.89473782500005 ], [ 90.348937844000034, 23.894083274000025 ], [ 90.348400001000073, 23.892937388000064 ], [ 90.34821970400003, 23.892328118000023 ], [ 90.348038398000085, 23.891111425000076 ], [ 90.348097992000078, 23.890666450000026 ], [ 90.348797957000045, 23.88725065400007 ], [ 90.349373711000055, 23.885603207000031 ], [ 90.349522378000074, 23.884268348000035 ], [ 90.349852388000045, 23.883705337000038 ], [ 90.349978275000069, 23.883260208000024 ], [ 90.350113514000043, 23.881956990000049 ], [ 90.350596976000077, 23.881842986000038 ], [ 90.350798543000053, 23.881917043000044 ], [ 90.350961501000086, 23.882472158000041 ], [ 90.351323911000065, 23.882545848000063 ], [ 90.351605598000049, 23.882506818000024 ], [ 90.351886690000072, 23.882248754000045 ], [ 90.352689138000073, 23.88113594400005 ], [ 90.352647009000066, 23.880542166000055 ], [ 90.351958997000054, 23.879247603000067 ], [ 90.351635109000085, 23.878433176000044 ], [ 90.351674414000058, 23.878211796000073 ], [ 90.351794949000066, 23.878062487000022 ], [ 90.352559267000061, 23.877839446000053 ], [ 90.353040085000032, 23.877572658000076 ], [ 90.357642585000065, 23.881287458000031 ], [ 90.358773517000031, 23.882628598000053 ], [ 90.358985231000077, 23.884002949000035 ], [ 90.358388854000054, 23.885092414000042 ], [ 90.357654254000067, 23.88689826500007 ], [ 90.357147036000072, 23.888660369000036 ], [ 90.357111571000075, 23.889185296000051 ], [ 90.357732291000048, 23.889853968000068 ], [ 90.358879397000067, 23.890848473000062 ], [ 90.359303444000034, 23.89156762500005 ], [ 90.359693185000083, 23.892911668000067 ], [ 90.359832475000076, 23.893168054000057 ], [ 90.360213403000046, 23.893334851000077 ], [ 90.360345962000054, 23.893576008000025 ], [ 90.360629452000069, 23.89373792300006 ], [ 90.361371830000053, 23.893767795000031 ], [ 90.362115280000069, 23.893962499000054 ], [ 90.36459185800004, 23.894767297000044 ], [ 90.367811479000068, 23.895606409000038 ], [ 90.369545361000064, 23.896252579000077 ], [ 90.370500656000047, 23.896444476000056 ], [ 90.373116835000076, 23.89643815200003 ], [ 90.373965737000049, 23.896567057000027 ], [ 90.374779299000068, 23.89679088500003 ], [ 90.375699373000032, 23.897113804000071 ], [ 90.376938960000075, 23.897729483000035 ], [ 90.379276757000071, 23.899315675000025 ], [ 90.379949418000081, 23.899639178000029 ], [ 90.380621230000031, 23.899671385000033 ], [ 90.384718942000063, 23.898588609000058 ], [ 90.385813081000038, 23.897967158000029 ], [ 90.387539269000058, 23.895786042000054 ], [ 90.388885563000031, 23.894681612000056 ], [ 90.38924058200007, 23.894154133000029 ], [ 90.389511722000066, 23.89343944500007 ], [ 90.389686015000052, 23.892594486000064 ], [ 90.390035879000038, 23.891947792000053 ], [ 90.391039592000084, 23.891091694000067 ], [ 90.392097819000071, 23.889993837000077 ], [ 90.39242316900004, 23.88957074800004 ], [ 90.392618227000071, 23.889105089000054 ], [ 90.39273083300003, 23.88857867300004 ], [ 90.39254601500005, 23.886944303000064 ], [ 90.392707327000039, 23.886282277000078 ], [ 90.392999399000075, 23.885619916000053 ], [ 90.393063161000043, 23.885183945000051 ], [ 90.393046291000076, 23.884883665000075 ], [ 90.392700298000079, 23.883954223000046 ], [ 90.392731706000063, 23.883579305000069 ], [ 90.392894100000035, 23.883278567000048 ], [ 90.393415570000059, 23.882751104000079 ], [ 90.393756452000048, 23.882194746000039 ], [ 90.393860385000039, 23.880981877000067 ], [ 90.393927552000036, 23.880847875000029 ], [ 90.394072931000039, 23.880794928000057 ], [ 90.394353598000066, 23.88078942900006 ], [ 90.395394304000035, 23.881164350000063 ], [ 90.396158950000085, 23.881348789000072 ], [ 90.398488348000058, 23.881596096000067 ], [ 90.399606997000035, 23.881956448000039 ], [ 90.402483368000048, 23.882584644000076 ], [ 90.403003139000077, 23.882578504000037 ], [ 90.403771607000067, 23.88231361000004 ], [ 90.40516997800006, 23.88235773200006 ], [ 90.405517922000058, 23.882256442000028 ], [ 90.407294081000032, 23.882234031000053 ], [ 90.409515491000036, 23.882510397000033 ], [ 90.41210962200006, 23.883000246000051 ], [ 90.413122677000047, 23.883607207000068 ], [ 90.414683237000077, 23.884752365000054 ], [ 90.415080472000056, 23.885336133000067 ], [ 90.415900437000062, 23.88602714600006 ], [ 90.418025374000081, 23.886633324000059 ], [ 90.419138515000043, 23.887036748000071 ], [ 90.421668308000051, 23.887716288000036 ], [ 90.422174909000034, 23.887936188000026 ], [ 90.423147963000076, 23.889426529000048 ], [ 90.424803370000063, 23.890995405000069 ], [ 90.425971617000073, 23.891897658000062 ], [ 90.42921106600005, 23.89399994200005 ], [ 90.430277669000077, 23.894810751000023 ], [ 90.43119534300007, 23.895642776000045 ], [ 90.432032898000045, 23.896223005000024 ], [ 90.434039074000054, 23.896877990000064 ], [ 90.435440520000043, 23.898064163000072 ], [ 90.437286147000066, 23.900314639000044 ], [ 90.43743171400007, 23.900303944000029 ], [ 90.437754301000041, 23.90069359000006 ], [ 90.438205484000036, 23.900660692000031 ], [ 90.438750866000078, 23.900340751000044 ], [ 90.439730937000036, 23.900195695000036 ], [ 90.440635453000084, 23.899861173000033 ], [ 90.441054353000084, 23.89954384300006 ], [ 90.441894471000069, 23.899232081000036 ], [ 90.442510394000067, 23.899076760000071 ], [ 90.443295509000052, 23.899022566000042 ], [ 90.444807578000052, 23.898245944000053 ], [ 90.445872138000084, 23.898037380000062 ], [ 90.447272180000084, 23.897364931000027 ], [ 90.447830969000051, 23.896848469000076 ], [ 90.448670165000067, 23.896279250000077 ], [ 90.449734426000077, 23.895813242000031 ], [ 90.451023671000087, 23.895603984000047 ], [ 90.453042050000079, 23.895494183000039 ], [ 90.454220185000054, 23.895644256000026 ], [ 90.454950307000047, 23.89584983900005 ], [ 90.455791270000077, 23.895795416000055 ], [ 90.456801364000057, 23.895997903000023 ], [ 90.457698992000076, 23.895995235000044 ], [ 90.458815058000084, 23.896144607000053 ], [ 90.458715029000075, 23.89578322400007 ], [ 90.458893891000059, 23.895266908000053 ], [ 90.459399073000043, 23.894645037000032 ], [ 90.459847703000037, 23.894227827000066 ], [ 90.460521860000085, 23.893966659000057 ], [ 90.461307255000065, 23.89339614000005 ], [ 90.461588112000072, 23.892877223000028 ], [ 90.460633793000056, 23.891844252000055 ], [ 90.460582187000057, 23.891460447000043 ], [ 90.460690367000041, 23.890912548000074 ], [ 90.460633857000062, 23.890290200000038 ], [ 90.460970622000048, 23.890030112000034 ], [ 90.461083088000066, 23.889718487000039 ], [ 90.461588237000058, 23.889251107000064 ], [ 90.461756628000046, 23.888837061000061 ], [ 90.461698102000071, 23.888648653000075 ], [ 90.46091479200004, 23.887751472000048 ], [ 90.460690553000063, 23.886407165000037 ], [ 90.460690574000068, 23.885889148000047 ], [ 90.460465701000032, 23.885165100000052 ], [ 90.460297342000047, 23.884906631000035 ], [ 90.460578208000072, 23.883869697000023 ], [ 90.460914969000044, 23.883350600000028 ], [ 90.461532544000079, 23.882778346000066 ], [ 90.461772196000084, 23.882668521000028 ], [ 90.462077148000049, 23.882648331000041 ], [ 90.462072818000081, 23.881428994000032 ], [ 90.461628884000049, 23.880888393000077 ], [ 90.460838452000075, 23.879581088000066 ], [ 90.460786621000068, 23.878813502000071 ], [ 90.460980988000074, 23.878225826000062 ], [ 90.462894235000078, 23.877632988000073 ], [ 90.463630416000058, 23.87749529000007 ], [ 90.464218458000062, 23.87713222800005 ], [ 90.464854316000071, 23.876407731000029 ], [ 90.46524445600005, 23.875638813000023 ], [ 90.46612407300006, 23.874416800000063 ], [ 90.466662337000059, 23.873873235000076 ], [ 90.467543550000073, 23.873102822000078 ], [ 90.468817298000033, 23.872240886000043 ], [ 90.470286487000067, 23.871107376000055 ], [ 90.471294114000045, 23.869997845000057 ], [ 90.47184993500008, 23.868889695000064 ], [ 90.472435784000083, 23.867939513000067 ], [ 90.473019166000086, 23.866311920000044 ], [ 90.472768550000069, 23.864912692000075 ], [ 90.472712233000038, 23.86292577200004 ], [ 90.472907341000052, 23.862563884000053 ], [ 90.473100152000086, 23.861569746000043 ], [ 90.472750192000035, 23.859854694000035 ], [ 90.472403024000073, 23.858907371000043 ], [ 90.474366220000036, 23.857803862000026 ], [ 90.474512202000085, 23.855079033000038 ], [ 90.47416250200007, 23.851806074000024 ], [ 90.47327765700004, 23.848518460000037 ], [ 90.473283494000043, 23.848167579000062 ], [ 90.472671821000063, 23.846033329000022 ], [ 90.47254795200007, 23.845216289000064 ], [ 90.472617914000068, 23.842337040000075 ], [ 90.472817469000063, 23.841686106000054 ], [ 90.474124393000068, 23.840083377000042 ], [ 90.476680869000063, 23.837828716000047 ], [ 90.477563314000065, 23.836304047000056 ], [ 90.478262311000037, 23.834127361000071 ], [ 90.478523608000046, 23.833756228000027 ], [ 90.480759284000044, 23.832263461000025 ], [ 90.482495347000054, 23.830605868000077 ], [ 90.483102310000049, 23.830616949000046 ], [ 90.483784558000082, 23.830767758000036 ], [ 90.484084628000062, 23.830980943000043 ], [ 90.484620138000082, 23.831912243000033 ], [ 90.485070134000068, 23.832201428000076 ], [ 90.486050873000067, 23.832137160000059 ], [ 90.486548185000061, 23.831737927000063 ], [ 90.486630805000061, 23.83160001300007 ], [ 90.486841526000035, 23.830146342000035 ], [ 90.487443873000075, 23.827281496000069 ], [ 90.488236502000063, 23.825262890000033 ], [ 90.488251467000055, 23.824819293000076 ], [ 90.488217014000043, 23.824498212000037 ], [ 90.487982540000075, 23.824040111000045 ], [ 90.487798802000043, 23.823811269000032 ], [ 90.487415503000079, 23.823567765000064 ], [ 90.487125886000058, 23.82314120500007 ], [ 90.487023044000068, 23.82271475400006 ], [ 90.486651535000078, 23.820505278000041 ], [ 90.48668219800004, 23.817867757000045 ], [ 90.486862925000082, 23.817625572000054 ], [ 90.487125334000041, 23.817568291000043 ], [ 90.488882441000044, 23.817824667000025 ], [ 90.489313854000045, 23.817734807000022 ], [ 90.490360825000039, 23.816520051000055 ], [ 90.488934698000037, 23.815557399000056 ], [ 90.488469652000049, 23.815409840000029 ], [ 90.48798505700006, 23.815449760000035 ], [ 90.487078257000064, 23.81580488700007 ], [ 90.486431932000073, 23.815750476000062 ], [ 90.486088177000056, 23.815548332000049 ], [ 90.485092722000047, 23.814009205000048 ], [ 90.485071980000043, 23.813711203000025 ], [ 90.485330394000073, 23.812746194000056 ], [ 90.485245527000075, 23.811538393000035 ], [ 90.485000197000033, 23.810739806000072 ], [ 90.484553148000032, 23.809980241000062 ], [ 90.484145771000044, 23.808996999000044 ], [ 90.484345839000071, 23.808513144000074 ], [ 90.485149767000053, 23.807564485000057 ], [ 90.485289580000085, 23.807211786000039 ], [ 90.485287572000061, 23.806672114000037 ], [ 90.485185297000044, 23.806227592000027 ], [ 90.484656236000035, 23.805188284000053 ], [ 90.48396678000006, 23.804242057000067 ], [ 90.483091052000077, 23.80259413400006 ], [ 90.482766232000074, 23.80179580600003 ], [ 90.481949098000086, 23.799160927000059 ], [ 90.481785139000067, 23.79845466300003 ], [ 90.481700180000075, 23.79721072600006 ], [ 90.481777260000058, 23.796318545000076 ], [ 90.481566591000046, 23.793923383000049 ], [ 90.48136071600004, 23.792828857000075 ], [ 90.480872231000035, 23.791789404000042 ], [ 90.480041239000059, 23.790863921000039 ], [ 90.479130570000052, 23.790123842000071 ], [ 90.476600915000063, 23.788365854000062 ], [ 90.476256640000031, 23.787996593000059 ], [ 90.475911002000032, 23.787421848000065 ], [ 90.47536442300003, 23.786922238000045 ], [ 90.474071195000079, 23.786571696000067 ], [ 90.473019625000063, 23.786037497000052 ], [ 90.47225112600006, 23.785574685000029 ], [ 90.471317855000052, 23.784839145000035 ], [ 90.470934405000037, 23.784316439000065 ], [ 90.47079136800005, 23.783777193000049 ], [ 90.470888641000045, 23.782681726000078 ], [ 90.472334702000069, 23.780690194000044 ], [ 90.472735856000043, 23.780002510000031 ], [ 90.473680375000072, 23.778940573000057 ], [ 90.474442669000041, 23.778378228000065 ], [ 90.475049695000052, 23.778137005000076 ], [ 90.475635380000085, 23.778099072000032 ], [ 90.477128838000056, 23.778205111000034 ], [ 90.477612830000055, 23.778036515000053 ], [ 90.478498273000071, 23.777272802000027 ], [ 90.48095231700006, 23.775036449000027 ], [ 90.481374396000035, 23.774551902000042 ], [ 90.48315917900004, 23.771500174000039 ], [ 90.48331782300005, 23.770774832000029 ], [ 90.483232874000066, 23.769530893000024 ], [ 90.482437489000063, 23.767415294000045 ], [ 90.482351320000078, 23.765837162000025 ], [ 90.482648433000065, 23.764406864000023 ], [ 90.482947994000085, 23.763475597000024 ], [ 90.483381701000042, 23.760669697000026 ], [ 90.48331803800005, 23.759872791000078 ], [ 90.48337566400005, 23.759034861000032 ], [ 90.48361518300004, 23.758291198000052 ], [ 90.484056352000039, 23.757677877000049 ], [ 90.484559811000054, 23.757324037000046 ], [ 90.485566929000072, 23.756837644000029 ], [ 90.486836881000045, 23.756443 ], [ 90.487843771000087, 23.755900139000062 ], [ 90.48852819800004, 23.755396683000072 ], [ 90.488788765000038, 23.755043595000075 ], [ 90.488928636000082, 23.754559924000034 ], [ 90.488907216000086, 23.754243858000052 ], [ 90.488744188000055, 23.753781466000078 ], [ 90.487931479000054, 23.752280148000068 ], [ 90.487566196000046, 23.751852265000025 ], [ 90.486372901000038, 23.751076984000065 ], [ 90.486029033000079, 23.750798061000069 ], [ 90.485866851000083, 23.750559213000031 ], [ 90.485764067000048, 23.750130500000068 ], [ 90.485881925000058, 23.749333024000066 ], [ 90.486102482000035, 23.748941682000066 ], [ 90.487490189000084, 23.747580196000058 ], [ 90.487891234000074, 23.746910538000066 ], [ 90.489902017000077, 23.745066093000048 ], [ 90.490948520000074, 23.74431985800004 ], [ 90.491815159000055, 23.744019037000044 ], [ 90.492642026000055, 23.743905755000071 ], [ 90.493509381000081, 23.743959442000062 ], [ 90.494457662000059, 23.743843507000065 ], [ 90.494658792000052, 23.743675765000035 ], [ 90.494778691000079, 23.743433766000066 ], [ 90.494369988000074, 23.742062155000042 ], [ 90.49382121900004, 23.740948412000023 ], [ 90.492907565000053, 23.739503891000027 ], [ 90.492561761000047, 23.738705631000073 ], [ 90.492168652000032, 23.736087495000049 ], [ 90.492084425000087, 23.735213879000071 ], [ 90.492163835000042, 23.734804913000062 ], [ 90.492642914000044, 23.733541113000058 ], [ 90.493025107000051, 23.733095050000031 ], [ 90.493669705000059, 23.732962025000063 ], [ 90.494799704000059, 23.73292228300005 ], [ 90.49568699200006, 23.732752343000072 ], [ 90.496291377000034, 23.732526854000071 ], [ 90.497147422000069, 23.732043128000043 ], [ 90.498201149000067, 23.731299084000057 ], [ 90.499098346000039, 23.730514891000041 ], [ 90.500714901000038, 23.728630931000055 ], [ 90.50095497600006, 23.728072404000045 ], [ 90.501072865000083, 23.727311044000032 ], [ 90.500908967000044, 23.726622858000042 ], [ 90.499283423000065, 23.723563879000039 ], [ 90.499241897000047, 23.723286268000038 ], [ 90.49926071200008, 23.722913624000057 ], [ 90.49952066700007, 23.722262451000063 ], [ 90.500341365000054, 23.720570745000032 ], [ 90.500438666000036, 23.719716868000035 ], [ 90.500837566000087, 23.718525562000025 ], [ 90.50162113500005, 23.717556558000069 ], [ 90.50308939100006, 23.716382098000054 ], [ 90.507497621000084, 23.713953798000034 ], [ 90.510175618000062, 23.712662392000027 ], [ 90.510779091000074, 23.712233620000063 ], [ 90.511879198000031, 23.711169534000078 ], [ 90.511980704000052, 23.710885892000078 ], [ 90.510734174000049, 23.709564143000023 ], [ 90.509715983000035, 23.709048934000066 ], [ 90.509741151000071, 23.708970127000043 ], [ 90.509241443000064, 23.708694082000022 ], [ 90.50881310300008, 23.70867159200003 ], [ 90.508238111000082, 23.708479307000061 ], [ 90.507728641000085, 23.708451106000041 ], [ 90.50604351700008, 23.708110098000077 ], [ 90.504351520000057, 23.707925261000071 ], [ 90.502954236000051, 23.707957339000075 ], [ 90.502221625000061, 23.707870616000037 ], [ 90.503353491000041, 23.706285828000034 ], [ 90.503183632000059, 23.706105189000027 ], [ 90.501753978000067, 23.705640146000064 ], [ 90.499079781000034, 23.70547810000005 ], [ 90.499157070000081, 23.705138003000059 ], [ 90.499283099000081, 23.70509344900006 ], [ 90.499230401000034, 23.704176027000074 ], [ 90.498054611000043, 23.704119199000047 ], [ 90.498093337000057, 23.703695497000069 ], [ 90.494437980000043, 23.703504948000045 ], [ 90.493417134000083, 23.703320782000048 ], [ 90.492803174000073, 23.702758213000038 ], [ 90.491883659000052, 23.702291451000065 ], [ 90.491469294000069, 23.700508868000043 ], [ 90.491059155000073, 23.699853062000045 ], [ 90.490344953000033, 23.699855325000044 ], [ 90.490039739000053, 23.700043716000039 ], [ 90.489632062000055, 23.70004500400006 ], [ 90.48871187900005, 23.699390803000028 ], [ 90.488505641000074, 23.698829187000058 ], [ 90.488199034000047, 23.698642734000032 ], [ 90.487791361000063, 23.698644018000039 ], [ 90.487484754000036, 23.698457561000055 ], [ 90.485444457000085, 23.698274290000029 ], [ 90.483607279000069, 23.697810355000058 ], [ 90.483403057000032, 23.697623569000029 ], [ 90.483402028000057, 23.697343568000065 ], [ 90.483095423000066, 23.697154846000046 ], [ 90.481383141000038, 23.696640814000034 ], [ 90.480062002000068, 23.695960709000076 ], [ 90.480058392000046, 23.694973929000071 ], [ 90.479698772000063, 23.694365353000023 ], [ 90.478823967000039, 23.693989874000067 ], [ 90.478808714000081, 23.693563891000053 ], [ 90.478317798000035, 23.693497047000051 ], [ 90.478113769000061, 23.693101199000068 ], [ 90.477995829000065, 23.693154639000056 ], [ 90.477580189000037, 23.693041209000057 ], [ 90.477204752000034, 23.692564395000034 ], [ 90.476827230000083, 23.692264187000035 ], [ 90.476228175000074, 23.69225033400005 ], [ 90.476260682000031, 23.691459499000075 ], [ 90.475971990000062, 23.690499700000032 ], [ 90.476032807000081, 23.689969352000048 ], [ 90.475576767000064, 23.690039590000026 ], [ 90.475498506000065, 23.689432152000052 ], [ 90.475127401000066, 23.688475792000077 ], [ 90.474925906000067, 23.688287552000077 ], [ 90.474771007000072, 23.688250052000058 ], [ 90.472915252000064, 23.688886223000054 ], [ 90.472652352000068, 23.688254823000022 ], [ 90.472563752000042, 23.687826323000024 ], [ 90.472618152000052, 23.687751923000064 ], [ 90.47241375200008, 23.687076157000035 ], [ 90.47147480700005, 23.687157252000077 ], [ 90.471402389000048, 23.687050980000038 ], [ 90.470954769000059, 23.687058317000037 ], [ 90.470870906000073, 23.686976153000046 ], [ 90.470324473000062, 23.687115491000043 ], [ 90.469858584000065, 23.687124735000054 ], [ 90.469474449000074, 23.686601694000046 ], [ 90.468862354000066, 23.686510966000071 ], [ 90.468557976000056, 23.686934156000063 ], [ 90.468499502000043, 23.68716958400006 ], [ 90.468386432000045, 23.68820951500004 ], [ 90.468270380000035, 23.688413005000029 ], [ 90.468235161000052, 23.689452700000061 ], [ 90.467867909000063, 23.690830725000069 ], [ 90.466949552000074, 23.690707524000061 ], [ 90.466764092000062, 23.690260871000078 ], [ 90.466602152000064, 23.69014502400006 ], [ 90.46681410900004, 23.690153192000025 ], [ 90.466946307000057, 23.690009054000029 ], [ 90.467153808000035, 23.690042654000024 ], [ 90.467189008000048, 23.689832153000054 ], [ 90.467068608000034, 23.689475953000056 ], [ 90.466974478000054, 23.689498959000048 ], [ 90.466890583000065, 23.689224990000071 ], [ 90.466674076000061, 23.689087138000048 ], [ 90.466611907000072, 23.688956354000027 ], [ 90.46679500700003, 23.688843954000049 ], [ 90.466768637000087, 23.688402789000065 ], [ 90.466464956000038, 23.688386975000071 ], [ 90.466443985000069, 23.687889230000053 ], [ 90.466577603000076, 23.687881659000027 ], [ 90.466593807000038, 23.687724554000056 ], [ 90.466809806000072, 23.687584654000034 ], [ 90.466730707000067, 23.687472854000077 ], [ 90.466600607000032, 23.687361054000064 ], [ 90.466389503000073, 23.687332023000067 ], [ 90.465784840000083, 23.687435673000039 ], [ 90.465696659000059, 23.687118292000036 ], [ 90.465375427000083, 23.687144723000074 ], [ 90.465256708000084, 23.686856042000045 ], [ 90.465128917000072, 23.686775133000026 ], [ 90.464834779000057, 23.686803114000043 ], [ 90.464606573000083, 23.686701113000026 ], [ 90.464457369000058, 23.686217765000038 ], [ 90.464048457000047, 23.68632675200007 ], [ 90.463558133000049, 23.686293825000064 ], [ 90.46317682800003, 23.686373042000071 ], [ 90.463007562000087, 23.686206259000073 ], [ 90.462915726000062, 23.685919750000039 ], [ 90.462123366000071, 23.685671181000032 ], [ 90.462045222000086, 23.685587769000051 ], [ 90.46203111300008, 23.685265179000055 ], [ 90.462171987000033, 23.684738989000039 ], [ 90.461938599000064, 23.684614694000061 ], [ 90.461509763000038, 23.684597573000076 ], [ 90.461144578000074, 23.684060941000041 ], [ 90.460914498000079, 23.684023592000074 ], [ 90.460470717000078, 23.684142544000053 ], [ 90.460359413000049, 23.683863752000036 ], [ 90.46061747400006, 23.683447522000051 ], [ 90.460595897000076, 23.683214335000059 ], [ 90.460366549000071, 23.682932057000073 ], [ 90.459158689000049, 23.68196961700005 ], [ 90.459334022000064, 23.681625864000068 ], [ 90.459813054000051, 23.681141495000077 ], [ 90.46059692700004, 23.680689958000073 ], [ 90.460755693000067, 23.680465355000024 ], [ 90.460662609000053, 23.679820368000037 ], [ 90.460827085000062, 23.67862494700006 ], [ 90.45936120600004, 23.67765375700003 ], [ 90.453322614000058, 23.672748846000047 ], [ 90.45205315000004, 23.670765410000058 ], [ 90.451216695000085, 23.670284609000078 ], [ 90.449520448000044, 23.669481132000044 ], [ 90.449102260000075, 23.669187140000076 ], [ 90.450612440000043, 23.667691476000073 ], [ 90.452328643000044, 23.66575546200005 ], [ 90.452774369000053, 23.665564118000077 ], [ 90.452986746000079, 23.665284480000025 ], [ 90.453320228000052, 23.664375999000072 ], [ 90.454786479000063, 23.662211261000039 ], [ 90.456584976000045, 23.66010288700005 ], [ 90.460449476000065, 23.655273475000058 ], [ 90.460739112000056, 23.655004949000045 ], [ 90.462185524000063, 23.653165222000041 ], [ 90.463798540000084, 23.65149705400006 ], [ 90.46568172700006, 23.649942773000078 ], [ 90.468327668000086, 23.646952243000044 ], [ 90.469442034000053, 23.645170808000046 ], [ 90.471219380000036, 23.643081449000078 ], [ 90.47210573600006, 23.641396283000063 ], [ 90.472580858000072, 23.640783028000044 ], [ 90.472714837000069, 23.639083420000077 ], [ 90.472698950000051, 23.638270911000063 ], [ 90.472552674000042, 23.637267610000038 ], [ 90.471690817000081, 23.63564511800007 ], [ 90.471232931000031, 23.634547167000051 ], [ 90.470894687000055, 23.634261410000079 ], [ 90.470300723000037, 23.633978227000057 ], [ 90.466654099000039, 23.633246314000075 ], [ 90.459217265000063, 23.630811662000042 ], [ 90.45419499500008, 23.628954455000041 ], [ 90.453496087000076, 23.628839078000055 ], [ 90.452735282000049, 23.629076145000056 ], [ 90.451594558000068, 23.629664325000078 ], [ 90.451150122000058, 23.629783041000053 ], [ 90.450261266000041, 23.629668201000072 ], [ 90.445938629000068, 23.628276127000049 ], [ 90.444729638000069, 23.627344728000025 ], [ 90.443075634000081, 23.626353623000057 ], [ 90.442120314000078, 23.625595356000076 ], [ 90.440401488000077, 23.624080519000074 ], [ 90.438108113000055, 23.621865004000028 ], [ 90.435941659000036, 23.619470704000037 ], [ 90.435239341000056, 23.618302960000051 ], [ 90.43383381600006, 23.615500027000053 ], [ 90.43357840300007, 23.615148471000055 ], [ 90.430527064000046, 23.613754658000062 ], [ 90.426288924000062, 23.618562648000022 ], [ 90.423821, 23.621026263000033 ], [ 90.421861099000068, 23.623547175000056 ], [ 90.419899262000058, 23.625483204000034 ], [ 90.417681971000036, 23.627067628000077 ], [ 90.415656111000033, 23.628945067000075 ], [ 90.410720302000072, 23.634165483000061 ], [ 90.410023588000058, 23.634752186000071 ], [ 90.407487530000083, 23.635987295000064 ], [ 90.406473380000079, 23.636574816000063 ], [ 90.404700069000057, 23.637981755000055 ], [ 90.403372069000056, 23.639742048000073 ], [ 90.40248543000007, 23.640561797000032 ], [ 90.399507226000082, 23.642558917000031 ], [ 90.397035355000071, 23.644028542000058 ], [ 90.39583315200008, 23.645492629000046 ], [ 90.395201976000067, 23.646722668000052 ], [ 90.394130619000066, 23.649534520000032 ], [ 90.393626, 23.650470671000051 ], [ 90.391915666000045, 23.651938279000035 ], [ 90.39121790300004, 23.652231339000025 ], [ 90.390392760000054, 23.652350843000079 ], [ 90.387979757000039, 23.652474322000046 ], [ 90.383726461000037, 23.652834919000043 ], [ 90.374774216000048, 23.653326513000025 ], [ 90.373758618000068, 23.653502841000034 ], [ 90.371411127000044, 23.654269475000035 ], [ 90.370585953000045, 23.654388875000052 ], [ 90.369061638000062, 23.654333798000039 ], [ 90.368235310000046, 23.654042206000042 ], [ 90.367471462000083, 23.653517871000076 ], [ 90.365497969000046, 23.651709248000031 ], [ 90.363905873000078, 23.649958416000061 ], [ 90.359700674000067, 23.644819659000063 ], [ 90.358936277000055, 23.644062693000024 ], [ 90.357345789000078, 23.642837934000056 ], [ 90.355437137000081, 23.641555177000043 ], [ 90.354356600000074, 23.641031501000043 ], [ 90.353529764000086, 23.640507239000044 ], [ 90.352385978000086, 23.640157573000067 ], [ 90.351495739000086, 23.639750866000043 ], [ 90.349970976000066, 23.639460755000073 ], [ 90.347113741000044, 23.639525888000037 ], [ 90.345907793000038, 23.639763430000073 ], [ 90.341974177000054, 23.640883165000048 ], [ 90.338103155000056, 23.641826524000066 ], [ 90.334043005000069, 23.643122468000058 ], [ 90.332266735000076, 23.643945995000024 ], [ 90.331125629000041, 23.644650720000072 ], [ 90.327829665000081, 23.646997165000073 ], [ 90.321936558000061, 23.652158095000061 ], [ 90.315217086000075, 23.656909502000076 ], [ 90.310145682000041, 23.660054041000024 ], [ 90.303073938000068, 23.664293349000047 ], [ 90.29584858000004, 23.665735161000043 ], [ 90.292414247000067, 23.667354862000025 ], [ 90.289693378000038, 23.66897315500006 ], [ 90.287751913000079, 23.671067933000074 ], [ 90.28650162200006, 23.673624120000056 ], [ 90.285769069000082, 23.673356246000026 ], [ 90.285050255000044, 23.672869810000066 ], [ 90.283459920000041, 23.670993949000035 ], [ 90.281348870000045, 23.667786432000071 ], [ 90.278051464000043, 23.664359847000071 ], [ 90.271478793000085, 23.660619341000029 ], [ 90.271153857000058, 23.660321172000067 ], [ 90.270990958000084, 23.659962971000027 ], [ 90.271147905000078, 23.656805035000048 ], [ 90.270919760000083, 23.654834018000031 ], [ 90.270014838000066, 23.653485654000065 ], [ 90.269636966000064, 23.653312435000032 ], [ 90.268919323000034, 23.653313681000043 ], [ 90.267447850000053, 23.65390786200004 ], [ 90.266354021000041, 23.654569128000048 ], [ 90.265712174000043, 23.654780238000058 ], [ 90.264805971000044, 23.654885665000052 ], [ 90.26367312900004, 23.654747590000056 ], [ 90.262728100000061, 23.654437568000048 ], [ 90.261896724000053, 23.654265097000064 ], [ 90.261066373000062, 23.654300370000044 ], [ 90.259480727000039, 23.654824665000035 ], [ 90.258235202000037, 23.655036753000047 ], [ 90.257555407000041, 23.65496788300004 ], [ 90.256610380000041, 23.654655566000031 ], [ 90.25502296500008, 23.653962672000034 ], [ 90.25438063100006, 23.653929854000069 ], [ 90.253285799000082, 23.654105525000034 ], [ 90.251436927000043, 23.654804048000074 ], [ 90.250191039000072, 23.655153822000045 ], [ 90.249575787000083, 23.655185298000049 ], [ 90.249284488000058, 23.655085277000069 ], [ 90.248981628000081, 23.654704136000078 ], [ 90.248496783000064, 23.652562027000045 ], [ 90.247951344000057, 23.649139424000055 ], [ 90.24759963300005, 23.647739889000036 ], [ 90.248000077000086, 23.646432110000035 ], [ 90.248178296000049, 23.644639391000055 ], [ 90.248121725000033, 23.642153973000063 ], [ 90.248222084000076, 23.641308500000036 ], [ 90.248609858000066, 23.640590905000067 ], [ 90.249742653000055, 23.639453876000061 ], [ 90.249771906000035, 23.637780889000055 ], [ 90.249673324000071, 23.637093947000039 ], [ 90.249380186000053, 23.636407319000057 ], [ 90.24917126400004, 23.63613237900006 ], [ 90.24885, 23.63600075100004 ], [ 90.248599588000047, 23.635540610000078 ], [ 90.248511757000074, 23.635185131000071 ], [ 90.248622954000041, 23.634726089000026 ], [ 90.24918144600008, 23.633761579000065 ], [ 90.24918099000007, 23.633520676000046 ], [ 90.249018710000087, 23.633302977000028 ], [ 90.247447644000033, 23.632135388000052 ], [ 90.246747989000085, 23.630863154000053 ], [ 90.24637141200003, 23.630371782000054 ], [ 90.246160203000045, 23.629464901000063 ], [ 90.245731240000055, 23.628697394000028 ], [ 90.245498097000052, 23.628865057000041 ], [ 90.244047504000036, 23.631231582000055 ], [ 90.242450113000075, 23.633040256000072 ], [ 90.241983321000077, 23.633112682000046 ], [ 90.241282890000036, 23.633089873000074 ], [ 90.240478087000042, 23.632732636000071 ], [ 90.239838764000069, 23.632035304000055 ], [ 90.239459560000057, 23.631410379000044 ], [ 90.239080523000041, 23.630539309000028 ], [ 90.23879052400008, 23.628868561000047 ], [ 90.23839924400005, 23.627865191000069 ], [ 90.237198042000045, 23.625289855000062 ], [ 90.236913659000038, 23.623947999000052 ], [ 90.236573527000076, 23.621638442000062 ], [ 90.236102158000051, 23.620672662000061 ], [ 90.235742181000035, 23.620280935000039 ], [ 90.234678323000082, 23.619578911000076 ], [ 90.233840390000069, 23.618568681000056 ], [ 90.233336494000071, 23.618312177000064 ], [ 90.232308171000057, 23.618287208000027 ], [ 90.231431152000084, 23.617889352000077 ], [ 90.229253498000048, 23.615992247000065 ], [ 90.229051745000049, 23.615691237000078 ], [ 90.228724141000043, 23.615437071000031 ], [ 90.228065335000053, 23.61469224800004 ], [ 90.226363583000079, 23.613233703000049 ], [ 90.225834210000073, 23.612678960000039 ], [ 90.22575837800008, 23.612401315000056 ], [ 90.225762317000033, 23.610974330000033 ], [ 90.226092691000076, 23.608333173000062 ], [ 90.225974675000032, 23.606520714000055 ], [ 90.22573211200006, 23.604902634000041 ], [ 90.225835106000034, 23.604152958000043 ], [ 90.224965724000072, 23.60293426800007 ], [ 90.224721833000046, 23.602383297000074 ], [ 90.224796707000053, 23.602103175000025 ], [ 90.225023279000084, 23.601797881000039 ], [ 90.225742008000054, 23.601760488000025 ], [ 90.225959584000066, 23.601602436000064 ], [ 90.225946466000039, 23.601003863000074 ], [ 90.22605229800007, 23.600665394000032 ], [ 90.22649133300007, 23.600150179000025 ], [ 90.226400747000071, 23.599848690000044 ], [ 90.225881087000062, 23.599721442000032 ], [ 90.225552933000074, 23.599816556000064 ], [ 90.22510507800007, 23.599713437000048 ], [ 90.224063188000059, 23.598828298000058 ], [ 90.223876587000063, 23.598413703000062 ], [ 90.223700045000044, 23.598299241000063 ], [ 90.223169350000035, 23.598331708000046 ], [ 90.222433626000054, 23.597907872000064 ], [ 90.222061802000042, 23.597242042000062 ], [ 90.222179858000061, 23.596471932000043 ], [ 90.222039022000047, 23.595998927000039 ], [ 90.221634179000034, 23.595827430000043 ], [ 90.220684180000035, 23.595615420000058 ], [ 90.220514392000041, 23.595362698000031 ], [ 90.220497667000075, 23.594665151000072 ], [ 90.219999400000063, 23.594450764000044 ], [ 90.219765982000069, 23.594436755000061 ], [ 90.219003966000059, 23.594681604000073 ], [ 90.218700867000052, 23.594680885000059 ], [ 90.21594867500005, 23.593279478000056 ], [ 90.212017196000033, 23.59077244100007 ], [ 90.211753077000083, 23.589981536000039 ], [ 90.21152640300005, 23.589771833000043 ], [ 90.210846661000062, 23.589705013000071 ], [ 90.209865625000077, 23.589880220000055 ], [ 90.208959655000058, 23.589881441000045 ], [ 90.208468723000067, 23.589708220000034 ], [ 90.208317449000049, 23.589532288000044 ], [ 90.20812754800005, 23.588943155000038 ], [ 90.208124143000077, 23.58678433700004 ], [ 90.207820463000076, 23.585707591000073 ], [ 90.207290072000035, 23.584385004000069 ], [ 90.206947754000055, 23.582682789000046 ], [ 90.206417784000053, 23.581811835000053 ], [ 90.205964069000061, 23.581326928000067 ], [ 90.205585781000082, 23.580699654000057 ], [ 90.205434150000031, 23.580284349000067 ], [ 90.205395776000046, 23.579830504000029 ], [ 90.206182713000032, 23.57621185000005 ], [ 90.206217828000035, 23.574576875000048 ], [ 90.20598749800007, 23.572002846000032 ], [ 90.207591287000071, 23.570654834000038 ], [ 90.208179398000084, 23.570744374000071 ], [ 90.207979995000073, 23.568576783000026 ], [ 90.206801107000047, 23.566681476000042 ], [ 90.203957114000048, 23.565239992000045 ], [ 90.201898344000085, 23.564610387000073 ], [ 90.200329539000052, 23.563980123000078 ], [ 90.199153118000083, 23.563620323000066 ], [ 90.198577079000074, 23.563281585000027 ], [ 90.197337210000057, 23.56278922000007 ], [ 90.19554652000005, 23.561601290000056 ], [ 90.194924767000032, 23.561087698000051 ], [ 90.193261095000082, 23.560213374000057 ], [ 90.192115153000032, 23.559930261000034 ], [ 90.191410437000059, 23.560053073000063 ], [ 90.191058342000076, 23.560297390000073 ], [ 90.189386563000085, 23.561882427000057 ], [ 90.188169973000072, 23.562719985000058 ], [ 90.188179837000064, 23.562578459000065 ], [ 90.187964863000047, 23.562133457000073 ], [ 90.186176680000074, 23.562659006000047 ], [ 90.185764197000083, 23.562480254000036 ], [ 90.185063883000055, 23.561735596000062 ], [ 90.18475926900004, 23.561158600000056 ], [ 90.18197811400006, 23.557058742000038 ], [ 90.181492614000035, 23.556490243000042 ], [ 90.181052020000038, 23.556287521000058 ], [ 90.179994402000034, 23.556288748000043 ], [ 90.177703934000078, 23.556453973000032 ], [ 90.177395066000031, 23.556291736000048 ], [ 90.177130053000042, 23.555725230000064 ], [ 90.177040834000081, 23.554953029000046 ], [ 90.177038440000047, 23.553166800000042 ], [ 90.177213829000038, 23.552434946000062 ], [ 90.177389343000073, 23.552028270000051 ], [ 90.177697546000047, 23.551702737000028 ], [ 90.178621777000046, 23.55113261300005 ], [ 90.179898674000071, 23.550521429000071 ], [ 90.18035795600008, 23.549520576000077 ], [ 90.181386744000065, 23.545697221000069 ], [ 90.181580676000067, 23.54533850200005 ], [ 90.181774114000063, 23.544621291000055 ], [ 90.181889436000063, 23.54365322600006 ], [ 90.181926297000075, 23.542183364000039 ], [ 90.181847883000046, 23.540405501000066 ], [ 90.181590132000053, 23.539376107000066 ], [ 90.181286662000048, 23.538675917000035 ], [ 90.18044969400006, 23.537570630000062 ], [ 90.180168920000085, 23.536968688000059 ], [ 90.180153133000033, 23.536796630000026 ], [ 90.180372445000046, 23.536101990000077 ], [ 90.181195871000057, 23.535411337000028 ], [ 90.181221367000035, 23.535100613000054 ], [ 90.181064924000054, 23.534431609000023 ], [ 90.179978318000053, 23.532922443000075 ], [ 90.179536725000048, 23.532150649000073 ], [ 90.179315455000051, 23.531299561000026 ], [ 90.179226073000052, 23.530405417000054 ], [ 90.178121934000046, 23.528213970000024 ], [ 90.177327572000081, 23.527117390000058 ], [ 90.176984334000053, 23.526959452000028 ], [ 90.176152807000051, 23.526772720000054 ], [ 90.175686447000032, 23.526916645000028 ], [ 90.174952080000082, 23.527633265000077 ], [ 90.17136516000005, 23.530385544000069 ], [ 90.165673284000036, 23.526754374000063 ], [ 90.165792123000074, 23.527132766000022 ], [ 90.165110680000055, 23.526698009000029 ], [ 90.163613884000085, 23.52734995000003 ], [ 90.162249622000047, 23.528245630000072 ], [ 90.16053252100005, 23.529017456000076 ], [ 90.155250296000077, 23.531825260000062 ], [ 90.152263335000043, 23.533731858000067 ], [ 90.148965529000066, 23.541101304000051 ], [ 90.142142035000063, 23.546545437000077 ], [ 90.135942467000064, 23.555423441000073 ], [ 90.134395873000074, 23.560862524000072 ], [ 90.130405201000031, 23.565398122000033 ], [ 90.129689232000032, 23.565387437000027 ], [ 90.127455515000065, 23.567466814000056 ], [ 90.121105649000071, 23.567207690000032 ], [ 90.113115555000036, 23.567543399000044 ], [ 90.10905467300006, 23.568422995000049 ], [ 90.110772127000075, 23.574694886000032 ], [ 90.106672264000053, 23.574780275000023 ], [ 90.074095003000082, 23.566052126000045 ], [ 90.074000550000051, 23.566083303000028 ], [ 90.073692588000085, 23.566815104000057 ], [ 90.073076409000066, 23.567829326000037 ], [ 90.072680044000037, 23.568195340000045 ], [ 90.071798981000086, 23.568683520000036 ], [ 90.070081131000052, 23.569456607000063 ], [ 90.068319014000053, 23.569942903000026 ], [ 90.066028019000044, 23.570431667000037 ], [ 90.063736843000072, 23.570676520000063 ], [ 90.06184255200003, 23.571408926000061 ], [ 90.060256636000076, 23.571694097000034 ], [ 90.05946362800006, 23.572019582000053 ], [ 90.056423751000068, 23.57299398300006 ], [ 90.05281106700005, 23.573848852000026 ], [ 90.04347034500006, 23.575678626000069 ], [ 90.04069458500004, 23.575882616000058 ], [ 90.039945553000052, 23.576045402000034 ], [ 90.039945639000052, 23.576329930000043 ], [ 90.040165931000047, 23.57665505500006 ], [ 90.040739047000045, 23.577061382000068 ], [ 90.045322459000033, 23.579943826000033 ], [ 90.049069068000051, 23.582867050000061 ], [ 90.053476741000054, 23.585708660000023 ], [ 90.054640221000056, 23.586349582000025 ], [ 90.051935515000082, 23.58863128400003 ], [ 90.050393410000083, 23.589444736000075 ], [ 90.044753890000038, 23.59212694200005 ], [ 90.042110223000066, 23.593672282000057 ], [ 90.038468560000069, 23.596353284000031 ], [ 90.037685791000058, 23.598935819000076 ], [ 90.036853246000078, 23.601058716000068 ], [ 90.036559455000031, 23.602007224000033 ], [ 90.03651069600005, 23.602910511000061 ], [ 90.036070116000076, 23.604762328000049 ], [ 90.035972958000059, 23.607923812000024 ], [ 90.035777326000073, 23.60936909000003 ], [ 90.036504249000075, 23.610170354000047 ], [ 90.037631700000077, 23.610757214000046 ], [ 90.041112028000043, 23.612156406000054 ], [ 90.042876513000067, 23.612201092000078 ], [ 90.045033444000069, 23.613239247000024 ], [ 90.045033614000033, 23.613736047000032 ], [ 90.044446136000033, 23.615768582000044 ], [ 90.04351575700008, 23.618478666000044 ], [ 90.043074840000031, 23.619156244000067 ], [ 90.041997200000083, 23.621369559000073 ], [ 90.041311309000037, 23.622453670000027 ], [ 90.040674326000044, 23.623221621000027 ], [ 90.040380472000038, 23.624034642000026 ], [ 90.040135384000052, 23.624034706000032 ], [ 90.039152041000079, 23.628973975000065 ], [ 90.036263504000033, 23.629400507000071 ], [ 90.025624212000082, 23.629836201000046 ], [ 90.021086795000031, 23.629620098000032 ], [ 90.018583387000035, 23.629333630000076 ], [ 90.016705886000068, 23.628900275000035 ], [ 90.012950594000074, 23.62781896100006 ], [ 90.010682221000081, 23.627532347000056 ], [ 90.007631101000072, 23.627460265000025 ], [ 90.005989129000056, 23.644396676000042 ], [ 90.008962255000085, 23.64526141500005 ], [ 90.01052713100006, 23.645839408000029 ], [ 90.010605311000063, 23.646415239000078 ], [ 90.011153206000074, 23.646776509000063 ], [ 90.013109043000043, 23.646848616000057 ], [ 90.014204491000044, 23.647063047000074 ], [ 90.014204560000053, 23.647713401000033 ], [ 90.016082419000043, 23.648937149000062 ], [ 90.018586500000083, 23.651386989000059 ], [ 90.019995161000054, 23.653622405000078 ], [ 90.020386636000069, 23.654704020000054 ], [ 90.020621543000061, 23.655855657000075 ], [ 90.020856569000046, 23.657729907000032 ], [ 90.020856969000079, 23.66025228500007 ], [ 90.020622752000065, 23.663567311000065 ], [ 90.020524858000044, 23.664660280000078 ], [ 90.020306430000062, 23.665130008000062 ], [ 90.019815297000036, 23.665895591000037 ], [ 90.01890925400005, 23.666938978000076 ], [ 90.01804061100006, 23.668156236000073 ], [ 90.017927309000072, 23.66881789200005 ], [ 90.018078449000086, 23.669199504000062 ], [ 90.018569493000086, 23.669827217000034 ], [ 90.019173945000034, 23.670522660000074 ], [ 90.020382779000045, 23.671321897000041 ], [ 90.021516250000047, 23.672227270000064 ], [ 90.021931601000063, 23.672712716000035 ], [ 90.022120765000068, 23.673130452000066 ], [ 90.022498428000063, 23.673652034000042 ], [ 90.02321624800004, 23.673965813000052 ], [ 90.024311599000043, 23.673999517000027 ], [ 90.024651460000086, 23.67389558800005 ], [ 90.025897759000031, 23.673199871000065 ], [ 90.026199846000054, 23.672712054000044 ], [ 90.026378500000078, 23.672612665000031 ], [ 90.026653098000054, 23.672608102000027 ], [ 90.027370922000046, 23.672921862000067 ], [ 90.028541979000067, 23.673025524000025 ], [ 90.029033003000052, 23.673269316000074 ], [ 90.029826275000062, 23.673790802000042 ], [ 90.030166284000074, 23.674346246000027 ], [ 90.03046867200004, 23.675217839000027 ], [ 90.030619913000066, 23.675843322000048 ], [ 90.030620025000076, 23.676331086000062 ], [ 90.030544768000084, 23.676920482000071 ], [ 90.030318076000071, 23.677374417000067 ], [ 90.03020482200003, 23.67799995300004 ], [ 90.030394067000032, 23.678625427000043 ], [ 90.030658371000072, 23.679113140000027 ], [ 90.030998672000067, 23.679530831000022 ], [ 90.031565155000067, 23.679912348000073 ], [ 90.032094206000068, 23.680122248000032 ], [ 90.033642962000044, 23.68036580200004 ], [ 90.035229265000055, 23.680017692000035 ], [ 90.03545607600006, 23.68005151400007 ], [ 90.035531529000082, 23.680259246000048 ], [ 90.035154221000084, 23.681338736000043 ], [ 90.035229740000034, 23.681790350000028 ], [ 90.035380918000044, 23.682070327000076 ], [ 90.035607733000063, 23.682104150000043 ], [ 90.036173990000066, 23.681582384000023 ], [ 90.036438456000042, 23.681442315000027 ], [ 90.037382900000068, 23.681929851000064 ], [ 90.037685172000067, 23.682173660000046 ], [ 90.038101143000063, 23.683424583000033 ], [ 90.038101254000082, 23.683808469000041 ], [ 90.037987921000081, 23.684052378000047 ], [ 90.035797290000062, 23.684886164000034 ], [ 90.03534404100003, 23.685130150000077 ], [ 90.035192992000077, 23.685340194000048 ], [ 90.035155349000036, 23.685547954000072 ], [ 90.035155453000073, 23.685931842000059 ], [ 90.035609108000074, 23.687182760000042 ], [ 90.036364628000058, 23.687112582000054 ], [ 90.036553523000066, 23.687426421000055 ], [ 90.03753577100008, 23.688121703000036 ], [ 90.037951538000073, 23.688609364000058 ], [ 90.039085072000034, 23.688816833000033 ], [ 90.039235949000044, 23.689060677000043 ], [ 90.039236031000087, 23.689338430000078 ], [ 90.038971839000055, 23.689408498000034 ], [ 90.038140569000063, 23.689374833000045 ], [ 90.037951779000082, 23.689444883000078 ], [ 90.03791424700006, 23.690034272000048 ], [ 90.03802771800008, 23.690244254000049 ], [ 90.03844308500004, 23.690384158000029 ], [ 90.03859423800003, 23.690521868000076 ], [ 90.038632316000076, 23.690765741000064 ], [ 90.038443308000069, 23.691147418000071 ], [ 90.037272815000051, 23.692540987000029 ], [ 90.037121819000049, 23.69295878500003 ], [ 90.037121898000066, 23.693236539000054 ], [ 90.037046245000056, 23.693444309000029 ], [ 90.036744111000075, 23.693792138000049 ], [ 90.036744171000066, 23.69400214500007 ], [ 90.036933067000064, 23.694279855000048 ], [ 90.037424453000085, 23.694383612000024 ], [ 90.038142014000073, 23.694349564000049 ], [ 90.039086647000033, 23.694105447000027 ], [ 90.039653017000035, 23.693827549000048 ], [ 90.040861928000083, 23.69379110400007 ], [ 90.041693359000078, 23.694244773000037 ], [ 90.042222099000071, 23.694208499000069 ], [ 90.042524286000059, 23.694070668000052 ], [ 90.042713104000086, 23.694070616000033 ], [ 90.042939975000081, 23.69420830200005 ], [ 90.043015517000072, 23.69462604000006 ], [ 90.042977941000061, 23.695009938000055 ], [ 90.042789165000045, 23.69514773800006 ], [ 90.03995567000004, 23.695218499000077 ], [ 90.039653479000037, 23.695358583000029 ], [ 90.03965360400008, 23.69577408300006 ], [ 90.040031911000085, 23.696957262000069 ], [ 90.039994135000086, 23.697722789000068 ], [ 90.039654246000055, 23.697896755000045 ], [ 90.038558713000043, 23.697933162000027 ], [ 90.037878857000067, 23.698037204000059 ], [ 90.037500983000086, 23.698315050000076 ], [ 90.037576855000054, 23.698872798000025 ], [ 90.036934418000044, 23.69908070300005 ], [ 90.036934508000058, 23.699394588000075 ], [ 90.037048002000063, 23.699672315000043 ], [ 90.037312584000063, 23.699812257000076 ], [ 90.03806815300004, 23.699672067000051 ], [ 90.039768189000085, 23.699635508000028 ], [ 90.040183766000041, 23.699357650000024 ], [ 90.040599099000076, 23.699287537000032 ], [ 90.040712581000037, 23.699497518000044 ], [ 90.040712732000031, 23.699985278000042 ], [ 90.040486717000078, 23.701654119000068 ], [ 90.04063896200006, 23.705271647000075 ], [ 90.040827883000077, 23.705549351000059 ], [ 90.041205584000068, 23.705655384000067 ], [ 90.043397118000087, 23.705688657000053 ], [ 90.043699421000042, 23.705828577000034 ], [ 90.043850737000071, 23.706384042000025 ], [ 90.04369986200004, 23.707149601000026 ], [ 90.043587051000031, 23.708994546000042 ], [ 90.043209466000064, 23.710211799000035 ], [ 90.042529799000079, 23.711081376000038 ], [ 90.041472170000077, 23.712091060000034 ], [ 90.041170095000041, 23.712716651000051 ], [ 90.041207889000077, 23.712994394000077 ], [ 90.041359026000066, 23.712994351000077 ], [ 90.04211454700004, 23.712472516000048 ], [ 90.044948223000063, 23.711846209000043 ], [ 90.047555294000063, 23.711985434000042 ], [ 90.048650735000081, 23.711393458000032 ], [ 90.04914182300007, 23.71132330000006 ], [ 90.050351040000066, 23.711670667000078 ], [ 90.050578019000056, 23.711984477000044 ], [ 90.05057832600005, 23.712783862000038 ], [ 90.050956731000042, 23.714626395000039 ], [ 90.051826506000054, 23.716263268000034 ], [ 90.052469364000046, 23.717724077000071 ], [ 90.052393901000073, 23.718383483000025 ], [ 90.052129728000068, 23.718627452000078 ], [ 90.051789800000051, 23.718801445000054 ], [ 90.051790020000055, 23.719359209000061 ], [ 90.052205533000063, 23.719600694000064 ], [ 90.052243729000054, 23.720820082000046 ], [ 90.052093317000072, 23.721897272000035 ], [ 90.051791146000085, 23.722211257000026 ], [ 90.051450915000032, 23.72241912000004 ], [ 90.050657516000058, 23.722559388000036 ], [ 90.050544133000074, 23.722699430000034 ], [ 90.050506544000086, 23.723011068000062 ], [ 90.050998011000047, 23.723812551000037 ], [ 90.051224945000058, 23.723950222000042 ], [ 90.05232081500003, 23.724227608000035 ], [ 90.053756805000035, 23.724751008000055 ], [ 90.055570793000072, 23.725165868000033 ], [ 90.056175070000052, 23.724400135000053 ], [ 90.057195384000067, 23.724332016000062 ], [ 90.058895233000044, 23.72318197900006 ], [ 90.059235194000053, 23.723077974000034 ], [ 90.059650961000045, 23.72314781700004 ], [ 90.060218022000072, 23.72352922500005 ], [ 90.06316543500003, 23.723841933000074 ], [ 90.066717391000054, 23.724014320000038 ], [ 90.067019835000053, 23.724291941000047 ], [ 90.067168749000075, 23.724600336000037 ], [ 90.067511265000064, 23.724813360000041 ], [ 90.069854165000038, 23.724638442000071 ], [ 90.070231720000038, 23.724326645000076 ], [ 90.070307226000068, 23.723908855000047 ], [ 90.070344022000086, 23.72220393300006 ], [ 90.070683840000072, 23.721856022000054 ], [ 90.071288467000045, 23.721925747000057 ], [ 90.074877963000063, 23.721332416000052 ], [ 90.075293227000031, 23.721054461000051 ], [ 90.075444071000049, 23.720530496000038 ], [ 90.07555676700008, 23.719243294000023 ], [ 90.075858553000046, 23.718373758000041 ], [ 90.076047328000072, 23.718235918000062 ], [ 90.076614168000049, 23.718199509000044 ], [ 90.079447938000044, 23.718301953000037 ], [ 90.079598998000051, 23.718164128000069 ], [ 90.079749931000038, 23.717816296000024 ], [ 90.079635578000079, 23.715797565000059 ], [ 90.080240118000063, 23.715763379000066 ], [ 90.081037384000069, 23.716048846000035 ], [ 90.081147519000069, 23.716666168000074 ], [ 90.081187685000032, 23.720633722000059 ], [ 90.08137664800006, 23.720807499000045 ], [ 90.081867840000086, 23.720874984000034 ], [ 90.082056829000067, 23.721084893000068 ], [ 90.082008374000054, 23.724004709000042 ], [ 90.082423733000041, 23.72486484500007 ], [ 90.085743132000061, 23.727057964000039 ], [ 90.086780019000059, 23.727009964000047 ], [ 90.088750289000075, 23.727103687000067 ], [ 90.093468581000081, 23.727148329000045 ], [ 90.095128037000052, 23.727339261000054 ], [ 90.097046584000054, 23.727959060000046 ], [ 90.098913967000044, 23.729007916000057 ], [ 90.100158033000071, 23.72843354400004 ], [ 90.102490867000085, 23.72790586800005 ], [ 90.103579344000082, 23.727570936000063 ], [ 90.105341413000076, 23.72685391400006 ], [ 90.10560048800005, 23.726472110000032 ], [ 90.105650113000081, 23.723751003000075 ], [ 90.105959602000041, 23.721650711000052 ], [ 90.105748387000062, 23.717116488000045 ], [ 90.105748119000054, 23.716782281000064 ], [ 90.105851587000075, 23.716592526000056 ], [ 90.106473777000076, 23.716400158000056 ], [ 90.110309888000074, 23.715968418000045 ], [ 90.111605323000049, 23.715441342000076 ], [ 90.112486596000053, 23.715298441000073 ], [ 90.11321214700007, 23.714821440000037 ], [ 90.114663284000073, 23.714628430000062 ], [ 90.115544671000066, 23.714627773000075 ], [ 90.115855966000083, 23.71476980500006 ], [ 90.116168193000078, 23.715964134000046 ], [ 90.116427670000064, 23.716440408000039 ], [ 90.117361694000067, 23.717347480000058 ], [ 90.117776620000086, 23.717489426000043 ], [ 90.11793239800005, 23.717870937000043 ], [ 90.117726523000044, 23.719399861000056 ], [ 90.117260888000033, 23.720497676000036 ], [ 90.116846592000059, 23.721071563000066 ], [ 90.116535958000043, 23.721690529000057 ], [ 90.11684727100004, 23.721834815000022 ], [ 90.11824744900008, 23.722167957000067 ], [ 90.119751695000048, 23.72297747500005 ], [ 90.121048044000077, 23.723071311000069 ], [ 90.12141091500007, 23.723262970000064 ], [ 90.121411932000058, 23.724360429000058 ], [ 90.121258565000062, 23.726605149000022 ], [ 90.121726005000085, 23.72746287800004 ], [ 90.123024190000081, 23.729467086000056 ], [ 90.123698920000038, 23.730326901000069 ], [ 90.123908215000085, 23.732474231000026 ], [ 90.124064335000071, 23.732855733000065 ], [ 90.124323650000065, 23.733094889000029 ], [ 90.125101708000045, 23.733283945000039 ], [ 90.128938576000053, 23.733185952000042 ], [ 90.129457106000075, 23.733232938000071 ], [ 90.13007951000003, 23.733519201000036 ], [ 90.130391197000051, 23.733995409000045 ], [ 90.130599041000039, 23.734568802000069 ], [ 90.131015181000066, 23.735857852000038 ], [ 90.13122355400003, 23.736955133000038 ], [ 90.131431568000039, 23.737384003000045 ], [ 90.132105815000045, 23.737670215000037 ], [ 90.134804032000034, 23.739386333000027 ], [ 90.135271407000062, 23.740054337000061 ], [ 90.135531497000045, 23.741007043000025 ], [ 90.136519042000032, 23.743250770000031 ], [ 90.137090385000079, 23.744205460000046 ], [ 90.137973179000085, 23.74534955200005 ], [ 90.138751382000066, 23.745588218000023 ], [ 90.139373559000035, 23.745587656000055 ], [ 90.14030666900004, 23.745300029000077 ], [ 90.141550351000035, 23.744677907000039 ], [ 90.142172260000052, 23.744153446000041 ], [ 90.142638860000034, 23.744055916000036 ], [ 90.143001926000068, 23.744342365000023 ], [ 90.144403777000036, 23.745917246000033 ], [ 90.145338097000035, 23.746727042000032 ], [ 90.146064447000072, 23.746918300000061 ], [ 90.14658298300003, 23.74691781000007 ], [ 90.14730865000007, 23.746772599000053 ], [ 90.147775097000078, 23.746535047000066 ], [ 90.148344804000033, 23.745960934000038 ], [ 90.148810808000064, 23.745339498000078 ], [ 90.149380619000056, 23.744862480000052 ], [ 90.149743516000058, 23.744717607000041 ], [ 90.15046963900005, 23.74471690300004 ], [ 90.151974230000064, 23.745431261000078 ], [ 90.152752041000042, 23.745575017000078 ], [ 90.154618765000066, 23.745476061000033 ], [ 90.155862743000057, 23.744903500000078 ], [ 90.156587931000047, 23.744376621000072 ], [ 90.156950191000078, 23.743707843000038 ], [ 90.157467454000084, 23.742657282000039 ], [ 90.157310614000039, 23.74151256500005 ], [ 90.157308895000085, 23.740080903000035 ], [ 90.157618956000078, 23.739364757000033 ], [ 90.158498717000043, 23.737882514000034 ], [ 90.15885996600008, 23.736403059000054 ], [ 90.158807397000032, 23.735782125000071 ], [ 90.156367427000077, 23.733302912000056 ], [ 90.155536881000046, 23.732587918000036 ], [ 90.155484214000069, 23.731872138000028 ], [ 90.155639045000044, 23.731348092000076 ], [ 90.156519117000073, 23.730152644000043 ], [ 90.156829178000066, 23.729197137000028 ], [ 90.157241188000057, 23.727096644000028 ], [ 90.157551412000032, 23.726285651000069 ], [ 90.157913559000065, 23.725569452000059 ], [ 90.158431377000056, 23.725042772000052 ], [ 90.159260264000068, 23.724420931000054 ], [ 90.160763093000071, 23.723848065000027 ], [ 90.161592241000051, 23.723702680000031 ], [ 90.16459989100008, 23.723938872000076 ], [ 90.166570651000086, 23.724413231000028 ], [ 90.168489673000067, 23.725176666000038 ], [ 90.170149146000085, 23.725317111000038 ], [ 90.17429605500007, 23.724788606000061 ], [ 90.176110329000039, 23.724452342000063 ], [ 90.177768651000065, 23.723971720000065 ], [ 90.179115623000087, 23.723159492000036 ], [ 90.180411421000031, 23.722823780000056 ], [ 90.181084841000086, 23.722488788000078 ], [ 90.18274103300007, 23.720291922000058 ], [ 90.183362556000077, 23.719909561000065 ], [ 90.184036752000054, 23.720145865000063 ], [ 90.186058865000064, 23.720287966000058 ], [ 90.18657716000007, 23.720190243000047 ], [ 90.187250720000065, 23.71976038400004 ], [ 90.187767987000086, 23.718949080000073 ], [ 90.188284837000083, 23.71785099300007 ], [ 90.188334660000066, 23.716466689000072 ], [ 90.188281135000068, 23.715272192000043 ], [ 90.18859106900004, 23.714413722000074 ], [ 90.188850050000042, 23.714363723000076 ], [ 90.189109615000064, 23.714507929000035 ], [ 90.189680935000069, 23.71527048300004 ], [ 90.190048410000031, 23.718372725000052 ], [ 90.190257249000069, 23.719469928000024 ], [ 90.190517492000083, 23.720282540000028 ], [ 90.191191803000038, 23.720376551000072 ], [ 90.191762397000048, 23.720615207000037 ], [ 90.192229085000065, 23.720662050000044 ], [ 90.193109598000035, 23.720039962000044 ], [ 90.194094077000045, 23.719657105000067 ], [ 90.195131145000062, 23.719798062000052 ], [ 90.195857821000061, 23.720465556000079 ], [ 90.196325300000069, 23.721038533000069 ], [ 90.196948307000071, 23.721466787000054 ], [ 90.197726310000064, 23.721799999000041 ], [ 90.198815067000055, 23.721846026000037 ], [ 90.200110584000072, 23.721367887000042 ], [ 90.201302902000066, 23.721174398000073 ], [ 90.201975673000049, 23.720457688000067 ], [ 90.202805430000069, 23.720551445000069 ], [ 90.203377081000042, 23.721458469000027 ], [ 90.203947258000085, 23.721410298000023 ], [ 90.204466062000051, 23.721648975000051 ], [ 90.204830103000063, 23.722316905000071 ], [ 90.204882363000081, 23.722601362000034 ], [ 90.204727743000035, 23.723127714000043 ], [ 90.204780079000045, 23.723461850000035 ], [ 90.20659469900005, 23.723601698000039 ], [ 90.207838239000068, 23.723028723000027 ], [ 90.209392645000037, 23.722453057000052 ], [ 90.210739021000052, 23.721401196000045 ], [ 90.212084447000052, 23.719775750000053 ], [ 90.213377100000059, 23.717768741000043 ], [ 90.214823814000056, 23.714761149000026 ], [ 90.215598045000036, 23.712610317000042 ], [ 90.215856228000064, 23.712086068000076 ], [ 90.21621857100007, 23.711703936000049 ], [ 90.217771934000041, 23.710604299000067 ], [ 90.221915573000047, 23.708353815000066 ], [ 90.222537571000032, 23.708352922000074 ], [ 90.223471128000085, 23.708590941000068 ], [ 90.22388589500008, 23.708590341000047 ], [ 90.225905811000075, 23.707537369000079 ], [ 90.226164353000058, 23.707250205000037 ], [ 90.226786734000086, 23.707296715000041 ], [ 90.230107996000072, 23.70943931100004 ], [ 90.232737860000043, 23.710600578000026 ], [ 90.235295845000053, 23.711484160000055 ], [ 90.236022382000044, 23.711817259000043 ], [ 90.236230047000049, 23.712056306000022 ], [ 90.23675068600005, 23.71329748900007 ], [ 90.237166243000047, 23.713725900000043 ], [ 90.238358785000059, 23.713724068000033 ], [ 90.243852515000071, 23.713094520000027 ], [ 90.248155179000037, 23.712945413000057 ], [ 90.252769514000079, 23.713222472000041 ], [ 90.257038322000085, 23.713947077000057 ], [ 90.255828335000047, 23.716008506000037 ], [ 90.255070595000063, 23.718584035000049 ], [ 90.254183854000075, 23.720105222000029 ], [ 90.252789843000073, 23.721862080000051 ], [ 90.251394287000039, 23.723151493000046 ], [ 90.248729745000048, 23.725262645000043 ], [ 90.245302476000063, 23.727140115000054 ], [ 90.239844723000033, 23.730657821000023 ], [ 90.237308164000069, 23.73370344500006 ], [ 90.236292798000079, 23.734289858000068 ], [ 90.233878214000072, 23.73429352900007 ], [ 90.231591395000066, 23.734766663000073 ], [ 90.228160674000037, 23.735121775000039 ], [ 90.226128309000046, 23.735592196000027 ], [ 90.224603997000031, 23.736061850000056 ], [ 90.222191758000065, 23.737469898000029 ], [ 90.220922783000049, 23.738641432000065 ], [ 90.220036019000077, 23.740282104000073 ], [ 90.219530176000035, 23.741802549000056 ], [ 90.218517287000054, 23.744143413000074 ], [ 90.218011803000081, 23.74589869700003 ], [ 90.218013947000031, 23.747185831000024 ], [ 90.218142262000072, 23.748005354000043 ], [ 90.21839764300006, 23.748707272000047 ], [ 90.219162431000086, 23.749993326000038 ], [ 90.221710311000038, 23.753381410000031 ], [ 90.223239423000052, 23.75560347000004 ], [ 90.224003994000043, 23.756889497000031 ], [ 90.224007199000084, 23.758761483000058 ], [ 90.224069536000059, 23.758989464000024 ], [ 90.225030356000048, 23.762386553000056 ], [ 90.226050737000037, 23.764372219000052 ], [ 90.22757904000008, 23.766009375000067 ], [ 90.228216943000064, 23.767410733000077 ], [ 90.229491670000073, 23.769398255000056 ], [ 90.231531890000042, 23.772904340000025 ], [ 90.232805585000051, 23.774424400000044 ], [ 90.233953261000067, 23.776294652000047 ], [ 90.234844082000052, 23.77687815400003 ], [ 90.237464182000053, 23.776788339000063 ], [ 90.238232310000058, 23.78173470400003 ], [ 90.238642465000055, 23.783280885000067 ], [ 90.240841970000076, 23.789412784000035 ], [ 90.241455255000062, 23.790631209000026 ], [ 90.243811109000035, 23.798214786000074 ], [ 90.245139496000036, 23.80088177600004 ], [ 90.245753666000041, 23.802520191000042 ], [ 90.246265566000034, 23.804253608000067 ], [ 90.246678097000085, 23.806969461000051 ], [ 90.247506677000047, 23.814227967000079 ], [ 90.247971009000082, 23.817693424000026 ], [ 90.248228242000039, 23.819050135000055 ], [ 90.248436869000045, 23.821626302000027 ], [ 90.248439724000036, 23.823125683000058 ], [ 90.248392891000037, 23.825279994000027 ], [ 90.247586837000085, 23.829637182000056 ], [ 90.245090967000067, 23.836820328000044 ], [ 90.243872883000051, 23.834897717000047 ], [ 90.240807348000033, 23.831190207000077 ], [ 90.239889171000073, 23.830798730000026 ], [ 90.238665796000078, 23.830631270000026 ], [ 90.237075651000055, 23.830746629000032 ], [ 90.235791825000035, 23.831085056000063 ], [ 90.233713674000057, 23.831819849000055 ], [ 90.231024747000049, 23.833174253000038 ], [ 90.229680019000057, 23.833625625000025 ], [ 90.227233810000087, 23.833967967000035 ], [ 90.225890032000052, 23.834981575000029 ], [ 90.224423123000065, 23.835602438000024 ], [ 90.222895815000072, 23.836618546000068 ], [ 90.222040821000064, 23.837464312000066 ], [ 90.221063496000056, 23.838197343000047 ], [ 90.219779365000079, 23.838422733000073 ], [ 90.216904688000056, 23.83859616500007 ], [ 90.214518886000064, 23.838430144000029 ], [ 90.213172561000079, 23.838161041000035 ], [ 90.207539560000043, 23.834501558000056 ], [ 90.206682428000079, 23.834053346000076 ], [ 90.206132383000067, 23.834334087000059 ], [ 90.203934963000052, 23.836841256000071 ], [ 90.203553808000038, 23.837011117000031 ], [ 90.203224910000074, 23.837045422000074 ], [ 90.203237369000078, 23.836769917000026 ], [ 90.201353100000063, 23.835663657000055 ], [ 90.200121642000056, 23.835026218000053 ], [ 90.198801142000036, 23.834546948000025 ], [ 90.198161850000076, 23.83446648000006 ], [ 90.194120199000054, 23.83438355800007 ], [ 90.190772482000057, 23.833976758000063 ], [ 90.189899236000031, 23.833799446000057 ], [ 90.187003984000057, 23.832635543000038 ], [ 90.184487317000048, 23.831827913000041 ], [ 90.182974641000044, 23.831439061000026 ], [ 90.181819268000083, 23.830921061000026 ], [ 90.17942705300004, 23.830646118000061 ], [ 90.178107260000047, 23.830595710000068 ], [ 90.177817610000034, 23.829927644000065 ], [ 90.177377101000047, 23.829332009000041 ], [ 90.176675084000067, 23.828675704000034 ], [ 90.175712044000079, 23.828082918000064 ], [ 90.174157917000059, 23.827389185000072 ], [ 90.172295937000058, 23.826840295000068 ], [ 90.172108252000044, 23.827476207000075 ], [ 90.171579465000036, 23.827717397000072 ], [ 90.171281882000073, 23.827988704000063 ], [ 90.166984373000048, 23.828277943000046 ], [ 90.163966464000055, 23.828647 ], [ 90.163736914000083, 23.828620147000038 ], [ 90.159419829000058, 23.829243400000053 ], [ 90.156708851000076, 23.829467477000037 ], [ 90.155787990000078, 23.829443573000049 ], [ 90.155664871000056, 23.829316854000069 ], [ 90.155664149000074, 23.828711899000041 ], [ 90.155908294000085, 23.828372934000072 ], [ 90.155724268000085, 23.827923756000075 ], [ 90.154684069000041, 23.827642537000031 ], [ 90.151564664000034, 23.827534989000071 ], [ 90.151344589000075, 23.827736177000077 ], [ 90.151259379000066, 23.82781529500005 ], [ 90.151443650000033, 23.828490290000047 ], [ 90.151567016000058, 23.829560516000072 ], [ 90.151448681000034, 23.832823610000048 ], [ 90.150961930000051, 23.835129624000047 ], [ 90.150719322000043, 23.836818931000039 ], [ 90.150148381000065, 23.838588106000032 ], [ 90.150677345000076, 23.839295615000026 ], [ 90.150716756000065, 23.83967556500005 ], [ 90.151052546000074, 23.840220124000041 ], [ 90.151068508000037, 23.840542740000046 ], [ 90.150959610000086, 23.840736425000046 ], [ 90.150383292000072, 23.841145654000059 ], [ 90.149985791000063, 23.842290785000046 ], [ 90.149448739000036, 23.842965248000041 ], [ 90.148864593000042, 23.843534608000027 ], [ 90.146602211000072, 23.846561713000028 ], [ 90.146314068000038, 23.846488919000024 ], [ 90.145963409000046, 23.846584845000052 ], [ 90.145560584000066, 23.84650158200003 ], [ 90.144924791000051, 23.847207189000073 ], [ 90.144392474000085, 23.847506422000038 ], [ 90.144133439000086, 23.848223622000035 ], [ 90.140811226000039, 23.851572497000063 ], [ 90.140756557000032, 23.852679848000037 ], [ 90.140580939000074, 23.85367418900006 ], [ 90.13996856600005, 23.854468179000037 ], [ 90.139272443000038, 23.854707796000071 ], [ 90.138452581000081, 23.854590496000071 ], [ 90.136794399000053, 23.856917832000079 ], [ 90.13532792500007, 23.858608192000077 ], [ 90.134166922000077, 23.86012665800007 ], [ 90.132579828000075, 23.863391001000025 ], [ 90.131900865000034, 23.86424063100003 ], [ 90.130929463000086, 23.864855664000061 ], [ 90.129828563000046, 23.865195314000061 ], [ 90.127687601000048, 23.865646468000023 ], [ 90.127381817000071, 23.865872531000036 ], [ 90.127260212000067, 23.866434901000048 ], [ 90.127323381000053, 23.868573276000063 ], [ 90.127079250000065, 23.869079293000027 ], [ 90.126529160000075, 23.869642015000068 ], [ 90.124572200000046, 23.87065749900006 ], [ 90.120047697000075, 23.874036964000027 ], [ 90.118397258000073, 23.87572504700006 ], [ 90.117725037000071, 23.876739452000038 ], [ 90.116870464000044, 23.878765623000049 ], [ 90.114732653000033, 23.88065952200003 ], [ 90.114088112000047, 23.881795828000065 ], [ 90.11258074300008, 23.886907027000063 ], [ 90.111605114000042, 23.889337454000042 ], [ 90.110031432000085, 23.891395716000034 ], [ 90.108945584000082, 23.893180391000044 ], [ 90.108668323000074, 23.894223828000065 ], [ 90.108647197000039, 23.894659657000034 ], [ 90.108731528000078, 23.894917021000026 ], [ 90.109105634000059, 23.89514030600003 ], [ 90.108840042000054, 23.895456629000023 ], [ 90.107890380000072, 23.896044406000044 ], [ 90.105137490000061, 23.897116652000022 ], [ 90.104464785000062, 23.897792281000022 ], [ 90.104342606000046, 23.898185272000035 ], [ 90.103914743000075, 23.898691377000034 ], [ 90.103792878000036, 23.899479535000069 ], [ 90.103487594000057, 23.900098460000038 ], [ 90.103181689000053, 23.900324476000037 ], [ 90.099265294000077, 23.900439955000024 ], [ 90.099143271000059, 23.901058755000065 ], [ 90.09914370000007, 23.901621022000029 ], [ 90.098899312000071, 23.902014089000033 ], [ 90.098470725000084, 23.902014364000024 ], [ 90.09675776000006, 23.902634171000045 ], [ 90.093330951000041, 23.903144359000066 ], [ 90.093577569000047, 23.905393276000041 ], [ 90.093394336000074, 23.905901458000073 ], [ 90.09143696600006, 23.907476530000054 ], [ 90.090947697000047, 23.908095539000044 ], [ 90.088195707000068, 23.911080087000073 ], [ 90.087393650000081, 23.911857330000032 ], [ 90.084923934000074, 23.911958070000026 ], [ 90.083719832000043, 23.912089699000035 ], [ 90.081719464000059, 23.912519815000053 ], [ 90.081330417000061, 23.912465827000062 ], [ 90.080941204000055, 23.912147639000068 ], [ 90.080664626000043, 23.911745844000052 ], [ 90.080501935000086, 23.911312374000033 ], [ 90.079829584000038, 23.908395263000045 ], [ 90.079224382000064, 23.907300399000064 ], [ 90.078780148000078, 23.906839975000025 ], [ 90.078067584000053, 23.906379689000062 ], [ 90.077251352000076, 23.906100096000046 ], [ 90.075653345000035, 23.905628946000036 ], [ 90.074584236000078, 23.905507533000048 ], [ 90.073450090000051, 23.90547646300007 ], [ 90.072308693000082, 23.905653136000069 ], [ 90.070991412000069, 23.905906658000049 ], [ 90.06987134600007, 23.906372339000029 ], [ 90.068936162000057, 23.906957609000074 ], [ 90.067115731000058, 23.908550373000026 ], [ 90.066213233000042, 23.909467552000024 ], [ 90.065508502000057, 23.910486255000023 ], [ 90.064102602000048, 23.912961722000034 ], [ 90.063464116000034, 23.915784607000035 ], [ 90.06347558300007, 23.916629130000047 ], [ 90.064019393000081, 23.917317624000077 ], [ 90.068486139000072, 23.919907992000049 ], [ 90.071677230000034, 23.921934307000072 ], [ 90.074932129000047, 23.923682776000078 ], [ 90.075371917000041, 23.924341925000078 ], [ 90.075580445000071, 23.924924410000074 ], [ 90.075693234000084, 23.925613073000022 ], [ 90.07571899900006, 23.926620170000035 ], [ 90.075624700000049, 23.92709667400004 ], [ 90.075293655000053, 23.92758684100005 ], [ 90.074840511000048, 23.927745130000062 ], [ 90.074545114000045, 23.927756564000049 ], [ 90.073033773000077, 23.927325995000047 ], [ 90.071319820000042, 23.926414529000056 ], [ 90.069565536000084, 23.925837261000027 ], [ 90.067317041000081, 23.925546968000049 ], [ 90.066090148000058, 23.92583202000003 ], [ 90.065533008000045, 23.926200329000039 ], [ 90.062739840000063, 23.930489611000041 ], [ 90.06286675900003, 23.930683756000064 ], [ 90.06333485600004, 23.930907114000036 ], [ 90.064044294000041, 23.931082952000054 ], [ 90.064836490000062, 23.931561334000037 ], [ 90.065818339000032, 23.932385121000038 ], [ 90.067203269000061, 23.934143573000028 ], [ 90.067251704000057, 23.935161950000065 ], [ 90.067090774000064, 23.935731059000034 ], [ 90.067019692000031, 23.937232721000044 ], [ 90.067146669000067, 23.938704940000036 ], [ 90.067513118000079, 23.940635445000055 ], [ 90.067526713000063, 23.941380607000042 ], [ 90.067281940000044, 23.943731384000046 ], [ 90.066228606000038, 23.946236063000072 ], [ 90.065483891000042, 23.947534781000059 ], [ 90.063271283000063, 23.949161529000037 ], [ 90.062265154000045, 23.950446793000026 ], [ 90.062164501000041, 23.950620706000052 ], [ 90.062152082000068, 23.95097974600003 ], [ 90.062353834000078, 23.951557733000072 ], [ 90.062933256000065, 23.952562346000036 ], [ 90.063537280000048, 23.952979841000058 ], [ 90.064625724000052, 23.953537136000023 ], [ 90.065438436000079, 23.953618083000038 ], [ 90.067416224000056, 23.953334966000057 ], [ 90.068588580000039, 23.95339767300004 ], [ 90.069991111000036, 23.95370414000007 ], [ 90.070928341000069, 23.954008551000072 ], [ 90.07244939800006, 23.954793653000024 ], [ 90.073448080000048, 23.955662543000074 ], [ 90.074169153000071, 23.956588011000065 ], [ 90.074778102000039, 23.956928685000037 ], [ 90.074875186000043, 23.957511224000029 ], [ 90.074796560000038, 23.959114501000045 ], [ 90.074549492000074, 23.960496567000064 ], [ 90.073416470000041, 23.960589696000056 ], [ 90.072412359000054, 23.960517912000057 ], [ 90.070271722000086, 23.959170831000051 ], [ 90.068517935000045, 23.958622911000077 ], [ 90.066484186000082, 23.958337029000063 ], [ 90.063483038000072, 23.958243460000062 ], [ 90.062270825000041, 23.958417828000051 ], [ 90.060750788000064, 23.959116184000038 ], [ 90.059942617000047, 23.959624571000063 ], [ 90.058849311000074, 23.960059449000028 ], [ 90.056881937000071, 23.960416065000061 ], [ 90.056113984000035, 23.960231185000055 ], [ 90.054432716000065, 23.959651462000068 ], [ 90.050253424000061, 23.95900933300004 ], [ 90.048047152000038, 23.95970778700007 ], [ 90.046336770000039, 23.960907354000028 ], [ 90.045751023000037, 23.961749797000039 ], [ 90.045622193000042, 23.962239838000073 ], [ 90.045402296000077, 23.964942828000062 ], [ 90.044924085000048, 23.967706860000078 ], [ 90.044604046000075, 23.968680187000075 ], [ 90.043869469000072, 23.969183951000048 ], [ 90.042958193000061, 23.969473242000049 ], [ 90.041395690000058, 23.969701738000026 ], [ 90.038994897000066, 23.969883013000072 ], [ 90.038440004000051, 23.970440899000039 ], [ 90.038173622000045, 23.971267424000075 ], [ 90.038123468000038, 23.972030666000023 ], [ 90.038230774000056, 23.972369351000054 ], [ 90.04283791000006, 23.973580724000044 ], [ 90.043094524000082, 23.973935171000051 ], [ 90.04309893900006, 23.974273880000055 ], [ 90.042771591000076, 23.974603652000042 ], [ 90.04063132400006, 23.975180044000069 ], [ 90.039755686000035, 23.975645436000036 ], [ 90.038420334000079, 23.978694183000073 ], [ 90.037937992000082, 23.980622701000073 ], [ 90.037993362000066, 23.982966573000056 ], [ 90.038485323000032, 23.983406774000059 ], [ 90.042470033000086, 23.985200894000059 ], [ 90.042789741000036, 23.985844357000076 ], [ 90.043528620000075, 23.986878348000062 ], [ 90.044159536000052, 23.987494621000053 ], [ 90.044855802000086, 23.987846678000039 ], [ 90.04605403100004, 23.988115035000078 ], [ 90.047803973000043, 23.988243210000064 ], [ 90.048629817000062, 23.988380695000046 ], [ 90.04946863400005, 23.988687524000056 ], [ 90.050154802000066, 23.989091494000036 ], [ 90.051546352000059, 23.99027426400005 ], [ 90.051784596000061, 23.990644510000038 ], [ 90.051896459000034, 23.991495765000025 ], [ 90.053033416000062, 23.994317967000029 ], [ 90.054176462000044, 23.996153383000035 ], [ 90.054713764000041, 23.996762870000055 ], [ 90.05533207700006, 23.997130714000036 ], [ 90.056430369000054, 23.997656446000065 ], [ 90.057354271000065, 23.997744167000064 ], [ 90.057584126000052, 23.997838921000039 ], [ 90.057765208000035, 23.99810756200003 ], [ 90.057849876000034, 23.998502693000034 ], [ 90.05720571300003, 24.000160359000063 ], [ 90.056777259000057, 24.000501487000065 ], [ 90.055968360000065, 24.000675656000055 ], [ 90.055307499000037, 24.000723316000062 ], [ 90.053958273000035, 24.000446053000076 ], [ 90.052489703000049, 23.999825592000036 ], [ 90.047834394000063, 23.997406462000072 ], [ 90.046609261000071, 23.996901032000039 ], [ 90.045874354000034, 23.996901254000022 ], [ 90.04446617800005, 23.997463929000048 ], [ 90.044159980000074, 23.997802727000078 ], [ 90.043915358000049, 23.998534414000062 ], [ 90.043915932000061, 24.000221191000037 ], [ 90.044651071000033, 24.000839691000067 ], [ 90.045018713000047, 24.001345394000055 ], [ 90.045080067000072, 24.001964087000033 ], [ 90.04501920000007, 24.002752171000054 ], [ 90.044651985000087, 24.003483893000066 ], [ 90.043427163000047, 24.004046506000066 ], [ 90.042753490000052, 24.004441856000028 ], [ 90.042325017000053, 24.004891330000078 ], [ 90.041957596000032, 24.005060787000048 ], [ 90.039691592000054, 24.005061391000027 ], [ 90.03895675800004, 24.005454483000051 ], [ 90.038527929000054, 24.00579330100004 ], [ 90.032097162000071, 24.006244139000046 ], [ 90.030566043000078, 24.006018643000061 ], [ 90.030504807000057, 24.00562575400005 ], [ 90.030627001000084, 24.005232826000054 ], [ 90.030688278000071, 24.004501197000025 ], [ 90.030626693000045, 24.00393894900003 ], [ 90.028238105000071, 24.003882956000041 ], [ 90.027319444000057, 24.003993768000043 ], [ 90.025788586000033, 24.004895006000027 ], [ 90.025972403000083, 24.005290136000042 ], [ 90.024637926000082, 24.006548101000078 ], [ 90.023390394000046, 24.007900881000069 ], [ 90.023424135000084, 24.009282814000073 ], [ 90.024192577000065, 24.01077527800004 ], [ 90.024404507000042, 24.011956215000055 ], [ 90.024495109000043, 24.013344913000026 ], [ 90.02414675700004, 24.013875612000049 ], [ 90.023308007000082, 24.014492195000059 ], [ 90.023196769000037, 24.016188021000062 ], [ 90.022358894000035, 24.016664596000055 ], [ 90.021101495000039, 24.016667033000033 ], [ 90.020193060000054, 24.015973931000076 ], [ 90.02026240500004, 24.015328113000066 ], [ 90.020750468000074, 24.014054498000064 ], [ 90.020749283000043, 24.012430947000041 ], [ 90.020678394000072, 24.011064826000052 ], [ 90.020049318000076, 24.010450713000068 ], [ 90.018722248000074, 24.010579592000056 ], [ 90.016837341000041, 24.011977556000033 ], [ 90.016279156000053, 24.012986973000068 ], [ 90.015720876000046, 24.013285094000025 ], [ 90.014463839000086, 24.013481670000033 ], [ 90.013136399000075, 24.013350822000064 ], [ 90.012647190000052, 24.013066346000073 ], [ 90.012645758000076, 24.010991182000055 ], [ 90.012854572000037, 24.009701806000066 ], [ 90.01349325700005, 24.008545621000053 ], [ 90.013540830000068, 24.008026261000055 ], [ 90.013093132000051, 24.007852428000035 ], [ 90.012524088000077, 24.007911186000058 ], [ 90.011531352000077, 24.008200296000041 ], [ 90.010691330000043, 24.00860681000006 ], [ 90.009988356000065, 24.009187182000062 ], [ 90.009513679000065, 24.009826245000056 ], [ 90.008994116000054, 24.010174021000068 ], [ 90.008396551000033, 24.011210506000054 ], [ 90.008613825000054, 24.011763721000023 ], [ 90.008515515000056, 24.011991790000025 ], [ 90.008318565000081, 24.012172448000058 ], [ 90.00797411800005, 24.012217626000051 ], [ 90.007875499000079, 24.01248860000004 ], [ 90.007874934000085, 24.013303763000067 ], [ 90.007578774000081, 24.014207006000049 ], [ 90.00718517200005, 24.014568315000076 ], [ 90.006348471000081, 24.014886740000065 ], [ 90.00625044800006, 24.014841582000031 ], [ 90.005807666000067, 24.014977083000076 ], [ 90.005561534000037, 24.014931932000025 ], [ 90.005266551000034, 24.015022265000027 ], [ 90.004724837000083, 24.015519058000052 ], [ 90.004626213000051, 24.015880351000078 ], [ 90.004625923000049, 24.016334221000022 ], [ 90.004821984000046, 24.01678583000006 ], [ 90.005067824000037, 24.017101952000075 ], [ 90.005018356000051, 24.017237438000052 ], [ 90.005264191000037, 24.017465494000078 ], [ 90.005411688000038, 24.017465488000028 ], [ 90.006345554000063, 24.018052551000039 ], [ 90.006640860000061, 24.018097699000066 ], [ 90.00673888700004, 24.018188017000057 ], [ 90.008017814000084, 24.018233118000069 ], [ 90.008312815000068, 24.018323423000027 ], [ 90.008607807000033, 24.018278246000023 ], [ 90.009148945000049, 24.018368538000061 ], [ 90.009345604000032, 24.018323364000025 ], [ 90.009886440000059, 24.018458815000031 ], [ 90.010181737000039, 24.018413634000069 ], [ 90.010280366000075, 24.018278143000032 ], [ 90.010231472000044, 24.017824275000066 ], [ 90.010477599000069, 24.017733935000024 ], [ 90.011313418000043, 24.017779039000061 ], [ 90.011657877000061, 24.017688688000078 ], [ 90.011952878000045, 24.017778990000068 ], [ 90.01283816800003, 24.017778917000044 ], [ 90.013379310000062, 24.017914354000027 ], [ 90.013772353000036, 24.018140127000038 ], [ 90.01436209600007, 24.018684267000026 ], [ 90.014362105000032, 24.018774590000078 ], [ 90.014755181000055, 24.019271326000023 ], [ 90.014803821000044, 24.020041322000054 ], [ 90.01490188300005, 24.020357443000023 ], [ 90.014802988000042, 24.020809065000037 ], [ 90.015098020000039, 24.021080005000044 ], [ 90.015392464000058, 24.02157900800006 ], [ 90.015933632000042, 24.021759597000027 ], [ 90.016375882000034, 24.022166003000052 ], [ 90.016621462000046, 24.022572427000057 ], [ 90.016621185000076, 24.022798236000028 ], [ 90.016719538000075, 24.022935965000045 ], [ 90.016719264000074, 24.02320693300004 ], [ 90.016817323000055, 24.023432730000025 ], [ 90.016718449000052, 24.024019837000026 ], [ 90.016620136000085, 24.024200492000034 ], [ 90.016669031000049, 24.024473715000056 ], [ 90.016570405000039, 24.024609207000026 ], [ 90.016570133000073, 24.024880177000057 ], [ 90.016422383000076, 24.025376967000057 ], [ 90.016372408000052, 24.026282455000057 ], [ 90.016568527000061, 24.026734046000058 ], [ 90.017207501000087, 24.027366235000045 ], [ 90.017207518000077, 24.027503976000048 ], [ 90.017403938000086, 24.027865245000044 ], [ 90.01740340200007, 24.028452341000047 ], [ 90.01720617400008, 24.028951396000025 ], [ 90.016418632000068, 24.029719223000029 ], [ 90.016270559000077, 24.030125691000023 ], [ 90.016269756000042, 24.031076335000023 ], [ 90.016023099000051, 24.032027004000042 ], [ 90.016071980000049, 24.032162484000025 ], [ 90.015727233000064, 24.032704456000033 ], [ 90.014693499000032, 24.033519718000036 ], [ 90.014349006000032, 24.033655236000072 ], [ 90.013562250000064, 24.033564984000066 ], [ 90.013168854000071, 24.033339211000055 ], [ 90.012971862000086, 24.033339228000045 ], [ 90.012431260000085, 24.033113468000067 ], [ 90.011840888000052, 24.033023191000041 ], [ 90.011545864000084, 24.033068374000038 ], [ 90.011250519000043, 24.032978074000027 ], [ 90.010217615000045, 24.033023308000054 ], [ 90.009922295000081, 24.033203972000024 ], [ 90.009086078000053, 24.033294347000037 ], [ 90.008003123000037, 24.034064407000074 ], [ 90.007806145000075, 24.034335385000077 ], [ 90.007707215000039, 24.034832163000033 ], [ 90.007460777000063, 24.035466691000067 ], [ 90.007508494000035, 24.036868945000037 ], [ 90.007802969000068, 24.037726993000035 ], [ 90.008195777000083, 24.038314068000034 ], [ 90.008638359000031, 24.038632431000053 ], [ 90.009411395000086, 24.039842704000023 ], [ 90.009894560000077, 24.040244611000048 ], [ 90.010005835000072, 24.040483957000049 ], [ 90.009969010000077, 24.041204280000045 ], [ 90.010467278000078, 24.042069083000058 ], [ 90.010848109000051, 24.042452928000046 ], [ 90.011244293000061, 24.042642575000059 ], [ 90.011480945000073, 24.042633526000031 ], [ 90.012798944000053, 24.043715032000023 ], [ 90.013499081000077, 24.043710456000042 ], [ 90.014412456000059, 24.043181986000036 ], [ 90.014789569000072, 24.043177435000075 ], [ 90.01516700500008, 24.043321915000035 ], [ 90.015382784000053, 24.043511569000032 ], [ 90.015276500000084, 24.043992545000037 ], [ 90.015438797000058, 24.044134788000065 ], [ 90.016031369000075, 24.044179888000031 ], [ 90.016354379000063, 24.044080500000064 ], [ 90.016784973000085, 24.04408045200006 ], [ 90.017054540000061, 24.044270100000062 ], [ 90.017323773000044, 24.044220391000067 ], [ 90.018566565000071, 24.045509598000024 ], [ 90.019051907000062, 24.045746634000068 ], [ 90.019213259000082, 24.045699196000044 ], [ 90.019373968000082, 24.045459822000055 ], [ 90.019264474000067, 24.044931448000057 ] ] ] } }
]
}
