{
"type": "FeatureCollection",
"name": "paurashava_ward",
"crs": { "type": "name", "properties": { "name": "urn:ogc:def:crs:OGC:1.3:CRS84" } },
"features": [
{ "type": "Feature", "properties": { "matched_key": "U_30261440001", "navigation_parent_key": "U_30261440", "admin_type": "paurashava_ward", "admin_label": "Paurashava Ward", "map_level": "ward", "admin_rank": 3, "displayable": 1, "geometry_status": "EXACT/GEOMETRY", "location_label": "Ward No. 01" }, "geometry": { "type": "Polygon", "coordinates": [ [ [ 90.199664831000064, 23.932191653000075 ], [ 90.200517563000062, 23.932152306000035 ], [ 90.200938596000071, 23.93204660400005 ], [ 90.20142687200007, 23.931711387000064 ], [ 90.201727688000062, 23.931247352000071 ], [ 90.201843673000042, 23.930858718000025 ], [ 90.20165025700004, 23.929667110000025 ], [ 90.201694711000073, 23.928508215000022 ], [ 90.201358793000054, 23.928394342000047 ], [ 90.20140041500008, 23.927707654000073 ], [ 90.201865162000047, 23.925627891000033 ], [ 90.202198158000044, 23.924684615000047 ], [ 90.202759966000031, 23.923546033000036 ], [ 90.203303639000069, 23.922794047000025 ], [ 90.203693157000032, 23.922506750000025 ], [ 90.205291454000076, 23.922146151000049 ], [ 90.207708036000042, 23.921390107000036 ], [ 90.208331978000047, 23.921389262000048 ], [ 90.208722229000045, 23.921567970000069 ], [ 90.208917558000053, 23.921782789000076 ], [ 90.209075794000057, 23.923180626000033 ], [ 90.209077548000039, 23.924269978000041 ], [ 90.20955269500007, 23.925192435000042 ], [ 90.210915083000032, 23.925603693000028 ], [ 90.211288516000081, 23.925563260000047 ], [ 90.212486403000071, 23.925680938000028 ], [ 90.212829504000069, 23.925632667000059 ], [ 90.213515091000033, 23.925163309000027 ], [ 90.214795030000062, 23.923605157000054 ], [ 90.215222169000072, 23.923245526000073 ], [ 90.216020032000074, 23.922765692000041 ], [ 90.219307060000062, 23.922018128000047 ], [ 90.220903179000061, 23.92222358500004 ], [ 90.222086179000087, 23.922169947000043 ], [ 90.223021051000046, 23.921922460000076 ], [ 90.226088420000053, 23.920617324000034 ], [ 90.226407381000058, 23.918993291000049 ], [ 90.22671173100008, 23.918150579000041 ], [ 90.227879972000039, 23.916182058000061 ], [ 90.229705294000041, 23.911118975000022 ], [ 90.230059991000076, 23.909948755000073 ], [ 90.230413682000062, 23.908214015000055 ], [ 90.23051373100003, 23.907324181000035 ], [ 90.230511989000036, 23.906341914000052 ], [ 90.230254397000067, 23.904608090000067 ], [ 90.22948709700006, 23.902829864000068 ], [ 90.228362496000045, 23.900722481000059 ], [ 90.228157169000042, 23.899880517000042 ], [ 90.228155609000055, 23.898990833000028 ], [ 90.228459652000083, 23.898005855000065 ], [ 90.229019265000034, 23.897630181000068 ], [ 90.230190079000067, 23.897066168000038 ], [ 90.230953364000072, 23.896597600000064 ], [ 90.231309427000042, 23.896222220000027 ], [ 90.231766097000047, 23.895284427000036 ], [ 90.231815808000079, 23.89458208700006 ], [ 90.231710716000066, 23.892802867000057 ], [ 90.230378663000067, 23.888449009000055 ], [ 90.230223764000073, 23.887304389000064 ], [ 90.228875402000085, 23.887405758000057 ], [ 90.228738235000037, 23.887609189000045 ], [ 90.228656727000043, 23.88821673700005 ], [ 90.228382473000067, 23.888671019000071 ], [ 90.22744715500005, 23.888521112000035 ], [ 90.227254730000084, 23.888724626000055 ], [ 90.227173827000058, 23.88950830400006 ], [ 90.227504139000075, 23.889683947000037 ], [ 90.227643263000061, 23.890596010000024 ], [ 90.22753354200006, 23.890873918000068 ], [ 90.227039878000085, 23.89155659000005 ], [ 90.226352674000054, 23.891810510000028 ], [ 90.225940617000049, 23.892115958000034 ], [ 90.225252969000053, 23.892116965000071 ], [ 90.224372450000033, 23.891890186000069 ], [ 90.223602094000057, 23.891814531000023 ], [ 90.223052020000068, 23.891840168000044 ], [ 90.222172327000067, 23.892094350000036 ], [ 90.220881505000079, 23.893209447000061 ], [ 90.220497007000063, 23.893666133000067 ], [ 90.220387790000075, 23.894070489000057 ], [ 90.220968510000034, 23.895815160000041 ], [ 90.22088678700004, 23.896321090000072 ], [ 90.220557752000047, 23.896901891000027 ], [ 90.220503010000073, 23.897206811000046 ], [ 90.220560373000069, 23.898446422000063 ], [ 90.221332393000068, 23.899657906000073 ], [ 90.221415408000041, 23.899910692000049 ], [ 90.221608031000073, 23.899987191000037 ], [ 90.221718545000044, 23.900163163000059 ], [ 90.221746557000074, 23.90056732100004 ], [ 90.221664536000048, 23.900897121000071 ], [ 90.220703402000083, 23.901682058000063 ], [ 90.219687114000067, 23.90271997800005 ], [ 90.218780786000082, 23.903430308000054 ], [ 90.218595346000086, 23.903524658000038 ], [ 90.218601945000046, 23.90204490800005 ], [ 90.218133719000036, 23.901843631000077 ], [ 90.217516470000078, 23.901904251000076 ], [ 90.216768605000084, 23.901576705000025 ], [ 90.215762295000047, 23.902145706000056 ], [ 90.215535447000036, 23.902504498000042 ], [ 90.215243066000085, 23.902534781000043 ], [ 90.213682704000064, 23.902088862000028 ], [ 90.213195419000044, 23.902149285000064 ], [ 90.212677500000041, 23.903344920000052 ], [ 90.212320279000039, 23.903464904000032 ], [ 90.21176790700008, 23.903465667000035 ], [ 90.210435185000051, 23.903138894000051 ], [ 90.209622827000032, 23.903110130000073 ], [ 90.20939566900006, 23.903289677000032 ], [ 90.208942887000035, 23.904604702000029 ], [ 90.208814214000085, 23.905411446000073 ], [ 90.208620167000049, 23.905979297000044 ], [ 90.208425495000085, 23.906158798000035 ], [ 90.207613215000038, 23.906189769000036 ], [ 90.206433622000077, 23.905924503000051 ], [ 90.205167646000064, 23.905447481000067 ], [ 90.205106326000077, 23.905305303000034 ], [ 90.204864845000031, 23.90539595000007 ], [ 90.204672667000068, 23.905599431000041 ], [ 90.204371021000043, 23.90628177800005 ], [ 90.203986574000055, 23.906636807000041 ], [ 90.203767235000043, 23.907142910000061 ], [ 90.203574852000031, 23.907219940000061 ], [ 90.203437819000044, 23.907547546000046 ], [ 90.202887547000046, 23.908081179000078 ], [ 90.202312965000033, 23.909371308000061 ], [ 90.201765130000069, 23.910889461000068 ], [ 90.201765560000069, 23.911167208000052 ], [ 90.201903618000074, 23.911494447000052 ], [ 90.201738788000057, 23.911722733000033 ], [ 90.200859587000082, 23.912408084000049 ], [ 90.20063999000007, 23.912760631000026 ], [ 90.199980837000055, 23.913393756000062 ], [ 90.199788716000057, 23.913646910000068 ], [ 90.199761393000074, 23.91385017500005 ], [ 90.199844841000072, 23.91440555500003 ], [ 90.200065302000041, 23.914608497000074 ], [ 90.200560517000042, 23.914783983000063 ], [ 90.200698074000059, 23.914783804000024 ], [ 90.200917909000054, 23.914582546000076 ], [ 90.200917673000049, 23.914431255000068 ], [ 90.200504192000039, 23.913898885000037 ], [ 90.200503961000038, 23.913747593000039 ], [ 90.200723872000083, 23.913596015000053 ], [ 90.201136760000054, 23.913746766000031 ], [ 90.201219903000037, 23.914101178000067 ], [ 90.201357495000082, 23.91412583400006 ], [ 90.201522060000059, 23.913924651000059 ], [ 90.201824522000038, 23.913745866000056 ], [ 90.202154510000071, 23.913695755000049 ], [ 90.202704835000077, 23.913769545000036 ], [ 90.202842585000042, 23.913895819000061 ], [ 90.203090573000054, 23.914225172000044 ], [ 90.203228957000078, 23.914755640000067 ], [ 90.202926999000056, 23.915060880000055 ], [ 90.202542017000042, 23.915287196000065 ], [ 90.202377768000076, 23.915693870000041 ], [ 90.202571664000061, 23.916578784000023 ], [ 90.202764773000069, 23.916957887000024 ], [ 90.202765085000067, 23.917158857000061 ], [ 90.202655442000037, 23.917337390000057 ], [ 90.202463041000044, 23.917412161000073 ], [ 90.201637585000071, 23.917338729000051 ], [ 90.20152743400007, 23.917388550000055 ], [ 90.201445698000043, 23.917743177000034 ], [ 90.201500815000031, 23.917844719000072 ], [ 90.201996009000084, 23.917995360000077 ], [ 90.201996440000073, 23.918273103000047 ], [ 90.201474511000072, 23.918702827000061 ], [ 90.200347352000051, 23.919110755000077 ], [ 90.200264989000061, 23.919262154000023 ], [ 90.200265768000065, 23.919767965000062 ], [ 90.200561049000044, 23.921095336000064 ], [ 90.198643850000053, 23.921529117000034 ], [ 90.197946338000065, 23.921807763000061 ], [ 90.19791932000004, 23.922011025000074 ], [ 90.198469832000058, 23.922186446000069 ], [ 90.199597533000031, 23.922108211000022 ], [ 90.200423370000067, 23.922411977000024 ], [ 90.201029169000037, 23.922790543000076 ], [ 90.201249404000066, 23.922839934000024 ], [ 90.201496428000041, 23.922537028000079 ], [ 90.201744493000035, 23.922712832000059 ], [ 90.201607362000061, 23.922990758000026 ], [ 90.201883355000064, 23.923548144000051 ], [ 90.201828588000069, 23.923674667000057 ], [ 90.201498425000068, 23.923826392000024 ], [ 90.201196718000062, 23.924307759000044 ], [ 90.201059268000051, 23.924382454000067 ], [ 90.200453973000037, 23.924333569000055 ], [ 90.200233964000063, 23.924435470000049 ], [ 90.199931787000082, 23.924815221000074 ], [ 90.199602084000048, 23.925068553000074 ], [ 90.198612541000045, 23.925550807000036 ], [ 90.198199921000082, 23.925601018000066 ], [ 90.198171513000034, 23.925095244000033 ], [ 90.198088645000041, 23.924919220000049 ], [ 90.197620715000085, 23.924741435000044 ], [ 90.19701553200008, 23.924767049000025 ], [ 90.196658150000076, 23.924995574000036 ], [ 90.196488371000044, 23.925217087000078 ], [ 90.197530709000034, 23.925321879000023 ], [ 90.197723468000049, 23.925472921000051 ], [ 90.197751759000084, 23.926105149000023 ], [ 90.197148297000069, 23.927268838000032 ], [ 90.196461041000077, 23.927448108000078 ], [ 90.196406189000072, 23.927725923000025 ], [ 90.196489136000082, 23.927953880000075 ], [ 90.196847331000072, 23.928256006000026 ], [ 90.197122618000037, 23.928357265000045 ], [ 90.197398369000041, 23.928761111000028 ], [ 90.197563423000076, 23.92886251300007 ], [ 90.197528797000075, 23.931913400000042 ], [ 90.198478915000067, 23.931978105000042 ], [ 90.199664831000064, 23.932191653000075 ] ] ] } },
{ "type": "Feature", "properties": { "matched_key": "U_30261440002", "navigation_parent_key": "U_30261440", "admin_type": "paurashava_ward", "admin_label": "Paurashava Ward", "map_level": "ward", "admin_rank": 3, "displayable": 1, "geometry_status": "EXACT/GEOMETRY", "location_label": "Ward No. 02" }, "geometry": { "type": "Polygon", "coordinates": [ [ [ 90.199664831000064, 23.932191653000075 ], [ 90.200517563000062, 23.932152306000035 ], [ 90.200938596000071, 23.93204660400005 ], [ 90.20142687200007, 23.931711387000064 ], [ 90.201727688000062, 23.931247352000071 ], [ 90.201843673000042, 23.930858718000025 ], [ 90.20165025700004, 23.929667110000025 ], [ 90.201694711000073, 23.928508215000022 ], [ 90.201358793000054, 23.928394342000047 ], [ 90.20140041500008, 23.927707654000073 ], [ 90.201865162000047, 23.925627891000033 ], [ 90.202198158000044, 23.924684615000047 ], [ 90.202759966000031, 23.923546033000036 ], [ 90.203303639000069, 23.922794047000025 ], [ 90.203693157000032, 23.922506750000025 ], [ 90.205291454000076, 23.922146151000049 ], [ 90.207708036000042, 23.921390107000036 ], [ 90.208331978000047, 23.921389262000048 ], [ 90.208722229000045, 23.921567970000069 ], [ 90.208917558000053, 23.921782789000076 ], [ 90.209075794000057, 23.923180626000033 ], [ 90.209077548000039, 23.924269978000041 ], [ 90.20955269500007, 23.925192435000042 ], [ 90.210915083000032, 23.925603693000028 ], [ 90.211288516000081, 23.925563260000047 ], [ 90.212486403000071, 23.925680938000028 ], [ 90.212829504000069, 23.925632667000059 ], [ 90.213515091000033, 23.925163309000027 ], [ 90.214795030000062, 23.923605157000054 ], [ 90.215222169000072, 23.923245526000073 ], [ 90.216020032000074, 23.922765692000041 ], [ 90.219307060000062, 23.922018128000047 ], [ 90.220903179000061, 23.92222358500004 ], [ 90.222086179000087, 23.922169947000043 ], [ 90.223021051000046, 23.921922460000076 ], [ 90.226088420000053, 23.920617324000034 ], [ 90.226407381000058, 23.918993291000049 ], [ 90.22671173100008, 23.918150579000041 ], [ 90.227879972000039, 23.916182058000061 ], [ 90.229705294000041, 23.911118975000022 ], [ 90.230059991000076, 23.909948755000073 ], [ 90.230413682000062, 23.908214015000055 ], [ 90.23051373100003, 23.907324181000035 ], [ 90.230511989000036, 23.906341914000052 ], [ 90.230254397000067, 23.904608090000067 ], [ 90.22948709700006, 23.902829864000068 ], [ 90.228362496000045, 23.900722481000059 ], [ 90.228157169000042, 23.899880517000042 ], [ 90.228155609000055, 23.898990833000028 ], [ 90.228459652000083, 23.898005855000065 ], [ 90.229019265000034, 23.897630181000068 ], [ 90.230190079000067, 23.897066168000038 ], [ 90.230953364000072, 23.896597600000064 ], [ 90.231309427000042, 23.896222220000027 ], [ 90.231766097000047, 23.895284427000036 ], [ 90.231815808000079, 23.89458208700006 ], [ 90.231710716000066, 23.892802867000057 ], [ 90.230378663000067, 23.888449009000055 ], [ 90.230223764000073, 23.887304389000064 ], [ 90.228875402000085, 23.887405758000057 ], [ 90.228738235000037, 23.887609189000045 ], [ 90.228656727000043, 23.88821673700005 ], [ 90.228382473000067, 23.888671019000071 ], [ 90.22744715500005, 23.888521112000035 ], [ 90.227254730000084, 23.888724626000055 ], [ 90.227173827000058, 23.88950830400006 ], [ 90.227504139000075, 23.889683947000037 ], [ 90.227643263000061, 23.890596010000024 ], [ 90.22753354200006, 23.890873918000068 ], [ 90.227039878000085, 23.89155659000005 ], [ 90.226352674000054, 23.891810510000028 ], [ 90.225940617000049, 23.892115958000034 ], [ 90.225252969000053, 23.892116965000071 ], [ 90.224372450000033, 23.891890186000069 ], [ 90.223602094000057, 23.891814531000023 ], [ 90.223052020000068, 23.891840168000044 ], [ 90.222172327000067, 23.892094350000036 ], [ 90.220881505000079, 23.893209447000061 ], [ 90.220497007000063, 23.893666133000067 ], [ 90.220387790000075, 23.894070489000057 ], [ 90.220968510000034, 23.895815160000041 ], [ 90.22088678700004, 23.896321090000072 ], [ 90.220557752000047, 23.896901891000027 ], [ 90.220503010000073, 23.897206811000046 ], [ 90.220560373000069, 23.898446422000063 ], [ 90.221332393000068, 23.899657906000073 ], [ 90.221415408000041, 23.899910692000049 ], [ 90.221608031000073, 23.899987191000037 ], [ 90.221718545000044, 23.900163163000059 ], [ 90.221746557000074, 23.90056732100004 ], [ 90.221664536000048, 23.900897121000071 ], [ 90.220703402000083, 23.901682058000063 ], [ 90.219687114000067, 23.90271997800005 ], [ 90.218780786000082, 23.903430308000054 ], [ 90.218595346000086, 23.903524658000038 ], [ 90.218601945000046, 23.90204490800005 ], [ 90.218133719000036, 23.901843631000077 ], [ 90.217516470000078, 23.901904251000076 ], [ 90.216768605000084, 23.901576705000025 ], [ 90.215762295000047, 23.902145706000056 ], [ 90.215535447000036, 23.902504498000042 ], [ 90.215243066000085, 23.902534781000043 ], [ 90.213682704000064, 23.902088862000028 ], [ 90.213195419000044, 23.902149285000064 ], [ 90.212677500000041, 23.903344920000052 ], [ 90.212320279000039, 23.903464904000032 ], [ 90.21176790700008, 23.903465667000035 ], [ 90.210435185000051, 23.903138894000051 ], [ 90.209622827000032, 23.903110130000073 ], [ 90.20939566900006, 23.903289677000032 ], [ 90.208942887000035, 23.904604702000029 ], [ 90.208814214000085, 23.905411446000073 ], [ 90.208620167000049, 23.905979297000044 ], [ 90.208425495000085, 23.906158798000035 ], [ 90.207613215000038, 23.906189769000036 ], [ 90.206433622000077, 23.905924503000051 ], [ 90.205167646000064, 23.905447481000067 ], [ 90.205106326000077, 23.905305303000034 ], [ 90.204864845000031, 23.90539595000007 ], [ 90.204672667000068, 23.905599431000041 ], [ 90.204371021000043, 23.90628177800005 ], [ 90.203986574000055, 23.906636807000041 ], [ 90.203767235000043, 23.907142910000061 ], [ 90.203574852000031, 23.907219940000061 ], [ 90.203437819000044, 23.907547546000046 ], [ 90.202887547000046, 23.908081179000078 ], [ 90.202312965000033, 23.909371308000061 ], [ 90.201765130000069, 23.910889461000068 ], [ 90.201765560000069, 23.911167208000052 ], [ 90.201903618000074, 23.911494447000052 ], [ 90.201738788000057, 23.911722733000033 ], [ 90.200859587000082, 23.912408084000049 ], [ 90.20063999000007, 23.912760631000026 ], [ 90.199980837000055, 23.913393756000062 ], [ 90.199788716000057, 23.913646910000068 ], [ 90.199761393000074, 23.91385017500005 ], [ 90.199844841000072, 23.91440555500003 ], [ 90.200065302000041, 23.914608497000074 ], [ 90.200560517000042, 23.914783983000063 ], [ 90.200698074000059, 23.914783804000024 ], [ 90.200917909000054, 23.914582546000076 ], [ 90.200917673000049, 23.914431255000068 ], [ 90.200504192000039, 23.913898885000037 ], [ 90.200503961000038, 23.913747593000039 ], [ 90.200723872000083, 23.913596015000053 ], [ 90.201136760000054, 23.913746766000031 ], [ 90.201219903000037, 23.914101178000067 ], [ 90.201357495000082, 23.91412583400006 ], [ 90.201522060000059, 23.913924651000059 ], [ 90.201824522000038, 23.913745866000056 ], [ 90.202154510000071, 23.913695755000049 ], [ 90.202704835000077, 23.913769545000036 ], [ 90.202842585000042, 23.913895819000061 ], [ 90.203090573000054, 23.914225172000044 ], [ 90.203228957000078, 23.914755640000067 ], [ 90.202926999000056, 23.915060880000055 ], [ 90.202542017000042, 23.915287196000065 ], [ 90.202377768000076, 23.915693870000041 ], [ 90.202571664000061, 23.916578784000023 ], [ 90.202764773000069, 23.916957887000024 ], [ 90.202765085000067, 23.917158857000061 ], [ 90.202655442000037, 23.917337390000057 ], [ 90.202463041000044, 23.917412161000073 ], [ 90.201637585000071, 23.917338729000051 ], [ 90.20152743400007, 23.917388550000055 ], [ 90.201445698000043, 23.917743177000034 ], [ 90.201500815000031, 23.917844719000072 ], [ 90.201996009000084, 23.917995360000077 ], [ 90.201996440000073, 23.918273103000047 ], [ 90.201474511000072, 23.918702827000061 ], [ 90.200347352000051, 23.919110755000077 ], [ 90.200264989000061, 23.919262154000023 ], [ 90.200265768000065, 23.919767965000062 ], [ 90.200561049000044, 23.921095336000064 ], [ 90.198643850000053, 23.921529117000034 ], [ 90.197946338000065, 23.921807763000061 ], [ 90.19791932000004, 23.922011025000074 ], [ 90.198469832000058, 23.922186446000069 ], [ 90.199597533000031, 23.922108211000022 ], [ 90.200423370000067, 23.922411977000024 ], [ 90.201029169000037, 23.922790543000076 ], [ 90.201249404000066, 23.922839934000024 ], [ 90.201496428000041, 23.922537028000079 ], [ 90.201744493000035, 23.922712832000059 ], [ 90.201607362000061, 23.922990758000026 ], [ 90.201883355000064, 23.923548144000051 ], [ 90.201828588000069, 23.923674667000057 ], [ 90.201498425000068, 23.923826392000024 ], [ 90.201196718000062, 23.924307759000044 ], [ 90.201059268000051, 23.924382454000067 ], [ 90.200453973000037, 23.924333569000055 ], [ 90.200233964000063, 23.924435470000049 ], [ 90.199931787000082, 23.924815221000074 ], [ 90.199602084000048, 23.925068553000074 ], [ 90.198612541000045, 23.925550807000036 ], [ 90.198199921000082, 23.925601018000066 ], [ 90.198171513000034, 23.925095244000033 ], [ 90.198088645000041, 23.924919220000049 ], [ 90.197620715000085, 23.924741435000044 ], [ 90.19701553200008, 23.924767049000025 ], [ 90.196658150000076, 23.924995574000036 ], [ 90.196488371000044, 23.925217087000078 ], [ 90.197530709000034, 23.925321879000023 ], [ 90.197723468000049, 23.925472921000051 ], [ 90.197751759000084, 23.926105149000023 ], [ 90.197148297000069, 23.927268838000032 ], [ 90.196461041000077, 23.927448108000078 ], [ 90.196406189000072, 23.927725923000025 ], [ 90.196489136000082, 23.927953880000075 ], [ 90.196847331000072, 23.928256006000026 ], [ 90.197122618000037, 23.928357265000045 ], [ 90.197398369000041, 23.928761111000028 ], [ 90.197563423000076, 23.92886251300007 ], [ 90.197528797000075, 23.931913400000042 ], [ 90.198478915000067, 23.931978105000042 ], [ 90.199664831000064, 23.932191653000075 ] ] ] } },
{ "type": "Feature", "properties": { "matched_key": "U_30261440003", "navigation_parent_key": "U_30261440", "admin_type": "paurashava_ward", "admin_label": "Paurashava Ward", "map_level": "ward", "admin_rank": 3, "displayable": 1, "geometry_status": "EXACT/GEOMETRY", "location_label": "Ward No. 03" }, "geometry": { "type": "Polygon", "coordinates": [ [ [ 90.199664831000064, 23.932191653000075 ], [ 90.200517563000062, 23.932152306000035 ], [ 90.200938596000071, 23.93204660400005 ], [ 90.20142687200007, 23.931711387000064 ], [ 90.201727688000062, 23.931247352000071 ], [ 90.201843673000042, 23.930858718000025 ], [ 90.20165025700004, 23.929667110000025 ], [ 90.201694711000073, 23.928508215000022 ], [ 90.201358793000054, 23.928394342000047 ], [ 90.20140041500008, 23.927707654000073 ], [ 90.201865162000047, 23.925627891000033 ], [ 90.202198158000044, 23.924684615000047 ], [ 90.202759966000031, 23.923546033000036 ], [ 90.203303639000069, 23.922794047000025 ], [ 90.203693157000032, 23.922506750000025 ], [ 90.205291454000076, 23.922146151000049 ], [ 90.207708036000042, 23.921390107000036 ], [ 90.208331978000047, 23.921389262000048 ], [ 90.208722229000045, 23.921567970000069 ], [ 90.208917558000053, 23.921782789000076 ], [ 90.209075794000057, 23.923180626000033 ], [ 90.209077548000039, 23.924269978000041 ], [ 90.20955269500007, 23.925192435000042 ], [ 90.210915083000032, 23.925603693000028 ], [ 90.211288516000081, 23.925563260000047 ], [ 90.212486403000071, 23.925680938000028 ], [ 90.212829504000069, 23.925632667000059 ], [ 90.213515091000033, 23.925163309000027 ], [ 90.214795030000062, 23.923605157000054 ], [ 90.215222169000072, 23.923245526000073 ], [ 90.216020032000074, 23.922765692000041 ], [ 90.219307060000062, 23.922018128000047 ], [ 90.220903179000061, 23.92222358500004 ], [ 90.222086179000087, 23.922169947000043 ], [ 90.223021051000046, 23.921922460000076 ], [ 90.226088420000053, 23.920617324000034 ], [ 90.226407381000058, 23.918993291000049 ], [ 90.22671173100008, 23.918150579000041 ], [ 90.227879972000039, 23.916182058000061 ], [ 90.229705294000041, 23.911118975000022 ], [ 90.230059991000076, 23.909948755000073 ], [ 90.230413682000062, 23.908214015000055 ], [ 90.23051373100003, 23.907324181000035 ], [ 90.230511989000036, 23.906341914000052 ], [ 90.230254397000067, 23.904608090000067 ], [ 90.22948709700006, 23.902829864000068 ], [ 90.228362496000045, 23.900722481000059 ], [ 90.228157169000042, 23.899880517000042 ], [ 90.228155609000055, 23.898990833000028 ], [ 90.228459652000083, 23.898005855000065 ], [ 90.229019265000034, 23.897630181000068 ], [ 90.230190079000067, 23.897066168000038 ], [ 90.230953364000072, 23.896597600000064 ], [ 90.231309427000042, 23.896222220000027 ], [ 90.231766097000047, 23.895284427000036 ], [ 90.231815808000079, 23.89458208700006 ], [ 90.231710716000066, 23.892802867000057 ], [ 90.230378663000067, 23.888449009000055 ], [ 90.230223764000073, 23.887304389000064 ], [ 90.228875402000085, 23.887405758000057 ], [ 90.228738235000037, 23.887609189000045 ], [ 90.228656727000043, 23.88821673700005 ], [ 90.228382473000067, 23.888671019000071 ], [ 90.22744715500005, 23.888521112000035 ], [ 90.227254730000084, 23.888724626000055 ], [ 90.227173827000058, 23.88950830400006 ], [ 90.227504139000075, 23.889683947000037 ], [ 90.227643263000061, 23.890596010000024 ], [ 90.22753354200006, 23.890873918000068 ], [ 90.227039878000085, 23.89155659000005 ], [ 90.226352674000054, 23.891810510000028 ], [ 90.225940617000049, 23.892115958000034 ], [ 90.225252969000053, 23.892116965000071 ], [ 90.224372450000033, 23.891890186000069 ], [ 90.223602094000057, 23.891814531000023 ], [ 90.223052020000068, 23.891840168000044 ], [ 90.222172327000067, 23.892094350000036 ], [ 90.220881505000079, 23.893209447000061 ], [ 90.220497007000063, 23.893666133000067 ], [ 90.220387790000075, 23.894070489000057 ], [ 90.220968510000034, 23.895815160000041 ], [ 90.22088678700004, 23.896321090000072 ], [ 90.220557752000047, 23.896901891000027 ], [ 90.220503010000073, 23.897206811000046 ], [ 90.220560373000069, 23.898446422000063 ], [ 90.221332393000068, 23.899657906000073 ], [ 90.221415408000041, 23.899910692000049 ], [ 90.221608031000073, 23.899987191000037 ], [ 90.221718545000044, 23.900163163000059 ], [ 90.221746557000074, 23.90056732100004 ], [ 90.221664536000048, 23.900897121000071 ], [ 90.220703402000083, 23.901682058000063 ], [ 90.219687114000067, 23.90271997800005 ], [ 90.218780786000082, 23.903430308000054 ], [ 90.218595346000086, 23.903524658000038 ], [ 90.218601945000046, 23.90204490800005 ], [ 90.218133719000036, 23.901843631000077 ], [ 90.217516470000078, 23.901904251000076 ], [ 90.216768605000084, 23.901576705000025 ], [ 90.215762295000047, 23.902145706000056 ], [ 90.215535447000036, 23.902504498000042 ], [ 90.215243066000085, 23.902534781000043 ], [ 90.213682704000064, 23.902088862000028 ], [ 90.213195419000044, 23.902149285000064 ], [ 90.212677500000041, 23.903344920000052 ], [ 90.212320279000039, 23.903464904000032 ], [ 90.21176790700008, 23.903465667000035 ], [ 90.210435185000051, 23.903138894000051 ], [ 90.209622827000032, 23.903110130000073 ], [ 90.20939566900006, 23.903289677000032 ], [ 90.208942887000035, 23.904604702000029 ], [ 90.208814214000085, 23.905411446000073 ], [ 90.208620167000049, 23.905979297000044 ], [ 90.208425495000085, 23.906158798000035 ], [ 90.207613215000038, 23.906189769000036 ], [ 90.206433622000077, 23.905924503000051 ], [ 90.205167646000064, 23.905447481000067 ], [ 90.205106326000077, 23.905305303000034 ], [ 90.204864845000031, 23.90539595000007 ], [ 90.204672667000068, 23.905599431000041 ], [ 90.204371021000043, 23.90628177800005 ], [ 90.203986574000055, 23.906636807000041 ], [ 90.203767235000043, 23.907142910000061 ], [ 90.203574852000031, 23.907219940000061 ], [ 90.203437819000044, 23.907547546000046 ], [ 90.202887547000046, 23.908081179000078 ], [ 90.202312965000033, 23.909371308000061 ], [ 90.201765130000069, 23.910889461000068 ], [ 90.201765560000069, 23.911167208000052 ], [ 90.201903618000074, 23.911494447000052 ], [ 90.201738788000057, 23.911722733000033 ], [ 90.200859587000082, 23.912408084000049 ], [ 90.20063999000007, 23.912760631000026 ], [ 90.199980837000055, 23.913393756000062 ], [ 90.199788716000057, 23.913646910000068 ], [ 90.199761393000074, 23.91385017500005 ], [ 90.199844841000072, 23.91440555500003 ], [ 90.200065302000041, 23.914608497000074 ], [ 90.200560517000042, 23.914783983000063 ], [ 90.200698074000059, 23.914783804000024 ], [ 90.200917909000054, 23.914582546000076 ], [ 90.200917673000049, 23.914431255000068 ], [ 90.200504192000039, 23.913898885000037 ], [ 90.200503961000038, 23.913747593000039 ], [ 90.200723872000083, 23.913596015000053 ], [ 90.201136760000054, 23.913746766000031 ], [ 90.201219903000037, 23.914101178000067 ], [ 90.201357495000082, 23.91412583400006 ], [ 90.201522060000059, 23.913924651000059 ], [ 90.201824522000038, 23.913745866000056 ], [ 90.202154510000071, 23.913695755000049 ], [ 90.202704835000077, 23.913769545000036 ], [ 90.202842585000042, 23.913895819000061 ], [ 90.203090573000054, 23.914225172000044 ], [ 90.203228957000078, 23.914755640000067 ], [ 90.202926999000056, 23.915060880000055 ], [ 90.202542017000042, 23.915287196000065 ], [ 90.202377768000076, 23.915693870000041 ], [ 90.202571664000061, 23.916578784000023 ], [ 90.202764773000069, 23.916957887000024 ], [ 90.202765085000067, 23.917158857000061 ], [ 90.202655442000037, 23.917337390000057 ], [ 90.202463041000044, 23.917412161000073 ], [ 90.201637585000071, 23.917338729000051 ], [ 90.20152743400007, 23.917388550000055 ], [ 90.201445698000043, 23.917743177000034 ], [ 90.201500815000031, 23.917844719000072 ], [ 90.201996009000084, 23.917995360000077 ], [ 90.201996440000073, 23.918273103000047 ], [ 90.201474511000072, 23.918702827000061 ], [ 90.200347352000051, 23.919110755000077 ], [ 90.200264989000061, 23.919262154000023 ], [ 90.200265768000065, 23.919767965000062 ], [ 90.200561049000044, 23.921095336000064 ], [ 90.198643850000053, 23.921529117000034 ], [ 90.197946338000065, 23.921807763000061 ], [ 90.19791932000004, 23.922011025000074 ], [ 90.198469832000058, 23.922186446000069 ], [ 90.199597533000031, 23.922108211000022 ], [ 90.200423370000067, 23.922411977000024 ], [ 90.201029169000037, 23.922790543000076 ], [ 90.201249404000066, 23.922839934000024 ], [ 90.201496428000041, 23.922537028000079 ], [ 90.201744493000035, 23.922712832000059 ], [ 90.201607362000061, 23.922990758000026 ], [ 90.201883355000064, 23.923548144000051 ], [ 90.201828588000069, 23.923674667000057 ], [ 90.201498425000068, 23.923826392000024 ], [ 90.201196718000062, 23.924307759000044 ], [ 90.201059268000051, 23.924382454000067 ], [ 90.200453973000037, 23.924333569000055 ], [ 90.200233964000063, 23.924435470000049 ], [ 90.199931787000082, 23.924815221000074 ], [ 90.199602084000048, 23.925068553000074 ], [ 90.198612541000045, 23.925550807000036 ], [ 90.198199921000082, 23.925601018000066 ], [ 90.198171513000034, 23.925095244000033 ], [ 90.198088645000041, 23.924919220000049 ], [ 90.197620715000085, 23.924741435000044 ], [ 90.19701553200008, 23.924767049000025 ], [ 90.196658150000076, 23.924995574000036 ], [ 90.196488371000044, 23.925217087000078 ], [ 90.197530709000034, 23.925321879000023 ], [ 90.197723468000049, 23.925472921000051 ], [ 90.197751759000084, 23.926105149000023 ], [ 90.197148297000069, 23.927268838000032 ], [ 90.196461041000077, 23.927448108000078 ], [ 90.196406189000072, 23.927725923000025 ], [ 90.196489136000082, 23.927953880000075 ], [ 90.196847331000072, 23.928256006000026 ], [ 90.197122618000037, 23.928357265000045 ], [ 90.197398369000041, 23.928761111000028 ], [ 90.197563423000076, 23.92886251300007 ], [ 90.197528797000075, 23.931913400000042 ], [ 90.198478915000067, 23.931978105000042 ], [ 90.199664831000064, 23.932191653000075 ] ] ] } },
{ "type": "Feature", "properties": { "matched_key": "U_30261440004", "navigation_parent_key": "U_30261440", "admin_type": "paurashava_ward", "admin_label": "Paurashava Ward", "map_level": "ward", "admin_rank": 3, "displayable": 1, "geometry_status": "EXACT/GEOMETRY", "location_label": "Ward No. 04" }, "geometry": { "type": "Polygon", "coordinates": [ [ [ 90.199664831000064, 23.932191653000075 ], [ 90.200517563000062, 23.932152306000035 ], [ 90.200938596000071, 23.93204660400005 ], [ 90.20142687200007, 23.931711387000064 ], [ 90.201727688000062, 23.931247352000071 ], [ 90.201843673000042, 23.930858718000025 ], [ 90.20165025700004, 23.929667110000025 ], [ 90.201694711000073, 23.928508215000022 ], [ 90.201358793000054, 23.928394342000047 ], [ 90.20140041500008, 23.927707654000073 ], [ 90.201865162000047, 23.925627891000033 ], [ 90.202198158000044, 23.924684615000047 ], [ 90.202759966000031, 23.923546033000036 ], [ 90.203303639000069, 23.922794047000025 ], [ 90.203693157000032, 23.922506750000025 ], [ 90.205291454000076, 23.922146151000049 ], [ 90.207708036000042, 23.921390107000036 ], [ 90.208331978000047, 23.921389262000048 ], [ 90.208722229000045, 23.921567970000069 ], [ 90.208917558000053, 23.921782789000076 ], [ 90.209075794000057, 23.923180626000033 ], [ 90.209077548000039, 23.924269978000041 ], [ 90.20955269500007, 23.925192435000042 ], [ 90.210915083000032, 23.925603693000028 ], [ 90.211288516000081, 23.925563260000047 ], [ 90.212486403000071, 23.925680938000028 ], [ 90.212829504000069, 23.925632667000059 ], [ 90.213515091000033, 23.925163309000027 ], [ 90.214795030000062, 23.923605157000054 ], [ 90.215222169000072, 23.923245526000073 ], [ 90.216020032000074, 23.922765692000041 ], [ 90.219307060000062, 23.922018128000047 ], [ 90.220903179000061, 23.92222358500004 ], [ 90.222086179000087, 23.922169947000043 ], [ 90.223021051000046, 23.921922460000076 ], [ 90.226088420000053, 23.920617324000034 ], [ 90.226407381000058, 23.918993291000049 ], [ 90.22671173100008, 23.918150579000041 ], [ 90.227879972000039, 23.916182058000061 ], [ 90.229705294000041, 23.911118975000022 ], [ 90.230059991000076, 23.909948755000073 ], [ 90.230413682000062, 23.908214015000055 ], [ 90.23051373100003, 23.907324181000035 ], [ 90.230511989000036, 23.906341914000052 ], [ 90.230254397000067, 23.904608090000067 ], [ 90.22948709700006, 23.902829864000068 ], [ 90.228362496000045, 23.900722481000059 ], [ 90.228157169000042, 23.899880517000042 ], [ 90.228155609000055, 23.898990833000028 ], [ 90.228459652000083, 23.898005855000065 ], [ 90.229019265000034, 23.897630181000068 ], [ 90.230190079000067, 23.897066168000038 ], [ 90.230953364000072, 23.896597600000064 ], [ 90.231309427000042, 23.896222220000027 ], [ 90.231766097000047, 23.895284427000036 ], [ 90.231815808000079, 23.89458208700006 ], [ 90.231710716000066, 23.892802867000057 ], [ 90.230378663000067, 23.888449009000055 ], [ 90.230223764000073, 23.887304389000064 ], [ 90.228875402000085, 23.887405758000057 ], [ 90.228738235000037, 23.887609189000045 ], [ 90.228656727000043, 23.88821673700005 ], [ 90.228382473000067, 23.888671019000071 ], [ 90.22744715500005, 23.888521112000035 ], [ 90.227254730000084, 23.888724626000055 ], [ 90.227173827000058, 23.88950830400006 ], [ 90.227504139000075, 23.889683947000037 ], [ 90.227643263000061, 23.890596010000024 ], [ 90.22753354200006, 23.890873918000068 ], [ 90.227039878000085, 23.89155659000005 ], [ 90.226352674000054, 23.891810510000028 ], [ 90.225940617000049, 23.892115958000034 ], [ 90.225252969000053, 23.892116965000071 ], [ 90.224372450000033, 23.891890186000069 ], [ 90.223602094000057, 23.891814531000023 ], [ 90.223052020000068, 23.891840168000044 ], [ 90.222172327000067, 23.892094350000036 ], [ 90.220881505000079, 23.893209447000061 ], [ 90.220497007000063, 23.893666133000067 ], [ 90.220387790000075, 23.894070489000057 ], [ 90.220968510000034, 23.895815160000041 ], [ 90.22088678700004, 23.896321090000072 ], [ 90.220557752000047, 23.896901891000027 ], [ 90.220503010000073, 23.897206811000046 ], [ 90.220560373000069, 23.898446422000063 ], [ 90.221332393000068, 23.899657906000073 ], [ 90.221415408000041, 23.899910692000049 ], [ 90.221608031000073, 23.899987191000037 ], [ 90.221718545000044, 23.900163163000059 ], [ 90.221746557000074, 23.90056732100004 ], [ 90.221664536000048, 23.900897121000071 ], [ 90.220703402000083, 23.901682058000063 ], [ 90.219687114000067, 23.90271997800005 ], [ 90.218780786000082, 23.903430308000054 ], [ 90.218595346000086, 23.903524658000038 ], [ 90.218601945000046, 23.90204490800005 ], [ 90.218133719000036, 23.901843631000077 ], [ 90.217516470000078, 23.901904251000076 ], [ 90.216768605000084, 23.901576705000025 ], [ 90.215762295000047, 23.902145706000056 ], [ 90.215535447000036, 23.902504498000042 ], [ 90.215243066000085, 23.902534781000043 ], [ 90.213682704000064, 23.902088862000028 ], [ 90.213195419000044, 23.902149285000064 ], [ 90.212677500000041, 23.903344920000052 ], [ 90.212320279000039, 23.903464904000032 ], [ 90.21176790700008, 23.903465667000035 ], [ 90.210435185000051, 23.903138894000051 ], [ 90.209622827000032, 23.903110130000073 ], [ 90.20939566900006, 23.903289677000032 ], [ 90.208942887000035, 23.904604702000029 ], [ 90.208814214000085, 23.905411446000073 ], [ 90.208620167000049, 23.905979297000044 ], [ 90.208425495000085, 23.906158798000035 ], [ 90.207613215000038, 23.906189769000036 ], [ 90.206433622000077, 23.905924503000051 ], [ 90.205167646000064, 23.905447481000067 ], [ 90.205106326000077, 23.905305303000034 ], [ 90.204864845000031, 23.90539595000007 ], [ 90.204672667000068, 23.905599431000041 ], [ 90.204371021000043, 23.90628177800005 ], [ 90.203986574000055, 23.906636807000041 ], [ 90.203767235000043, 23.907142910000061 ], [ 90.203574852000031, 23.907219940000061 ], [ 90.203437819000044, 23.907547546000046 ], [ 90.202887547000046, 23.908081179000078 ], [ 90.202312965000033, 23.909371308000061 ], [ 90.201765130000069, 23.910889461000068 ], [ 90.201765560000069, 23.911167208000052 ], [ 90.201903618000074, 23.911494447000052 ], [ 90.201738788000057, 23.911722733000033 ], [ 90.200859587000082, 23.912408084000049 ], [ 90.20063999000007, 23.912760631000026 ], [ 90.199980837000055, 23.913393756000062 ], [ 90.199788716000057, 23.913646910000068 ], [ 90.199761393000074, 23.91385017500005 ], [ 90.199844841000072, 23.91440555500003 ], [ 90.200065302000041, 23.914608497000074 ], [ 90.200560517000042, 23.914783983000063 ], [ 90.200698074000059, 23.914783804000024 ], [ 90.200917909000054, 23.914582546000076 ], [ 90.200917673000049, 23.914431255000068 ], [ 90.200504192000039, 23.913898885000037 ], [ 90.200503961000038, 23.913747593000039 ], [ 90.200723872000083, 23.913596015000053 ], [ 90.201136760000054, 23.913746766000031 ], [ 90.201219903000037, 23.914101178000067 ], [ 90.201357495000082, 23.91412583400006 ], [ 90.201522060000059, 23.913924651000059 ], [ 90.201824522000038, 23.913745866000056 ], [ 90.202154510000071, 23.913695755000049 ], [ 90.202704835000077, 23.913769545000036 ], [ 90.202842585000042, 23.913895819000061 ], [ 90.203090573000054, 23.914225172000044 ], [ 90.203228957000078, 23.914755640000067 ], [ 90.202926999000056, 23.915060880000055 ], [ 90.202542017000042, 23.915287196000065 ], [ 90.202377768000076, 23.915693870000041 ], [ 90.202571664000061, 23.916578784000023 ], [ 90.202764773000069, 23.916957887000024 ], [ 90.202765085000067, 23.917158857000061 ], [ 90.202655442000037, 23.917337390000057 ], [ 90.202463041000044, 23.917412161000073 ], [ 90.201637585000071, 23.917338729000051 ], [ 90.20152743400007, 23.917388550000055 ], [ 90.201445698000043, 23.917743177000034 ], [ 90.201500815000031, 23.917844719000072 ], [ 90.201996009000084, 23.917995360000077 ], [ 90.201996440000073, 23.918273103000047 ], [ 90.201474511000072, 23.918702827000061 ], [ 90.200347352000051, 23.919110755000077 ], [ 90.200264989000061, 23.919262154000023 ], [ 90.200265768000065, 23.919767965000062 ], [ 90.200561049000044, 23.921095336000064 ], [ 90.198643850000053, 23.921529117000034 ], [ 90.197946338000065, 23.921807763000061 ], [ 90.19791932000004, 23.922011025000074 ], [ 90.198469832000058, 23.922186446000069 ], [ 90.199597533000031, 23.922108211000022 ], [ 90.200423370000067, 23.922411977000024 ], [ 90.201029169000037, 23.922790543000076 ], [ 90.201249404000066, 23.922839934000024 ], [ 90.201496428000041, 23.922537028000079 ], [ 90.201744493000035, 23.922712832000059 ], [ 90.201607362000061, 23.922990758000026 ], [ 90.201883355000064, 23.923548144000051 ], [ 90.201828588000069, 23.923674667000057 ], [ 90.201498425000068, 23.923826392000024 ], [ 90.201196718000062, 23.924307759000044 ], [ 90.201059268000051, 23.924382454000067 ], [ 90.200453973000037, 23.924333569000055 ], [ 90.200233964000063, 23.924435470000049 ], [ 90.199931787000082, 23.924815221000074 ], [ 90.199602084000048, 23.925068553000074 ], [ 90.198612541000045, 23.925550807000036 ], [ 90.198199921000082, 23.925601018000066 ], [ 90.198171513000034, 23.925095244000033 ], [ 90.198088645000041, 23.924919220000049 ], [ 90.197620715000085, 23.924741435000044 ], [ 90.19701553200008, 23.924767049000025 ], [ 90.196658150000076, 23.924995574000036 ], [ 90.196488371000044, 23.925217087000078 ], [ 90.197530709000034, 23.925321879000023 ], [ 90.197723468000049, 23.925472921000051 ], [ 90.197751759000084, 23.926105149000023 ], [ 90.197148297000069, 23.927268838000032 ], [ 90.196461041000077, 23.927448108000078 ], [ 90.196406189000072, 23.927725923000025 ], [ 90.196489136000082, 23.927953880000075 ], [ 90.196847331000072, 23.928256006000026 ], [ 90.197122618000037, 23.928357265000045 ], [ 90.197398369000041, 23.928761111000028 ], [ 90.197563423000076, 23.92886251300007 ], [ 90.197528797000075, 23.931913400000042 ], [ 90.198478915000067, 23.931978105000042 ], [ 90.199664831000064, 23.932191653000075 ] ] ] } },
{ "type": "Feature", "properties": { "matched_key": "U_30261440005", "navigation_parent_key": "U_30261440", "admin_type": "paurashava_ward", "admin_label": "Paurashava Ward", "map_level": "ward", "admin_rank": 3, "displayable": 1, "geometry_status": "EXACT/GEOMETRY", "location_label": "Ward No. 05" }, "geometry": { "type": "Polygon", "coordinates": [ [ [ 90.199664831000064, 23.932191653000075 ], [ 90.200517563000062, 23.932152306000035 ], [ 90.200938596000071, 23.93204660400005 ], [ 90.20142687200007, 23.931711387000064 ], [ 90.201727688000062, 23.931247352000071 ], [ 90.201843673000042, 23.930858718000025 ], [ 90.20165025700004, 23.929667110000025 ], [ 90.201694711000073, 23.928508215000022 ], [ 90.201358793000054, 23.928394342000047 ], [ 90.20140041500008, 23.927707654000073 ], [ 90.201865162000047, 23.925627891000033 ], [ 90.202198158000044, 23.924684615000047 ], [ 90.202759966000031, 23.923546033000036 ], [ 90.203303639000069, 23.922794047000025 ], [ 90.203693157000032, 23.922506750000025 ], [ 90.205291454000076, 23.922146151000049 ], [ 90.207708036000042, 23.921390107000036 ], [ 90.208331978000047, 23.921389262000048 ], [ 90.208722229000045, 23.921567970000069 ], [ 90.208917558000053, 23.921782789000076 ], [ 90.209075794000057, 23.923180626000033 ], [ 90.209077548000039, 23.924269978000041 ], [ 90.20955269500007, 23.925192435000042 ], [ 90.210915083000032, 23.925603693000028 ], [ 90.211288516000081, 23.925563260000047 ], [ 90.212486403000071, 23.925680938000028 ], [ 90.212829504000069, 23.925632667000059 ], [ 90.213515091000033, 23.925163309000027 ], [ 90.214795030000062, 23.923605157000054 ], [ 90.215222169000072, 23.923245526000073 ], [ 90.216020032000074, 23.922765692000041 ], [ 90.219307060000062, 23.922018128000047 ], [ 90.220903179000061, 23.92222358500004 ], [ 90.222086179000087, 23.922169947000043 ], [ 90.223021051000046, 23.921922460000076 ], [ 90.226088420000053, 23.920617324000034 ], [ 90.226407381000058, 23.918993291000049 ], [ 90.22671173100008, 23.918150579000041 ], [ 90.227879972000039, 23.916182058000061 ], [ 90.229705294000041, 23.911118975000022 ], [ 90.230059991000076, 23.909948755000073 ], [ 90.230413682000062, 23.908214015000055 ], [ 90.23051373100003, 23.907324181000035 ], [ 90.230511989000036, 23.906341914000052 ], [ 90.230254397000067, 23.904608090000067 ], [ 90.22948709700006, 23.902829864000068 ], [ 90.228362496000045, 23.900722481000059 ], [ 90.228157169000042, 23.899880517000042 ], [ 90.228155609000055, 23.898990833000028 ], [ 90.228459652000083, 23.898005855000065 ], [ 90.229019265000034, 23.897630181000068 ], [ 90.230190079000067, 23.897066168000038 ], [ 90.230953364000072, 23.896597600000064 ], [ 90.231309427000042, 23.896222220000027 ], [ 90.231766097000047, 23.895284427000036 ], [ 90.231815808000079, 23.89458208700006 ], [ 90.231710716000066, 23.892802867000057 ], [ 90.230378663000067, 23.888449009000055 ], [ 90.230223764000073, 23.887304389000064 ], [ 90.228875402000085, 23.887405758000057 ], [ 90.228738235000037, 23.887609189000045 ], [ 90.228656727000043, 23.88821673700005 ], [ 90.228382473000067, 23.888671019000071 ], [ 90.22744715500005, 23.888521112000035 ], [ 90.227254730000084, 23.888724626000055 ], [ 90.227173827000058, 23.88950830400006 ], [ 90.227504139000075, 23.889683947000037 ], [ 90.227643263000061, 23.890596010000024 ], [ 90.22753354200006, 23.890873918000068 ], [ 90.227039878000085, 23.89155659000005 ], [ 90.226352674000054, 23.891810510000028 ], [ 90.225940617000049, 23.892115958000034 ], [ 90.225252969000053, 23.892116965000071 ], [ 90.224372450000033, 23.891890186000069 ], [ 90.223602094000057, 23.891814531000023 ], [ 90.223052020000068, 23.891840168000044 ], [ 90.222172327000067, 23.892094350000036 ], [ 90.220881505000079, 23.893209447000061 ], [ 90.220497007000063, 23.893666133000067 ], [ 90.220387790000075, 23.894070489000057 ], [ 90.220968510000034, 23.895815160000041 ], [ 90.22088678700004, 23.896321090000072 ], [ 90.220557752000047, 23.896901891000027 ], [ 90.220503010000073, 23.897206811000046 ], [ 90.220560373000069, 23.898446422000063 ], [ 90.221332393000068, 23.899657906000073 ], [ 90.221415408000041, 23.899910692000049 ], [ 90.221608031000073, 23.899987191000037 ], [ 90.221718545000044, 23.900163163000059 ], [ 90.221746557000074, 23.90056732100004 ], [ 90.221664536000048, 23.900897121000071 ], [ 90.220703402000083, 23.901682058000063 ], [ 90.219687114000067, 23.90271997800005 ], [ 90.218780786000082, 23.903430308000054 ], [ 90.218595346000086, 23.903524658000038 ], [ 90.218601945000046, 23.90204490800005 ], [ 90.218133719000036, 23.901843631000077 ], [ 90.217516470000078, 23.901904251000076 ], [ 90.216768605000084, 23.901576705000025 ], [ 90.215762295000047, 23.902145706000056 ], [ 90.215535447000036, 23.902504498000042 ], [ 90.215243066000085, 23.902534781000043 ], [ 90.213682704000064, 23.902088862000028 ], [ 90.213195419000044, 23.902149285000064 ], [ 90.212677500000041, 23.903344920000052 ], [ 90.212320279000039, 23.903464904000032 ], [ 90.21176790700008, 23.903465667000035 ], [ 90.210435185000051, 23.903138894000051 ], [ 90.209622827000032, 23.903110130000073 ], [ 90.20939566900006, 23.903289677000032 ], [ 90.208942887000035, 23.904604702000029 ], [ 90.208814214000085, 23.905411446000073 ], [ 90.208620167000049, 23.905979297000044 ], [ 90.208425495000085, 23.906158798000035 ], [ 90.207613215000038, 23.906189769000036 ], [ 90.206433622000077, 23.905924503000051 ], [ 90.205167646000064, 23.905447481000067 ], [ 90.205106326000077, 23.905305303000034 ], [ 90.204864845000031, 23.90539595000007 ], [ 90.204672667000068, 23.905599431000041 ], [ 90.204371021000043, 23.90628177800005 ], [ 90.203986574000055, 23.906636807000041 ], [ 90.203767235000043, 23.907142910000061 ], [ 90.203574852000031, 23.907219940000061 ], [ 90.203437819000044, 23.907547546000046 ], [ 90.202887547000046, 23.908081179000078 ], [ 90.202312965000033, 23.909371308000061 ], [ 90.201765130000069, 23.910889461000068 ], [ 90.201765560000069, 23.911167208000052 ], [ 90.201903618000074, 23.911494447000052 ], [ 90.201738788000057, 23.911722733000033 ], [ 90.200859587000082, 23.912408084000049 ], [ 90.20063999000007, 23.912760631000026 ], [ 90.199980837000055, 23.913393756000062 ], [ 90.199788716000057, 23.913646910000068 ], [ 90.199761393000074, 23.91385017500005 ], [ 90.199844841000072, 23.91440555500003 ], [ 90.200065302000041, 23.914608497000074 ], [ 90.200560517000042, 23.914783983000063 ], [ 90.200698074000059, 23.914783804000024 ], [ 90.200917909000054, 23.914582546000076 ], [ 90.200917673000049, 23.914431255000068 ], [ 90.200504192000039, 23.913898885000037 ], [ 90.200503961000038, 23.913747593000039 ], [ 90.200723872000083, 23.913596015000053 ], [ 90.201136760000054, 23.913746766000031 ], [ 90.201219903000037, 23.914101178000067 ], [ 90.201357495000082, 23.91412583400006 ], [ 90.201522060000059, 23.913924651000059 ], [ 90.201824522000038, 23.913745866000056 ], [ 90.202154510000071, 23.913695755000049 ], [ 90.202704835000077, 23.913769545000036 ], [ 90.202842585000042, 23.913895819000061 ], [ 90.203090573000054, 23.914225172000044 ], [ 90.203228957000078, 23.914755640000067 ], [ 90.202926999000056, 23.915060880000055 ], [ 90.202542017000042, 23.915287196000065 ], [ 90.202377768000076, 23.915693870000041 ], [ 90.202571664000061, 23.916578784000023 ], [ 90.202764773000069, 23.916957887000024 ], [ 90.202765085000067, 23.917158857000061 ], [ 90.202655442000037, 23.917337390000057 ], [ 90.202463041000044, 23.917412161000073 ], [ 90.201637585000071, 23.917338729000051 ], [ 90.20152743400007, 23.917388550000055 ], [ 90.201445698000043, 23.917743177000034 ], [ 90.201500815000031, 23.917844719000072 ], [ 90.201996009000084, 23.917995360000077 ], [ 90.201996440000073, 23.918273103000047 ], [ 90.201474511000072, 23.918702827000061 ], [ 90.200347352000051, 23.919110755000077 ], [ 90.200264989000061, 23.919262154000023 ], [ 90.200265768000065, 23.919767965000062 ], [ 90.200561049000044, 23.921095336000064 ], [ 90.198643850000053, 23.921529117000034 ], [ 90.197946338000065, 23.921807763000061 ], [ 90.19791932000004, 23.922011025000074 ], [ 90.198469832000058, 23.922186446000069 ], [ 90.199597533000031, 23.922108211000022 ], [ 90.200423370000067, 23.922411977000024 ], [ 90.201029169000037, 23.922790543000076 ], [ 90.201249404000066, 23.922839934000024 ], [ 90.201496428000041, 23.922537028000079 ], [ 90.201744493000035, 23.922712832000059 ], [ 90.201607362000061, 23.922990758000026 ], [ 90.201883355000064, 23.923548144000051 ], [ 90.201828588000069, 23.923674667000057 ], [ 90.201498425000068, 23.923826392000024 ], [ 90.201196718000062, 23.924307759000044 ], [ 90.201059268000051, 23.924382454000067 ], [ 90.200453973000037, 23.924333569000055 ], [ 90.200233964000063, 23.924435470000049 ], [ 90.199931787000082, 23.924815221000074 ], [ 90.199602084000048, 23.925068553000074 ], [ 90.198612541000045, 23.925550807000036 ], [ 90.198199921000082, 23.925601018000066 ], [ 90.198171513000034, 23.925095244000033 ], [ 90.198088645000041, 23.924919220000049 ], [ 90.197620715000085, 23.924741435000044 ], [ 90.19701553200008, 23.924767049000025 ], [ 90.196658150000076, 23.924995574000036 ], [ 90.196488371000044, 23.925217087000078 ], [ 90.197530709000034, 23.925321879000023 ], [ 90.197723468000049, 23.925472921000051 ], [ 90.197751759000084, 23.926105149000023 ], [ 90.197148297000069, 23.927268838000032 ], [ 90.196461041000077, 23.927448108000078 ], [ 90.196406189000072, 23.927725923000025 ], [ 90.196489136000082, 23.927953880000075 ], [ 90.196847331000072, 23.928256006000026 ], [ 90.197122618000037, 23.928357265000045 ], [ 90.197398369000041, 23.928761111000028 ], [ 90.197563423000076, 23.92886251300007 ], [ 90.197528797000075, 23.931913400000042 ], [ 90.198478915000067, 23.931978105000042 ], [ 90.199664831000064, 23.932191653000075 ] ] ] } },
{ "type": "Feature", "properties": { "matched_key": "U_30261440006", "navigation_parent_key": "U_30261440", "admin_type": "paurashava_ward", "admin_label": "Paurashava Ward", "map_level": "ward", "admin_rank": 3, "displayable": 1, "geometry_status": "EXACT/GEOMETRY", "location_label": "Ward No. 06" }, "geometry": { "type": "Polygon", "coordinates": [ [ [ 90.199664831000064, 23.932191653000075 ], [ 90.200517563000062, 23.932152306000035 ], [ 90.200938596000071, 23.93204660400005 ], [ 90.20142687200007, 23.931711387000064 ], [ 90.201727688000062, 23.931247352000071 ], [ 90.201843673000042, 23.930858718000025 ], [ 90.20165025700004, 23.929667110000025 ], [ 90.201694711000073, 23.928508215000022 ], [ 90.201358793000054, 23.928394342000047 ], [ 90.20140041500008, 23.927707654000073 ], [ 90.201865162000047, 23.925627891000033 ], [ 90.202198158000044, 23.924684615000047 ], [ 90.202759966000031, 23.923546033000036 ], [ 90.203303639000069, 23.922794047000025 ], [ 90.203693157000032, 23.922506750000025 ], [ 90.205291454000076, 23.922146151000049 ], [ 90.207708036000042, 23.921390107000036 ], [ 90.208331978000047, 23.921389262000048 ], [ 90.208722229000045, 23.921567970000069 ], [ 90.208917558000053, 23.921782789000076 ], [ 90.209075794000057, 23.923180626000033 ], [ 90.209077548000039, 23.924269978000041 ], [ 90.20955269500007, 23.925192435000042 ], [ 90.210915083000032, 23.925603693000028 ], [ 90.211288516000081, 23.925563260000047 ], [ 90.212486403000071, 23.925680938000028 ], [ 90.212829504000069, 23.925632667000059 ], [ 90.213515091000033, 23.925163309000027 ], [ 90.214795030000062, 23.923605157000054 ], [ 90.215222169000072, 23.923245526000073 ], [ 90.216020032000074, 23.922765692000041 ], [ 90.219307060000062, 23.922018128000047 ], [ 90.220903179000061, 23.92222358500004 ], [ 90.222086179000087, 23.922169947000043 ], [ 90.223021051000046, 23.921922460000076 ], [ 90.226088420000053, 23.920617324000034 ], [ 90.226407381000058, 23.918993291000049 ], [ 90.22671173100008, 23.918150579000041 ], [ 90.227879972000039, 23.916182058000061 ], [ 90.229705294000041, 23.911118975000022 ], [ 90.230059991000076, 23.909948755000073 ], [ 90.230413682000062, 23.908214015000055 ], [ 90.23051373100003, 23.907324181000035 ], [ 90.230511989000036, 23.906341914000052 ], [ 90.230254397000067, 23.904608090000067 ], [ 90.22948709700006, 23.902829864000068 ], [ 90.228362496000045, 23.900722481000059 ], [ 90.228157169000042, 23.899880517000042 ], [ 90.228155609000055, 23.898990833000028 ], [ 90.228459652000083, 23.898005855000065 ], [ 90.229019265000034, 23.897630181000068 ], [ 90.230190079000067, 23.897066168000038 ], [ 90.230953364000072, 23.896597600000064 ], [ 90.231309427000042, 23.896222220000027 ], [ 90.231766097000047, 23.895284427000036 ], [ 90.231815808000079, 23.89458208700006 ], [ 90.231710716000066, 23.892802867000057 ], [ 90.230378663000067, 23.888449009000055 ], [ 90.230223764000073, 23.887304389000064 ], [ 90.228875402000085, 23.887405758000057 ], [ 90.228738235000037, 23.887609189000045 ], [ 90.228656727000043, 23.88821673700005 ], [ 90.228382473000067, 23.888671019000071 ], [ 90.22744715500005, 23.888521112000035 ], [ 90.227254730000084, 23.888724626000055 ], [ 90.227173827000058, 23.88950830400006 ], [ 90.227504139000075, 23.889683947000037 ], [ 90.227643263000061, 23.890596010000024 ], [ 90.22753354200006, 23.890873918000068 ], [ 90.227039878000085, 23.89155659000005 ], [ 90.226352674000054, 23.891810510000028 ], [ 90.225940617000049, 23.892115958000034 ], [ 90.225252969000053, 23.892116965000071 ], [ 90.224372450000033, 23.891890186000069 ], [ 90.223602094000057, 23.891814531000023 ], [ 90.223052020000068, 23.891840168000044 ], [ 90.222172327000067, 23.892094350000036 ], [ 90.220881505000079, 23.893209447000061 ], [ 90.220497007000063, 23.893666133000067 ], [ 90.220387790000075, 23.894070489000057 ], [ 90.220968510000034, 23.895815160000041 ], [ 90.22088678700004, 23.896321090000072 ], [ 90.220557752000047, 23.896901891000027 ], [ 90.220503010000073, 23.897206811000046 ], [ 90.220560373000069, 23.898446422000063 ], [ 90.221332393000068, 23.899657906000073 ], [ 90.221415408000041, 23.899910692000049 ], [ 90.221608031000073, 23.899987191000037 ], [ 90.221718545000044, 23.900163163000059 ], [ 90.221746557000074, 23.90056732100004 ], [ 90.221664536000048, 23.900897121000071 ], [ 90.220703402000083, 23.901682058000063 ], [ 90.219687114000067, 23.90271997800005 ], [ 90.218780786000082, 23.903430308000054 ], [ 90.218595346000086, 23.903524658000038 ], [ 90.218601945000046, 23.90204490800005 ], [ 90.218133719000036, 23.901843631000077 ], [ 90.217516470000078, 23.901904251000076 ], [ 90.216768605000084, 23.901576705000025 ], [ 90.215762295000047, 23.902145706000056 ], [ 90.215535447000036, 23.902504498000042 ], [ 90.215243066000085, 23.902534781000043 ], [ 90.213682704000064, 23.902088862000028 ], [ 90.213195419000044, 23.902149285000064 ], [ 90.212677500000041, 23.903344920000052 ], [ 90.212320279000039, 23.903464904000032 ], [ 90.21176790700008, 23.903465667000035 ], [ 90.210435185000051, 23.903138894000051 ], [ 90.209622827000032, 23.903110130000073 ], [ 90.20939566900006, 23.903289677000032 ], [ 90.208942887000035, 23.904604702000029 ], [ 90.208814214000085, 23.905411446000073 ], [ 90.208620167000049, 23.905979297000044 ], [ 90.208425495000085, 23.906158798000035 ], [ 90.207613215000038, 23.906189769000036 ], [ 90.206433622000077, 23.905924503000051 ], [ 90.205167646000064, 23.905447481000067 ], [ 90.205106326000077, 23.905305303000034 ], [ 90.204864845000031, 23.90539595000007 ], [ 90.204672667000068, 23.905599431000041 ], [ 90.204371021000043, 23.90628177800005 ], [ 90.203986574000055, 23.906636807000041 ], [ 90.203767235000043, 23.907142910000061 ], [ 90.203574852000031, 23.907219940000061 ], [ 90.203437819000044, 23.907547546000046 ], [ 90.202887547000046, 23.908081179000078 ], [ 90.202312965000033, 23.909371308000061 ], [ 90.201765130000069, 23.910889461000068 ], [ 90.201765560000069, 23.911167208000052 ], [ 90.201903618000074, 23.911494447000052 ], [ 90.201738788000057, 23.911722733000033 ], [ 90.200859587000082, 23.912408084000049 ], [ 90.20063999000007, 23.912760631000026 ], [ 90.199980837000055, 23.913393756000062 ], [ 90.199788716000057, 23.913646910000068 ], [ 90.199761393000074, 23.91385017500005 ], [ 90.199844841000072, 23.91440555500003 ], [ 90.200065302000041, 23.914608497000074 ], [ 90.200560517000042, 23.914783983000063 ], [ 90.200698074000059, 23.914783804000024 ], [ 90.200917909000054, 23.914582546000076 ], [ 90.200917673000049, 23.914431255000068 ], [ 90.200504192000039, 23.913898885000037 ], [ 90.200503961000038, 23.913747593000039 ], [ 90.200723872000083, 23.913596015000053 ], [ 90.201136760000054, 23.913746766000031 ], [ 90.201219903000037, 23.914101178000067 ], [ 90.201357495000082, 23.91412583400006 ], [ 90.201522060000059, 23.913924651000059 ], [ 90.201824522000038, 23.913745866000056 ], [ 90.202154510000071, 23.913695755000049 ], [ 90.202704835000077, 23.913769545000036 ], [ 90.202842585000042, 23.913895819000061 ], [ 90.203090573000054, 23.914225172000044 ], [ 90.203228957000078, 23.914755640000067 ], [ 90.202926999000056, 23.915060880000055 ], [ 90.202542017000042, 23.915287196000065 ], [ 90.202377768000076, 23.915693870000041 ], [ 90.202571664000061, 23.916578784000023 ], [ 90.202764773000069, 23.916957887000024 ], [ 90.202765085000067, 23.917158857000061 ], [ 90.202655442000037, 23.917337390000057 ], [ 90.202463041000044, 23.917412161000073 ], [ 90.201637585000071, 23.917338729000051 ], [ 90.20152743400007, 23.917388550000055 ], [ 90.201445698000043, 23.917743177000034 ], [ 90.201500815000031, 23.917844719000072 ], [ 90.201996009000084, 23.917995360000077 ], [ 90.201996440000073, 23.918273103000047 ], [ 90.201474511000072, 23.918702827000061 ], [ 90.200347352000051, 23.919110755000077 ], [ 90.200264989000061, 23.919262154000023 ], [ 90.200265768000065, 23.919767965000062 ], [ 90.200561049000044, 23.921095336000064 ], [ 90.198643850000053, 23.921529117000034 ], [ 90.197946338000065, 23.921807763000061 ], [ 90.19791932000004, 23.922011025000074 ], [ 90.198469832000058, 23.922186446000069 ], [ 90.199597533000031, 23.922108211000022 ], [ 90.200423370000067, 23.922411977000024 ], [ 90.201029169000037, 23.922790543000076 ], [ 90.201249404000066, 23.922839934000024 ], [ 90.201496428000041, 23.922537028000079 ], [ 90.201744493000035, 23.922712832000059 ], [ 90.201607362000061, 23.922990758000026 ], [ 90.201883355000064, 23.923548144000051 ], [ 90.201828588000069, 23.923674667000057 ], [ 90.201498425000068, 23.923826392000024 ], [ 90.201196718000062, 23.924307759000044 ], [ 90.201059268000051, 23.924382454000067 ], [ 90.200453973000037, 23.924333569000055 ], [ 90.200233964000063, 23.924435470000049 ], [ 90.199931787000082, 23.924815221000074 ], [ 90.199602084000048, 23.925068553000074 ], [ 90.198612541000045, 23.925550807000036 ], [ 90.198199921000082, 23.925601018000066 ], [ 90.198171513000034, 23.925095244000033 ], [ 90.198088645000041, 23.924919220000049 ], [ 90.197620715000085, 23.924741435000044 ], [ 90.19701553200008, 23.924767049000025 ], [ 90.196658150000076, 23.924995574000036 ], [ 90.196488371000044, 23.925217087000078 ], [ 90.197530709000034, 23.925321879000023 ], [ 90.197723468000049, 23.925472921000051 ], [ 90.197751759000084, 23.926105149000023 ], [ 90.197148297000069, 23.927268838000032 ], [ 90.196461041000077, 23.927448108000078 ], [ 90.196406189000072, 23.927725923000025 ], [ 90.196489136000082, 23.927953880000075 ], [ 90.196847331000072, 23.928256006000026 ], [ 90.197122618000037, 23.928357265000045 ], [ 90.197398369000041, 23.928761111000028 ], [ 90.197563423000076, 23.92886251300007 ], [ 90.197528797000075, 23.931913400000042 ], [ 90.198478915000067, 23.931978105000042 ], [ 90.199664831000064, 23.932191653000075 ] ] ] } },
{ "type": "Feature", "properties": { "matched_key": "U_30261440007", "navigation_parent_key": "U_30261440", "admin_type": "paurashava_ward", "admin_label": "Paurashava Ward", "map_level": "ward", "admin_rank": 3, "displayable": 1, "geometry_status": "EXACT/GEOMETRY", "location_label": "Ward No. 07" }, "geometry": { "type": "Polygon", "coordinates": [ [ [ 90.199664831000064, 23.932191653000075 ], [ 90.200517563000062, 23.932152306000035 ], [ 90.200938596000071, 23.93204660400005 ], [ 90.20142687200007, 23.931711387000064 ], [ 90.201727688000062, 23.931247352000071 ], [ 90.201843673000042, 23.930858718000025 ], [ 90.20165025700004, 23.929667110000025 ], [ 90.201694711000073, 23.928508215000022 ], [ 90.201358793000054, 23.928394342000047 ], [ 90.20140041500008, 23.927707654000073 ], [ 90.201865162000047, 23.925627891000033 ], [ 90.202198158000044, 23.924684615000047 ], [ 90.202759966000031, 23.923546033000036 ], [ 90.203303639000069, 23.922794047000025 ], [ 90.203693157000032, 23.922506750000025 ], [ 90.205291454000076, 23.922146151000049 ], [ 90.207708036000042, 23.921390107000036 ], [ 90.208331978000047, 23.921389262000048 ], [ 90.208722229000045, 23.921567970000069 ], [ 90.208917558000053, 23.921782789000076 ], [ 90.209075794000057, 23.923180626000033 ], [ 90.209077548000039, 23.924269978000041 ], [ 90.20955269500007, 23.925192435000042 ], [ 90.210915083000032, 23.925603693000028 ], [ 90.211288516000081, 23.925563260000047 ], [ 90.212486403000071, 23.925680938000028 ], [ 90.212829504000069, 23.925632667000059 ], [ 90.213515091000033, 23.925163309000027 ], [ 90.214795030000062, 23.923605157000054 ], [ 90.215222169000072, 23.923245526000073 ], [ 90.216020032000074, 23.922765692000041 ], [ 90.219307060000062, 23.922018128000047 ], [ 90.220903179000061, 23.92222358500004 ], [ 90.222086179000087, 23.922169947000043 ], [ 90.223021051000046, 23.921922460000076 ], [ 90.226088420000053, 23.920617324000034 ], [ 90.226407381000058, 23.918993291000049 ], [ 90.22671173100008, 23.918150579000041 ], [ 90.227879972000039, 23.916182058000061 ], [ 90.229705294000041, 23.911118975000022 ], [ 90.230059991000076, 23.909948755000073 ], [ 90.230413682000062, 23.908214015000055 ], [ 90.23051373100003, 23.907324181000035 ], [ 90.230511989000036, 23.906341914000052 ], [ 90.230254397000067, 23.904608090000067 ], [ 90.22948709700006, 23.902829864000068 ], [ 90.228362496000045, 23.900722481000059 ], [ 90.228157169000042, 23.899880517000042 ], [ 90.228155609000055, 23.898990833000028 ], [ 90.228459652000083, 23.898005855000065 ], [ 90.229019265000034, 23.897630181000068 ], [ 90.230190079000067, 23.897066168000038 ], [ 90.230953364000072, 23.896597600000064 ], [ 90.231309427000042, 23.896222220000027 ], [ 90.231766097000047, 23.895284427000036 ], [ 90.231815808000079, 23.89458208700006 ], [ 90.231710716000066, 23.892802867000057 ], [ 90.230378663000067, 23.888449009000055 ], [ 90.230223764000073, 23.887304389000064 ], [ 90.228875402000085, 23.887405758000057 ], [ 90.228738235000037, 23.887609189000045 ], [ 90.228656727000043, 23.88821673700005 ], [ 90.228382473000067, 23.888671019000071 ], [ 90.22744715500005, 23.888521112000035 ], [ 90.227254730000084, 23.888724626000055 ], [ 90.227173827000058, 23.88950830400006 ], [ 90.227504139000075, 23.889683947000037 ], [ 90.227643263000061, 23.890596010000024 ], [ 90.22753354200006, 23.890873918000068 ], [ 90.227039878000085, 23.89155659000005 ], [ 90.226352674000054, 23.891810510000028 ], [ 90.225940617000049, 23.892115958000034 ], [ 90.225252969000053, 23.892116965000071 ], [ 90.224372450000033, 23.891890186000069 ], [ 90.223602094000057, 23.891814531000023 ], [ 90.223052020000068, 23.891840168000044 ], [ 90.222172327000067, 23.892094350000036 ], [ 90.220881505000079, 23.893209447000061 ], [ 90.220497007000063, 23.893666133000067 ], [ 90.220387790000075, 23.894070489000057 ], [ 90.220968510000034, 23.895815160000041 ], [ 90.22088678700004, 23.896321090000072 ], [ 90.220557752000047, 23.896901891000027 ], [ 90.220503010000073, 23.897206811000046 ], [ 90.220560373000069, 23.898446422000063 ], [ 90.221332393000068, 23.899657906000073 ], [ 90.221415408000041, 23.899910692000049 ], [ 90.221608031000073, 23.899987191000037 ], [ 90.221718545000044, 23.900163163000059 ], [ 90.221746557000074, 23.90056732100004 ], [ 90.221664536000048, 23.900897121000071 ], [ 90.220703402000083, 23.901682058000063 ], [ 90.219687114000067, 23.90271997800005 ], [ 90.218780786000082, 23.903430308000054 ], [ 90.218595346000086, 23.903524658000038 ], [ 90.218601945000046, 23.90204490800005 ], [ 90.218133719000036, 23.901843631000077 ], [ 90.217516470000078, 23.901904251000076 ], [ 90.216768605000084, 23.901576705000025 ], [ 90.215762295000047, 23.902145706000056 ], [ 90.215535447000036, 23.902504498000042 ], [ 90.215243066000085, 23.902534781000043 ], [ 90.213682704000064, 23.902088862000028 ], [ 90.213195419000044, 23.902149285000064 ], [ 90.212677500000041, 23.903344920000052 ], [ 90.212320279000039, 23.903464904000032 ], [ 90.21176790700008, 23.903465667000035 ], [ 90.210435185000051, 23.903138894000051 ], [ 90.209622827000032, 23.903110130000073 ], [ 90.20939566900006, 23.903289677000032 ], [ 90.208942887000035, 23.904604702000029 ], [ 90.208814214000085, 23.905411446000073 ], [ 90.208620167000049, 23.905979297000044 ], [ 90.208425495000085, 23.906158798000035 ], [ 90.207613215000038, 23.906189769000036 ], [ 90.206433622000077, 23.905924503000051 ], [ 90.205167646000064, 23.905447481000067 ], [ 90.205106326000077, 23.905305303000034 ], [ 90.204864845000031, 23.90539595000007 ], [ 90.204672667000068, 23.905599431000041 ], [ 90.204371021000043, 23.90628177800005 ], [ 90.203986574000055, 23.906636807000041 ], [ 90.203767235000043, 23.907142910000061 ], [ 90.203574852000031, 23.907219940000061 ], [ 90.203437819000044, 23.907547546000046 ], [ 90.202887547000046, 23.908081179000078 ], [ 90.202312965000033, 23.909371308000061 ], [ 90.201765130000069, 23.910889461000068 ], [ 90.201765560000069, 23.911167208000052 ], [ 90.201903618000074, 23.911494447000052 ], [ 90.201738788000057, 23.911722733000033 ], [ 90.200859587000082, 23.912408084000049 ], [ 90.20063999000007, 23.912760631000026 ], [ 90.199980837000055, 23.913393756000062 ], [ 90.199788716000057, 23.913646910000068 ], [ 90.199761393000074, 23.91385017500005 ], [ 90.199844841000072, 23.91440555500003 ], [ 90.200065302000041, 23.914608497000074 ], [ 90.200560517000042, 23.914783983000063 ], [ 90.200698074000059, 23.914783804000024 ], [ 90.200917909000054, 23.914582546000076 ], [ 90.200917673000049, 23.914431255000068 ], [ 90.200504192000039, 23.913898885000037 ], [ 90.200503961000038, 23.913747593000039 ], [ 90.200723872000083, 23.913596015000053 ], [ 90.201136760000054, 23.913746766000031 ], [ 90.201219903000037, 23.914101178000067 ], [ 90.201357495000082, 23.91412583400006 ], [ 90.201522060000059, 23.913924651000059 ], [ 90.201824522000038, 23.913745866000056 ], [ 90.202154510000071, 23.913695755000049 ], [ 90.202704835000077, 23.913769545000036 ], [ 90.202842585000042, 23.913895819000061 ], [ 90.203090573000054, 23.914225172000044 ], [ 90.203228957000078, 23.914755640000067 ], [ 90.202926999000056, 23.915060880000055 ], [ 90.202542017000042, 23.915287196000065 ], [ 90.202377768000076, 23.915693870000041 ], [ 90.202571664000061, 23.916578784000023 ], [ 90.202764773000069, 23.916957887000024 ], [ 90.202765085000067, 23.917158857000061 ], [ 90.202655442000037, 23.917337390000057 ], [ 90.202463041000044, 23.917412161000073 ], [ 90.201637585000071, 23.917338729000051 ], [ 90.20152743400007, 23.917388550000055 ], [ 90.201445698000043, 23.917743177000034 ], [ 90.201500815000031, 23.917844719000072 ], [ 90.201996009000084, 23.917995360000077 ], [ 90.201996440000073, 23.918273103000047 ], [ 90.201474511000072, 23.918702827000061 ], [ 90.200347352000051, 23.919110755000077 ], [ 90.200264989000061, 23.919262154000023 ], [ 90.200265768000065, 23.919767965000062 ], [ 90.200561049000044, 23.921095336000064 ], [ 90.198643850000053, 23.921529117000034 ], [ 90.197946338000065, 23.921807763000061 ], [ 90.19791932000004, 23.922011025000074 ], [ 90.198469832000058, 23.922186446000069 ], [ 90.199597533000031, 23.922108211000022 ], [ 90.200423370000067, 23.922411977000024 ], [ 90.201029169000037, 23.922790543000076 ], [ 90.201249404000066, 23.922839934000024 ], [ 90.201496428000041, 23.922537028000079 ], [ 90.201744493000035, 23.922712832000059 ], [ 90.201607362000061, 23.922990758000026 ], [ 90.201883355000064, 23.923548144000051 ], [ 90.201828588000069, 23.923674667000057 ], [ 90.201498425000068, 23.923826392000024 ], [ 90.201196718000062, 23.924307759000044 ], [ 90.201059268000051, 23.924382454000067 ], [ 90.200453973000037, 23.924333569000055 ], [ 90.200233964000063, 23.924435470000049 ], [ 90.199931787000082, 23.924815221000074 ], [ 90.199602084000048, 23.925068553000074 ], [ 90.198612541000045, 23.925550807000036 ], [ 90.198199921000082, 23.925601018000066 ], [ 90.198171513000034, 23.925095244000033 ], [ 90.198088645000041, 23.924919220000049 ], [ 90.197620715000085, 23.924741435000044 ], [ 90.19701553200008, 23.924767049000025 ], [ 90.196658150000076, 23.924995574000036 ], [ 90.196488371000044, 23.925217087000078 ], [ 90.197530709000034, 23.925321879000023 ], [ 90.197723468000049, 23.925472921000051 ], [ 90.197751759000084, 23.926105149000023 ], [ 90.197148297000069, 23.927268838000032 ], [ 90.196461041000077, 23.927448108000078 ], [ 90.196406189000072, 23.927725923000025 ], [ 90.196489136000082, 23.927953880000075 ], [ 90.196847331000072, 23.928256006000026 ], [ 90.197122618000037, 23.928357265000045 ], [ 90.197398369000041, 23.928761111000028 ], [ 90.197563423000076, 23.92886251300007 ], [ 90.197528797000075, 23.931913400000042 ], [ 90.198478915000067, 23.931978105000042 ], [ 90.199664831000064, 23.932191653000075 ] ] ] } },
{ "type": "Feature", "properties": { "matched_key": "U_30261440008", "navigation_parent_key": "U_30261440", "admin_type": "paurashava_ward", "admin_label": "Paurashava Ward", "map_level": "ward", "admin_rank": 3, "displayable": 1, "geometry_status": "EXACT/GEOMETRY", "location_label": "Ward No. 08" }, "geometry": { "type": "Polygon", "coordinates": [ [ [ 90.199664831000064, 23.932191653000075 ], [ 90.200517563000062, 23.932152306000035 ], [ 90.200938596000071, 23.93204660400005 ], [ 90.20142687200007, 23.931711387000064 ], [ 90.201727688000062, 23.931247352000071 ], [ 90.201843673000042, 23.930858718000025 ], [ 90.20165025700004, 23.929667110000025 ], [ 90.201694711000073, 23.928508215000022 ], [ 90.201358793000054, 23.928394342000047 ], [ 90.20140041500008, 23.927707654000073 ], [ 90.201865162000047, 23.925627891000033 ], [ 90.202198158000044, 23.924684615000047 ], [ 90.202759966000031, 23.923546033000036 ], [ 90.203303639000069, 23.922794047000025 ], [ 90.203693157000032, 23.922506750000025 ], [ 90.205291454000076, 23.922146151000049 ], [ 90.207708036000042, 23.921390107000036 ], [ 90.208331978000047, 23.921389262000048 ], [ 90.208722229000045, 23.921567970000069 ], [ 90.208917558000053, 23.921782789000076 ], [ 90.209075794000057, 23.923180626000033 ], [ 90.209077548000039, 23.924269978000041 ], [ 90.20955269500007, 23.925192435000042 ], [ 90.210915083000032, 23.925603693000028 ], [ 90.211288516000081, 23.925563260000047 ], [ 90.212486403000071, 23.925680938000028 ], [ 90.212829504000069, 23.925632667000059 ], [ 90.213515091000033, 23.925163309000027 ], [ 90.214795030000062, 23.923605157000054 ], [ 90.215222169000072, 23.923245526000073 ], [ 90.216020032000074, 23.922765692000041 ], [ 90.219307060000062, 23.922018128000047 ], [ 90.220903179000061, 23.92222358500004 ], [ 90.222086179000087, 23.922169947000043 ], [ 90.223021051000046, 23.921922460000076 ], [ 90.226088420000053, 23.920617324000034 ], [ 90.226407381000058, 23.918993291000049 ], [ 90.22671173100008, 23.918150579000041 ], [ 90.227879972000039, 23.916182058000061 ], [ 90.229705294000041, 23.911118975000022 ], [ 90.230059991000076, 23.909948755000073 ], [ 90.230413682000062, 23.908214015000055 ], [ 90.23051373100003, 23.907324181000035 ], [ 90.230511989000036, 23.906341914000052 ], [ 90.230254397000067, 23.904608090000067 ], [ 90.22948709700006, 23.902829864000068 ], [ 90.228362496000045, 23.900722481000059 ], [ 90.228157169000042, 23.899880517000042 ], [ 90.228155609000055, 23.898990833000028 ], [ 90.228459652000083, 23.898005855000065 ], [ 90.229019265000034, 23.897630181000068 ], [ 90.230190079000067, 23.897066168000038 ], [ 90.230953364000072, 23.896597600000064 ], [ 90.231309427000042, 23.896222220000027 ], [ 90.231766097000047, 23.895284427000036 ], [ 90.231815808000079, 23.89458208700006 ], [ 90.231710716000066, 23.892802867000057 ], [ 90.230378663000067, 23.888449009000055 ], [ 90.230223764000073, 23.887304389000064 ], [ 90.228875402000085, 23.887405758000057 ], [ 90.228738235000037, 23.887609189000045 ], [ 90.228656727000043, 23.88821673700005 ], [ 90.228382473000067, 23.888671019000071 ], [ 90.22744715500005, 23.888521112000035 ], [ 90.227254730000084, 23.888724626000055 ], [ 90.227173827000058, 23.88950830400006 ], [ 90.227504139000075, 23.889683947000037 ], [ 90.227643263000061, 23.890596010000024 ], [ 90.22753354200006, 23.890873918000068 ], [ 90.227039878000085, 23.89155659000005 ], [ 90.226352674000054, 23.891810510000028 ], [ 90.225940617000049, 23.892115958000034 ], [ 90.225252969000053, 23.892116965000071 ], [ 90.224372450000033, 23.891890186000069 ], [ 90.223602094000057, 23.891814531000023 ], [ 90.223052020000068, 23.891840168000044 ], [ 90.222172327000067, 23.892094350000036 ], [ 90.220881505000079, 23.893209447000061 ], [ 90.220497007000063, 23.893666133000067 ], [ 90.220387790000075, 23.894070489000057 ], [ 90.220968510000034, 23.895815160000041 ], [ 90.22088678700004, 23.896321090000072 ], [ 90.220557752000047, 23.896901891000027 ], [ 90.220503010000073, 23.897206811000046 ], [ 90.220560373000069, 23.898446422000063 ], [ 90.221332393000068, 23.899657906000073 ], [ 90.221415408000041, 23.899910692000049 ], [ 90.221608031000073, 23.899987191000037 ], [ 90.221718545000044, 23.900163163000059 ], [ 90.221746557000074, 23.90056732100004 ], [ 90.221664536000048, 23.900897121000071 ], [ 90.220703402000083, 23.901682058000063 ], [ 90.219687114000067, 23.90271997800005 ], [ 90.218780786000082, 23.903430308000054 ], [ 90.218595346000086, 23.903524658000038 ], [ 90.218601945000046, 23.90204490800005 ], [ 90.218133719000036, 23.901843631000077 ], [ 90.217516470000078, 23.901904251000076 ], [ 90.216768605000084, 23.901576705000025 ], [ 90.215762295000047, 23.902145706000056 ], [ 90.215535447000036, 23.902504498000042 ], [ 90.215243066000085, 23.902534781000043 ], [ 90.213682704000064, 23.902088862000028 ], [ 90.213195419000044, 23.902149285000064 ], [ 90.212677500000041, 23.903344920000052 ], [ 90.212320279000039, 23.903464904000032 ], [ 90.21176790700008, 23.903465667000035 ], [ 90.210435185000051, 23.903138894000051 ], [ 90.209622827000032, 23.903110130000073 ], [ 90.20939566900006, 23.903289677000032 ], [ 90.208942887000035, 23.904604702000029 ], [ 90.208814214000085, 23.905411446000073 ], [ 90.208620167000049, 23.905979297000044 ], [ 90.208425495000085, 23.906158798000035 ], [ 90.207613215000038, 23.906189769000036 ], [ 90.206433622000077, 23.905924503000051 ], [ 90.205167646000064, 23.905447481000067 ], [ 90.205106326000077, 23.905305303000034 ], [ 90.204864845000031, 23.90539595000007 ], [ 90.204672667000068, 23.905599431000041 ], [ 90.204371021000043, 23.90628177800005 ], [ 90.203986574000055, 23.906636807000041 ], [ 90.203767235000043, 23.907142910000061 ], [ 90.203574852000031, 23.907219940000061 ], [ 90.203437819000044, 23.907547546000046 ], [ 90.202887547000046, 23.908081179000078 ], [ 90.202312965000033, 23.909371308000061 ], [ 90.201765130000069, 23.910889461000068 ], [ 90.201765560000069, 23.911167208000052 ], [ 90.201903618000074, 23.911494447000052 ], [ 90.201738788000057, 23.911722733000033 ], [ 90.200859587000082, 23.912408084000049 ], [ 90.20063999000007, 23.912760631000026 ], [ 90.199980837000055, 23.913393756000062 ], [ 90.199788716000057, 23.913646910000068 ], [ 90.199761393000074, 23.91385017500005 ], [ 90.199844841000072, 23.91440555500003 ], [ 90.200065302000041, 23.914608497000074 ], [ 90.200560517000042, 23.914783983000063 ], [ 90.200698074000059, 23.914783804000024 ], [ 90.200917909000054, 23.914582546000076 ], [ 90.200917673000049, 23.914431255000068 ], [ 90.200504192000039, 23.913898885000037 ], [ 90.200503961000038, 23.913747593000039 ], [ 90.200723872000083, 23.913596015000053 ], [ 90.201136760000054, 23.913746766000031 ], [ 90.201219903000037, 23.914101178000067 ], [ 90.201357495000082, 23.91412583400006 ], [ 90.201522060000059, 23.913924651000059 ], [ 90.201824522000038, 23.913745866000056 ], [ 90.202154510000071, 23.913695755000049 ], [ 90.202704835000077, 23.913769545000036 ], [ 90.202842585000042, 23.913895819000061 ], [ 90.203090573000054, 23.914225172000044 ], [ 90.203228957000078, 23.914755640000067 ], [ 90.202926999000056, 23.915060880000055 ], [ 90.202542017000042, 23.915287196000065 ], [ 90.202377768000076, 23.915693870000041 ], [ 90.202571664000061, 23.916578784000023 ], [ 90.202764773000069, 23.916957887000024 ], [ 90.202765085000067, 23.917158857000061 ], [ 90.202655442000037, 23.917337390000057 ], [ 90.202463041000044, 23.917412161000073 ], [ 90.201637585000071, 23.917338729000051 ], [ 90.20152743400007, 23.917388550000055 ], [ 90.201445698000043, 23.917743177000034 ], [ 90.201500815000031, 23.917844719000072 ], [ 90.201996009000084, 23.917995360000077 ], [ 90.201996440000073, 23.918273103000047 ], [ 90.201474511000072, 23.918702827000061 ], [ 90.200347352000051, 23.919110755000077 ], [ 90.200264989000061, 23.919262154000023 ], [ 90.200265768000065, 23.919767965000062 ], [ 90.200561049000044, 23.921095336000064 ], [ 90.198643850000053, 23.921529117000034 ], [ 90.197946338000065, 23.921807763000061 ], [ 90.19791932000004, 23.922011025000074 ], [ 90.198469832000058, 23.922186446000069 ], [ 90.199597533000031, 23.922108211000022 ], [ 90.200423370000067, 23.922411977000024 ], [ 90.201029169000037, 23.922790543000076 ], [ 90.201249404000066, 23.922839934000024 ], [ 90.201496428000041, 23.922537028000079 ], [ 90.201744493000035, 23.922712832000059 ], [ 90.201607362000061, 23.922990758000026 ], [ 90.201883355000064, 23.923548144000051 ], [ 90.201828588000069, 23.923674667000057 ], [ 90.201498425000068, 23.923826392000024 ], [ 90.201196718000062, 23.924307759000044 ], [ 90.201059268000051, 23.924382454000067 ], [ 90.200453973000037, 23.924333569000055 ], [ 90.200233964000063, 23.924435470000049 ], [ 90.199931787000082, 23.924815221000074 ], [ 90.199602084000048, 23.925068553000074 ], [ 90.198612541000045, 23.925550807000036 ], [ 90.198199921000082, 23.925601018000066 ], [ 90.198171513000034, 23.925095244000033 ], [ 90.198088645000041, 23.924919220000049 ], [ 90.197620715000085, 23.924741435000044 ], [ 90.19701553200008, 23.924767049000025 ], [ 90.196658150000076, 23.924995574000036 ], [ 90.196488371000044, 23.925217087000078 ], [ 90.197530709000034, 23.925321879000023 ], [ 90.197723468000049, 23.925472921000051 ], [ 90.197751759000084, 23.926105149000023 ], [ 90.197148297000069, 23.927268838000032 ], [ 90.196461041000077, 23.927448108000078 ], [ 90.196406189000072, 23.927725923000025 ], [ 90.196489136000082, 23.927953880000075 ], [ 90.196847331000072, 23.928256006000026 ], [ 90.197122618000037, 23.928357265000045 ], [ 90.197398369000041, 23.928761111000028 ], [ 90.197563423000076, 23.92886251300007 ], [ 90.197528797000075, 23.931913400000042 ], [ 90.198478915000067, 23.931978105000042 ], [ 90.199664831000064, 23.932191653000075 ] ] ] } },
{ "type": "Feature", "properties": { "matched_key": "U_30261440009", "navigation_parent_key": "U_30261440", "admin_type": "paurashava_ward", "admin_label": "Paurashava Ward", "map_level": "ward", "admin_rank": 3, "displayable": 1, "geometry_status": "EXACT/GEOMETRY", "location_label": "Ward No. 09" }, "geometry": { "type": "Polygon", "coordinates": [ [ [ 90.199664831000064, 23.932191653000075 ], [ 90.200517563000062, 23.932152306000035 ], [ 90.200938596000071, 23.93204660400005 ], [ 90.20142687200007, 23.931711387000064 ], [ 90.201727688000062, 23.931247352000071 ], [ 90.201843673000042, 23.930858718000025 ], [ 90.20165025700004, 23.929667110000025 ], [ 90.201694711000073, 23.928508215000022 ], [ 90.201358793000054, 23.928394342000047 ], [ 90.20140041500008, 23.927707654000073 ], [ 90.201865162000047, 23.925627891000033 ], [ 90.202198158000044, 23.924684615000047 ], [ 90.202759966000031, 23.923546033000036 ], [ 90.203303639000069, 23.922794047000025 ], [ 90.203693157000032, 23.922506750000025 ], [ 90.205291454000076, 23.922146151000049 ], [ 90.207708036000042, 23.921390107000036 ], [ 90.208331978000047, 23.921389262000048 ], [ 90.208722229000045, 23.921567970000069 ], [ 90.208917558000053, 23.921782789000076 ], [ 90.209075794000057, 23.923180626000033 ], [ 90.209077548000039, 23.924269978000041 ], [ 90.20955269500007, 23.925192435000042 ], [ 90.210915083000032, 23.925603693000028 ], [ 90.211288516000081, 23.925563260000047 ], [ 90.212486403000071, 23.925680938000028 ], [ 90.212829504000069, 23.925632667000059 ], [ 90.213515091000033, 23.925163309000027 ], [ 90.214795030000062, 23.923605157000054 ], [ 90.215222169000072, 23.923245526000073 ], [ 90.216020032000074, 23.922765692000041 ], [ 90.219307060000062, 23.922018128000047 ], [ 90.220903179000061, 23.92222358500004 ], [ 90.222086179000087, 23.922169947000043 ], [ 90.223021051000046, 23.921922460000076 ], [ 90.226088420000053, 23.920617324000034 ], [ 90.226407381000058, 23.918993291000049 ], [ 90.22671173100008, 23.918150579000041 ], [ 90.227879972000039, 23.916182058000061 ], [ 90.229705294000041, 23.911118975000022 ], [ 90.230059991000076, 23.909948755000073 ], [ 90.230413682000062, 23.908214015000055 ], [ 90.23051373100003, 23.907324181000035 ], [ 90.230511989000036, 23.906341914000052 ], [ 90.230254397000067, 23.904608090000067 ], [ 90.22948709700006, 23.902829864000068 ], [ 90.228362496000045, 23.900722481000059 ], [ 90.228157169000042, 23.899880517000042 ], [ 90.228155609000055, 23.898990833000028 ], [ 90.228459652000083, 23.898005855000065 ], [ 90.229019265000034, 23.897630181000068 ], [ 90.230190079000067, 23.897066168000038 ], [ 90.230953364000072, 23.896597600000064 ], [ 90.231309427000042, 23.896222220000027 ], [ 90.231766097000047, 23.895284427000036 ], [ 90.231815808000079, 23.89458208700006 ], [ 90.231710716000066, 23.892802867000057 ], [ 90.230378663000067, 23.888449009000055 ], [ 90.230223764000073, 23.887304389000064 ], [ 90.228875402000085, 23.887405758000057 ], [ 90.228738235000037, 23.887609189000045 ], [ 90.228656727000043, 23.88821673700005 ], [ 90.228382473000067, 23.888671019000071 ], [ 90.22744715500005, 23.888521112000035 ], [ 90.227254730000084, 23.888724626000055 ], [ 90.227173827000058, 23.88950830400006 ], [ 90.227504139000075, 23.889683947000037 ], [ 90.227643263000061, 23.890596010000024 ], [ 90.22753354200006, 23.890873918000068 ], [ 90.227039878000085, 23.89155659000005 ], [ 90.226352674000054, 23.891810510000028 ], [ 90.225940617000049, 23.892115958000034 ], [ 90.225252969000053, 23.892116965000071 ], [ 90.224372450000033, 23.891890186000069 ], [ 90.223602094000057, 23.891814531000023 ], [ 90.223052020000068, 23.891840168000044 ], [ 90.222172327000067, 23.892094350000036 ], [ 90.220881505000079, 23.893209447000061 ], [ 90.220497007000063, 23.893666133000067 ], [ 90.220387790000075, 23.894070489000057 ], [ 90.220968510000034, 23.895815160000041 ], [ 90.22088678700004, 23.896321090000072 ], [ 90.220557752000047, 23.896901891000027 ], [ 90.220503010000073, 23.897206811000046 ], [ 90.220560373000069, 23.898446422000063 ], [ 90.221332393000068, 23.899657906000073 ], [ 90.221415408000041, 23.899910692000049 ], [ 90.221608031000073, 23.899987191000037 ], [ 90.221718545000044, 23.900163163000059 ], [ 90.221746557000074, 23.90056732100004 ], [ 90.221664536000048, 23.900897121000071 ], [ 90.220703402000083, 23.901682058000063 ], [ 90.219687114000067, 23.90271997800005 ], [ 90.218780786000082, 23.903430308000054 ], [ 90.218595346000086, 23.903524658000038 ], [ 90.218601945000046, 23.90204490800005 ], [ 90.218133719000036, 23.901843631000077 ], [ 90.217516470000078, 23.901904251000076 ], [ 90.216768605000084, 23.901576705000025 ], [ 90.215762295000047, 23.902145706000056 ], [ 90.215535447000036, 23.902504498000042 ], [ 90.215243066000085, 23.902534781000043 ], [ 90.213682704000064, 23.902088862000028 ], [ 90.213195419000044, 23.902149285000064 ], [ 90.212677500000041, 23.903344920000052 ], [ 90.212320279000039, 23.903464904000032 ], [ 90.21176790700008, 23.903465667000035 ], [ 90.210435185000051, 23.903138894000051 ], [ 90.209622827000032, 23.903110130000073 ], [ 90.20939566900006, 23.903289677000032 ], [ 90.208942887000035, 23.904604702000029 ], [ 90.208814214000085, 23.905411446000073 ], [ 90.208620167000049, 23.905979297000044 ], [ 90.208425495000085, 23.906158798000035 ], [ 90.207613215000038, 23.906189769000036 ], [ 90.206433622000077, 23.905924503000051 ], [ 90.205167646000064, 23.905447481000067 ], [ 90.205106326000077, 23.905305303000034 ], [ 90.204864845000031, 23.90539595000007 ], [ 90.204672667000068, 23.905599431000041 ], [ 90.204371021000043, 23.90628177800005 ], [ 90.203986574000055, 23.906636807000041 ], [ 90.203767235000043, 23.907142910000061 ], [ 90.203574852000031, 23.907219940000061 ], [ 90.203437819000044, 23.907547546000046 ], [ 90.202887547000046, 23.908081179000078 ], [ 90.202312965000033, 23.909371308000061 ], [ 90.201765130000069, 23.910889461000068 ], [ 90.201765560000069, 23.911167208000052 ], [ 90.201903618000074, 23.911494447000052 ], [ 90.201738788000057, 23.911722733000033 ], [ 90.200859587000082, 23.912408084000049 ], [ 90.20063999000007, 23.912760631000026 ], [ 90.199980837000055, 23.913393756000062 ], [ 90.199788716000057, 23.913646910000068 ], [ 90.199761393000074, 23.91385017500005 ], [ 90.199844841000072, 23.91440555500003 ], [ 90.200065302000041, 23.914608497000074 ], [ 90.200560517000042, 23.914783983000063 ], [ 90.200698074000059, 23.914783804000024 ], [ 90.200917909000054, 23.914582546000076 ], [ 90.200917673000049, 23.914431255000068 ], [ 90.200504192000039, 23.913898885000037 ], [ 90.200503961000038, 23.913747593000039 ], [ 90.200723872000083, 23.913596015000053 ], [ 90.201136760000054, 23.913746766000031 ], [ 90.201219903000037, 23.914101178000067 ], [ 90.201357495000082, 23.91412583400006 ], [ 90.201522060000059, 23.913924651000059 ], [ 90.201824522000038, 23.913745866000056 ], [ 90.202154510000071, 23.913695755000049 ], [ 90.202704835000077, 23.913769545000036 ], [ 90.202842585000042, 23.913895819000061 ], [ 90.203090573000054, 23.914225172000044 ], [ 90.203228957000078, 23.914755640000067 ], [ 90.202926999000056, 23.915060880000055 ], [ 90.202542017000042, 23.915287196000065 ], [ 90.202377768000076, 23.915693870000041 ], [ 90.202571664000061, 23.916578784000023 ], [ 90.202764773000069, 23.916957887000024 ], [ 90.202765085000067, 23.917158857000061 ], [ 90.202655442000037, 23.917337390000057 ], [ 90.202463041000044, 23.917412161000073 ], [ 90.201637585000071, 23.917338729000051 ], [ 90.20152743400007, 23.917388550000055 ], [ 90.201445698000043, 23.917743177000034 ], [ 90.201500815000031, 23.917844719000072 ], [ 90.201996009000084, 23.917995360000077 ], [ 90.201996440000073, 23.918273103000047 ], [ 90.201474511000072, 23.918702827000061 ], [ 90.200347352000051, 23.919110755000077 ], [ 90.200264989000061, 23.919262154000023 ], [ 90.200265768000065, 23.919767965000062 ], [ 90.200561049000044, 23.921095336000064 ], [ 90.198643850000053, 23.921529117000034 ], [ 90.197946338000065, 23.921807763000061 ], [ 90.19791932000004, 23.922011025000074 ], [ 90.198469832000058, 23.922186446000069 ], [ 90.199597533000031, 23.922108211000022 ], [ 90.200423370000067, 23.922411977000024 ], [ 90.201029169000037, 23.922790543000076 ], [ 90.201249404000066, 23.922839934000024 ], [ 90.201496428000041, 23.922537028000079 ], [ 90.201744493000035, 23.922712832000059 ], [ 90.201607362000061, 23.922990758000026 ], [ 90.201883355000064, 23.923548144000051 ], [ 90.201828588000069, 23.923674667000057 ], [ 90.201498425000068, 23.923826392000024 ], [ 90.201196718000062, 23.924307759000044 ], [ 90.201059268000051, 23.924382454000067 ], [ 90.200453973000037, 23.924333569000055 ], [ 90.200233964000063, 23.924435470000049 ], [ 90.199931787000082, 23.924815221000074 ], [ 90.199602084000048, 23.925068553000074 ], [ 90.198612541000045, 23.925550807000036 ], [ 90.198199921000082, 23.925601018000066 ], [ 90.198171513000034, 23.925095244000033 ], [ 90.198088645000041, 23.924919220000049 ], [ 90.197620715000085, 23.924741435000044 ], [ 90.19701553200008, 23.924767049000025 ], [ 90.196658150000076, 23.924995574000036 ], [ 90.196488371000044, 23.925217087000078 ], [ 90.197530709000034, 23.925321879000023 ], [ 90.197723468000049, 23.925472921000051 ], [ 90.197751759000084, 23.926105149000023 ], [ 90.197148297000069, 23.927268838000032 ], [ 90.196461041000077, 23.927448108000078 ], [ 90.196406189000072, 23.927725923000025 ], [ 90.196489136000082, 23.927953880000075 ], [ 90.196847331000072, 23.928256006000026 ], [ 90.197122618000037, 23.928357265000045 ], [ 90.197398369000041, 23.928761111000028 ], [ 90.197563423000076, 23.92886251300007 ], [ 90.197528797000075, 23.931913400000042 ], [ 90.198478915000067, 23.931978105000042 ], [ 90.199664831000064, 23.932191653000075 ] ] ] } },
{ "type": "Feature", "properties": { "matched_key": "U_30261860001", "navigation_parent_key": "U_30261860", "admin_type": "paurashava_ward", "admin_label": "Paurashava Ward", "map_level": "ward", "admin_rank": 3, "displayable": 1, "geometry_status": "EXACT/GEOMETRY", "location_label": "Ward No. 01" }, "geometry": { "type": "Polygon", "coordinates": [ [ [ 90.141664292000087, 23.634901963000061 ], [ 90.14385435500003, 23.633809249000024 ], [ 90.144668395000053, 23.633514929000057 ], [ 90.144795342000066, 23.633611913000038 ], [ 90.145392817000072, 23.633640710000066 ], [ 90.145442100000082, 23.633322262000036 ], [ 90.145676614000081, 23.63285877900006 ], [ 90.146058247000042, 23.632508739000059 ], [ 90.146939549000081, 23.632101436000028 ], [ 90.148085617000049, 23.632019052000032 ], [ 90.148702932000049, 23.632262343000036 ], [ 90.149478108000039, 23.631487044000039 ], [ 90.150004813000066, 23.629643866000038 ], [ 90.150231102000077, 23.62953751200007 ], [ 90.150646540000082, 23.629537110000058 ], [ 90.15079750600006, 23.629469218000054 ], [ 90.150948305000043, 23.629259060000038 ], [ 90.152344993000042, 23.628946068000062 ], [ 90.152949154000055, 23.628945475000023 ], [ 90.152949314000068, 23.629083223000066 ], [ 90.152459033000071, 23.629535340000075 ], [ 90.152610399000082, 23.629815205000057 ], [ 90.153138890000037, 23.629814684000053 ], [ 90.153591849000065, 23.629674229000045 ], [ 90.154044242000055, 23.629048265000051 ], [ 90.154119324000078, 23.628804310000078 ], [ 90.154459107000037, 23.628560089000075 ], [ 90.155553576000045, 23.628141232000075 ], [ 90.156648784000083, 23.628350140000066 ], [ 90.157555478000063, 23.628730853000036 ], [ 90.158235003000073, 23.628730162000068 ], [ 90.159707130000072, 23.628240887000061 ], [ 90.159933676000037, 23.628102905000048 ], [ 90.16034766000007, 23.627163078000024 ], [ 90.160687374000076, 23.627126596000039 ], [ 90.161102594000056, 23.626952285000073 ], [ 90.161289483000076, 23.625457179000023 ], [ 90.161516106000079, 23.625386941000045 ], [ 90.161893843000087, 23.625630430000058 ], [ 90.162045392000039, 23.626048032000028 ], [ 90.162122817000068, 23.627472862000047 ], [ 90.161745582000037, 23.627891018000071 ], [ 90.16080213500004, 23.628275889000065 ], [ 90.159708015000035, 23.628972537000038 ], [ 90.159595039000067, 23.629286539000077 ], [ 90.159633111000062, 23.629354247000038 ], [ 90.160274916000049, 23.629319709000072 ], [ 90.163219067000057, 23.628517247000048 ], [ 90.163671883000063, 23.628272887000037 ], [ 90.163935800000047, 23.627888718000065 ], [ 90.163859564000063, 23.62743716600005 ], [ 90.16333009300007, 23.626638330000048 ], [ 90.161666371000081, 23.624761271000068 ], [ 90.161628180000037, 23.624343546000034 ], [ 90.161967504000074, 23.623995433000061 ], [ 90.162532325000086, 23.622671551000053 ], [ 90.162909324000054, 23.622323398000049 ], [ 90.163097570000048, 23.621941568000068 ], [ 90.163512680000053, 23.621697249000079 ], [ 90.164795865000031, 23.621348132000037 ], [ 90.164984705000052, 23.621205668000073 ], [ 90.164718674000085, 23.619887173000052 ], [ 90.16471824100006, 23.619539415000077 ], [ 90.164869095000086, 23.619399247000047 ], [ 90.165661483000065, 23.619050645000073 ], [ 90.166265557000031, 23.619016126000076 ], [ 90.167436416000044, 23.619258749000039 ], [ 90.168191516000036, 23.619221805000052 ], [ 90.169059122000078, 23.61876922600004 ], [ 90.169482040000048, 23.618290318000049 ], [ 90.168088116000035, 23.618208751000054 ], [ 90.166629915000044, 23.618234151000024 ], [ 90.165450515000032, 23.618366751000053 ], [ 90.163493317000075, 23.618776952000076 ], [ 90.161165217000075, 23.618968651000046 ], [ 90.158487316000048, 23.618935651000072 ], [ 90.156986915000061, 23.618616751000047 ], [ 90.155854731000034, 23.618575790000023 ], [ 90.156017615000053, 23.616117625000072 ], [ 90.155743122000047, 23.616102572000045 ], [ 90.155483583000034, 23.615959437000072 ], [ 90.155405503000054, 23.615732472000047 ], [ 90.15553404700006, 23.614764422000064 ], [ 90.155987120000077, 23.614070887000025 ], [ 90.156439749000072, 23.61300691200006 ], [ 90.156891317000031, 23.611058662000062 ], [ 90.15765368700005, 23.608763555000053 ], [ 90.157898615000079, 23.607544440000026 ], [ 90.157690975000037, 23.607413205000057 ], [ 90.157936502000041, 23.606695975000036 ], [ 90.157860252000035, 23.606371022000076 ], [ 90.158080738000081, 23.605320422000034 ], [ 90.157909052000036, 23.604890409000063 ], [ 90.157736313000044, 23.603578511000023 ], [ 90.157611459000066, 23.603270337000026 ], [ 90.157580080000059, 23.603055274000042 ], [ 90.157663629000069, 23.603064839000069 ], [ 90.157710308000048, 23.602857647000064 ], [ 90.157645307000053, 23.602720291000026 ], [ 90.157314701000075, 23.602768425000079 ], [ 90.15708795200004, 23.602918026000054 ], [ 90.156609251000077, 23.603832659000034 ], [ 90.156265879000046, 23.604054074000032 ], [ 90.155721288000052, 23.604134760000022 ], [ 90.154994697000063, 23.603776996000079 ], [ 90.154826107000076, 23.603765215000067 ], [ 90.154608111000073, 23.60381110000003 ], [ 90.154184853000061, 23.604253324000069 ], [ 90.154009883000072, 23.604331171000069 ], [ 90.152790821000053, 23.604269117000058 ], [ 90.152045942000086, 23.604864866000071 ], [ 90.151792396000076, 23.605363197000031 ], [ 90.151513666000085, 23.605326537000053 ], [ 90.151151417000051, 23.606126897000024 ], [ 90.150933759000054, 23.606299183000033 ], [ 90.15065372600003, 23.606356815000026 ], [ 90.150342416000058, 23.606280638000044 ], [ 90.148188075000064, 23.605437628000061 ], [ 90.145706994000079, 23.603900858000031 ], [ 90.144544513000085, 23.603347480000025 ], [ 90.14168010700007, 23.602202951000038 ], [ 90.140694714000063, 23.602309004000062 ], [ 90.139906777000078, 23.602749464000055 ], [ 90.13952303800005, 23.602835847000051 ], [ 90.137634772000069, 23.602608098000076 ], [ 90.137146967000035, 23.60237909600005 ], [ 90.136437593000039, 23.602372855000056 ], [ 90.136295304000043, 23.602111235000052 ], [ 90.136260890000074, 23.601413486000069 ], [ 90.136562605000051, 23.600826092000034 ], [ 90.136461112000063, 23.600130661000037 ], [ 90.136678701000051, 23.599649477000071 ], [ 90.137215714000035, 23.599418668000055 ], [ 90.137702700000034, 23.599386625000022 ], [ 90.137937457000078, 23.59921705000005 ], [ 90.138104841000086, 23.598767524000039 ], [ 90.138037209000061, 23.598241426000072 ], [ 90.137600055000064, 23.597591457000078 ], [ 90.137247201000037, 23.597298205000072 ], [ 90.136525262000077, 23.597298841000054 ], [ 90.136223094000059, 23.597145549000061 ], [ 90.13593725800007, 23.596789006000051 ], [ 90.135483642000054, 23.596495839000056 ], [ 90.135030356000073, 23.596227508000027 ], [ 90.134442684000078, 23.59603155700006 ], [ 90.133770968000078, 23.59601858700006 ], [ 90.133334654000066, 23.596172522000074 ], [ 90.132424774000071, 23.597271894000073 ], [ 90.13234632800004, 23.597186618000023 ], [ 90.131765297000072, 23.597062835000031 ], [ 90.131111768000039, 23.597053828000071 ], [ 90.130406212000082, 23.596882346000029 ], [ 90.128871007000043, 23.596931427000072 ], [ 90.126462579000076, 23.59431481300004 ], [ 90.125840739000068, 23.594888903000026 ], [ 90.122502765000036, 23.596985865000079 ], [ 90.122321833000058, 23.597805221000044 ], [ 90.122418164000067, 23.59896133500007 ], [ 90.121966573000066, 23.599510428000031 ], [ 90.121418945000073, 23.599553764000063 ], [ 90.120898427000043, 23.599432228000069 ], [ 90.119896668000081, 23.599604629000055 ], [ 90.119572769000058, 23.599787789000061 ], [ 90.119572993000077, 23.600036192000061 ], [ 90.119421945000056, 23.600329871000042 ], [ 90.118738721000057, 23.600483952000047 ], [ 90.118807873000037, 23.601427819000037 ], [ 90.119047219000038, 23.602236066000046 ], [ 90.118561255000031, 23.603083258000026 ], [ 90.118165739000062, 23.603347768000049 ], [ 90.118132296000056, 23.603625549000071 ], [ 90.118562100000076, 23.604702375000045 ], [ 90.119489596000051, 23.605356538000024 ], [ 90.119155504000048, 23.60580165600004 ], [ 90.118730275000075, 23.607095921000052 ], [ 90.117348313000036, 23.608296067000026 ], [ 90.116693405000035, 23.608655613000053 ], [ 90.11554355800007, 23.609103594000032 ], [ 90.11533442700005, 23.609907662000069 ], [ 90.115368545000081, 23.610388629000056 ], [ 90.115689103000079, 23.611814342000059 ], [ 90.115460875000053, 23.612358131000065 ], [ 90.114667990000044, 23.613240604000055 ], [ 90.114520514000048, 23.613656561000028 ], [ 90.114155179000079, 23.614087018000077 ], [ 90.11368122500005, 23.614883214000031 ], [ 90.113518199000055, 23.615320691000022 ], [ 90.113388672000042, 23.61621933400005 ], [ 90.112448445000041, 23.617350489000046 ], [ 90.111330942000052, 23.618482644000039 ], [ 90.109894328000053, 23.620129880000036 ], [ 90.108430355000053, 23.621336778000057 ], [ 90.106179633000067, 23.623822378000057 ], [ 90.108128526000087, 23.624338748000071 ], [ 90.109462779000069, 23.624797265000041 ], [ 90.109739323000042, 23.624597034000033 ], [ 90.111106518000042, 23.624930451000068 ], [ 90.112429063000036, 23.625032007000073 ], [ 90.114338170000053, 23.625040171000023 ], [ 90.114493712000069, 23.624934899000039 ], [ 90.116900969000085, 23.625092756000072 ], [ 90.117781823000087, 23.626876051000067 ], [ 90.11766456600003, 23.627309710000077 ], [ 90.116902574000051, 23.627751223000075 ], [ 90.116791853000052, 23.629717826000046 ], [ 90.120107215000075, 23.630315701000029 ], [ 90.120353512000065, 23.630172114000061 ], [ 90.120228477000069, 23.629898058000038 ], [ 90.120500770000035, 23.629736366000031 ], [ 90.120412720000047, 23.629361348000032 ], [ 90.120277685000076, 23.629198938000059 ], [ 90.120985902000086, 23.627695563000032 ], [ 90.12105517100008, 23.627695508000045 ], [ 90.122240067000064, 23.628568864000044 ], [ 90.122242050000068, 23.629688548000047 ], [ 90.12251589300007, 23.630946137000024 ], [ 90.122788681000031, 23.63107012100005 ], [ 90.123607068000069, 23.631132699000034 ], [ 90.123879568000064, 23.630945053000062 ], [ 90.123946280000041, 23.62956299700005 ], [ 90.124355286000082, 23.629562669000052 ], [ 90.124696457000084, 23.629749824000044 ], [ 90.124969545000056, 23.630189948000066 ], [ 90.124969959000055, 23.630628035000029 ], [ 90.124561311000036, 23.631007737000061 ], [ 90.124356947000081, 23.631321787000047 ], [ 90.124221972000043, 23.632764872000052 ], [ 90.125176947000057, 23.633077989000071 ], [ 90.125159326000073, 23.633184017000076 ], [ 90.126464874000078, 23.633083329000044 ], [ 90.126651152000079, 23.632979689000024 ], [ 90.127675446000069, 23.633048854000037 ], [ 90.128204380000057, 23.63317261800006 ], [ 90.12939698200006, 23.633659393000073 ], [ 90.12957030900003, 23.633882807000077 ], [ 90.129919905000065, 23.633679268000037 ], [ 90.130107078000037, 23.633772786000065 ], [ 90.130830926000044, 23.633879724000053 ], [ 90.131368039000051, 23.634022666000078 ], [ 90.132333527000071, 23.634516560000066 ], [ 90.132769409000048, 23.634595055000034 ], [ 90.135018453000043, 23.634578774000033 ], [ 90.138171646000046, 23.635029313000075 ], [ 90.139649206000058, 23.634903790000067 ], [ 90.140656794000051, 23.635088050000036 ], [ 90.141664292000087, 23.634901963000061 ] ] ] } },
{ "type": "Feature", "properties": { "matched_key": "U_30261860002", "navigation_parent_key": "U_30261860", "admin_type": "paurashava_ward", "admin_label": "Paurashava Ward", "map_level": "ward", "admin_rank": 3, "displayable": 1, "geometry_status": "EXACT/GEOMETRY", "location_label": "Ward No. 02" }, "geometry": { "type": "Polygon", "coordinates": [ [ [ 90.141664292000087, 23.634901963000061 ], [ 90.14385435500003, 23.633809249000024 ], [ 90.144668395000053, 23.633514929000057 ], [ 90.144795342000066, 23.633611913000038 ], [ 90.145392817000072, 23.633640710000066 ], [ 90.145442100000082, 23.633322262000036 ], [ 90.145676614000081, 23.63285877900006 ], [ 90.146058247000042, 23.632508739000059 ], [ 90.146939549000081, 23.632101436000028 ], [ 90.148085617000049, 23.632019052000032 ], [ 90.148702932000049, 23.632262343000036 ], [ 90.149478108000039, 23.631487044000039 ], [ 90.150004813000066, 23.629643866000038 ], [ 90.150231102000077, 23.62953751200007 ], [ 90.150646540000082, 23.629537110000058 ], [ 90.15079750600006, 23.629469218000054 ], [ 90.150948305000043, 23.629259060000038 ], [ 90.152344993000042, 23.628946068000062 ], [ 90.152949154000055, 23.628945475000023 ], [ 90.152949314000068, 23.629083223000066 ], [ 90.152459033000071, 23.629535340000075 ], [ 90.152610399000082, 23.629815205000057 ], [ 90.153138890000037, 23.629814684000053 ], [ 90.153591849000065, 23.629674229000045 ], [ 90.154044242000055, 23.629048265000051 ], [ 90.154119324000078, 23.628804310000078 ], [ 90.154459107000037, 23.628560089000075 ], [ 90.155553576000045, 23.628141232000075 ], [ 90.156648784000083, 23.628350140000066 ], [ 90.157555478000063, 23.628730853000036 ], [ 90.158235003000073, 23.628730162000068 ], [ 90.159707130000072, 23.628240887000061 ], [ 90.159933676000037, 23.628102905000048 ], [ 90.16034766000007, 23.627163078000024 ], [ 90.160687374000076, 23.627126596000039 ], [ 90.161102594000056, 23.626952285000073 ], [ 90.161289483000076, 23.625457179000023 ], [ 90.161516106000079, 23.625386941000045 ], [ 90.161893843000087, 23.625630430000058 ], [ 90.162045392000039, 23.626048032000028 ], [ 90.162122817000068, 23.627472862000047 ], [ 90.161745582000037, 23.627891018000071 ], [ 90.16080213500004, 23.628275889000065 ], [ 90.159708015000035, 23.628972537000038 ], [ 90.159595039000067, 23.629286539000077 ], [ 90.159633111000062, 23.629354247000038 ], [ 90.160274916000049, 23.629319709000072 ], [ 90.163219067000057, 23.628517247000048 ], [ 90.163671883000063, 23.628272887000037 ], [ 90.163935800000047, 23.627888718000065 ], [ 90.163859564000063, 23.62743716600005 ], [ 90.16333009300007, 23.626638330000048 ], [ 90.161666371000081, 23.624761271000068 ], [ 90.161628180000037, 23.624343546000034 ], [ 90.161967504000074, 23.623995433000061 ], [ 90.162532325000086, 23.622671551000053 ], [ 90.162909324000054, 23.622323398000049 ], [ 90.163097570000048, 23.621941568000068 ], [ 90.163512680000053, 23.621697249000079 ], [ 90.164795865000031, 23.621348132000037 ], [ 90.164984705000052, 23.621205668000073 ], [ 90.164718674000085, 23.619887173000052 ], [ 90.16471824100006, 23.619539415000077 ], [ 90.164869095000086, 23.619399247000047 ], [ 90.165661483000065, 23.619050645000073 ], [ 90.166265557000031, 23.619016126000076 ], [ 90.167436416000044, 23.619258749000039 ], [ 90.168191516000036, 23.619221805000052 ], [ 90.169059122000078, 23.61876922600004 ], [ 90.169482040000048, 23.618290318000049 ], [ 90.168088116000035, 23.618208751000054 ], [ 90.166629915000044, 23.618234151000024 ], [ 90.165450515000032, 23.618366751000053 ], [ 90.163493317000075, 23.618776952000076 ], [ 90.161165217000075, 23.618968651000046 ], [ 90.158487316000048, 23.618935651000072 ], [ 90.156986915000061, 23.618616751000047 ], [ 90.155854731000034, 23.618575790000023 ], [ 90.156017615000053, 23.616117625000072 ], [ 90.155743122000047, 23.616102572000045 ], [ 90.155483583000034, 23.615959437000072 ], [ 90.155405503000054, 23.615732472000047 ], [ 90.15553404700006, 23.614764422000064 ], [ 90.155987120000077, 23.614070887000025 ], [ 90.156439749000072, 23.61300691200006 ], [ 90.156891317000031, 23.611058662000062 ], [ 90.15765368700005, 23.608763555000053 ], [ 90.157898615000079, 23.607544440000026 ], [ 90.157690975000037, 23.607413205000057 ], [ 90.157936502000041, 23.606695975000036 ], [ 90.157860252000035, 23.606371022000076 ], [ 90.158080738000081, 23.605320422000034 ], [ 90.157909052000036, 23.604890409000063 ], [ 90.157736313000044, 23.603578511000023 ], [ 90.157611459000066, 23.603270337000026 ], [ 90.157580080000059, 23.603055274000042 ], [ 90.157663629000069, 23.603064839000069 ], [ 90.157710308000048, 23.602857647000064 ], [ 90.157645307000053, 23.602720291000026 ], [ 90.157314701000075, 23.602768425000079 ], [ 90.15708795200004, 23.602918026000054 ], [ 90.156609251000077, 23.603832659000034 ], [ 90.156265879000046, 23.604054074000032 ], [ 90.155721288000052, 23.604134760000022 ], [ 90.154994697000063, 23.603776996000079 ], [ 90.154826107000076, 23.603765215000067 ], [ 90.154608111000073, 23.60381110000003 ], [ 90.154184853000061, 23.604253324000069 ], [ 90.154009883000072, 23.604331171000069 ], [ 90.152790821000053, 23.604269117000058 ], [ 90.152045942000086, 23.604864866000071 ], [ 90.151792396000076, 23.605363197000031 ], [ 90.151513666000085, 23.605326537000053 ], [ 90.151151417000051, 23.606126897000024 ], [ 90.150933759000054, 23.606299183000033 ], [ 90.15065372600003, 23.606356815000026 ], [ 90.150342416000058, 23.606280638000044 ], [ 90.148188075000064, 23.605437628000061 ], [ 90.145706994000079, 23.603900858000031 ], [ 90.144544513000085, 23.603347480000025 ], [ 90.14168010700007, 23.602202951000038 ], [ 90.140694714000063, 23.602309004000062 ], [ 90.139906777000078, 23.602749464000055 ], [ 90.13952303800005, 23.602835847000051 ], [ 90.137634772000069, 23.602608098000076 ], [ 90.137146967000035, 23.60237909600005 ], [ 90.136437593000039, 23.602372855000056 ], [ 90.136295304000043, 23.602111235000052 ], [ 90.136260890000074, 23.601413486000069 ], [ 90.136562605000051, 23.600826092000034 ], [ 90.136461112000063, 23.600130661000037 ], [ 90.136678701000051, 23.599649477000071 ], [ 90.137215714000035, 23.599418668000055 ], [ 90.137702700000034, 23.599386625000022 ], [ 90.137937457000078, 23.59921705000005 ], [ 90.138104841000086, 23.598767524000039 ], [ 90.138037209000061, 23.598241426000072 ], [ 90.137600055000064, 23.597591457000078 ], [ 90.137247201000037, 23.597298205000072 ], [ 90.136525262000077, 23.597298841000054 ], [ 90.136223094000059, 23.597145549000061 ], [ 90.13593725800007, 23.596789006000051 ], [ 90.135483642000054, 23.596495839000056 ], [ 90.135030356000073, 23.596227508000027 ], [ 90.134442684000078, 23.59603155700006 ], [ 90.133770968000078, 23.59601858700006 ], [ 90.133334654000066, 23.596172522000074 ], [ 90.132424774000071, 23.597271894000073 ], [ 90.13234632800004, 23.597186618000023 ], [ 90.131765297000072, 23.597062835000031 ], [ 90.131111768000039, 23.597053828000071 ], [ 90.130406212000082, 23.596882346000029 ], [ 90.128871007000043, 23.596931427000072 ], [ 90.126462579000076, 23.59431481300004 ], [ 90.125840739000068, 23.594888903000026 ], [ 90.122502765000036, 23.596985865000079 ], [ 90.122321833000058, 23.597805221000044 ], [ 90.122418164000067, 23.59896133500007 ], [ 90.121966573000066, 23.599510428000031 ], [ 90.121418945000073, 23.599553764000063 ], [ 90.120898427000043, 23.599432228000069 ], [ 90.119896668000081, 23.599604629000055 ], [ 90.119572769000058, 23.599787789000061 ], [ 90.119572993000077, 23.600036192000061 ], [ 90.119421945000056, 23.600329871000042 ], [ 90.118738721000057, 23.600483952000047 ], [ 90.118807873000037, 23.601427819000037 ], [ 90.119047219000038, 23.602236066000046 ], [ 90.118561255000031, 23.603083258000026 ], [ 90.118165739000062, 23.603347768000049 ], [ 90.118132296000056, 23.603625549000071 ], [ 90.118562100000076, 23.604702375000045 ], [ 90.119489596000051, 23.605356538000024 ], [ 90.119155504000048, 23.60580165600004 ], [ 90.118730275000075, 23.607095921000052 ], [ 90.117348313000036, 23.608296067000026 ], [ 90.116693405000035, 23.608655613000053 ], [ 90.11554355800007, 23.609103594000032 ], [ 90.11533442700005, 23.609907662000069 ], [ 90.115368545000081, 23.610388629000056 ], [ 90.115689103000079, 23.611814342000059 ], [ 90.115460875000053, 23.612358131000065 ], [ 90.114667990000044, 23.613240604000055 ], [ 90.114520514000048, 23.613656561000028 ], [ 90.114155179000079, 23.614087018000077 ], [ 90.11368122500005, 23.614883214000031 ], [ 90.113518199000055, 23.615320691000022 ], [ 90.113388672000042, 23.61621933400005 ], [ 90.112448445000041, 23.617350489000046 ], [ 90.111330942000052, 23.618482644000039 ], [ 90.109894328000053, 23.620129880000036 ], [ 90.108430355000053, 23.621336778000057 ], [ 90.106179633000067, 23.623822378000057 ], [ 90.108128526000087, 23.624338748000071 ], [ 90.109462779000069, 23.624797265000041 ], [ 90.109739323000042, 23.624597034000033 ], [ 90.111106518000042, 23.624930451000068 ], [ 90.112429063000036, 23.625032007000073 ], [ 90.114338170000053, 23.625040171000023 ], [ 90.114493712000069, 23.624934899000039 ], [ 90.116900969000085, 23.625092756000072 ], [ 90.117781823000087, 23.626876051000067 ], [ 90.11766456600003, 23.627309710000077 ], [ 90.116902574000051, 23.627751223000075 ], [ 90.116791853000052, 23.629717826000046 ], [ 90.120107215000075, 23.630315701000029 ], [ 90.120353512000065, 23.630172114000061 ], [ 90.120228477000069, 23.629898058000038 ], [ 90.120500770000035, 23.629736366000031 ], [ 90.120412720000047, 23.629361348000032 ], [ 90.120277685000076, 23.629198938000059 ], [ 90.120985902000086, 23.627695563000032 ], [ 90.12105517100008, 23.627695508000045 ], [ 90.122240067000064, 23.628568864000044 ], [ 90.122242050000068, 23.629688548000047 ], [ 90.12251589300007, 23.630946137000024 ], [ 90.122788681000031, 23.63107012100005 ], [ 90.123607068000069, 23.631132699000034 ], [ 90.123879568000064, 23.630945053000062 ], [ 90.123946280000041, 23.62956299700005 ], [ 90.124355286000082, 23.629562669000052 ], [ 90.124696457000084, 23.629749824000044 ], [ 90.124969545000056, 23.630189948000066 ], [ 90.124969959000055, 23.630628035000029 ], [ 90.124561311000036, 23.631007737000061 ], [ 90.124356947000081, 23.631321787000047 ], [ 90.124221972000043, 23.632764872000052 ], [ 90.125176947000057, 23.633077989000071 ], [ 90.125159326000073, 23.633184017000076 ], [ 90.126464874000078, 23.633083329000044 ], [ 90.126651152000079, 23.632979689000024 ], [ 90.127675446000069, 23.633048854000037 ], [ 90.128204380000057, 23.63317261800006 ], [ 90.12939698200006, 23.633659393000073 ], [ 90.12957030900003, 23.633882807000077 ], [ 90.129919905000065, 23.633679268000037 ], [ 90.130107078000037, 23.633772786000065 ], [ 90.130830926000044, 23.633879724000053 ], [ 90.131368039000051, 23.634022666000078 ], [ 90.132333527000071, 23.634516560000066 ], [ 90.132769409000048, 23.634595055000034 ], [ 90.135018453000043, 23.634578774000033 ], [ 90.138171646000046, 23.635029313000075 ], [ 90.139649206000058, 23.634903790000067 ], [ 90.140656794000051, 23.635088050000036 ], [ 90.141664292000087, 23.634901963000061 ] ] ] } },
{ "type": "Feature", "properties": { "matched_key": "U_30261860003", "navigation_parent_key": "U_30261860", "admin_type": "paurashava_ward", "admin_label": "Paurashava Ward", "map_level": "ward", "admin_rank": 3, "displayable": 1, "geometry_status": "EXACT/GEOMETRY", "location_label": "Ward No. 03" }, "geometry": { "type": "Polygon", "coordinates": [ [ [ 90.141664292000087, 23.634901963000061 ], [ 90.14385435500003, 23.633809249000024 ], [ 90.144668395000053, 23.633514929000057 ], [ 90.144795342000066, 23.633611913000038 ], [ 90.145392817000072, 23.633640710000066 ], [ 90.145442100000082, 23.633322262000036 ], [ 90.145676614000081, 23.63285877900006 ], [ 90.146058247000042, 23.632508739000059 ], [ 90.146939549000081, 23.632101436000028 ], [ 90.148085617000049, 23.632019052000032 ], [ 90.148702932000049, 23.632262343000036 ], [ 90.149478108000039, 23.631487044000039 ], [ 90.150004813000066, 23.629643866000038 ], [ 90.150231102000077, 23.62953751200007 ], [ 90.150646540000082, 23.629537110000058 ], [ 90.15079750600006, 23.629469218000054 ], [ 90.150948305000043, 23.629259060000038 ], [ 90.152344993000042, 23.628946068000062 ], [ 90.152949154000055, 23.628945475000023 ], [ 90.152949314000068, 23.629083223000066 ], [ 90.152459033000071, 23.629535340000075 ], [ 90.152610399000082, 23.629815205000057 ], [ 90.153138890000037, 23.629814684000053 ], [ 90.153591849000065, 23.629674229000045 ], [ 90.154044242000055, 23.629048265000051 ], [ 90.154119324000078, 23.628804310000078 ], [ 90.154459107000037, 23.628560089000075 ], [ 90.155553576000045, 23.628141232000075 ], [ 90.156648784000083, 23.628350140000066 ], [ 90.157555478000063, 23.628730853000036 ], [ 90.158235003000073, 23.628730162000068 ], [ 90.159707130000072, 23.628240887000061 ], [ 90.159933676000037, 23.628102905000048 ], [ 90.16034766000007, 23.627163078000024 ], [ 90.160687374000076, 23.627126596000039 ], [ 90.161102594000056, 23.626952285000073 ], [ 90.161289483000076, 23.625457179000023 ], [ 90.161516106000079, 23.625386941000045 ], [ 90.161893843000087, 23.625630430000058 ], [ 90.162045392000039, 23.626048032000028 ], [ 90.162122817000068, 23.627472862000047 ], [ 90.161745582000037, 23.627891018000071 ], [ 90.16080213500004, 23.628275889000065 ], [ 90.159708015000035, 23.628972537000038 ], [ 90.159595039000067, 23.629286539000077 ], [ 90.159633111000062, 23.629354247000038 ], [ 90.160274916000049, 23.629319709000072 ], [ 90.163219067000057, 23.628517247000048 ], [ 90.163671883000063, 23.628272887000037 ], [ 90.163935800000047, 23.627888718000065 ], [ 90.163859564000063, 23.62743716600005 ], [ 90.16333009300007, 23.626638330000048 ], [ 90.161666371000081, 23.624761271000068 ], [ 90.161628180000037, 23.624343546000034 ], [ 90.161967504000074, 23.623995433000061 ], [ 90.162532325000086, 23.622671551000053 ], [ 90.162909324000054, 23.622323398000049 ], [ 90.163097570000048, 23.621941568000068 ], [ 90.163512680000053, 23.621697249000079 ], [ 90.164795865000031, 23.621348132000037 ], [ 90.164984705000052, 23.621205668000073 ], [ 90.164718674000085, 23.619887173000052 ], [ 90.16471824100006, 23.619539415000077 ], [ 90.164869095000086, 23.619399247000047 ], [ 90.165661483000065, 23.619050645000073 ], [ 90.166265557000031, 23.619016126000076 ], [ 90.167436416000044, 23.619258749000039 ], [ 90.168191516000036, 23.619221805000052 ], [ 90.169059122000078, 23.61876922600004 ], [ 90.169482040000048, 23.618290318000049 ], [ 90.168088116000035, 23.618208751000054 ], [ 90.166629915000044, 23.618234151000024 ], [ 90.165450515000032, 23.618366751000053 ], [ 90.163493317000075, 23.618776952000076 ], [ 90.161165217000075, 23.618968651000046 ], [ 90.158487316000048, 23.618935651000072 ], [ 90.156986915000061, 23.618616751000047 ], [ 90.155854731000034, 23.618575790000023 ], [ 90.156017615000053, 23.616117625000072 ], [ 90.155743122000047, 23.616102572000045 ], [ 90.155483583000034, 23.615959437000072 ], [ 90.155405503000054, 23.615732472000047 ], [ 90.15553404700006, 23.614764422000064 ], [ 90.155987120000077, 23.614070887000025 ], [ 90.156439749000072, 23.61300691200006 ], [ 90.156891317000031, 23.611058662000062 ], [ 90.15765368700005, 23.608763555000053 ], [ 90.157898615000079, 23.607544440000026 ], [ 90.157690975000037, 23.607413205000057 ], [ 90.157936502000041, 23.606695975000036 ], [ 90.157860252000035, 23.606371022000076 ], [ 90.158080738000081, 23.605320422000034 ], [ 90.157909052000036, 23.604890409000063 ], [ 90.157736313000044, 23.603578511000023 ], [ 90.157611459000066, 23.603270337000026 ], [ 90.157580080000059, 23.603055274000042 ], [ 90.157663629000069, 23.603064839000069 ], [ 90.157710308000048, 23.602857647000064 ], [ 90.157645307000053, 23.602720291000026 ], [ 90.157314701000075, 23.602768425000079 ], [ 90.15708795200004, 23.602918026000054 ], [ 90.156609251000077, 23.603832659000034 ], [ 90.156265879000046, 23.604054074000032 ], [ 90.155721288000052, 23.604134760000022 ], [ 90.154994697000063, 23.603776996000079 ], [ 90.154826107000076, 23.603765215000067 ], [ 90.154608111000073, 23.60381110000003 ], [ 90.154184853000061, 23.604253324000069 ], [ 90.154009883000072, 23.604331171000069 ], [ 90.152790821000053, 23.604269117000058 ], [ 90.152045942000086, 23.604864866000071 ], [ 90.151792396000076, 23.605363197000031 ], [ 90.151513666000085, 23.605326537000053 ], [ 90.151151417000051, 23.606126897000024 ], [ 90.150933759000054, 23.606299183000033 ], [ 90.15065372600003, 23.606356815000026 ], [ 90.150342416000058, 23.606280638000044 ], [ 90.148188075000064, 23.605437628000061 ], [ 90.145706994000079, 23.603900858000031 ], [ 90.144544513000085, 23.603347480000025 ], [ 90.14168010700007, 23.602202951000038 ], [ 90.140694714000063, 23.602309004000062 ], [ 90.139906777000078, 23.602749464000055 ], [ 90.13952303800005, 23.602835847000051 ], [ 90.137634772000069, 23.602608098000076 ], [ 90.137146967000035, 23.60237909600005 ], [ 90.136437593000039, 23.602372855000056 ], [ 90.136295304000043, 23.602111235000052 ], [ 90.136260890000074, 23.601413486000069 ], [ 90.136562605000051, 23.600826092000034 ], [ 90.136461112000063, 23.600130661000037 ], [ 90.136678701000051, 23.599649477000071 ], [ 90.137215714000035, 23.599418668000055 ], [ 90.137702700000034, 23.599386625000022 ], [ 90.137937457000078, 23.59921705000005 ], [ 90.138104841000086, 23.598767524000039 ], [ 90.138037209000061, 23.598241426000072 ], [ 90.137600055000064, 23.597591457000078 ], [ 90.137247201000037, 23.597298205000072 ], [ 90.136525262000077, 23.597298841000054 ], [ 90.136223094000059, 23.597145549000061 ], [ 90.13593725800007, 23.596789006000051 ], [ 90.135483642000054, 23.596495839000056 ], [ 90.135030356000073, 23.596227508000027 ], [ 90.134442684000078, 23.59603155700006 ], [ 90.133770968000078, 23.59601858700006 ], [ 90.133334654000066, 23.596172522000074 ], [ 90.132424774000071, 23.597271894000073 ], [ 90.13234632800004, 23.597186618000023 ], [ 90.131765297000072, 23.597062835000031 ], [ 90.131111768000039, 23.597053828000071 ], [ 90.130406212000082, 23.596882346000029 ], [ 90.128871007000043, 23.596931427000072 ], [ 90.126462579000076, 23.59431481300004 ], [ 90.125840739000068, 23.594888903000026 ], [ 90.122502765000036, 23.596985865000079 ], [ 90.122321833000058, 23.597805221000044 ], [ 90.122418164000067, 23.59896133500007 ], [ 90.121966573000066, 23.599510428000031 ], [ 90.121418945000073, 23.599553764000063 ], [ 90.120898427000043, 23.599432228000069 ], [ 90.119896668000081, 23.599604629000055 ], [ 90.119572769000058, 23.599787789000061 ], [ 90.119572993000077, 23.600036192000061 ], [ 90.119421945000056, 23.600329871000042 ], [ 90.118738721000057, 23.600483952000047 ], [ 90.118807873000037, 23.601427819000037 ], [ 90.119047219000038, 23.602236066000046 ], [ 90.118561255000031, 23.603083258000026 ], [ 90.118165739000062, 23.603347768000049 ], [ 90.118132296000056, 23.603625549000071 ], [ 90.118562100000076, 23.604702375000045 ], [ 90.119489596000051, 23.605356538000024 ], [ 90.119155504000048, 23.60580165600004 ], [ 90.118730275000075, 23.607095921000052 ], [ 90.117348313000036, 23.608296067000026 ], [ 90.116693405000035, 23.608655613000053 ], [ 90.11554355800007, 23.609103594000032 ], [ 90.11533442700005, 23.609907662000069 ], [ 90.115368545000081, 23.610388629000056 ], [ 90.115689103000079, 23.611814342000059 ], [ 90.115460875000053, 23.612358131000065 ], [ 90.114667990000044, 23.613240604000055 ], [ 90.114520514000048, 23.613656561000028 ], [ 90.114155179000079, 23.614087018000077 ], [ 90.11368122500005, 23.614883214000031 ], [ 90.113518199000055, 23.615320691000022 ], [ 90.113388672000042, 23.61621933400005 ], [ 90.112448445000041, 23.617350489000046 ], [ 90.111330942000052, 23.618482644000039 ], [ 90.109894328000053, 23.620129880000036 ], [ 90.108430355000053, 23.621336778000057 ], [ 90.106179633000067, 23.623822378000057 ], [ 90.108128526000087, 23.624338748000071 ], [ 90.109462779000069, 23.624797265000041 ], [ 90.109739323000042, 23.624597034000033 ], [ 90.111106518000042, 23.624930451000068 ], [ 90.112429063000036, 23.625032007000073 ], [ 90.114338170000053, 23.625040171000023 ], [ 90.114493712000069, 23.624934899000039 ], [ 90.116900969000085, 23.625092756000072 ], [ 90.117781823000087, 23.626876051000067 ], [ 90.11766456600003, 23.627309710000077 ], [ 90.116902574000051, 23.627751223000075 ], [ 90.116791853000052, 23.629717826000046 ], [ 90.120107215000075, 23.630315701000029 ], [ 90.120353512000065, 23.630172114000061 ], [ 90.120228477000069, 23.629898058000038 ], [ 90.120500770000035, 23.629736366000031 ], [ 90.120412720000047, 23.629361348000032 ], [ 90.120277685000076, 23.629198938000059 ], [ 90.120985902000086, 23.627695563000032 ], [ 90.12105517100008, 23.627695508000045 ], [ 90.122240067000064, 23.628568864000044 ], [ 90.122242050000068, 23.629688548000047 ], [ 90.12251589300007, 23.630946137000024 ], [ 90.122788681000031, 23.63107012100005 ], [ 90.123607068000069, 23.631132699000034 ], [ 90.123879568000064, 23.630945053000062 ], [ 90.123946280000041, 23.62956299700005 ], [ 90.124355286000082, 23.629562669000052 ], [ 90.124696457000084, 23.629749824000044 ], [ 90.124969545000056, 23.630189948000066 ], [ 90.124969959000055, 23.630628035000029 ], [ 90.124561311000036, 23.631007737000061 ], [ 90.124356947000081, 23.631321787000047 ], [ 90.124221972000043, 23.632764872000052 ], [ 90.125176947000057, 23.633077989000071 ], [ 90.125159326000073, 23.633184017000076 ], [ 90.126464874000078, 23.633083329000044 ], [ 90.126651152000079, 23.632979689000024 ], [ 90.127675446000069, 23.633048854000037 ], [ 90.128204380000057, 23.63317261800006 ], [ 90.12939698200006, 23.633659393000073 ], [ 90.12957030900003, 23.633882807000077 ], [ 90.129919905000065, 23.633679268000037 ], [ 90.130107078000037, 23.633772786000065 ], [ 90.130830926000044, 23.633879724000053 ], [ 90.131368039000051, 23.634022666000078 ], [ 90.132333527000071, 23.634516560000066 ], [ 90.132769409000048, 23.634595055000034 ], [ 90.135018453000043, 23.634578774000033 ], [ 90.138171646000046, 23.635029313000075 ], [ 90.139649206000058, 23.634903790000067 ], [ 90.140656794000051, 23.635088050000036 ], [ 90.141664292000087, 23.634901963000061 ] ] ] } },
{ "type": "Feature", "properties": { "matched_key": "U_30261860004", "navigation_parent_key": "U_30261860", "admin_type": "paurashava_ward", "admin_label": "Paurashava Ward", "map_level": "ward", "admin_rank": 3, "displayable": 1, "geometry_status": "EXACT/GEOMETRY", "location_label": "Ward No. 04" }, "geometry": { "type": "Polygon", "coordinates": [ [ [ 90.141664292000087, 23.634901963000061 ], [ 90.14385435500003, 23.633809249000024 ], [ 90.144668395000053, 23.633514929000057 ], [ 90.144795342000066, 23.633611913000038 ], [ 90.145392817000072, 23.633640710000066 ], [ 90.145442100000082, 23.633322262000036 ], [ 90.145676614000081, 23.63285877900006 ], [ 90.146058247000042, 23.632508739000059 ], [ 90.146939549000081, 23.632101436000028 ], [ 90.148085617000049, 23.632019052000032 ], [ 90.148702932000049, 23.632262343000036 ], [ 90.149478108000039, 23.631487044000039 ], [ 90.150004813000066, 23.629643866000038 ], [ 90.150231102000077, 23.62953751200007 ], [ 90.150646540000082, 23.629537110000058 ], [ 90.15079750600006, 23.629469218000054 ], [ 90.150948305000043, 23.629259060000038 ], [ 90.152344993000042, 23.628946068000062 ], [ 90.152949154000055, 23.628945475000023 ], [ 90.152949314000068, 23.629083223000066 ], [ 90.152459033000071, 23.629535340000075 ], [ 90.152610399000082, 23.629815205000057 ], [ 90.153138890000037, 23.629814684000053 ], [ 90.153591849000065, 23.629674229000045 ], [ 90.154044242000055, 23.629048265000051 ], [ 90.154119324000078, 23.628804310000078 ], [ 90.154459107000037, 23.628560089000075 ], [ 90.155553576000045, 23.628141232000075 ], [ 90.156648784000083, 23.628350140000066 ], [ 90.157555478000063, 23.628730853000036 ], [ 90.158235003000073, 23.628730162000068 ], [ 90.159707130000072, 23.628240887000061 ], [ 90.159933676000037, 23.628102905000048 ], [ 90.16034766000007, 23.627163078000024 ], [ 90.160687374000076, 23.627126596000039 ], [ 90.161102594000056, 23.626952285000073 ], [ 90.161289483000076, 23.625457179000023 ], [ 90.161516106000079, 23.625386941000045 ], [ 90.161893843000087, 23.625630430000058 ], [ 90.162045392000039, 23.626048032000028 ], [ 90.162122817000068, 23.627472862000047 ], [ 90.161745582000037, 23.627891018000071 ], [ 90.16080213500004, 23.628275889000065 ], [ 90.159708015000035, 23.628972537000038 ], [ 90.159595039000067, 23.629286539000077 ], [ 90.159633111000062, 23.629354247000038 ], [ 90.160274916000049, 23.629319709000072 ], [ 90.163219067000057, 23.628517247000048 ], [ 90.163671883000063, 23.628272887000037 ], [ 90.163935800000047, 23.627888718000065 ], [ 90.163859564000063, 23.62743716600005 ], [ 90.16333009300007, 23.626638330000048 ], [ 90.161666371000081, 23.624761271000068 ], [ 90.161628180000037, 23.624343546000034 ], [ 90.161967504000074, 23.623995433000061 ], [ 90.162532325000086, 23.622671551000053 ], [ 90.162909324000054, 23.622323398000049 ], [ 90.163097570000048, 23.621941568000068 ], [ 90.163512680000053, 23.621697249000079 ], [ 90.164795865000031, 23.621348132000037 ], [ 90.164984705000052, 23.621205668000073 ], [ 90.164718674000085, 23.619887173000052 ], [ 90.16471824100006, 23.619539415000077 ], [ 90.164869095000086, 23.619399247000047 ], [ 90.165661483000065, 23.619050645000073 ], [ 90.166265557000031, 23.619016126000076 ], [ 90.167436416000044, 23.619258749000039 ], [ 90.168191516000036, 23.619221805000052 ], [ 90.169059122000078, 23.61876922600004 ], [ 90.169482040000048, 23.618290318000049 ], [ 90.168088116000035, 23.618208751000054 ], [ 90.166629915000044, 23.618234151000024 ], [ 90.165450515000032, 23.618366751000053 ], [ 90.163493317000075, 23.618776952000076 ], [ 90.161165217000075, 23.618968651000046 ], [ 90.158487316000048, 23.618935651000072 ], [ 90.156986915000061, 23.618616751000047 ], [ 90.155854731000034, 23.618575790000023 ], [ 90.156017615000053, 23.616117625000072 ], [ 90.155743122000047, 23.616102572000045 ], [ 90.155483583000034, 23.615959437000072 ], [ 90.155405503000054, 23.615732472000047 ], [ 90.15553404700006, 23.614764422000064 ], [ 90.155987120000077, 23.614070887000025 ], [ 90.156439749000072, 23.61300691200006 ], [ 90.156891317000031, 23.611058662000062 ], [ 90.15765368700005, 23.608763555000053 ], [ 90.157898615000079, 23.607544440000026 ], [ 90.157690975000037, 23.607413205000057 ], [ 90.157936502000041, 23.606695975000036 ], [ 90.157860252000035, 23.606371022000076 ], [ 90.158080738000081, 23.605320422000034 ], [ 90.157909052000036, 23.604890409000063 ], [ 90.157736313000044, 23.603578511000023 ], [ 90.157611459000066, 23.603270337000026 ], [ 90.157580080000059, 23.603055274000042 ], [ 90.157663629000069, 23.603064839000069 ], [ 90.157710308000048, 23.602857647000064 ], [ 90.157645307000053, 23.602720291000026 ], [ 90.157314701000075, 23.602768425000079 ], [ 90.15708795200004, 23.602918026000054 ], [ 90.156609251000077, 23.603832659000034 ], [ 90.156265879000046, 23.604054074000032 ], [ 90.155721288000052, 23.604134760000022 ], [ 90.154994697000063, 23.603776996000079 ], [ 90.154826107000076, 23.603765215000067 ], [ 90.154608111000073, 23.60381110000003 ], [ 90.154184853000061, 23.604253324000069 ], [ 90.154009883000072, 23.604331171000069 ], [ 90.152790821000053, 23.604269117000058 ], [ 90.152045942000086, 23.604864866000071 ], [ 90.151792396000076, 23.605363197000031 ], [ 90.151513666000085, 23.605326537000053 ], [ 90.151151417000051, 23.606126897000024 ], [ 90.150933759000054, 23.606299183000033 ], [ 90.15065372600003, 23.606356815000026 ], [ 90.150342416000058, 23.606280638000044 ], [ 90.148188075000064, 23.605437628000061 ], [ 90.145706994000079, 23.603900858000031 ], [ 90.144544513000085, 23.603347480000025 ], [ 90.14168010700007, 23.602202951000038 ], [ 90.140694714000063, 23.602309004000062 ], [ 90.139906777000078, 23.602749464000055 ], [ 90.13952303800005, 23.602835847000051 ], [ 90.137634772000069, 23.602608098000076 ], [ 90.137146967000035, 23.60237909600005 ], [ 90.136437593000039, 23.602372855000056 ], [ 90.136295304000043, 23.602111235000052 ], [ 90.136260890000074, 23.601413486000069 ], [ 90.136562605000051, 23.600826092000034 ], [ 90.136461112000063, 23.600130661000037 ], [ 90.136678701000051, 23.599649477000071 ], [ 90.137215714000035, 23.599418668000055 ], [ 90.137702700000034, 23.599386625000022 ], [ 90.137937457000078, 23.59921705000005 ], [ 90.138104841000086, 23.598767524000039 ], [ 90.138037209000061, 23.598241426000072 ], [ 90.137600055000064, 23.597591457000078 ], [ 90.137247201000037, 23.597298205000072 ], [ 90.136525262000077, 23.597298841000054 ], [ 90.136223094000059, 23.597145549000061 ], [ 90.13593725800007, 23.596789006000051 ], [ 90.135483642000054, 23.596495839000056 ], [ 90.135030356000073, 23.596227508000027 ], [ 90.134442684000078, 23.59603155700006 ], [ 90.133770968000078, 23.59601858700006 ], [ 90.133334654000066, 23.596172522000074 ], [ 90.132424774000071, 23.597271894000073 ], [ 90.13234632800004, 23.597186618000023 ], [ 90.131765297000072, 23.597062835000031 ], [ 90.131111768000039, 23.597053828000071 ], [ 90.130406212000082, 23.596882346000029 ], [ 90.128871007000043, 23.596931427000072 ], [ 90.126462579000076, 23.59431481300004 ], [ 90.125840739000068, 23.594888903000026 ], [ 90.122502765000036, 23.596985865000079 ], [ 90.122321833000058, 23.597805221000044 ], [ 90.122418164000067, 23.59896133500007 ], [ 90.121966573000066, 23.599510428000031 ], [ 90.121418945000073, 23.599553764000063 ], [ 90.120898427000043, 23.599432228000069 ], [ 90.119896668000081, 23.599604629000055 ], [ 90.119572769000058, 23.599787789000061 ], [ 90.119572993000077, 23.600036192000061 ], [ 90.119421945000056, 23.600329871000042 ], [ 90.118738721000057, 23.600483952000047 ], [ 90.118807873000037, 23.601427819000037 ], [ 90.119047219000038, 23.602236066000046 ], [ 90.118561255000031, 23.603083258000026 ], [ 90.118165739000062, 23.603347768000049 ], [ 90.118132296000056, 23.603625549000071 ], [ 90.118562100000076, 23.604702375000045 ], [ 90.119489596000051, 23.605356538000024 ], [ 90.119155504000048, 23.60580165600004 ], [ 90.118730275000075, 23.607095921000052 ], [ 90.117348313000036, 23.608296067000026 ], [ 90.116693405000035, 23.608655613000053 ], [ 90.11554355800007, 23.609103594000032 ], [ 90.11533442700005, 23.609907662000069 ], [ 90.115368545000081, 23.610388629000056 ], [ 90.115689103000079, 23.611814342000059 ], [ 90.115460875000053, 23.612358131000065 ], [ 90.114667990000044, 23.613240604000055 ], [ 90.114520514000048, 23.613656561000028 ], [ 90.114155179000079, 23.614087018000077 ], [ 90.11368122500005, 23.614883214000031 ], [ 90.113518199000055, 23.615320691000022 ], [ 90.113388672000042, 23.61621933400005 ], [ 90.112448445000041, 23.617350489000046 ], [ 90.111330942000052, 23.618482644000039 ], [ 90.109894328000053, 23.620129880000036 ], [ 90.108430355000053, 23.621336778000057 ], [ 90.106179633000067, 23.623822378000057 ], [ 90.108128526000087, 23.624338748000071 ], [ 90.109462779000069, 23.624797265000041 ], [ 90.109739323000042, 23.624597034000033 ], [ 90.111106518000042, 23.624930451000068 ], [ 90.112429063000036, 23.625032007000073 ], [ 90.114338170000053, 23.625040171000023 ], [ 90.114493712000069, 23.624934899000039 ], [ 90.116900969000085, 23.625092756000072 ], [ 90.117781823000087, 23.626876051000067 ], [ 90.11766456600003, 23.627309710000077 ], [ 90.116902574000051, 23.627751223000075 ], [ 90.116791853000052, 23.629717826000046 ], [ 90.120107215000075, 23.630315701000029 ], [ 90.120353512000065, 23.630172114000061 ], [ 90.120228477000069, 23.629898058000038 ], [ 90.120500770000035, 23.629736366000031 ], [ 90.120412720000047, 23.629361348000032 ], [ 90.120277685000076, 23.629198938000059 ], [ 90.120985902000086, 23.627695563000032 ], [ 90.12105517100008, 23.627695508000045 ], [ 90.122240067000064, 23.628568864000044 ], [ 90.122242050000068, 23.629688548000047 ], [ 90.12251589300007, 23.630946137000024 ], [ 90.122788681000031, 23.63107012100005 ], [ 90.123607068000069, 23.631132699000034 ], [ 90.123879568000064, 23.630945053000062 ], [ 90.123946280000041, 23.62956299700005 ], [ 90.124355286000082, 23.629562669000052 ], [ 90.124696457000084, 23.629749824000044 ], [ 90.124969545000056, 23.630189948000066 ], [ 90.124969959000055, 23.630628035000029 ], [ 90.124561311000036, 23.631007737000061 ], [ 90.124356947000081, 23.631321787000047 ], [ 90.124221972000043, 23.632764872000052 ], [ 90.125176947000057, 23.633077989000071 ], [ 90.125159326000073, 23.633184017000076 ], [ 90.126464874000078, 23.633083329000044 ], [ 90.126651152000079, 23.632979689000024 ], [ 90.127675446000069, 23.633048854000037 ], [ 90.128204380000057, 23.63317261800006 ], [ 90.12939698200006, 23.633659393000073 ], [ 90.12957030900003, 23.633882807000077 ], [ 90.129919905000065, 23.633679268000037 ], [ 90.130107078000037, 23.633772786000065 ], [ 90.130830926000044, 23.633879724000053 ], [ 90.131368039000051, 23.634022666000078 ], [ 90.132333527000071, 23.634516560000066 ], [ 90.132769409000048, 23.634595055000034 ], [ 90.135018453000043, 23.634578774000033 ], [ 90.138171646000046, 23.635029313000075 ], [ 90.139649206000058, 23.634903790000067 ], [ 90.140656794000051, 23.635088050000036 ], [ 90.141664292000087, 23.634901963000061 ] ] ] } },
{ "type": "Feature", "properties": { "matched_key": "U_30261860005", "navigation_parent_key": "U_30261860", "admin_type": "paurashava_ward", "admin_label": "Paurashava Ward", "map_level": "ward", "admin_rank": 3, "displayable": 1, "geometry_status": "EXACT/GEOMETRY", "location_label": "Ward No. 05" }, "geometry": { "type": "Polygon", "coordinates": [ [ [ 90.141664292000087, 23.634901963000061 ], [ 90.14385435500003, 23.633809249000024 ], [ 90.144668395000053, 23.633514929000057 ], [ 90.144795342000066, 23.633611913000038 ], [ 90.145392817000072, 23.633640710000066 ], [ 90.145442100000082, 23.633322262000036 ], [ 90.145676614000081, 23.63285877900006 ], [ 90.146058247000042, 23.632508739000059 ], [ 90.146939549000081, 23.632101436000028 ], [ 90.148085617000049, 23.632019052000032 ], [ 90.148702932000049, 23.632262343000036 ], [ 90.149478108000039, 23.631487044000039 ], [ 90.150004813000066, 23.629643866000038 ], [ 90.150231102000077, 23.62953751200007 ], [ 90.150646540000082, 23.629537110000058 ], [ 90.15079750600006, 23.629469218000054 ], [ 90.150948305000043, 23.629259060000038 ], [ 90.152344993000042, 23.628946068000062 ], [ 90.152949154000055, 23.628945475000023 ], [ 90.152949314000068, 23.629083223000066 ], [ 90.152459033000071, 23.629535340000075 ], [ 90.152610399000082, 23.629815205000057 ], [ 90.153138890000037, 23.629814684000053 ], [ 90.153591849000065, 23.629674229000045 ], [ 90.154044242000055, 23.629048265000051 ], [ 90.154119324000078, 23.628804310000078 ], [ 90.154459107000037, 23.628560089000075 ], [ 90.155553576000045, 23.628141232000075 ], [ 90.156648784000083, 23.628350140000066 ], [ 90.157555478000063, 23.628730853000036 ], [ 90.158235003000073, 23.628730162000068 ], [ 90.159707130000072, 23.628240887000061 ], [ 90.159933676000037, 23.628102905000048 ], [ 90.16034766000007, 23.627163078000024 ], [ 90.160687374000076, 23.627126596000039 ], [ 90.161102594000056, 23.626952285000073 ], [ 90.161289483000076, 23.625457179000023 ], [ 90.161516106000079, 23.625386941000045 ], [ 90.161893843000087, 23.625630430000058 ], [ 90.162045392000039, 23.626048032000028 ], [ 90.162122817000068, 23.627472862000047 ], [ 90.161745582000037, 23.627891018000071 ], [ 90.16080213500004, 23.628275889000065 ], [ 90.159708015000035, 23.628972537000038 ], [ 90.159595039000067, 23.629286539000077 ], [ 90.159633111000062, 23.629354247000038 ], [ 90.160274916000049, 23.629319709000072 ], [ 90.163219067000057, 23.628517247000048 ], [ 90.163671883000063, 23.628272887000037 ], [ 90.163935800000047, 23.627888718000065 ], [ 90.163859564000063, 23.62743716600005 ], [ 90.16333009300007, 23.626638330000048 ], [ 90.161666371000081, 23.624761271000068 ], [ 90.161628180000037, 23.624343546000034 ], [ 90.161967504000074, 23.623995433000061 ], [ 90.162532325000086, 23.622671551000053 ], [ 90.162909324000054, 23.622323398000049 ], [ 90.163097570000048, 23.621941568000068 ], [ 90.163512680000053, 23.621697249000079 ], [ 90.164795865000031, 23.621348132000037 ], [ 90.164984705000052, 23.621205668000073 ], [ 90.164718674000085, 23.619887173000052 ], [ 90.16471824100006, 23.619539415000077 ], [ 90.164869095000086, 23.619399247000047 ], [ 90.165661483000065, 23.619050645000073 ], [ 90.166265557000031, 23.619016126000076 ], [ 90.167436416000044, 23.619258749000039 ], [ 90.168191516000036, 23.619221805000052 ], [ 90.169059122000078, 23.61876922600004 ], [ 90.169482040000048, 23.618290318000049 ], [ 90.168088116000035, 23.618208751000054 ], [ 90.166629915000044, 23.618234151000024 ], [ 90.165450515000032, 23.618366751000053 ], [ 90.163493317000075, 23.618776952000076 ], [ 90.161165217000075, 23.618968651000046 ], [ 90.158487316000048, 23.618935651000072 ], [ 90.156986915000061, 23.618616751000047 ], [ 90.155854731000034, 23.618575790000023 ], [ 90.156017615000053, 23.616117625000072 ], [ 90.155743122000047, 23.616102572000045 ], [ 90.155483583000034, 23.615959437000072 ], [ 90.155405503000054, 23.615732472000047 ], [ 90.15553404700006, 23.614764422000064 ], [ 90.155987120000077, 23.614070887000025 ], [ 90.156439749000072, 23.61300691200006 ], [ 90.156891317000031, 23.611058662000062 ], [ 90.15765368700005, 23.608763555000053 ], [ 90.157898615000079, 23.607544440000026 ], [ 90.157690975000037, 23.607413205000057 ], [ 90.157936502000041, 23.606695975000036 ], [ 90.157860252000035, 23.606371022000076 ], [ 90.158080738000081, 23.605320422000034 ], [ 90.157909052000036, 23.604890409000063 ], [ 90.157736313000044, 23.603578511000023 ], [ 90.157611459000066, 23.603270337000026 ], [ 90.157580080000059, 23.603055274000042 ], [ 90.157663629000069, 23.603064839000069 ], [ 90.157710308000048, 23.602857647000064 ], [ 90.157645307000053, 23.602720291000026 ], [ 90.157314701000075, 23.602768425000079 ], [ 90.15708795200004, 23.602918026000054 ], [ 90.156609251000077, 23.603832659000034 ], [ 90.156265879000046, 23.604054074000032 ], [ 90.155721288000052, 23.604134760000022 ], [ 90.154994697000063, 23.603776996000079 ], [ 90.154826107000076, 23.603765215000067 ], [ 90.154608111000073, 23.60381110000003 ], [ 90.154184853000061, 23.604253324000069 ], [ 90.154009883000072, 23.604331171000069 ], [ 90.152790821000053, 23.604269117000058 ], [ 90.152045942000086, 23.604864866000071 ], [ 90.151792396000076, 23.605363197000031 ], [ 90.151513666000085, 23.605326537000053 ], [ 90.151151417000051, 23.606126897000024 ], [ 90.150933759000054, 23.606299183000033 ], [ 90.15065372600003, 23.606356815000026 ], [ 90.150342416000058, 23.606280638000044 ], [ 90.148188075000064, 23.605437628000061 ], [ 90.145706994000079, 23.603900858000031 ], [ 90.144544513000085, 23.603347480000025 ], [ 90.14168010700007, 23.602202951000038 ], [ 90.140694714000063, 23.602309004000062 ], [ 90.139906777000078, 23.602749464000055 ], [ 90.13952303800005, 23.602835847000051 ], [ 90.137634772000069, 23.602608098000076 ], [ 90.137146967000035, 23.60237909600005 ], [ 90.136437593000039, 23.602372855000056 ], [ 90.136295304000043, 23.602111235000052 ], [ 90.136260890000074, 23.601413486000069 ], [ 90.136562605000051, 23.600826092000034 ], [ 90.136461112000063, 23.600130661000037 ], [ 90.136678701000051, 23.599649477000071 ], [ 90.137215714000035, 23.599418668000055 ], [ 90.137702700000034, 23.599386625000022 ], [ 90.137937457000078, 23.59921705000005 ], [ 90.138104841000086, 23.598767524000039 ], [ 90.138037209000061, 23.598241426000072 ], [ 90.137600055000064, 23.597591457000078 ], [ 90.137247201000037, 23.597298205000072 ], [ 90.136525262000077, 23.597298841000054 ], [ 90.136223094000059, 23.597145549000061 ], [ 90.13593725800007, 23.596789006000051 ], [ 90.135483642000054, 23.596495839000056 ], [ 90.135030356000073, 23.596227508000027 ], [ 90.134442684000078, 23.59603155700006 ], [ 90.133770968000078, 23.59601858700006 ], [ 90.133334654000066, 23.596172522000074 ], [ 90.132424774000071, 23.597271894000073 ], [ 90.13234632800004, 23.597186618000023 ], [ 90.131765297000072, 23.597062835000031 ], [ 90.131111768000039, 23.597053828000071 ], [ 90.130406212000082, 23.596882346000029 ], [ 90.128871007000043, 23.596931427000072 ], [ 90.126462579000076, 23.59431481300004 ], [ 90.125840739000068, 23.594888903000026 ], [ 90.122502765000036, 23.596985865000079 ], [ 90.122321833000058, 23.597805221000044 ], [ 90.122418164000067, 23.59896133500007 ], [ 90.121966573000066, 23.599510428000031 ], [ 90.121418945000073, 23.599553764000063 ], [ 90.120898427000043, 23.599432228000069 ], [ 90.119896668000081, 23.599604629000055 ], [ 90.119572769000058, 23.599787789000061 ], [ 90.119572993000077, 23.600036192000061 ], [ 90.119421945000056, 23.600329871000042 ], [ 90.118738721000057, 23.600483952000047 ], [ 90.118807873000037, 23.601427819000037 ], [ 90.119047219000038, 23.602236066000046 ], [ 90.118561255000031, 23.603083258000026 ], [ 90.118165739000062, 23.603347768000049 ], [ 90.118132296000056, 23.603625549000071 ], [ 90.118562100000076, 23.604702375000045 ], [ 90.119489596000051, 23.605356538000024 ], [ 90.119155504000048, 23.60580165600004 ], [ 90.118730275000075, 23.607095921000052 ], [ 90.117348313000036, 23.608296067000026 ], [ 90.116693405000035, 23.608655613000053 ], [ 90.11554355800007, 23.609103594000032 ], [ 90.11533442700005, 23.609907662000069 ], [ 90.115368545000081, 23.610388629000056 ], [ 90.115689103000079, 23.611814342000059 ], [ 90.115460875000053, 23.612358131000065 ], [ 90.114667990000044, 23.613240604000055 ], [ 90.114520514000048, 23.613656561000028 ], [ 90.114155179000079, 23.614087018000077 ], [ 90.11368122500005, 23.614883214000031 ], [ 90.113518199000055, 23.615320691000022 ], [ 90.113388672000042, 23.61621933400005 ], [ 90.112448445000041, 23.617350489000046 ], [ 90.111330942000052, 23.618482644000039 ], [ 90.109894328000053, 23.620129880000036 ], [ 90.108430355000053, 23.621336778000057 ], [ 90.106179633000067, 23.623822378000057 ], [ 90.108128526000087, 23.624338748000071 ], [ 90.109462779000069, 23.624797265000041 ], [ 90.109739323000042, 23.624597034000033 ], [ 90.111106518000042, 23.624930451000068 ], [ 90.112429063000036, 23.625032007000073 ], [ 90.114338170000053, 23.625040171000023 ], [ 90.114493712000069, 23.624934899000039 ], [ 90.116900969000085, 23.625092756000072 ], [ 90.117781823000087, 23.626876051000067 ], [ 90.11766456600003, 23.627309710000077 ], [ 90.116902574000051, 23.627751223000075 ], [ 90.116791853000052, 23.629717826000046 ], [ 90.120107215000075, 23.630315701000029 ], [ 90.120353512000065, 23.630172114000061 ], [ 90.120228477000069, 23.629898058000038 ], [ 90.120500770000035, 23.629736366000031 ], [ 90.120412720000047, 23.629361348000032 ], [ 90.120277685000076, 23.629198938000059 ], [ 90.120985902000086, 23.627695563000032 ], [ 90.12105517100008, 23.627695508000045 ], [ 90.122240067000064, 23.628568864000044 ], [ 90.122242050000068, 23.629688548000047 ], [ 90.12251589300007, 23.630946137000024 ], [ 90.122788681000031, 23.63107012100005 ], [ 90.123607068000069, 23.631132699000034 ], [ 90.123879568000064, 23.630945053000062 ], [ 90.123946280000041, 23.62956299700005 ], [ 90.124355286000082, 23.629562669000052 ], [ 90.124696457000084, 23.629749824000044 ], [ 90.124969545000056, 23.630189948000066 ], [ 90.124969959000055, 23.630628035000029 ], [ 90.124561311000036, 23.631007737000061 ], [ 90.124356947000081, 23.631321787000047 ], [ 90.124221972000043, 23.632764872000052 ], [ 90.125176947000057, 23.633077989000071 ], [ 90.125159326000073, 23.633184017000076 ], [ 90.126464874000078, 23.633083329000044 ], [ 90.126651152000079, 23.632979689000024 ], [ 90.127675446000069, 23.633048854000037 ], [ 90.128204380000057, 23.63317261800006 ], [ 90.12939698200006, 23.633659393000073 ], [ 90.12957030900003, 23.633882807000077 ], [ 90.129919905000065, 23.633679268000037 ], [ 90.130107078000037, 23.633772786000065 ], [ 90.130830926000044, 23.633879724000053 ], [ 90.131368039000051, 23.634022666000078 ], [ 90.132333527000071, 23.634516560000066 ], [ 90.132769409000048, 23.634595055000034 ], [ 90.135018453000043, 23.634578774000033 ], [ 90.138171646000046, 23.635029313000075 ], [ 90.139649206000058, 23.634903790000067 ], [ 90.140656794000051, 23.635088050000036 ], [ 90.141664292000087, 23.634901963000061 ] ] ] } },
{ "type": "Feature", "properties": { "matched_key": "U_30261860006", "navigation_parent_key": "U_30261860", "admin_type": "paurashava_ward", "admin_label": "Paurashava Ward", "map_level": "ward", "admin_rank": 3, "displayable": 1, "geometry_status": "EXACT/GEOMETRY", "location_label": "Ward No. 06" }, "geometry": { "type": "Polygon", "coordinates": [ [ [ 90.141664292000087, 23.634901963000061 ], [ 90.14385435500003, 23.633809249000024 ], [ 90.144668395000053, 23.633514929000057 ], [ 90.144795342000066, 23.633611913000038 ], [ 90.145392817000072, 23.633640710000066 ], [ 90.145442100000082, 23.633322262000036 ], [ 90.145676614000081, 23.63285877900006 ], [ 90.146058247000042, 23.632508739000059 ], [ 90.146939549000081, 23.632101436000028 ], [ 90.148085617000049, 23.632019052000032 ], [ 90.148702932000049, 23.632262343000036 ], [ 90.149478108000039, 23.631487044000039 ], [ 90.150004813000066, 23.629643866000038 ], [ 90.150231102000077, 23.62953751200007 ], [ 90.150646540000082, 23.629537110000058 ], [ 90.15079750600006, 23.629469218000054 ], [ 90.150948305000043, 23.629259060000038 ], [ 90.152344993000042, 23.628946068000062 ], [ 90.152949154000055, 23.628945475000023 ], [ 90.152949314000068, 23.629083223000066 ], [ 90.152459033000071, 23.629535340000075 ], [ 90.152610399000082, 23.629815205000057 ], [ 90.153138890000037, 23.629814684000053 ], [ 90.153591849000065, 23.629674229000045 ], [ 90.154044242000055, 23.629048265000051 ], [ 90.154119324000078, 23.628804310000078 ], [ 90.154459107000037, 23.628560089000075 ], [ 90.155553576000045, 23.628141232000075 ], [ 90.156648784000083, 23.628350140000066 ], [ 90.157555478000063, 23.628730853000036 ], [ 90.158235003000073, 23.628730162000068 ], [ 90.159707130000072, 23.628240887000061 ], [ 90.159933676000037, 23.628102905000048 ], [ 90.16034766000007, 23.627163078000024 ], [ 90.160687374000076, 23.627126596000039 ], [ 90.161102594000056, 23.626952285000073 ], [ 90.161289483000076, 23.625457179000023 ], [ 90.161516106000079, 23.625386941000045 ], [ 90.161893843000087, 23.625630430000058 ], [ 90.162045392000039, 23.626048032000028 ], [ 90.162122817000068, 23.627472862000047 ], [ 90.161745582000037, 23.627891018000071 ], [ 90.16080213500004, 23.628275889000065 ], [ 90.159708015000035, 23.628972537000038 ], [ 90.159595039000067, 23.629286539000077 ], [ 90.159633111000062, 23.629354247000038 ], [ 90.160274916000049, 23.629319709000072 ], [ 90.163219067000057, 23.628517247000048 ], [ 90.163671883000063, 23.628272887000037 ], [ 90.163935800000047, 23.627888718000065 ], [ 90.163859564000063, 23.62743716600005 ], [ 90.16333009300007, 23.626638330000048 ], [ 90.161666371000081, 23.624761271000068 ], [ 90.161628180000037, 23.624343546000034 ], [ 90.161967504000074, 23.623995433000061 ], [ 90.162532325000086, 23.622671551000053 ], [ 90.162909324000054, 23.622323398000049 ], [ 90.163097570000048, 23.621941568000068 ], [ 90.163512680000053, 23.621697249000079 ], [ 90.164795865000031, 23.621348132000037 ], [ 90.164984705000052, 23.621205668000073 ], [ 90.164718674000085, 23.619887173000052 ], [ 90.16471824100006, 23.619539415000077 ], [ 90.164869095000086, 23.619399247000047 ], [ 90.165661483000065, 23.619050645000073 ], [ 90.166265557000031, 23.619016126000076 ], [ 90.167436416000044, 23.619258749000039 ], [ 90.168191516000036, 23.619221805000052 ], [ 90.169059122000078, 23.61876922600004 ], [ 90.169482040000048, 23.618290318000049 ], [ 90.168088116000035, 23.618208751000054 ], [ 90.166629915000044, 23.618234151000024 ], [ 90.165450515000032, 23.618366751000053 ], [ 90.163493317000075, 23.618776952000076 ], [ 90.161165217000075, 23.618968651000046 ], [ 90.158487316000048, 23.618935651000072 ], [ 90.156986915000061, 23.618616751000047 ], [ 90.155854731000034, 23.618575790000023 ], [ 90.156017615000053, 23.616117625000072 ], [ 90.155743122000047, 23.616102572000045 ], [ 90.155483583000034, 23.615959437000072 ], [ 90.155405503000054, 23.615732472000047 ], [ 90.15553404700006, 23.614764422000064 ], [ 90.155987120000077, 23.614070887000025 ], [ 90.156439749000072, 23.61300691200006 ], [ 90.156891317000031, 23.611058662000062 ], [ 90.15765368700005, 23.608763555000053 ], [ 90.157898615000079, 23.607544440000026 ], [ 90.157690975000037, 23.607413205000057 ], [ 90.157936502000041, 23.606695975000036 ], [ 90.157860252000035, 23.606371022000076 ], [ 90.158080738000081, 23.605320422000034 ], [ 90.157909052000036, 23.604890409000063 ], [ 90.157736313000044, 23.603578511000023 ], [ 90.157611459000066, 23.603270337000026 ], [ 90.157580080000059, 23.603055274000042 ], [ 90.157663629000069, 23.603064839000069 ], [ 90.157710308000048, 23.602857647000064 ], [ 90.157645307000053, 23.602720291000026 ], [ 90.157314701000075, 23.602768425000079 ], [ 90.15708795200004, 23.602918026000054 ], [ 90.156609251000077, 23.603832659000034 ], [ 90.156265879000046, 23.604054074000032 ], [ 90.155721288000052, 23.604134760000022 ], [ 90.154994697000063, 23.603776996000079 ], [ 90.154826107000076, 23.603765215000067 ], [ 90.154608111000073, 23.60381110000003 ], [ 90.154184853000061, 23.604253324000069 ], [ 90.154009883000072, 23.604331171000069 ], [ 90.152790821000053, 23.604269117000058 ], [ 90.152045942000086, 23.604864866000071 ], [ 90.151792396000076, 23.605363197000031 ], [ 90.151513666000085, 23.605326537000053 ], [ 90.151151417000051, 23.606126897000024 ], [ 90.150933759000054, 23.606299183000033 ], [ 90.15065372600003, 23.606356815000026 ], [ 90.150342416000058, 23.606280638000044 ], [ 90.148188075000064, 23.605437628000061 ], [ 90.145706994000079, 23.603900858000031 ], [ 90.144544513000085, 23.603347480000025 ], [ 90.14168010700007, 23.602202951000038 ], [ 90.140694714000063, 23.602309004000062 ], [ 90.139906777000078, 23.602749464000055 ], [ 90.13952303800005, 23.602835847000051 ], [ 90.137634772000069, 23.602608098000076 ], [ 90.137146967000035, 23.60237909600005 ], [ 90.136437593000039, 23.602372855000056 ], [ 90.136295304000043, 23.602111235000052 ], [ 90.136260890000074, 23.601413486000069 ], [ 90.136562605000051, 23.600826092000034 ], [ 90.136461112000063, 23.600130661000037 ], [ 90.136678701000051, 23.599649477000071 ], [ 90.137215714000035, 23.599418668000055 ], [ 90.137702700000034, 23.599386625000022 ], [ 90.137937457000078, 23.59921705000005 ], [ 90.138104841000086, 23.598767524000039 ], [ 90.138037209000061, 23.598241426000072 ], [ 90.137600055000064, 23.597591457000078 ], [ 90.137247201000037, 23.597298205000072 ], [ 90.136525262000077, 23.597298841000054 ], [ 90.136223094000059, 23.597145549000061 ], [ 90.13593725800007, 23.596789006000051 ], [ 90.135483642000054, 23.596495839000056 ], [ 90.135030356000073, 23.596227508000027 ], [ 90.134442684000078, 23.59603155700006 ], [ 90.133770968000078, 23.59601858700006 ], [ 90.133334654000066, 23.596172522000074 ], [ 90.132424774000071, 23.597271894000073 ], [ 90.13234632800004, 23.597186618000023 ], [ 90.131765297000072, 23.597062835000031 ], [ 90.131111768000039, 23.597053828000071 ], [ 90.130406212000082, 23.596882346000029 ], [ 90.128871007000043, 23.596931427000072 ], [ 90.126462579000076, 23.59431481300004 ], [ 90.125840739000068, 23.594888903000026 ], [ 90.122502765000036, 23.596985865000079 ], [ 90.122321833000058, 23.597805221000044 ], [ 90.122418164000067, 23.59896133500007 ], [ 90.121966573000066, 23.599510428000031 ], [ 90.121418945000073, 23.599553764000063 ], [ 90.120898427000043, 23.599432228000069 ], [ 90.119896668000081, 23.599604629000055 ], [ 90.119572769000058, 23.599787789000061 ], [ 90.119572993000077, 23.600036192000061 ], [ 90.119421945000056, 23.600329871000042 ], [ 90.118738721000057, 23.600483952000047 ], [ 90.118807873000037, 23.601427819000037 ], [ 90.119047219000038, 23.602236066000046 ], [ 90.118561255000031, 23.603083258000026 ], [ 90.118165739000062, 23.603347768000049 ], [ 90.118132296000056, 23.603625549000071 ], [ 90.118562100000076, 23.604702375000045 ], [ 90.119489596000051, 23.605356538000024 ], [ 90.119155504000048, 23.60580165600004 ], [ 90.118730275000075, 23.607095921000052 ], [ 90.117348313000036, 23.608296067000026 ], [ 90.116693405000035, 23.608655613000053 ], [ 90.11554355800007, 23.609103594000032 ], [ 90.11533442700005, 23.609907662000069 ], [ 90.115368545000081, 23.610388629000056 ], [ 90.115689103000079, 23.611814342000059 ], [ 90.115460875000053, 23.612358131000065 ], [ 90.114667990000044, 23.613240604000055 ], [ 90.114520514000048, 23.613656561000028 ], [ 90.114155179000079, 23.614087018000077 ], [ 90.11368122500005, 23.614883214000031 ], [ 90.113518199000055, 23.615320691000022 ], [ 90.113388672000042, 23.61621933400005 ], [ 90.112448445000041, 23.617350489000046 ], [ 90.111330942000052, 23.618482644000039 ], [ 90.109894328000053, 23.620129880000036 ], [ 90.108430355000053, 23.621336778000057 ], [ 90.106179633000067, 23.623822378000057 ], [ 90.108128526000087, 23.624338748000071 ], [ 90.109462779000069, 23.624797265000041 ], [ 90.109739323000042, 23.624597034000033 ], [ 90.111106518000042, 23.624930451000068 ], [ 90.112429063000036, 23.625032007000073 ], [ 90.114338170000053, 23.625040171000023 ], [ 90.114493712000069, 23.624934899000039 ], [ 90.116900969000085, 23.625092756000072 ], [ 90.117781823000087, 23.626876051000067 ], [ 90.11766456600003, 23.627309710000077 ], [ 90.116902574000051, 23.627751223000075 ], [ 90.116791853000052, 23.629717826000046 ], [ 90.120107215000075, 23.630315701000029 ], [ 90.120353512000065, 23.630172114000061 ], [ 90.120228477000069, 23.629898058000038 ], [ 90.120500770000035, 23.629736366000031 ], [ 90.120412720000047, 23.629361348000032 ], [ 90.120277685000076, 23.629198938000059 ], [ 90.120985902000086, 23.627695563000032 ], [ 90.12105517100008, 23.627695508000045 ], [ 90.122240067000064, 23.628568864000044 ], [ 90.122242050000068, 23.629688548000047 ], [ 90.12251589300007, 23.630946137000024 ], [ 90.122788681000031, 23.63107012100005 ], [ 90.123607068000069, 23.631132699000034 ], [ 90.123879568000064, 23.630945053000062 ], [ 90.123946280000041, 23.62956299700005 ], [ 90.124355286000082, 23.629562669000052 ], [ 90.124696457000084, 23.629749824000044 ], [ 90.124969545000056, 23.630189948000066 ], [ 90.124969959000055, 23.630628035000029 ], [ 90.124561311000036, 23.631007737000061 ], [ 90.124356947000081, 23.631321787000047 ], [ 90.124221972000043, 23.632764872000052 ], [ 90.125176947000057, 23.633077989000071 ], [ 90.125159326000073, 23.633184017000076 ], [ 90.126464874000078, 23.633083329000044 ], [ 90.126651152000079, 23.632979689000024 ], [ 90.127675446000069, 23.633048854000037 ], [ 90.128204380000057, 23.63317261800006 ], [ 90.12939698200006, 23.633659393000073 ], [ 90.12957030900003, 23.633882807000077 ], [ 90.129919905000065, 23.633679268000037 ], [ 90.130107078000037, 23.633772786000065 ], [ 90.130830926000044, 23.633879724000053 ], [ 90.131368039000051, 23.634022666000078 ], [ 90.132333527000071, 23.634516560000066 ], [ 90.132769409000048, 23.634595055000034 ], [ 90.135018453000043, 23.634578774000033 ], [ 90.138171646000046, 23.635029313000075 ], [ 90.139649206000058, 23.634903790000067 ], [ 90.140656794000051, 23.635088050000036 ], [ 90.141664292000087, 23.634901963000061 ] ] ] } },
{ "type": "Feature", "properties": { "matched_key": "U_30261860007", "navigation_parent_key": "U_30261860", "admin_type": "paurashava_ward", "admin_label": "Paurashava Ward", "map_level": "ward", "admin_rank": 3, "displayable": 1, "geometry_status": "EXACT/GEOMETRY", "location_label": "Ward No. 07" }, "geometry": { "type": "Polygon", "coordinates": [ [ [ 90.141664292000087, 23.634901963000061 ], [ 90.14385435500003, 23.633809249000024 ], [ 90.144668395000053, 23.633514929000057 ], [ 90.144795342000066, 23.633611913000038 ], [ 90.145392817000072, 23.633640710000066 ], [ 90.145442100000082, 23.633322262000036 ], [ 90.145676614000081, 23.63285877900006 ], [ 90.146058247000042, 23.632508739000059 ], [ 90.146939549000081, 23.632101436000028 ], [ 90.148085617000049, 23.632019052000032 ], [ 90.148702932000049, 23.632262343000036 ], [ 90.149478108000039, 23.631487044000039 ], [ 90.150004813000066, 23.629643866000038 ], [ 90.150231102000077, 23.62953751200007 ], [ 90.150646540000082, 23.629537110000058 ], [ 90.15079750600006, 23.629469218000054 ], [ 90.150948305000043, 23.629259060000038 ], [ 90.152344993000042, 23.628946068000062 ], [ 90.152949154000055, 23.628945475000023 ], [ 90.152949314000068, 23.629083223000066 ], [ 90.152459033000071, 23.629535340000075 ], [ 90.152610399000082, 23.629815205000057 ], [ 90.153138890000037, 23.629814684000053 ], [ 90.153591849000065, 23.629674229000045 ], [ 90.154044242000055, 23.629048265000051 ], [ 90.154119324000078, 23.628804310000078 ], [ 90.154459107000037, 23.628560089000075 ], [ 90.155553576000045, 23.628141232000075 ], [ 90.156648784000083, 23.628350140000066 ], [ 90.157555478000063, 23.628730853000036 ], [ 90.158235003000073, 23.628730162000068 ], [ 90.159707130000072, 23.628240887000061 ], [ 90.159933676000037, 23.628102905000048 ], [ 90.16034766000007, 23.627163078000024 ], [ 90.160687374000076, 23.627126596000039 ], [ 90.161102594000056, 23.626952285000073 ], [ 90.161289483000076, 23.625457179000023 ], [ 90.161516106000079, 23.625386941000045 ], [ 90.161893843000087, 23.625630430000058 ], [ 90.162045392000039, 23.626048032000028 ], [ 90.162122817000068, 23.627472862000047 ], [ 90.161745582000037, 23.627891018000071 ], [ 90.16080213500004, 23.628275889000065 ], [ 90.159708015000035, 23.628972537000038 ], [ 90.159595039000067, 23.629286539000077 ], [ 90.159633111000062, 23.629354247000038 ], [ 90.160274916000049, 23.629319709000072 ], [ 90.163219067000057, 23.628517247000048 ], [ 90.163671883000063, 23.628272887000037 ], [ 90.163935800000047, 23.627888718000065 ], [ 90.163859564000063, 23.62743716600005 ], [ 90.16333009300007, 23.626638330000048 ], [ 90.161666371000081, 23.624761271000068 ], [ 90.161628180000037, 23.624343546000034 ], [ 90.161967504000074, 23.623995433000061 ], [ 90.162532325000086, 23.622671551000053 ], [ 90.162909324000054, 23.622323398000049 ], [ 90.163097570000048, 23.621941568000068 ], [ 90.163512680000053, 23.621697249000079 ], [ 90.164795865000031, 23.621348132000037 ], [ 90.164984705000052, 23.621205668000073 ], [ 90.164718674000085, 23.619887173000052 ], [ 90.16471824100006, 23.619539415000077 ], [ 90.164869095000086, 23.619399247000047 ], [ 90.165661483000065, 23.619050645000073 ], [ 90.166265557000031, 23.619016126000076 ], [ 90.167436416000044, 23.619258749000039 ], [ 90.168191516000036, 23.619221805000052 ], [ 90.169059122000078, 23.61876922600004 ], [ 90.169482040000048, 23.618290318000049 ], [ 90.168088116000035, 23.618208751000054 ], [ 90.166629915000044, 23.618234151000024 ], [ 90.165450515000032, 23.618366751000053 ], [ 90.163493317000075, 23.618776952000076 ], [ 90.161165217000075, 23.618968651000046 ], [ 90.158487316000048, 23.618935651000072 ], [ 90.156986915000061, 23.618616751000047 ], [ 90.155854731000034, 23.618575790000023 ], [ 90.156017615000053, 23.616117625000072 ], [ 90.155743122000047, 23.616102572000045 ], [ 90.155483583000034, 23.615959437000072 ], [ 90.155405503000054, 23.615732472000047 ], [ 90.15553404700006, 23.614764422000064 ], [ 90.155987120000077, 23.614070887000025 ], [ 90.156439749000072, 23.61300691200006 ], [ 90.156891317000031, 23.611058662000062 ], [ 90.15765368700005, 23.608763555000053 ], [ 90.157898615000079, 23.607544440000026 ], [ 90.157690975000037, 23.607413205000057 ], [ 90.157936502000041, 23.606695975000036 ], [ 90.157860252000035, 23.606371022000076 ], [ 90.158080738000081, 23.605320422000034 ], [ 90.157909052000036, 23.604890409000063 ], [ 90.157736313000044, 23.603578511000023 ], [ 90.157611459000066, 23.603270337000026 ], [ 90.157580080000059, 23.603055274000042 ], [ 90.157663629000069, 23.603064839000069 ], [ 90.157710308000048, 23.602857647000064 ], [ 90.157645307000053, 23.602720291000026 ], [ 90.157314701000075, 23.602768425000079 ], [ 90.15708795200004, 23.602918026000054 ], [ 90.156609251000077, 23.603832659000034 ], [ 90.156265879000046, 23.604054074000032 ], [ 90.155721288000052, 23.604134760000022 ], [ 90.154994697000063, 23.603776996000079 ], [ 90.154826107000076, 23.603765215000067 ], [ 90.154608111000073, 23.60381110000003 ], [ 90.154184853000061, 23.604253324000069 ], [ 90.154009883000072, 23.604331171000069 ], [ 90.152790821000053, 23.604269117000058 ], [ 90.152045942000086, 23.604864866000071 ], [ 90.151792396000076, 23.605363197000031 ], [ 90.151513666000085, 23.605326537000053 ], [ 90.151151417000051, 23.606126897000024 ], [ 90.150933759000054, 23.606299183000033 ], [ 90.15065372600003, 23.606356815000026 ], [ 90.150342416000058, 23.606280638000044 ], [ 90.148188075000064, 23.605437628000061 ], [ 90.145706994000079, 23.603900858000031 ], [ 90.144544513000085, 23.603347480000025 ], [ 90.14168010700007, 23.602202951000038 ], [ 90.140694714000063, 23.602309004000062 ], [ 90.139906777000078, 23.602749464000055 ], [ 90.13952303800005, 23.602835847000051 ], [ 90.137634772000069, 23.602608098000076 ], [ 90.137146967000035, 23.60237909600005 ], [ 90.136437593000039, 23.602372855000056 ], [ 90.136295304000043, 23.602111235000052 ], [ 90.136260890000074, 23.601413486000069 ], [ 90.136562605000051, 23.600826092000034 ], [ 90.136461112000063, 23.600130661000037 ], [ 90.136678701000051, 23.599649477000071 ], [ 90.137215714000035, 23.599418668000055 ], [ 90.137702700000034, 23.599386625000022 ], [ 90.137937457000078, 23.59921705000005 ], [ 90.138104841000086, 23.598767524000039 ], [ 90.138037209000061, 23.598241426000072 ], [ 90.137600055000064, 23.597591457000078 ], [ 90.137247201000037, 23.597298205000072 ], [ 90.136525262000077, 23.597298841000054 ], [ 90.136223094000059, 23.597145549000061 ], [ 90.13593725800007, 23.596789006000051 ], [ 90.135483642000054, 23.596495839000056 ], [ 90.135030356000073, 23.596227508000027 ], [ 90.134442684000078, 23.59603155700006 ], [ 90.133770968000078, 23.59601858700006 ], [ 90.133334654000066, 23.596172522000074 ], [ 90.132424774000071, 23.597271894000073 ], [ 90.13234632800004, 23.597186618000023 ], [ 90.131765297000072, 23.597062835000031 ], [ 90.131111768000039, 23.597053828000071 ], [ 90.130406212000082, 23.596882346000029 ], [ 90.128871007000043, 23.596931427000072 ], [ 90.126462579000076, 23.59431481300004 ], [ 90.125840739000068, 23.594888903000026 ], [ 90.122502765000036, 23.596985865000079 ], [ 90.122321833000058, 23.597805221000044 ], [ 90.122418164000067, 23.59896133500007 ], [ 90.121966573000066, 23.599510428000031 ], [ 90.121418945000073, 23.599553764000063 ], [ 90.120898427000043, 23.599432228000069 ], [ 90.119896668000081, 23.599604629000055 ], [ 90.119572769000058, 23.599787789000061 ], [ 90.119572993000077, 23.600036192000061 ], [ 90.119421945000056, 23.600329871000042 ], [ 90.118738721000057, 23.600483952000047 ], [ 90.118807873000037, 23.601427819000037 ], [ 90.119047219000038, 23.602236066000046 ], [ 90.118561255000031, 23.603083258000026 ], [ 90.118165739000062, 23.603347768000049 ], [ 90.118132296000056, 23.603625549000071 ], [ 90.118562100000076, 23.604702375000045 ], [ 90.119489596000051, 23.605356538000024 ], [ 90.119155504000048, 23.60580165600004 ], [ 90.118730275000075, 23.607095921000052 ], [ 90.117348313000036, 23.608296067000026 ], [ 90.116693405000035, 23.608655613000053 ], [ 90.11554355800007, 23.609103594000032 ], [ 90.11533442700005, 23.609907662000069 ], [ 90.115368545000081, 23.610388629000056 ], [ 90.115689103000079, 23.611814342000059 ], [ 90.115460875000053, 23.612358131000065 ], [ 90.114667990000044, 23.613240604000055 ], [ 90.114520514000048, 23.613656561000028 ], [ 90.114155179000079, 23.614087018000077 ], [ 90.11368122500005, 23.614883214000031 ], [ 90.113518199000055, 23.615320691000022 ], [ 90.113388672000042, 23.61621933400005 ], [ 90.112448445000041, 23.617350489000046 ], [ 90.111330942000052, 23.618482644000039 ], [ 90.109894328000053, 23.620129880000036 ], [ 90.108430355000053, 23.621336778000057 ], [ 90.106179633000067, 23.623822378000057 ], [ 90.108128526000087, 23.624338748000071 ], [ 90.109462779000069, 23.624797265000041 ], [ 90.109739323000042, 23.624597034000033 ], [ 90.111106518000042, 23.624930451000068 ], [ 90.112429063000036, 23.625032007000073 ], [ 90.114338170000053, 23.625040171000023 ], [ 90.114493712000069, 23.624934899000039 ], [ 90.116900969000085, 23.625092756000072 ], [ 90.117781823000087, 23.626876051000067 ], [ 90.11766456600003, 23.627309710000077 ], [ 90.116902574000051, 23.627751223000075 ], [ 90.116791853000052, 23.629717826000046 ], [ 90.120107215000075, 23.630315701000029 ], [ 90.120353512000065, 23.630172114000061 ], [ 90.120228477000069, 23.629898058000038 ], [ 90.120500770000035, 23.629736366000031 ], [ 90.120412720000047, 23.629361348000032 ], [ 90.120277685000076, 23.629198938000059 ], [ 90.120985902000086, 23.627695563000032 ], [ 90.12105517100008, 23.627695508000045 ], [ 90.122240067000064, 23.628568864000044 ], [ 90.122242050000068, 23.629688548000047 ], [ 90.12251589300007, 23.630946137000024 ], [ 90.122788681000031, 23.63107012100005 ], [ 90.123607068000069, 23.631132699000034 ], [ 90.123879568000064, 23.630945053000062 ], [ 90.123946280000041, 23.62956299700005 ], [ 90.124355286000082, 23.629562669000052 ], [ 90.124696457000084, 23.629749824000044 ], [ 90.124969545000056, 23.630189948000066 ], [ 90.124969959000055, 23.630628035000029 ], [ 90.124561311000036, 23.631007737000061 ], [ 90.124356947000081, 23.631321787000047 ], [ 90.124221972000043, 23.632764872000052 ], [ 90.125176947000057, 23.633077989000071 ], [ 90.125159326000073, 23.633184017000076 ], [ 90.126464874000078, 23.633083329000044 ], [ 90.126651152000079, 23.632979689000024 ], [ 90.127675446000069, 23.633048854000037 ], [ 90.128204380000057, 23.63317261800006 ], [ 90.12939698200006, 23.633659393000073 ], [ 90.12957030900003, 23.633882807000077 ], [ 90.129919905000065, 23.633679268000037 ], [ 90.130107078000037, 23.633772786000065 ], [ 90.130830926000044, 23.633879724000053 ], [ 90.131368039000051, 23.634022666000078 ], [ 90.132333527000071, 23.634516560000066 ], [ 90.132769409000048, 23.634595055000034 ], [ 90.135018453000043, 23.634578774000033 ], [ 90.138171646000046, 23.635029313000075 ], [ 90.139649206000058, 23.634903790000067 ], [ 90.140656794000051, 23.635088050000036 ], [ 90.141664292000087, 23.634901963000061 ] ] ] } },
{ "type": "Feature", "properties": { "matched_key": "U_30261860008", "navigation_parent_key": "U_30261860", "admin_type": "paurashava_ward", "admin_label": "Paurashava Ward", "map_level": "ward", "admin_rank": 3, "displayable": 1, "geometry_status": "EXACT/GEOMETRY", "location_label": "Ward No. 08" }, "geometry": { "type": "Polygon", "coordinates": [ [ [ 90.141664292000087, 23.634901963000061 ], [ 90.14385435500003, 23.633809249000024 ], [ 90.144668395000053, 23.633514929000057 ], [ 90.144795342000066, 23.633611913000038 ], [ 90.145392817000072, 23.633640710000066 ], [ 90.145442100000082, 23.633322262000036 ], [ 90.145676614000081, 23.63285877900006 ], [ 90.146058247000042, 23.632508739000059 ], [ 90.146939549000081, 23.632101436000028 ], [ 90.148085617000049, 23.632019052000032 ], [ 90.148702932000049, 23.632262343000036 ], [ 90.149478108000039, 23.631487044000039 ], [ 90.150004813000066, 23.629643866000038 ], [ 90.150231102000077, 23.62953751200007 ], [ 90.150646540000082, 23.629537110000058 ], [ 90.15079750600006, 23.629469218000054 ], [ 90.150948305000043, 23.629259060000038 ], [ 90.152344993000042, 23.628946068000062 ], [ 90.152949154000055, 23.628945475000023 ], [ 90.152949314000068, 23.629083223000066 ], [ 90.152459033000071, 23.629535340000075 ], [ 90.152610399000082, 23.629815205000057 ], [ 90.153138890000037, 23.629814684000053 ], [ 90.153591849000065, 23.629674229000045 ], [ 90.154044242000055, 23.629048265000051 ], [ 90.154119324000078, 23.628804310000078 ], [ 90.154459107000037, 23.628560089000075 ], [ 90.155553576000045, 23.628141232000075 ], [ 90.156648784000083, 23.628350140000066 ], [ 90.157555478000063, 23.628730853000036 ], [ 90.158235003000073, 23.628730162000068 ], [ 90.159707130000072, 23.628240887000061 ], [ 90.159933676000037, 23.628102905000048 ], [ 90.16034766000007, 23.627163078000024 ], [ 90.160687374000076, 23.627126596000039 ], [ 90.161102594000056, 23.626952285000073 ], [ 90.161289483000076, 23.625457179000023 ], [ 90.161516106000079, 23.625386941000045 ], [ 90.161893843000087, 23.625630430000058 ], [ 90.162045392000039, 23.626048032000028 ], [ 90.162122817000068, 23.627472862000047 ], [ 90.161745582000037, 23.627891018000071 ], [ 90.16080213500004, 23.628275889000065 ], [ 90.159708015000035, 23.628972537000038 ], [ 90.159595039000067, 23.629286539000077 ], [ 90.159633111000062, 23.629354247000038 ], [ 90.160274916000049, 23.629319709000072 ], [ 90.163219067000057, 23.628517247000048 ], [ 90.163671883000063, 23.628272887000037 ], [ 90.163935800000047, 23.627888718000065 ], [ 90.163859564000063, 23.62743716600005 ], [ 90.16333009300007, 23.626638330000048 ], [ 90.161666371000081, 23.624761271000068 ], [ 90.161628180000037, 23.624343546000034 ], [ 90.161967504000074, 23.623995433000061 ], [ 90.162532325000086, 23.622671551000053 ], [ 90.162909324000054, 23.622323398000049 ], [ 90.163097570000048, 23.621941568000068 ], [ 90.163512680000053, 23.621697249000079 ], [ 90.164795865000031, 23.621348132000037 ], [ 90.164984705000052, 23.621205668000073 ], [ 90.164718674000085, 23.619887173000052 ], [ 90.16471824100006, 23.619539415000077 ], [ 90.164869095000086, 23.619399247000047 ], [ 90.165661483000065, 23.619050645000073 ], [ 90.166265557000031, 23.619016126000076 ], [ 90.167436416000044, 23.619258749000039 ], [ 90.168191516000036, 23.619221805000052 ], [ 90.169059122000078, 23.61876922600004 ], [ 90.169482040000048, 23.618290318000049 ], [ 90.168088116000035, 23.618208751000054 ], [ 90.166629915000044, 23.618234151000024 ], [ 90.165450515000032, 23.618366751000053 ], [ 90.163493317000075, 23.618776952000076 ], [ 90.161165217000075, 23.618968651000046 ], [ 90.158487316000048, 23.618935651000072 ], [ 90.156986915000061, 23.618616751000047 ], [ 90.155854731000034, 23.618575790000023 ], [ 90.156017615000053, 23.616117625000072 ], [ 90.155743122000047, 23.616102572000045 ], [ 90.155483583000034, 23.615959437000072 ], [ 90.155405503000054, 23.615732472000047 ], [ 90.15553404700006, 23.614764422000064 ], [ 90.155987120000077, 23.614070887000025 ], [ 90.156439749000072, 23.61300691200006 ], [ 90.156891317000031, 23.611058662000062 ], [ 90.15765368700005, 23.608763555000053 ], [ 90.157898615000079, 23.607544440000026 ], [ 90.157690975000037, 23.607413205000057 ], [ 90.157936502000041, 23.606695975000036 ], [ 90.157860252000035, 23.606371022000076 ], [ 90.158080738000081, 23.605320422000034 ], [ 90.157909052000036, 23.604890409000063 ], [ 90.157736313000044, 23.603578511000023 ], [ 90.157611459000066, 23.603270337000026 ], [ 90.157580080000059, 23.603055274000042 ], [ 90.157663629000069, 23.603064839000069 ], [ 90.157710308000048, 23.602857647000064 ], [ 90.157645307000053, 23.602720291000026 ], [ 90.157314701000075, 23.602768425000079 ], [ 90.15708795200004, 23.602918026000054 ], [ 90.156609251000077, 23.603832659000034 ], [ 90.156265879000046, 23.604054074000032 ], [ 90.155721288000052, 23.604134760000022 ], [ 90.154994697000063, 23.603776996000079 ], [ 90.154826107000076, 23.603765215000067 ], [ 90.154608111000073, 23.60381110000003 ], [ 90.154184853000061, 23.604253324000069 ], [ 90.154009883000072, 23.604331171000069 ], [ 90.152790821000053, 23.604269117000058 ], [ 90.152045942000086, 23.604864866000071 ], [ 90.151792396000076, 23.605363197000031 ], [ 90.151513666000085, 23.605326537000053 ], [ 90.151151417000051, 23.606126897000024 ], [ 90.150933759000054, 23.606299183000033 ], [ 90.15065372600003, 23.606356815000026 ], [ 90.150342416000058, 23.606280638000044 ], [ 90.148188075000064, 23.605437628000061 ], [ 90.145706994000079, 23.603900858000031 ], [ 90.144544513000085, 23.603347480000025 ], [ 90.14168010700007, 23.602202951000038 ], [ 90.140694714000063, 23.602309004000062 ], [ 90.139906777000078, 23.602749464000055 ], [ 90.13952303800005, 23.602835847000051 ], [ 90.137634772000069, 23.602608098000076 ], [ 90.137146967000035, 23.60237909600005 ], [ 90.136437593000039, 23.602372855000056 ], [ 90.136295304000043, 23.602111235000052 ], [ 90.136260890000074, 23.601413486000069 ], [ 90.136562605000051, 23.600826092000034 ], [ 90.136461112000063, 23.600130661000037 ], [ 90.136678701000051, 23.599649477000071 ], [ 90.137215714000035, 23.599418668000055 ], [ 90.137702700000034, 23.599386625000022 ], [ 90.137937457000078, 23.59921705000005 ], [ 90.138104841000086, 23.598767524000039 ], [ 90.138037209000061, 23.598241426000072 ], [ 90.137600055000064, 23.597591457000078 ], [ 90.137247201000037, 23.597298205000072 ], [ 90.136525262000077, 23.597298841000054 ], [ 90.136223094000059, 23.597145549000061 ], [ 90.13593725800007, 23.596789006000051 ], [ 90.135483642000054, 23.596495839000056 ], [ 90.135030356000073, 23.596227508000027 ], [ 90.134442684000078, 23.59603155700006 ], [ 90.133770968000078, 23.59601858700006 ], [ 90.133334654000066, 23.596172522000074 ], [ 90.132424774000071, 23.597271894000073 ], [ 90.13234632800004, 23.597186618000023 ], [ 90.131765297000072, 23.597062835000031 ], [ 90.131111768000039, 23.597053828000071 ], [ 90.130406212000082, 23.596882346000029 ], [ 90.128871007000043, 23.596931427000072 ], [ 90.126462579000076, 23.59431481300004 ], [ 90.125840739000068, 23.594888903000026 ], [ 90.122502765000036, 23.596985865000079 ], [ 90.122321833000058, 23.597805221000044 ], [ 90.122418164000067, 23.59896133500007 ], [ 90.121966573000066, 23.599510428000031 ], [ 90.121418945000073, 23.599553764000063 ], [ 90.120898427000043, 23.599432228000069 ], [ 90.119896668000081, 23.599604629000055 ], [ 90.119572769000058, 23.599787789000061 ], [ 90.119572993000077, 23.600036192000061 ], [ 90.119421945000056, 23.600329871000042 ], [ 90.118738721000057, 23.600483952000047 ], [ 90.118807873000037, 23.601427819000037 ], [ 90.119047219000038, 23.602236066000046 ], [ 90.118561255000031, 23.603083258000026 ], [ 90.118165739000062, 23.603347768000049 ], [ 90.118132296000056, 23.603625549000071 ], [ 90.118562100000076, 23.604702375000045 ], [ 90.119489596000051, 23.605356538000024 ], [ 90.119155504000048, 23.60580165600004 ], [ 90.118730275000075, 23.607095921000052 ], [ 90.117348313000036, 23.608296067000026 ], [ 90.116693405000035, 23.608655613000053 ], [ 90.11554355800007, 23.609103594000032 ], [ 90.11533442700005, 23.609907662000069 ], [ 90.115368545000081, 23.610388629000056 ], [ 90.115689103000079, 23.611814342000059 ], [ 90.115460875000053, 23.612358131000065 ], [ 90.114667990000044, 23.613240604000055 ], [ 90.114520514000048, 23.613656561000028 ], [ 90.114155179000079, 23.614087018000077 ], [ 90.11368122500005, 23.614883214000031 ], [ 90.113518199000055, 23.615320691000022 ], [ 90.113388672000042, 23.61621933400005 ], [ 90.112448445000041, 23.617350489000046 ], [ 90.111330942000052, 23.618482644000039 ], [ 90.109894328000053, 23.620129880000036 ], [ 90.108430355000053, 23.621336778000057 ], [ 90.106179633000067, 23.623822378000057 ], [ 90.108128526000087, 23.624338748000071 ], [ 90.109462779000069, 23.624797265000041 ], [ 90.109739323000042, 23.624597034000033 ], [ 90.111106518000042, 23.624930451000068 ], [ 90.112429063000036, 23.625032007000073 ], [ 90.114338170000053, 23.625040171000023 ], [ 90.114493712000069, 23.624934899000039 ], [ 90.116900969000085, 23.625092756000072 ], [ 90.117781823000087, 23.626876051000067 ], [ 90.11766456600003, 23.627309710000077 ], [ 90.116902574000051, 23.627751223000075 ], [ 90.116791853000052, 23.629717826000046 ], [ 90.120107215000075, 23.630315701000029 ], [ 90.120353512000065, 23.630172114000061 ], [ 90.120228477000069, 23.629898058000038 ], [ 90.120500770000035, 23.629736366000031 ], [ 90.120412720000047, 23.629361348000032 ], [ 90.120277685000076, 23.629198938000059 ], [ 90.120985902000086, 23.627695563000032 ], [ 90.12105517100008, 23.627695508000045 ], [ 90.122240067000064, 23.628568864000044 ], [ 90.122242050000068, 23.629688548000047 ], [ 90.12251589300007, 23.630946137000024 ], [ 90.122788681000031, 23.63107012100005 ], [ 90.123607068000069, 23.631132699000034 ], [ 90.123879568000064, 23.630945053000062 ], [ 90.123946280000041, 23.62956299700005 ], [ 90.124355286000082, 23.629562669000052 ], [ 90.124696457000084, 23.629749824000044 ], [ 90.124969545000056, 23.630189948000066 ], [ 90.124969959000055, 23.630628035000029 ], [ 90.124561311000036, 23.631007737000061 ], [ 90.124356947000081, 23.631321787000047 ], [ 90.124221972000043, 23.632764872000052 ], [ 90.125176947000057, 23.633077989000071 ], [ 90.125159326000073, 23.633184017000076 ], [ 90.126464874000078, 23.633083329000044 ], [ 90.126651152000079, 23.632979689000024 ], [ 90.127675446000069, 23.633048854000037 ], [ 90.128204380000057, 23.63317261800006 ], [ 90.12939698200006, 23.633659393000073 ], [ 90.12957030900003, 23.633882807000077 ], [ 90.129919905000065, 23.633679268000037 ], [ 90.130107078000037, 23.633772786000065 ], [ 90.130830926000044, 23.633879724000053 ], [ 90.131368039000051, 23.634022666000078 ], [ 90.132333527000071, 23.634516560000066 ], [ 90.132769409000048, 23.634595055000034 ], [ 90.135018453000043, 23.634578774000033 ], [ 90.138171646000046, 23.635029313000075 ], [ 90.139649206000058, 23.634903790000067 ], [ 90.140656794000051, 23.635088050000036 ], [ 90.141664292000087, 23.634901963000061 ] ] ] } },
{ "type": "Feature", "properties": { "matched_key": "U_30261860009", "navigation_parent_key": "U_30261860", "admin_type": "paurashava_ward", "admin_label": "Paurashava Ward", "map_level": "ward", "admin_rank": 3, "displayable": 1, "geometry_status": "EXACT/GEOMETRY", "location_label": "Ward No. 09" }, "geometry": { "type": "Polygon", "coordinates": [ [ [ 90.141664292000087, 23.634901963000061 ], [ 90.14385435500003, 23.633809249000024 ], [ 90.144668395000053, 23.633514929000057 ], [ 90.144795342000066, 23.633611913000038 ], [ 90.145392817000072, 23.633640710000066 ], [ 90.145442100000082, 23.633322262000036 ], [ 90.145676614000081, 23.63285877900006 ], [ 90.146058247000042, 23.632508739000059 ], [ 90.146939549000081, 23.632101436000028 ], [ 90.148085617000049, 23.632019052000032 ], [ 90.148702932000049, 23.632262343000036 ], [ 90.149478108000039, 23.631487044000039 ], [ 90.150004813000066, 23.629643866000038 ], [ 90.150231102000077, 23.62953751200007 ], [ 90.150646540000082, 23.629537110000058 ], [ 90.15079750600006, 23.629469218000054 ], [ 90.150948305000043, 23.629259060000038 ], [ 90.152344993000042, 23.628946068000062 ], [ 90.152949154000055, 23.628945475000023 ], [ 90.152949314000068, 23.629083223000066 ], [ 90.152459033000071, 23.629535340000075 ], [ 90.152610399000082, 23.629815205000057 ], [ 90.153138890000037, 23.629814684000053 ], [ 90.153591849000065, 23.629674229000045 ], [ 90.154044242000055, 23.629048265000051 ], [ 90.154119324000078, 23.628804310000078 ], [ 90.154459107000037, 23.628560089000075 ], [ 90.155553576000045, 23.628141232000075 ], [ 90.156648784000083, 23.628350140000066 ], [ 90.157555478000063, 23.628730853000036 ], [ 90.158235003000073, 23.628730162000068 ], [ 90.159707130000072, 23.628240887000061 ], [ 90.159933676000037, 23.628102905000048 ], [ 90.16034766000007, 23.627163078000024 ], [ 90.160687374000076, 23.627126596000039 ], [ 90.161102594000056, 23.626952285000073 ], [ 90.161289483000076, 23.625457179000023 ], [ 90.161516106000079, 23.625386941000045 ], [ 90.161893843000087, 23.625630430000058 ], [ 90.162045392000039, 23.626048032000028 ], [ 90.162122817000068, 23.627472862000047 ], [ 90.161745582000037, 23.627891018000071 ], [ 90.16080213500004, 23.628275889000065 ], [ 90.159708015000035, 23.628972537000038 ], [ 90.159595039000067, 23.629286539000077 ], [ 90.159633111000062, 23.629354247000038 ], [ 90.160274916000049, 23.629319709000072 ], [ 90.163219067000057, 23.628517247000048 ], [ 90.163671883000063, 23.628272887000037 ], [ 90.163935800000047, 23.627888718000065 ], [ 90.163859564000063, 23.62743716600005 ], [ 90.16333009300007, 23.626638330000048 ], [ 90.161666371000081, 23.624761271000068 ], [ 90.161628180000037, 23.624343546000034 ], [ 90.161967504000074, 23.623995433000061 ], [ 90.162532325000086, 23.622671551000053 ], [ 90.162909324000054, 23.622323398000049 ], [ 90.163097570000048, 23.621941568000068 ], [ 90.163512680000053, 23.621697249000079 ], [ 90.164795865000031, 23.621348132000037 ], [ 90.164984705000052, 23.621205668000073 ], [ 90.164718674000085, 23.619887173000052 ], [ 90.16471824100006, 23.619539415000077 ], [ 90.164869095000086, 23.619399247000047 ], [ 90.165661483000065, 23.619050645000073 ], [ 90.166265557000031, 23.619016126000076 ], [ 90.167436416000044, 23.619258749000039 ], [ 90.168191516000036, 23.619221805000052 ], [ 90.169059122000078, 23.61876922600004 ], [ 90.169482040000048, 23.618290318000049 ], [ 90.168088116000035, 23.618208751000054 ], [ 90.166629915000044, 23.618234151000024 ], [ 90.165450515000032, 23.618366751000053 ], [ 90.163493317000075, 23.618776952000076 ], [ 90.161165217000075, 23.618968651000046 ], [ 90.158487316000048, 23.618935651000072 ], [ 90.156986915000061, 23.618616751000047 ], [ 90.155854731000034, 23.618575790000023 ], [ 90.156017615000053, 23.616117625000072 ], [ 90.155743122000047, 23.616102572000045 ], [ 90.155483583000034, 23.615959437000072 ], [ 90.155405503000054, 23.615732472000047 ], [ 90.15553404700006, 23.614764422000064 ], [ 90.155987120000077, 23.614070887000025 ], [ 90.156439749000072, 23.61300691200006 ], [ 90.156891317000031, 23.611058662000062 ], [ 90.15765368700005, 23.608763555000053 ], [ 90.157898615000079, 23.607544440000026 ], [ 90.157690975000037, 23.607413205000057 ], [ 90.157936502000041, 23.606695975000036 ], [ 90.157860252000035, 23.606371022000076 ], [ 90.158080738000081, 23.605320422000034 ], [ 90.157909052000036, 23.604890409000063 ], [ 90.157736313000044, 23.603578511000023 ], [ 90.157611459000066, 23.603270337000026 ], [ 90.157580080000059, 23.603055274000042 ], [ 90.157663629000069, 23.603064839000069 ], [ 90.157710308000048, 23.602857647000064 ], [ 90.157645307000053, 23.602720291000026 ], [ 90.157314701000075, 23.602768425000079 ], [ 90.15708795200004, 23.602918026000054 ], [ 90.156609251000077, 23.603832659000034 ], [ 90.156265879000046, 23.604054074000032 ], [ 90.155721288000052, 23.604134760000022 ], [ 90.154994697000063, 23.603776996000079 ], [ 90.154826107000076, 23.603765215000067 ], [ 90.154608111000073, 23.60381110000003 ], [ 90.154184853000061, 23.604253324000069 ], [ 90.154009883000072, 23.604331171000069 ], [ 90.152790821000053, 23.604269117000058 ], [ 90.152045942000086, 23.604864866000071 ], [ 90.151792396000076, 23.605363197000031 ], [ 90.151513666000085, 23.605326537000053 ], [ 90.151151417000051, 23.606126897000024 ], [ 90.150933759000054, 23.606299183000033 ], [ 90.15065372600003, 23.606356815000026 ], [ 90.150342416000058, 23.606280638000044 ], [ 90.148188075000064, 23.605437628000061 ], [ 90.145706994000079, 23.603900858000031 ], [ 90.144544513000085, 23.603347480000025 ], [ 90.14168010700007, 23.602202951000038 ], [ 90.140694714000063, 23.602309004000062 ], [ 90.139906777000078, 23.602749464000055 ], [ 90.13952303800005, 23.602835847000051 ], [ 90.137634772000069, 23.602608098000076 ], [ 90.137146967000035, 23.60237909600005 ], [ 90.136437593000039, 23.602372855000056 ], [ 90.136295304000043, 23.602111235000052 ], [ 90.136260890000074, 23.601413486000069 ], [ 90.136562605000051, 23.600826092000034 ], [ 90.136461112000063, 23.600130661000037 ], [ 90.136678701000051, 23.599649477000071 ], [ 90.137215714000035, 23.599418668000055 ], [ 90.137702700000034, 23.599386625000022 ], [ 90.137937457000078, 23.59921705000005 ], [ 90.138104841000086, 23.598767524000039 ], [ 90.138037209000061, 23.598241426000072 ], [ 90.137600055000064, 23.597591457000078 ], [ 90.137247201000037, 23.597298205000072 ], [ 90.136525262000077, 23.597298841000054 ], [ 90.136223094000059, 23.597145549000061 ], [ 90.13593725800007, 23.596789006000051 ], [ 90.135483642000054, 23.596495839000056 ], [ 90.135030356000073, 23.596227508000027 ], [ 90.134442684000078, 23.59603155700006 ], [ 90.133770968000078, 23.59601858700006 ], [ 90.133334654000066, 23.596172522000074 ], [ 90.132424774000071, 23.597271894000073 ], [ 90.13234632800004, 23.597186618000023 ], [ 90.131765297000072, 23.597062835000031 ], [ 90.131111768000039, 23.597053828000071 ], [ 90.130406212000082, 23.596882346000029 ], [ 90.128871007000043, 23.596931427000072 ], [ 90.126462579000076, 23.59431481300004 ], [ 90.125840739000068, 23.594888903000026 ], [ 90.122502765000036, 23.596985865000079 ], [ 90.122321833000058, 23.597805221000044 ], [ 90.122418164000067, 23.59896133500007 ], [ 90.121966573000066, 23.599510428000031 ], [ 90.121418945000073, 23.599553764000063 ], [ 90.120898427000043, 23.599432228000069 ], [ 90.119896668000081, 23.599604629000055 ], [ 90.119572769000058, 23.599787789000061 ], [ 90.119572993000077, 23.600036192000061 ], [ 90.119421945000056, 23.600329871000042 ], [ 90.118738721000057, 23.600483952000047 ], [ 90.118807873000037, 23.601427819000037 ], [ 90.119047219000038, 23.602236066000046 ], [ 90.118561255000031, 23.603083258000026 ], [ 90.118165739000062, 23.603347768000049 ], [ 90.118132296000056, 23.603625549000071 ], [ 90.118562100000076, 23.604702375000045 ], [ 90.119489596000051, 23.605356538000024 ], [ 90.119155504000048, 23.60580165600004 ], [ 90.118730275000075, 23.607095921000052 ], [ 90.117348313000036, 23.608296067000026 ], [ 90.116693405000035, 23.608655613000053 ], [ 90.11554355800007, 23.609103594000032 ], [ 90.11533442700005, 23.609907662000069 ], [ 90.115368545000081, 23.610388629000056 ], [ 90.115689103000079, 23.611814342000059 ], [ 90.115460875000053, 23.612358131000065 ], [ 90.114667990000044, 23.613240604000055 ], [ 90.114520514000048, 23.613656561000028 ], [ 90.114155179000079, 23.614087018000077 ], [ 90.11368122500005, 23.614883214000031 ], [ 90.113518199000055, 23.615320691000022 ], [ 90.113388672000042, 23.61621933400005 ], [ 90.112448445000041, 23.617350489000046 ], [ 90.111330942000052, 23.618482644000039 ], [ 90.109894328000053, 23.620129880000036 ], [ 90.108430355000053, 23.621336778000057 ], [ 90.106179633000067, 23.623822378000057 ], [ 90.108128526000087, 23.624338748000071 ], [ 90.109462779000069, 23.624797265000041 ], [ 90.109739323000042, 23.624597034000033 ], [ 90.111106518000042, 23.624930451000068 ], [ 90.112429063000036, 23.625032007000073 ], [ 90.114338170000053, 23.625040171000023 ], [ 90.114493712000069, 23.624934899000039 ], [ 90.116900969000085, 23.625092756000072 ], [ 90.117781823000087, 23.626876051000067 ], [ 90.11766456600003, 23.627309710000077 ], [ 90.116902574000051, 23.627751223000075 ], [ 90.116791853000052, 23.629717826000046 ], [ 90.120107215000075, 23.630315701000029 ], [ 90.120353512000065, 23.630172114000061 ], [ 90.120228477000069, 23.629898058000038 ], [ 90.120500770000035, 23.629736366000031 ], [ 90.120412720000047, 23.629361348000032 ], [ 90.120277685000076, 23.629198938000059 ], [ 90.120985902000086, 23.627695563000032 ], [ 90.12105517100008, 23.627695508000045 ], [ 90.122240067000064, 23.628568864000044 ], [ 90.122242050000068, 23.629688548000047 ], [ 90.12251589300007, 23.630946137000024 ], [ 90.122788681000031, 23.63107012100005 ], [ 90.123607068000069, 23.631132699000034 ], [ 90.123879568000064, 23.630945053000062 ], [ 90.123946280000041, 23.62956299700005 ], [ 90.124355286000082, 23.629562669000052 ], [ 90.124696457000084, 23.629749824000044 ], [ 90.124969545000056, 23.630189948000066 ], [ 90.124969959000055, 23.630628035000029 ], [ 90.124561311000036, 23.631007737000061 ], [ 90.124356947000081, 23.631321787000047 ], [ 90.124221972000043, 23.632764872000052 ], [ 90.125176947000057, 23.633077989000071 ], [ 90.125159326000073, 23.633184017000076 ], [ 90.126464874000078, 23.633083329000044 ], [ 90.126651152000079, 23.632979689000024 ], [ 90.127675446000069, 23.633048854000037 ], [ 90.128204380000057, 23.63317261800006 ], [ 90.12939698200006, 23.633659393000073 ], [ 90.12957030900003, 23.633882807000077 ], [ 90.129919905000065, 23.633679268000037 ], [ 90.130107078000037, 23.633772786000065 ], [ 90.130830926000044, 23.633879724000053 ], [ 90.131368039000051, 23.634022666000078 ], [ 90.132333527000071, 23.634516560000066 ], [ 90.132769409000048, 23.634595055000034 ], [ 90.135018453000043, 23.634578774000033 ], [ 90.138171646000046, 23.635029313000075 ], [ 90.139649206000058, 23.634903790000067 ], [ 90.140656794000051, 23.635088050000036 ], [ 90.141664292000087, 23.634901963000061 ] ] ] } },
{ "type": "Feature", "properties": { "matched_key": "U_30267280001", "navigation_parent_key": "U_30267280", "admin_type": "paurashava_ward", "admin_label": "Paurashava Ward", "map_level": "ward", "admin_rank": 3, "displayable": 1, "geometry_status": "EXACT/GEOMETRY", "location_label": "Ward No. 01" }, "geometry": { "type": "Polygon", "coordinates": [ [ [ 90.253021523000086, 23.875426857000036 ], [ 90.255695080000066, 23.875456310000061 ], [ 90.256056468000054, 23.875356353000029 ], [ 90.257319216000042, 23.87472198200004 ], [ 90.258186637000051, 23.874720530000047 ], [ 90.25849502300008, 23.874519040000052 ], [ 90.258829836000075, 23.874023957000077 ], [ 90.258838303000061, 23.872106821000045 ], [ 90.258980472000076, 23.871673028000032 ], [ 90.260710145000075, 23.871949503000053 ], [ 90.260784681000075, 23.871870203000071 ], [ 90.260792656000035, 23.871590273000038 ], [ 90.260696835000033, 23.871343271000057 ], [ 90.260979184000064, 23.870651945000077 ], [ 90.261056547000067, 23.870353084000044 ], [ 90.261017147000075, 23.870144039000024 ], [ 90.260626633000072, 23.869792200000063 ], [ 90.260054749000062, 23.869709522000051 ], [ 90.260020404000045, 23.868777541000043 ], [ 90.259513444000049, 23.868674587000044 ], [ 90.259175091000031, 23.868408541000065 ], [ 90.258739382000044, 23.865845987000057 ], [ 90.259182604000046, 23.865589381000063 ], [ 90.259546526000065, 23.865236505000041 ], [ 90.25976294700007, 23.864795810000032 ], [ 90.260023170000068, 23.863542127000073 ], [ 90.260488613000064, 23.863620375000039 ], [ 90.260555029000045, 23.863415075000034 ], [ 90.260848644000077, 23.863209091000044 ], [ 90.261873518000073, 23.863155415000051 ], [ 90.261918683000033, 23.863231813000027 ], [ 90.262850336000042, 23.863462811000034 ], [ 90.263428435000037, 23.863396339000076 ], [ 90.263644917000079, 23.863296611000067 ], [ 90.264365511000051, 23.862365041000032 ], [ 90.26472536600005, 23.861533444000031 ], [ 90.264804514000048, 23.860912330000076 ], [ 90.264708901000063, 23.860856047000027 ], [ 90.264852284000085, 23.859633678000023 ], [ 90.266287785000031, 23.859741979000034 ], [ 90.266585187000032, 23.858105180000052 ], [ 90.267659881000043, 23.858125080000036 ], [ 90.267572102000031, 23.857301330000041 ], [ 90.267654381000057, 23.85626772300003 ], [ 90.264935114000082, 23.856028063000053 ], [ 90.264996880000069, 23.855307326000059 ], [ 90.26491087800008, 23.855289371000026 ], [ 90.264934778000054, 23.854431796000028 ], [ 90.264652011000067, 23.852744244000064 ], [ 90.264666640000087, 23.852271030000054 ], [ 90.264877525000031, 23.851535338000076 ], [ 90.265321526000037, 23.85168442500003 ], [ 90.265486949000035, 23.850991263000026 ], [ 90.266166591000058, 23.850440425000045 ], [ 90.266313922000052, 23.850109245000056 ], [ 90.266803676000052, 23.849792262000051 ], [ 90.267391695000072, 23.849206398000035 ], [ 90.267717634000064, 23.84866192800007 ], [ 90.267817110000067, 23.848982407000051 ], [ 90.268404978000035, 23.849819136000065 ], [ 90.269416364000051, 23.850953197000024 ], [ 90.270916138000075, 23.851697996000041 ], [ 90.271194645000037, 23.851921057000027 ], [ 90.272550632000048, 23.85140382000003 ], [ 90.272848313000054, 23.851403293000033 ], [ 90.273651417000053, 23.851537355000062 ], [ 90.274959932000058, 23.851507925000078 ], [ 90.275674216000084, 23.851725685000076 ], [ 90.276537676000032, 23.852243500000043 ], [ 90.276894455000047, 23.85232415300004 ], [ 90.277816123000036, 23.852214103000051 ], [ 90.278500837000081, 23.852377708000063 ], [ 90.279273530000069, 23.852349212000036 ], [ 90.279482036000047, 23.852265282000076 ], [ 90.279600083000048, 23.852073132000044 ], [ 90.27986745700008, 23.851964258000066 ], [ 90.279986590000078, 23.851991137000027 ], [ 90.280076438000037, 23.852101620000042 ], [ 90.280076904000055, 23.852318398000023 ], [ 90.27992828500004, 23.852564800000039 ], [ 90.279840523000075, 23.853140775000043 ], [ 90.279366069000048, 23.853715193000028 ], [ 90.279188397000041, 23.854153587000042 ], [ 90.279189922000057, 23.854864883000062 ], [ 90.279013242000076, 23.855768442000056 ], [ 90.278735664000067, 23.856563794000067 ], [ 90.278777282000078, 23.856507266000051 ], [ 90.280146087000048, 23.856805109000049 ], [ 90.281067544000052, 23.856584395000027 ], [ 90.282195714000068, 23.855735548000041 ], [ 90.282670991000032, 23.855542737000064 ], [ 90.282819705000065, 23.855623756000057 ], [ 90.283657855000058, 23.855486729000063 ], [ 90.283910374000072, 23.855319165000026 ], [ 90.284053461000042, 23.854788249000023 ], [ 90.284269694000045, 23.854589138000051 ], [ 90.285315479000076, 23.854255262000038 ], [ 90.28643390600007, 23.854020604000027 ], [ 90.287190369000086, 23.853587900000036 ], [ 90.287298422000049, 23.85332124200005 ], [ 90.287151917000074, 23.852294081000025 ], [ 90.287042325000073, 23.851860731000045 ], [ 90.286824712000055, 23.851429841000026 ], [ 90.286715226000069, 23.850766164000049 ], [ 90.287110217000077, 23.849803479000059 ], [ 90.286996043000045, 23.84896142100007 ], [ 90.286240765000059, 23.848244752000028 ], [ 90.284648766000032, 23.84632380100004 ], [ 90.28287759300008, 23.844965429000069 ], [ 90.282622138000079, 23.843771365000066 ], [ 90.281680648000076, 23.842345970000054 ], [ 90.281550217000074, 23.841591703000063 ], [ 90.281621165000047, 23.841194145000031 ], [ 90.281981103000078, 23.840762193000046 ], [ 90.282304794000083, 23.84002997500005 ], [ 90.282558460000075, 23.838988524000058 ], [ 90.282369882000069, 23.838912096000058 ], [ 90.281893187000037, 23.838420704000043 ], [ 90.279986746000077, 23.83716641500007 ], [ 90.279510239000047, 23.836756305000051 ], [ 90.278437135000047, 23.83544629000005 ], [ 90.277484065000067, 23.834874451000076 ], [ 90.276679896000076, 23.834191692000047 ], [ 90.276322899000036, 23.834273623000058 ], [ 90.275848096000061, 23.834658352000076 ], [ 90.275580349000052, 23.83457528100007 ], [ 90.275520418000042, 23.834385707000024 ], [ 90.275786657000083, 23.833755220000057 ], [ 90.275725975000057, 23.833208868000042 ], [ 90.275367800000083, 23.832441752000022 ], [ 90.274443743000063, 23.831350479000037 ], [ 90.273162882000065, 23.830422414000054 ], [ 90.272360364000065, 23.830505127000038 ], [ 90.272181956000054, 23.83058899200006 ], [ 90.272123170000043, 23.830943618000049 ], [ 90.272124309000048, 23.831490076000023 ], [ 90.272006, 23.831847068000059 ], [ 90.272097194000082, 23.832612403000041 ], [ 90.27197927800006, 23.833159071000068 ], [ 90.272039319000044, 23.83340510000005 ], [ 90.272575431000064, 23.833869321000066 ], [ 90.272546660000046, 23.834199055000056 ], [ 90.272308604000045, 23.834226573000024 ], [ 90.271742935000077, 23.834008535000066 ], [ 90.271623935000036, 23.83403584000007 ], [ 90.271535748000076, 23.834419874000048 ], [ 90.271596415000033, 23.834966229000031 ], [ 90.272459520000041, 23.835375683000052 ], [ 90.272638503000053, 23.835565046000056 ], [ 90.272579318000055, 23.835729991000051 ], [ 90.272163398000032, 23.835812019000059 ], [ 90.271598065000035, 23.835758819000034 ], [ 90.271123470000077, 23.836251924000067 ], [ 90.27098871700008, 23.836674425000069 ], [ 90.270694289000062, 23.837043012000038 ], [ 90.270390896000038, 23.837233226000023 ], [ 90.270591977000038, 23.836241565000023 ], [ 90.270507217000045, 23.835320409000076 ], [ 90.270823368000038, 23.83477565000004 ], [ 90.270774947000064, 23.834509280000077 ], [ 90.27056589700004, 23.834319966000066 ], [ 90.270491706000087, 23.834351709000032 ], [ 90.270491337000067, 23.833581699000035 ], [ 90.270633488000044, 23.832585622000067 ], [ 90.270561134000047, 23.832319294000058 ], [ 90.270452376000037, 23.832254 ], [ 90.270236494000073, 23.832319865000045 ], [ 90.269947928000079, 23.83255295500004 ], [ 90.26987224100003, 23.832453730000054 ], [ 90.269801928000049, 23.831690613000035 ], [ 90.270342784000036, 23.83149095300007 ], [ 90.270702869000047, 23.831124508000073 ], [ 90.272066082000038, 23.827405269000053 ], [ 90.272569669000063, 23.826706624000053 ], [ 90.272568840000076, 23.826309200000026 ], [ 90.272419914000068, 23.82610849100007 ], [ 90.272314684000037, 23.825379310000073 ], [ 90.272745992000068, 23.824748533000047 ], [ 90.273011214000064, 23.823958239000035 ], [ 90.271034059000044, 23.82328351700005 ], [ 90.270260543000063, 23.822959257000036 ], [ 90.270016612000063, 23.822771483000054 ], [ 90.269137954000087, 23.822589423000068 ], [ 90.268221466000057, 23.822214618000032 ], [ 90.267995652000081, 23.822339578000026 ], [ 90.267871161000073, 23.822576300000037 ], [ 90.266913309000074, 23.822523537000052 ], [ 90.266482508000081, 23.822391436000032 ], [ 90.265956908000078, 23.822348136000073 ], [ 90.265476508000063, 23.822181036000075 ], [ 90.265499709000039, 23.822422136000057 ], [ 90.265258308000057, 23.822581636000052 ], [ 90.264648908000083, 23.822749836000071 ], [ 90.264211208000063, 23.82259573500005 ], [ 90.263618207000036, 23.823376636000035 ], [ 90.263263305000066, 23.824257770000031 ], [ 90.262798806000035, 23.824241535000056 ], [ 90.262191439000048, 23.824070959000039 ], [ 90.262087686000086, 23.824252170000022 ], [ 90.261671724000053, 23.824605144000031 ], [ 90.261426439000047, 23.824663819000023 ], [ 90.26144690600006, 23.823698634000039 ], [ 90.261827806000042, 23.823705434000033 ], [ 90.261862707000034, 23.823541034000073 ], [ 90.26198720800005, 23.82143893500006 ], [ 90.261262184000032, 23.821417525000072 ], [ 90.261256378000041, 23.820616607000034 ], [ 90.261917248000032, 23.820647835000045 ], [ 90.26216137800003, 23.820221314000037 ], [ 90.262288769000065, 23.820238585000027 ], [ 90.26245857400005, 23.819833722000055 ], [ 90.261436297000046, 23.819811579000032 ], [ 90.260428635000039, 23.819463276000079 ], [ 90.259628866000071, 23.819049134000068 ], [ 90.258967527000038, 23.818506040000045 ], [ 90.258237784000073, 23.818123386000025 ], [ 90.256066089000058, 23.818079586000067 ], [ 90.255216054000073, 23.818202944000063 ], [ 90.254732752000052, 23.818373631000043 ], [ 90.254368759000045, 23.818629398000041 ], [ 90.254243520000045, 23.818629605000069 ], [ 90.253700257000048, 23.820813202000068 ], [ 90.254696977000037, 23.820871373000045 ], [ 90.254574278000064, 23.821539373000064 ], [ 90.254404615000055, 23.821852531000047 ], [ 90.254438897000057, 23.822387044000038 ], [ 90.254163408000068, 23.822382972000071 ], [ 90.254065814000057, 23.822879417000024 ], [ 90.253071626000064, 23.823149469000043 ], [ 90.252045441000064, 23.823800915000049 ], [ 90.251852626000073, 23.824062195000067 ], [ 90.24963170500007, 23.824963922000052 ], [ 90.249384957000075, 23.824988220000023 ], [ 90.249088472000039, 23.82488446800005 ], [ 90.24839253600004, 23.825105841000038 ], [ 90.248242117000075, 23.826357364000046 ], [ 90.247566175000031, 23.829713696000056 ], [ 90.245033681000052, 23.836979814000074 ], [ 90.243309045000046, 23.840541321000046 ], [ 90.242649974000074, 23.842229166000038 ], [ 90.241993062000063, 23.844759277000037 ], [ 90.241690458000051, 23.846399134000023 ], [ 90.240979864000053, 23.853223857000046 ], [ 90.243086525000081, 23.853275490000044 ], [ 90.243064906000086, 23.85419366800005 ], [ 90.243734306000079, 23.856226467000056 ], [ 90.243636104000075, 23.856965268000067 ], [ 90.243581104000043, 23.857162067000047 ], [ 90.243191105000051, 23.85713486700007 ], [ 90.242868922000071, 23.856962572000043 ], [ 90.242777318000037, 23.857954441000061 ], [ 90.240334575000077, 23.857701659000043 ], [ 90.239424774000042, 23.860594838000054 ], [ 90.238613666000049, 23.862470322000036 ], [ 90.237644279000051, 23.863810596000064 ], [ 90.240891970000064, 23.865991665000024 ], [ 90.24136149900005, 23.865957058000049 ], [ 90.24179444400005, 23.865723797000044 ], [ 90.242119781000042, 23.865723285000058 ], [ 90.243204023000033, 23.866152872000043 ], [ 90.245589022000047, 23.866582641000036 ], [ 90.246709859000077, 23.866878917000065 ], [ 90.248184412000057, 23.866275896000047 ], [ 90.249162377000061, 23.866007698000033 ], [ 90.249294081000073, 23.866549892000023 ], [ 90.249398712000072, 23.866694240000072 ], [ 90.249624775000086, 23.866781939000077 ], [ 90.249954919000061, 23.866724953000073 ], [ 90.250102333000086, 23.86677213300004 ], [ 90.250242142000047, 23.867013522000036 ], [ 90.250352555000063, 23.867568534000043 ], [ 90.250805074000084, 23.86794264100007 ], [ 90.251143369000033, 23.867973704000065 ], [ 90.251335232000031, 23.868149522000067 ], [ 90.251273624000078, 23.868352850000065 ], [ 90.251382370000044, 23.868718484000055 ], [ 90.251419936000048, 23.869416174000037 ], [ 90.251132924000046, 23.870514078000042 ], [ 90.251171254000042, 23.871609192000051 ], [ 90.250991671000065, 23.872074652000038 ], [ 90.250812250000081, 23.872305270000027 ], [ 90.251101160000076, 23.872505770000032 ], [ 90.251389679000056, 23.872505297000032 ], [ 90.251679139000032, 23.872671923000041 ], [ 90.251896865000049, 23.873202220000053 ], [ 90.252009595000061, 23.875622714000031 ], [ 90.253021523000086, 23.875426857000036 ] ] ] } },
{ "type": "Feature", "properties": { "matched_key": "U_30267280002", "navigation_parent_key": "U_30267280", "admin_type": "paurashava_ward", "admin_label": "Paurashava Ward", "map_level": "ward", "admin_rank": 3, "displayable": 1, "geometry_status": "EXACT/GEOMETRY", "location_label": "Ward No. 02" }, "geometry": { "type": "Polygon", "coordinates": [ [ [ 90.253021523000086, 23.875426857000036 ], [ 90.255695080000066, 23.875456310000061 ], [ 90.256056468000054, 23.875356353000029 ], [ 90.257319216000042, 23.87472198200004 ], [ 90.258186637000051, 23.874720530000047 ], [ 90.25849502300008, 23.874519040000052 ], [ 90.258829836000075, 23.874023957000077 ], [ 90.258838303000061, 23.872106821000045 ], [ 90.258980472000076, 23.871673028000032 ], [ 90.260710145000075, 23.871949503000053 ], [ 90.260784681000075, 23.871870203000071 ], [ 90.260792656000035, 23.871590273000038 ], [ 90.260696835000033, 23.871343271000057 ], [ 90.260979184000064, 23.870651945000077 ], [ 90.261056547000067, 23.870353084000044 ], [ 90.261017147000075, 23.870144039000024 ], [ 90.260626633000072, 23.869792200000063 ], [ 90.260054749000062, 23.869709522000051 ], [ 90.260020404000045, 23.868777541000043 ], [ 90.259513444000049, 23.868674587000044 ], [ 90.259175091000031, 23.868408541000065 ], [ 90.258739382000044, 23.865845987000057 ], [ 90.259182604000046, 23.865589381000063 ], [ 90.259546526000065, 23.865236505000041 ], [ 90.25976294700007, 23.864795810000032 ], [ 90.260023170000068, 23.863542127000073 ], [ 90.260488613000064, 23.863620375000039 ], [ 90.260555029000045, 23.863415075000034 ], [ 90.260848644000077, 23.863209091000044 ], [ 90.261873518000073, 23.863155415000051 ], [ 90.261918683000033, 23.863231813000027 ], [ 90.262850336000042, 23.863462811000034 ], [ 90.263428435000037, 23.863396339000076 ], [ 90.263644917000079, 23.863296611000067 ], [ 90.264365511000051, 23.862365041000032 ], [ 90.26472536600005, 23.861533444000031 ], [ 90.264804514000048, 23.860912330000076 ], [ 90.264708901000063, 23.860856047000027 ], [ 90.264852284000085, 23.859633678000023 ], [ 90.266287785000031, 23.859741979000034 ], [ 90.266585187000032, 23.858105180000052 ], [ 90.267659881000043, 23.858125080000036 ], [ 90.267572102000031, 23.857301330000041 ], [ 90.267654381000057, 23.85626772300003 ], [ 90.264935114000082, 23.856028063000053 ], [ 90.264996880000069, 23.855307326000059 ], [ 90.26491087800008, 23.855289371000026 ], [ 90.264934778000054, 23.854431796000028 ], [ 90.264652011000067, 23.852744244000064 ], [ 90.264666640000087, 23.852271030000054 ], [ 90.264877525000031, 23.851535338000076 ], [ 90.265321526000037, 23.85168442500003 ], [ 90.265486949000035, 23.850991263000026 ], [ 90.266166591000058, 23.850440425000045 ], [ 90.266313922000052, 23.850109245000056 ], [ 90.266803676000052, 23.849792262000051 ], [ 90.267391695000072, 23.849206398000035 ], [ 90.267717634000064, 23.84866192800007 ], [ 90.267817110000067, 23.848982407000051 ], [ 90.268404978000035, 23.849819136000065 ], [ 90.269416364000051, 23.850953197000024 ], [ 90.270916138000075, 23.851697996000041 ], [ 90.271194645000037, 23.851921057000027 ], [ 90.272550632000048, 23.85140382000003 ], [ 90.272848313000054, 23.851403293000033 ], [ 90.273651417000053, 23.851537355000062 ], [ 90.274959932000058, 23.851507925000078 ], [ 90.275674216000084, 23.851725685000076 ], [ 90.276537676000032, 23.852243500000043 ], [ 90.276894455000047, 23.85232415300004 ], [ 90.277816123000036, 23.852214103000051 ], [ 90.278500837000081, 23.852377708000063 ], [ 90.279273530000069, 23.852349212000036 ], [ 90.279482036000047, 23.852265282000076 ], [ 90.279600083000048, 23.852073132000044 ], [ 90.27986745700008, 23.851964258000066 ], [ 90.279986590000078, 23.851991137000027 ], [ 90.280076438000037, 23.852101620000042 ], [ 90.280076904000055, 23.852318398000023 ], [ 90.27992828500004, 23.852564800000039 ], [ 90.279840523000075, 23.853140775000043 ], [ 90.279366069000048, 23.853715193000028 ], [ 90.279188397000041, 23.854153587000042 ], [ 90.279189922000057, 23.854864883000062 ], [ 90.279013242000076, 23.855768442000056 ], [ 90.278735664000067, 23.856563794000067 ], [ 90.278777282000078, 23.856507266000051 ], [ 90.280146087000048, 23.856805109000049 ], [ 90.281067544000052, 23.856584395000027 ], [ 90.282195714000068, 23.855735548000041 ], [ 90.282670991000032, 23.855542737000064 ], [ 90.282819705000065, 23.855623756000057 ], [ 90.283657855000058, 23.855486729000063 ], [ 90.283910374000072, 23.855319165000026 ], [ 90.284053461000042, 23.854788249000023 ], [ 90.284269694000045, 23.854589138000051 ], [ 90.285315479000076, 23.854255262000038 ], [ 90.28643390600007, 23.854020604000027 ], [ 90.287190369000086, 23.853587900000036 ], [ 90.287298422000049, 23.85332124200005 ], [ 90.287151917000074, 23.852294081000025 ], [ 90.287042325000073, 23.851860731000045 ], [ 90.286824712000055, 23.851429841000026 ], [ 90.286715226000069, 23.850766164000049 ], [ 90.287110217000077, 23.849803479000059 ], [ 90.286996043000045, 23.84896142100007 ], [ 90.286240765000059, 23.848244752000028 ], [ 90.284648766000032, 23.84632380100004 ], [ 90.28287759300008, 23.844965429000069 ], [ 90.282622138000079, 23.843771365000066 ], [ 90.281680648000076, 23.842345970000054 ], [ 90.281550217000074, 23.841591703000063 ], [ 90.281621165000047, 23.841194145000031 ], [ 90.281981103000078, 23.840762193000046 ], [ 90.282304794000083, 23.84002997500005 ], [ 90.282558460000075, 23.838988524000058 ], [ 90.282369882000069, 23.838912096000058 ], [ 90.281893187000037, 23.838420704000043 ], [ 90.279986746000077, 23.83716641500007 ], [ 90.279510239000047, 23.836756305000051 ], [ 90.278437135000047, 23.83544629000005 ], [ 90.277484065000067, 23.834874451000076 ], [ 90.276679896000076, 23.834191692000047 ], [ 90.276322899000036, 23.834273623000058 ], [ 90.275848096000061, 23.834658352000076 ], [ 90.275580349000052, 23.83457528100007 ], [ 90.275520418000042, 23.834385707000024 ], [ 90.275786657000083, 23.833755220000057 ], [ 90.275725975000057, 23.833208868000042 ], [ 90.275367800000083, 23.832441752000022 ], [ 90.274443743000063, 23.831350479000037 ], [ 90.273162882000065, 23.830422414000054 ], [ 90.272360364000065, 23.830505127000038 ], [ 90.272181956000054, 23.83058899200006 ], [ 90.272123170000043, 23.830943618000049 ], [ 90.272124309000048, 23.831490076000023 ], [ 90.272006, 23.831847068000059 ], [ 90.272097194000082, 23.832612403000041 ], [ 90.27197927800006, 23.833159071000068 ], [ 90.272039319000044, 23.83340510000005 ], [ 90.272575431000064, 23.833869321000066 ], [ 90.272546660000046, 23.834199055000056 ], [ 90.272308604000045, 23.834226573000024 ], [ 90.271742935000077, 23.834008535000066 ], [ 90.271623935000036, 23.83403584000007 ], [ 90.271535748000076, 23.834419874000048 ], [ 90.271596415000033, 23.834966229000031 ], [ 90.272459520000041, 23.835375683000052 ], [ 90.272638503000053, 23.835565046000056 ], [ 90.272579318000055, 23.835729991000051 ], [ 90.272163398000032, 23.835812019000059 ], [ 90.271598065000035, 23.835758819000034 ], [ 90.271123470000077, 23.836251924000067 ], [ 90.27098871700008, 23.836674425000069 ], [ 90.270694289000062, 23.837043012000038 ], [ 90.270390896000038, 23.837233226000023 ], [ 90.270591977000038, 23.836241565000023 ], [ 90.270507217000045, 23.835320409000076 ], [ 90.270823368000038, 23.83477565000004 ], [ 90.270774947000064, 23.834509280000077 ], [ 90.27056589700004, 23.834319966000066 ], [ 90.270491706000087, 23.834351709000032 ], [ 90.270491337000067, 23.833581699000035 ], [ 90.270633488000044, 23.832585622000067 ], [ 90.270561134000047, 23.832319294000058 ], [ 90.270452376000037, 23.832254 ], [ 90.270236494000073, 23.832319865000045 ], [ 90.269947928000079, 23.83255295500004 ], [ 90.26987224100003, 23.832453730000054 ], [ 90.269801928000049, 23.831690613000035 ], [ 90.270342784000036, 23.83149095300007 ], [ 90.270702869000047, 23.831124508000073 ], [ 90.272066082000038, 23.827405269000053 ], [ 90.272569669000063, 23.826706624000053 ], [ 90.272568840000076, 23.826309200000026 ], [ 90.272419914000068, 23.82610849100007 ], [ 90.272314684000037, 23.825379310000073 ], [ 90.272745992000068, 23.824748533000047 ], [ 90.273011214000064, 23.823958239000035 ], [ 90.271034059000044, 23.82328351700005 ], [ 90.270260543000063, 23.822959257000036 ], [ 90.270016612000063, 23.822771483000054 ], [ 90.269137954000087, 23.822589423000068 ], [ 90.268221466000057, 23.822214618000032 ], [ 90.267995652000081, 23.822339578000026 ], [ 90.267871161000073, 23.822576300000037 ], [ 90.266913309000074, 23.822523537000052 ], [ 90.266482508000081, 23.822391436000032 ], [ 90.265956908000078, 23.822348136000073 ], [ 90.265476508000063, 23.822181036000075 ], [ 90.265499709000039, 23.822422136000057 ], [ 90.265258308000057, 23.822581636000052 ], [ 90.264648908000083, 23.822749836000071 ], [ 90.264211208000063, 23.82259573500005 ], [ 90.263618207000036, 23.823376636000035 ], [ 90.263263305000066, 23.824257770000031 ], [ 90.262798806000035, 23.824241535000056 ], [ 90.262191439000048, 23.824070959000039 ], [ 90.262087686000086, 23.824252170000022 ], [ 90.261671724000053, 23.824605144000031 ], [ 90.261426439000047, 23.824663819000023 ], [ 90.26144690600006, 23.823698634000039 ], [ 90.261827806000042, 23.823705434000033 ], [ 90.261862707000034, 23.823541034000073 ], [ 90.26198720800005, 23.82143893500006 ], [ 90.261262184000032, 23.821417525000072 ], [ 90.261256378000041, 23.820616607000034 ], [ 90.261917248000032, 23.820647835000045 ], [ 90.26216137800003, 23.820221314000037 ], [ 90.262288769000065, 23.820238585000027 ], [ 90.26245857400005, 23.819833722000055 ], [ 90.261436297000046, 23.819811579000032 ], [ 90.260428635000039, 23.819463276000079 ], [ 90.259628866000071, 23.819049134000068 ], [ 90.258967527000038, 23.818506040000045 ], [ 90.258237784000073, 23.818123386000025 ], [ 90.256066089000058, 23.818079586000067 ], [ 90.255216054000073, 23.818202944000063 ], [ 90.254732752000052, 23.818373631000043 ], [ 90.254368759000045, 23.818629398000041 ], [ 90.254243520000045, 23.818629605000069 ], [ 90.253700257000048, 23.820813202000068 ], [ 90.254696977000037, 23.820871373000045 ], [ 90.254574278000064, 23.821539373000064 ], [ 90.254404615000055, 23.821852531000047 ], [ 90.254438897000057, 23.822387044000038 ], [ 90.254163408000068, 23.822382972000071 ], [ 90.254065814000057, 23.822879417000024 ], [ 90.253071626000064, 23.823149469000043 ], [ 90.252045441000064, 23.823800915000049 ], [ 90.251852626000073, 23.824062195000067 ], [ 90.24963170500007, 23.824963922000052 ], [ 90.249384957000075, 23.824988220000023 ], [ 90.249088472000039, 23.82488446800005 ], [ 90.24839253600004, 23.825105841000038 ], [ 90.248242117000075, 23.826357364000046 ], [ 90.247566175000031, 23.829713696000056 ], [ 90.245033681000052, 23.836979814000074 ], [ 90.243309045000046, 23.840541321000046 ], [ 90.242649974000074, 23.842229166000038 ], [ 90.241993062000063, 23.844759277000037 ], [ 90.241690458000051, 23.846399134000023 ], [ 90.240979864000053, 23.853223857000046 ], [ 90.243086525000081, 23.853275490000044 ], [ 90.243064906000086, 23.85419366800005 ], [ 90.243734306000079, 23.856226467000056 ], [ 90.243636104000075, 23.856965268000067 ], [ 90.243581104000043, 23.857162067000047 ], [ 90.243191105000051, 23.85713486700007 ], [ 90.242868922000071, 23.856962572000043 ], [ 90.242777318000037, 23.857954441000061 ], [ 90.240334575000077, 23.857701659000043 ], [ 90.239424774000042, 23.860594838000054 ], [ 90.238613666000049, 23.862470322000036 ], [ 90.237644279000051, 23.863810596000064 ], [ 90.240891970000064, 23.865991665000024 ], [ 90.24136149900005, 23.865957058000049 ], [ 90.24179444400005, 23.865723797000044 ], [ 90.242119781000042, 23.865723285000058 ], [ 90.243204023000033, 23.866152872000043 ], [ 90.245589022000047, 23.866582641000036 ], [ 90.246709859000077, 23.866878917000065 ], [ 90.248184412000057, 23.866275896000047 ], [ 90.249162377000061, 23.866007698000033 ], [ 90.249294081000073, 23.866549892000023 ], [ 90.249398712000072, 23.866694240000072 ], [ 90.249624775000086, 23.866781939000077 ], [ 90.249954919000061, 23.866724953000073 ], [ 90.250102333000086, 23.86677213300004 ], [ 90.250242142000047, 23.867013522000036 ], [ 90.250352555000063, 23.867568534000043 ], [ 90.250805074000084, 23.86794264100007 ], [ 90.251143369000033, 23.867973704000065 ], [ 90.251335232000031, 23.868149522000067 ], [ 90.251273624000078, 23.868352850000065 ], [ 90.251382370000044, 23.868718484000055 ], [ 90.251419936000048, 23.869416174000037 ], [ 90.251132924000046, 23.870514078000042 ], [ 90.251171254000042, 23.871609192000051 ], [ 90.250991671000065, 23.872074652000038 ], [ 90.250812250000081, 23.872305270000027 ], [ 90.251101160000076, 23.872505770000032 ], [ 90.251389679000056, 23.872505297000032 ], [ 90.251679139000032, 23.872671923000041 ], [ 90.251896865000049, 23.873202220000053 ], [ 90.252009595000061, 23.875622714000031 ], [ 90.253021523000086, 23.875426857000036 ] ] ] } },
{ "type": "Feature", "properties": { "matched_key": "U_30267280003", "navigation_parent_key": "U_30267280", "admin_type": "paurashava_ward", "admin_label": "Paurashava Ward", "map_level": "ward", "admin_rank": 3, "displayable": 1, "geometry_status": "EXACT/GEOMETRY", "location_label": "Ward No. 03" }, "geometry": { "type": "Polygon", "coordinates": [ [ [ 90.253021523000086, 23.875426857000036 ], [ 90.255695080000066, 23.875456310000061 ], [ 90.256056468000054, 23.875356353000029 ], [ 90.257319216000042, 23.87472198200004 ], [ 90.258186637000051, 23.874720530000047 ], [ 90.25849502300008, 23.874519040000052 ], [ 90.258829836000075, 23.874023957000077 ], [ 90.258838303000061, 23.872106821000045 ], [ 90.258980472000076, 23.871673028000032 ], [ 90.260710145000075, 23.871949503000053 ], [ 90.260784681000075, 23.871870203000071 ], [ 90.260792656000035, 23.871590273000038 ], [ 90.260696835000033, 23.871343271000057 ], [ 90.260979184000064, 23.870651945000077 ], [ 90.261056547000067, 23.870353084000044 ], [ 90.261017147000075, 23.870144039000024 ], [ 90.260626633000072, 23.869792200000063 ], [ 90.260054749000062, 23.869709522000051 ], [ 90.260020404000045, 23.868777541000043 ], [ 90.259513444000049, 23.868674587000044 ], [ 90.259175091000031, 23.868408541000065 ], [ 90.258739382000044, 23.865845987000057 ], [ 90.259182604000046, 23.865589381000063 ], [ 90.259546526000065, 23.865236505000041 ], [ 90.25976294700007, 23.864795810000032 ], [ 90.260023170000068, 23.863542127000073 ], [ 90.260488613000064, 23.863620375000039 ], [ 90.260555029000045, 23.863415075000034 ], [ 90.260848644000077, 23.863209091000044 ], [ 90.261873518000073, 23.863155415000051 ], [ 90.261918683000033, 23.863231813000027 ], [ 90.262850336000042, 23.863462811000034 ], [ 90.263428435000037, 23.863396339000076 ], [ 90.263644917000079, 23.863296611000067 ], [ 90.264365511000051, 23.862365041000032 ], [ 90.26472536600005, 23.861533444000031 ], [ 90.264804514000048, 23.860912330000076 ], [ 90.264708901000063, 23.860856047000027 ], [ 90.264852284000085, 23.859633678000023 ], [ 90.266287785000031, 23.859741979000034 ], [ 90.266585187000032, 23.858105180000052 ], [ 90.267659881000043, 23.858125080000036 ], [ 90.267572102000031, 23.857301330000041 ], [ 90.267654381000057, 23.85626772300003 ], [ 90.264935114000082, 23.856028063000053 ], [ 90.264996880000069, 23.855307326000059 ], [ 90.26491087800008, 23.855289371000026 ], [ 90.264934778000054, 23.854431796000028 ], [ 90.264652011000067, 23.852744244000064 ], [ 90.264666640000087, 23.852271030000054 ], [ 90.264877525000031, 23.851535338000076 ], [ 90.265321526000037, 23.85168442500003 ], [ 90.265486949000035, 23.850991263000026 ], [ 90.266166591000058, 23.850440425000045 ], [ 90.266313922000052, 23.850109245000056 ], [ 90.266803676000052, 23.849792262000051 ], [ 90.267391695000072, 23.849206398000035 ], [ 90.267717634000064, 23.84866192800007 ], [ 90.267817110000067, 23.848982407000051 ], [ 90.268404978000035, 23.849819136000065 ], [ 90.269416364000051, 23.850953197000024 ], [ 90.270916138000075, 23.851697996000041 ], [ 90.271194645000037, 23.851921057000027 ], [ 90.272550632000048, 23.85140382000003 ], [ 90.272848313000054, 23.851403293000033 ], [ 90.273651417000053, 23.851537355000062 ], [ 90.274959932000058, 23.851507925000078 ], [ 90.275674216000084, 23.851725685000076 ], [ 90.276537676000032, 23.852243500000043 ], [ 90.276894455000047, 23.85232415300004 ], [ 90.277816123000036, 23.852214103000051 ], [ 90.278500837000081, 23.852377708000063 ], [ 90.279273530000069, 23.852349212000036 ], [ 90.279482036000047, 23.852265282000076 ], [ 90.279600083000048, 23.852073132000044 ], [ 90.27986745700008, 23.851964258000066 ], [ 90.279986590000078, 23.851991137000027 ], [ 90.280076438000037, 23.852101620000042 ], [ 90.280076904000055, 23.852318398000023 ], [ 90.27992828500004, 23.852564800000039 ], [ 90.279840523000075, 23.853140775000043 ], [ 90.279366069000048, 23.853715193000028 ], [ 90.279188397000041, 23.854153587000042 ], [ 90.279189922000057, 23.854864883000062 ], [ 90.279013242000076, 23.855768442000056 ], [ 90.278735664000067, 23.856563794000067 ], [ 90.278777282000078, 23.856507266000051 ], [ 90.280146087000048, 23.856805109000049 ], [ 90.281067544000052, 23.856584395000027 ], [ 90.282195714000068, 23.855735548000041 ], [ 90.282670991000032, 23.855542737000064 ], [ 90.282819705000065, 23.855623756000057 ], [ 90.283657855000058, 23.855486729000063 ], [ 90.283910374000072, 23.855319165000026 ], [ 90.284053461000042, 23.854788249000023 ], [ 90.284269694000045, 23.854589138000051 ], [ 90.285315479000076, 23.854255262000038 ], [ 90.28643390600007, 23.854020604000027 ], [ 90.287190369000086, 23.853587900000036 ], [ 90.287298422000049, 23.85332124200005 ], [ 90.287151917000074, 23.852294081000025 ], [ 90.287042325000073, 23.851860731000045 ], [ 90.286824712000055, 23.851429841000026 ], [ 90.286715226000069, 23.850766164000049 ], [ 90.287110217000077, 23.849803479000059 ], [ 90.286996043000045, 23.84896142100007 ], [ 90.286240765000059, 23.848244752000028 ], [ 90.284648766000032, 23.84632380100004 ], [ 90.28287759300008, 23.844965429000069 ], [ 90.282622138000079, 23.843771365000066 ], [ 90.281680648000076, 23.842345970000054 ], [ 90.281550217000074, 23.841591703000063 ], [ 90.281621165000047, 23.841194145000031 ], [ 90.281981103000078, 23.840762193000046 ], [ 90.282304794000083, 23.84002997500005 ], [ 90.282558460000075, 23.838988524000058 ], [ 90.282369882000069, 23.838912096000058 ], [ 90.281893187000037, 23.838420704000043 ], [ 90.279986746000077, 23.83716641500007 ], [ 90.279510239000047, 23.836756305000051 ], [ 90.278437135000047, 23.83544629000005 ], [ 90.277484065000067, 23.834874451000076 ], [ 90.276679896000076, 23.834191692000047 ], [ 90.276322899000036, 23.834273623000058 ], [ 90.275848096000061, 23.834658352000076 ], [ 90.275580349000052, 23.83457528100007 ], [ 90.275520418000042, 23.834385707000024 ], [ 90.275786657000083, 23.833755220000057 ], [ 90.275725975000057, 23.833208868000042 ], [ 90.275367800000083, 23.832441752000022 ], [ 90.274443743000063, 23.831350479000037 ], [ 90.273162882000065, 23.830422414000054 ], [ 90.272360364000065, 23.830505127000038 ], [ 90.272181956000054, 23.83058899200006 ], [ 90.272123170000043, 23.830943618000049 ], [ 90.272124309000048, 23.831490076000023 ], [ 90.272006, 23.831847068000059 ], [ 90.272097194000082, 23.832612403000041 ], [ 90.27197927800006, 23.833159071000068 ], [ 90.272039319000044, 23.83340510000005 ], [ 90.272575431000064, 23.833869321000066 ], [ 90.272546660000046, 23.834199055000056 ], [ 90.272308604000045, 23.834226573000024 ], [ 90.271742935000077, 23.834008535000066 ], [ 90.271623935000036, 23.83403584000007 ], [ 90.271535748000076, 23.834419874000048 ], [ 90.271596415000033, 23.834966229000031 ], [ 90.272459520000041, 23.835375683000052 ], [ 90.272638503000053, 23.835565046000056 ], [ 90.272579318000055, 23.835729991000051 ], [ 90.272163398000032, 23.835812019000059 ], [ 90.271598065000035, 23.835758819000034 ], [ 90.271123470000077, 23.836251924000067 ], [ 90.27098871700008, 23.836674425000069 ], [ 90.270694289000062, 23.837043012000038 ], [ 90.270390896000038, 23.837233226000023 ], [ 90.270591977000038, 23.836241565000023 ], [ 90.270507217000045, 23.835320409000076 ], [ 90.270823368000038, 23.83477565000004 ], [ 90.270774947000064, 23.834509280000077 ], [ 90.27056589700004, 23.834319966000066 ], [ 90.270491706000087, 23.834351709000032 ], [ 90.270491337000067, 23.833581699000035 ], [ 90.270633488000044, 23.832585622000067 ], [ 90.270561134000047, 23.832319294000058 ], [ 90.270452376000037, 23.832254 ], [ 90.270236494000073, 23.832319865000045 ], [ 90.269947928000079, 23.83255295500004 ], [ 90.26987224100003, 23.832453730000054 ], [ 90.269801928000049, 23.831690613000035 ], [ 90.270342784000036, 23.83149095300007 ], [ 90.270702869000047, 23.831124508000073 ], [ 90.272066082000038, 23.827405269000053 ], [ 90.272569669000063, 23.826706624000053 ], [ 90.272568840000076, 23.826309200000026 ], [ 90.272419914000068, 23.82610849100007 ], [ 90.272314684000037, 23.825379310000073 ], [ 90.272745992000068, 23.824748533000047 ], [ 90.273011214000064, 23.823958239000035 ], [ 90.271034059000044, 23.82328351700005 ], [ 90.270260543000063, 23.822959257000036 ], [ 90.270016612000063, 23.822771483000054 ], [ 90.269137954000087, 23.822589423000068 ], [ 90.268221466000057, 23.822214618000032 ], [ 90.267995652000081, 23.822339578000026 ], [ 90.267871161000073, 23.822576300000037 ], [ 90.266913309000074, 23.822523537000052 ], [ 90.266482508000081, 23.822391436000032 ], [ 90.265956908000078, 23.822348136000073 ], [ 90.265476508000063, 23.822181036000075 ], [ 90.265499709000039, 23.822422136000057 ], [ 90.265258308000057, 23.822581636000052 ], [ 90.264648908000083, 23.822749836000071 ], [ 90.264211208000063, 23.82259573500005 ], [ 90.263618207000036, 23.823376636000035 ], [ 90.263263305000066, 23.824257770000031 ], [ 90.262798806000035, 23.824241535000056 ], [ 90.262191439000048, 23.824070959000039 ], [ 90.262087686000086, 23.824252170000022 ], [ 90.261671724000053, 23.824605144000031 ], [ 90.261426439000047, 23.824663819000023 ], [ 90.26144690600006, 23.823698634000039 ], [ 90.261827806000042, 23.823705434000033 ], [ 90.261862707000034, 23.823541034000073 ], [ 90.26198720800005, 23.82143893500006 ], [ 90.261262184000032, 23.821417525000072 ], [ 90.261256378000041, 23.820616607000034 ], [ 90.261917248000032, 23.820647835000045 ], [ 90.26216137800003, 23.820221314000037 ], [ 90.262288769000065, 23.820238585000027 ], [ 90.26245857400005, 23.819833722000055 ], [ 90.261436297000046, 23.819811579000032 ], [ 90.260428635000039, 23.819463276000079 ], [ 90.259628866000071, 23.819049134000068 ], [ 90.258967527000038, 23.818506040000045 ], [ 90.258237784000073, 23.818123386000025 ], [ 90.256066089000058, 23.818079586000067 ], [ 90.255216054000073, 23.818202944000063 ], [ 90.254732752000052, 23.818373631000043 ], [ 90.254368759000045, 23.818629398000041 ], [ 90.254243520000045, 23.818629605000069 ], [ 90.253700257000048, 23.820813202000068 ], [ 90.254696977000037, 23.820871373000045 ], [ 90.254574278000064, 23.821539373000064 ], [ 90.254404615000055, 23.821852531000047 ], [ 90.254438897000057, 23.822387044000038 ], [ 90.254163408000068, 23.822382972000071 ], [ 90.254065814000057, 23.822879417000024 ], [ 90.253071626000064, 23.823149469000043 ], [ 90.252045441000064, 23.823800915000049 ], [ 90.251852626000073, 23.824062195000067 ], [ 90.24963170500007, 23.824963922000052 ], [ 90.249384957000075, 23.824988220000023 ], [ 90.249088472000039, 23.82488446800005 ], [ 90.24839253600004, 23.825105841000038 ], [ 90.248242117000075, 23.826357364000046 ], [ 90.247566175000031, 23.829713696000056 ], [ 90.245033681000052, 23.836979814000074 ], [ 90.243309045000046, 23.840541321000046 ], [ 90.242649974000074, 23.842229166000038 ], [ 90.241993062000063, 23.844759277000037 ], [ 90.241690458000051, 23.846399134000023 ], [ 90.240979864000053, 23.853223857000046 ], [ 90.243086525000081, 23.853275490000044 ], [ 90.243064906000086, 23.85419366800005 ], [ 90.243734306000079, 23.856226467000056 ], [ 90.243636104000075, 23.856965268000067 ], [ 90.243581104000043, 23.857162067000047 ], [ 90.243191105000051, 23.85713486700007 ], [ 90.242868922000071, 23.856962572000043 ], [ 90.242777318000037, 23.857954441000061 ], [ 90.240334575000077, 23.857701659000043 ], [ 90.239424774000042, 23.860594838000054 ], [ 90.238613666000049, 23.862470322000036 ], [ 90.237644279000051, 23.863810596000064 ], [ 90.240891970000064, 23.865991665000024 ], [ 90.24136149900005, 23.865957058000049 ], [ 90.24179444400005, 23.865723797000044 ], [ 90.242119781000042, 23.865723285000058 ], [ 90.243204023000033, 23.866152872000043 ], [ 90.245589022000047, 23.866582641000036 ], [ 90.246709859000077, 23.866878917000065 ], [ 90.248184412000057, 23.866275896000047 ], [ 90.249162377000061, 23.866007698000033 ], [ 90.249294081000073, 23.866549892000023 ], [ 90.249398712000072, 23.866694240000072 ], [ 90.249624775000086, 23.866781939000077 ], [ 90.249954919000061, 23.866724953000073 ], [ 90.250102333000086, 23.86677213300004 ], [ 90.250242142000047, 23.867013522000036 ], [ 90.250352555000063, 23.867568534000043 ], [ 90.250805074000084, 23.86794264100007 ], [ 90.251143369000033, 23.867973704000065 ], [ 90.251335232000031, 23.868149522000067 ], [ 90.251273624000078, 23.868352850000065 ], [ 90.251382370000044, 23.868718484000055 ], [ 90.251419936000048, 23.869416174000037 ], [ 90.251132924000046, 23.870514078000042 ], [ 90.251171254000042, 23.871609192000051 ], [ 90.250991671000065, 23.872074652000038 ], [ 90.250812250000081, 23.872305270000027 ], [ 90.251101160000076, 23.872505770000032 ], [ 90.251389679000056, 23.872505297000032 ], [ 90.251679139000032, 23.872671923000041 ], [ 90.251896865000049, 23.873202220000053 ], [ 90.252009595000061, 23.875622714000031 ], [ 90.253021523000086, 23.875426857000036 ] ] ] } },
{ "type": "Feature", "properties": { "matched_key": "U_30267280004", "navigation_parent_key": "U_30267280", "admin_type": "paurashava_ward", "admin_label": "Paurashava Ward", "map_level": "ward", "admin_rank": 3, "displayable": 1, "geometry_status": "EXACT/GEOMETRY", "location_label": "Ward No. 04" }, "geometry": { "type": "Polygon", "coordinates": [ [ [ 90.253021523000086, 23.875426857000036 ], [ 90.255695080000066, 23.875456310000061 ], [ 90.256056468000054, 23.875356353000029 ], [ 90.257319216000042, 23.87472198200004 ], [ 90.258186637000051, 23.874720530000047 ], [ 90.25849502300008, 23.874519040000052 ], [ 90.258829836000075, 23.874023957000077 ], [ 90.258838303000061, 23.872106821000045 ], [ 90.258980472000076, 23.871673028000032 ], [ 90.260710145000075, 23.871949503000053 ], [ 90.260784681000075, 23.871870203000071 ], [ 90.260792656000035, 23.871590273000038 ], [ 90.260696835000033, 23.871343271000057 ], [ 90.260979184000064, 23.870651945000077 ], [ 90.261056547000067, 23.870353084000044 ], [ 90.261017147000075, 23.870144039000024 ], [ 90.260626633000072, 23.869792200000063 ], [ 90.260054749000062, 23.869709522000051 ], [ 90.260020404000045, 23.868777541000043 ], [ 90.259513444000049, 23.868674587000044 ], [ 90.259175091000031, 23.868408541000065 ], [ 90.258739382000044, 23.865845987000057 ], [ 90.259182604000046, 23.865589381000063 ], [ 90.259546526000065, 23.865236505000041 ], [ 90.25976294700007, 23.864795810000032 ], [ 90.260023170000068, 23.863542127000073 ], [ 90.260488613000064, 23.863620375000039 ], [ 90.260555029000045, 23.863415075000034 ], [ 90.260848644000077, 23.863209091000044 ], [ 90.261873518000073, 23.863155415000051 ], [ 90.261918683000033, 23.863231813000027 ], [ 90.262850336000042, 23.863462811000034 ], [ 90.263428435000037, 23.863396339000076 ], [ 90.263644917000079, 23.863296611000067 ], [ 90.264365511000051, 23.862365041000032 ], [ 90.26472536600005, 23.861533444000031 ], [ 90.264804514000048, 23.860912330000076 ], [ 90.264708901000063, 23.860856047000027 ], [ 90.264852284000085, 23.859633678000023 ], [ 90.266287785000031, 23.859741979000034 ], [ 90.266585187000032, 23.858105180000052 ], [ 90.267659881000043, 23.858125080000036 ], [ 90.267572102000031, 23.857301330000041 ], [ 90.267654381000057, 23.85626772300003 ], [ 90.264935114000082, 23.856028063000053 ], [ 90.264996880000069, 23.855307326000059 ], [ 90.26491087800008, 23.855289371000026 ], [ 90.264934778000054, 23.854431796000028 ], [ 90.264652011000067, 23.852744244000064 ], [ 90.264666640000087, 23.852271030000054 ], [ 90.264877525000031, 23.851535338000076 ], [ 90.265321526000037, 23.85168442500003 ], [ 90.265486949000035, 23.850991263000026 ], [ 90.266166591000058, 23.850440425000045 ], [ 90.266313922000052, 23.850109245000056 ], [ 90.266803676000052, 23.849792262000051 ], [ 90.267391695000072, 23.849206398000035 ], [ 90.267717634000064, 23.84866192800007 ], [ 90.267817110000067, 23.848982407000051 ], [ 90.268404978000035, 23.849819136000065 ], [ 90.269416364000051, 23.850953197000024 ], [ 90.270916138000075, 23.851697996000041 ], [ 90.271194645000037, 23.851921057000027 ], [ 90.272550632000048, 23.85140382000003 ], [ 90.272848313000054, 23.851403293000033 ], [ 90.273651417000053, 23.851537355000062 ], [ 90.274959932000058, 23.851507925000078 ], [ 90.275674216000084, 23.851725685000076 ], [ 90.276537676000032, 23.852243500000043 ], [ 90.276894455000047, 23.85232415300004 ], [ 90.277816123000036, 23.852214103000051 ], [ 90.278500837000081, 23.852377708000063 ], [ 90.279273530000069, 23.852349212000036 ], [ 90.279482036000047, 23.852265282000076 ], [ 90.279600083000048, 23.852073132000044 ], [ 90.27986745700008, 23.851964258000066 ], [ 90.279986590000078, 23.851991137000027 ], [ 90.280076438000037, 23.852101620000042 ], [ 90.280076904000055, 23.852318398000023 ], [ 90.27992828500004, 23.852564800000039 ], [ 90.279840523000075, 23.853140775000043 ], [ 90.279366069000048, 23.853715193000028 ], [ 90.279188397000041, 23.854153587000042 ], [ 90.279189922000057, 23.854864883000062 ], [ 90.279013242000076, 23.855768442000056 ], [ 90.278735664000067, 23.856563794000067 ], [ 90.278777282000078, 23.856507266000051 ], [ 90.280146087000048, 23.856805109000049 ], [ 90.281067544000052, 23.856584395000027 ], [ 90.282195714000068, 23.855735548000041 ], [ 90.282670991000032, 23.855542737000064 ], [ 90.282819705000065, 23.855623756000057 ], [ 90.283657855000058, 23.855486729000063 ], [ 90.283910374000072, 23.855319165000026 ], [ 90.284053461000042, 23.854788249000023 ], [ 90.284269694000045, 23.854589138000051 ], [ 90.285315479000076, 23.854255262000038 ], [ 90.28643390600007, 23.854020604000027 ], [ 90.287190369000086, 23.853587900000036 ], [ 90.287298422000049, 23.85332124200005 ], [ 90.287151917000074, 23.852294081000025 ], [ 90.287042325000073, 23.851860731000045 ], [ 90.286824712000055, 23.851429841000026 ], [ 90.286715226000069, 23.850766164000049 ], [ 90.287110217000077, 23.849803479000059 ], [ 90.286996043000045, 23.84896142100007 ], [ 90.286240765000059, 23.848244752000028 ], [ 90.284648766000032, 23.84632380100004 ], [ 90.28287759300008, 23.844965429000069 ], [ 90.282622138000079, 23.843771365000066 ], [ 90.281680648000076, 23.842345970000054 ], [ 90.281550217000074, 23.841591703000063 ], [ 90.281621165000047, 23.841194145000031 ], [ 90.281981103000078, 23.840762193000046 ], [ 90.282304794000083, 23.84002997500005 ], [ 90.282558460000075, 23.838988524000058 ], [ 90.282369882000069, 23.838912096000058 ], [ 90.281893187000037, 23.838420704000043 ], [ 90.279986746000077, 23.83716641500007 ], [ 90.279510239000047, 23.836756305000051 ], [ 90.278437135000047, 23.83544629000005 ], [ 90.277484065000067, 23.834874451000076 ], [ 90.276679896000076, 23.834191692000047 ], [ 90.276322899000036, 23.834273623000058 ], [ 90.275848096000061, 23.834658352000076 ], [ 90.275580349000052, 23.83457528100007 ], [ 90.275520418000042, 23.834385707000024 ], [ 90.275786657000083, 23.833755220000057 ], [ 90.275725975000057, 23.833208868000042 ], [ 90.275367800000083, 23.832441752000022 ], [ 90.274443743000063, 23.831350479000037 ], [ 90.273162882000065, 23.830422414000054 ], [ 90.272360364000065, 23.830505127000038 ], [ 90.272181956000054, 23.83058899200006 ], [ 90.272123170000043, 23.830943618000049 ], [ 90.272124309000048, 23.831490076000023 ], [ 90.272006, 23.831847068000059 ], [ 90.272097194000082, 23.832612403000041 ], [ 90.27197927800006, 23.833159071000068 ], [ 90.272039319000044, 23.83340510000005 ], [ 90.272575431000064, 23.833869321000066 ], [ 90.272546660000046, 23.834199055000056 ], [ 90.272308604000045, 23.834226573000024 ], [ 90.271742935000077, 23.834008535000066 ], [ 90.271623935000036, 23.83403584000007 ], [ 90.271535748000076, 23.834419874000048 ], [ 90.271596415000033, 23.834966229000031 ], [ 90.272459520000041, 23.835375683000052 ], [ 90.272638503000053, 23.835565046000056 ], [ 90.272579318000055, 23.835729991000051 ], [ 90.272163398000032, 23.835812019000059 ], [ 90.271598065000035, 23.835758819000034 ], [ 90.271123470000077, 23.836251924000067 ], [ 90.27098871700008, 23.836674425000069 ], [ 90.270694289000062, 23.837043012000038 ], [ 90.270390896000038, 23.837233226000023 ], [ 90.270591977000038, 23.836241565000023 ], [ 90.270507217000045, 23.835320409000076 ], [ 90.270823368000038, 23.83477565000004 ], [ 90.270774947000064, 23.834509280000077 ], [ 90.27056589700004, 23.834319966000066 ], [ 90.270491706000087, 23.834351709000032 ], [ 90.270491337000067, 23.833581699000035 ], [ 90.270633488000044, 23.832585622000067 ], [ 90.270561134000047, 23.832319294000058 ], [ 90.270452376000037, 23.832254 ], [ 90.270236494000073, 23.832319865000045 ], [ 90.269947928000079, 23.83255295500004 ], [ 90.26987224100003, 23.832453730000054 ], [ 90.269801928000049, 23.831690613000035 ], [ 90.270342784000036, 23.83149095300007 ], [ 90.270702869000047, 23.831124508000073 ], [ 90.272066082000038, 23.827405269000053 ], [ 90.272569669000063, 23.826706624000053 ], [ 90.272568840000076, 23.826309200000026 ], [ 90.272419914000068, 23.82610849100007 ], [ 90.272314684000037, 23.825379310000073 ], [ 90.272745992000068, 23.824748533000047 ], [ 90.273011214000064, 23.823958239000035 ], [ 90.271034059000044, 23.82328351700005 ], [ 90.270260543000063, 23.822959257000036 ], [ 90.270016612000063, 23.822771483000054 ], [ 90.269137954000087, 23.822589423000068 ], [ 90.268221466000057, 23.822214618000032 ], [ 90.267995652000081, 23.822339578000026 ], [ 90.267871161000073, 23.822576300000037 ], [ 90.266913309000074, 23.822523537000052 ], [ 90.266482508000081, 23.822391436000032 ], [ 90.265956908000078, 23.822348136000073 ], [ 90.265476508000063, 23.822181036000075 ], [ 90.265499709000039, 23.822422136000057 ], [ 90.265258308000057, 23.822581636000052 ], [ 90.264648908000083, 23.822749836000071 ], [ 90.264211208000063, 23.82259573500005 ], [ 90.263618207000036, 23.823376636000035 ], [ 90.263263305000066, 23.824257770000031 ], [ 90.262798806000035, 23.824241535000056 ], [ 90.262191439000048, 23.824070959000039 ], [ 90.262087686000086, 23.824252170000022 ], [ 90.261671724000053, 23.824605144000031 ], [ 90.261426439000047, 23.824663819000023 ], [ 90.26144690600006, 23.823698634000039 ], [ 90.261827806000042, 23.823705434000033 ], [ 90.261862707000034, 23.823541034000073 ], [ 90.26198720800005, 23.82143893500006 ], [ 90.261262184000032, 23.821417525000072 ], [ 90.261256378000041, 23.820616607000034 ], [ 90.261917248000032, 23.820647835000045 ], [ 90.26216137800003, 23.820221314000037 ], [ 90.262288769000065, 23.820238585000027 ], [ 90.26245857400005, 23.819833722000055 ], [ 90.261436297000046, 23.819811579000032 ], [ 90.260428635000039, 23.819463276000079 ], [ 90.259628866000071, 23.819049134000068 ], [ 90.258967527000038, 23.818506040000045 ], [ 90.258237784000073, 23.818123386000025 ], [ 90.256066089000058, 23.818079586000067 ], [ 90.255216054000073, 23.818202944000063 ], [ 90.254732752000052, 23.818373631000043 ], [ 90.254368759000045, 23.818629398000041 ], [ 90.254243520000045, 23.818629605000069 ], [ 90.253700257000048, 23.820813202000068 ], [ 90.254696977000037, 23.820871373000045 ], [ 90.254574278000064, 23.821539373000064 ], [ 90.254404615000055, 23.821852531000047 ], [ 90.254438897000057, 23.822387044000038 ], [ 90.254163408000068, 23.822382972000071 ], [ 90.254065814000057, 23.822879417000024 ], [ 90.253071626000064, 23.823149469000043 ], [ 90.252045441000064, 23.823800915000049 ], [ 90.251852626000073, 23.824062195000067 ], [ 90.24963170500007, 23.824963922000052 ], [ 90.249384957000075, 23.824988220000023 ], [ 90.249088472000039, 23.82488446800005 ], [ 90.24839253600004, 23.825105841000038 ], [ 90.248242117000075, 23.826357364000046 ], [ 90.247566175000031, 23.829713696000056 ], [ 90.245033681000052, 23.836979814000074 ], [ 90.243309045000046, 23.840541321000046 ], [ 90.242649974000074, 23.842229166000038 ], [ 90.241993062000063, 23.844759277000037 ], [ 90.241690458000051, 23.846399134000023 ], [ 90.240979864000053, 23.853223857000046 ], [ 90.243086525000081, 23.853275490000044 ], [ 90.243064906000086, 23.85419366800005 ], [ 90.243734306000079, 23.856226467000056 ], [ 90.243636104000075, 23.856965268000067 ], [ 90.243581104000043, 23.857162067000047 ], [ 90.243191105000051, 23.85713486700007 ], [ 90.242868922000071, 23.856962572000043 ], [ 90.242777318000037, 23.857954441000061 ], [ 90.240334575000077, 23.857701659000043 ], [ 90.239424774000042, 23.860594838000054 ], [ 90.238613666000049, 23.862470322000036 ], [ 90.237644279000051, 23.863810596000064 ], [ 90.240891970000064, 23.865991665000024 ], [ 90.24136149900005, 23.865957058000049 ], [ 90.24179444400005, 23.865723797000044 ], [ 90.242119781000042, 23.865723285000058 ], [ 90.243204023000033, 23.866152872000043 ], [ 90.245589022000047, 23.866582641000036 ], [ 90.246709859000077, 23.866878917000065 ], [ 90.248184412000057, 23.866275896000047 ], [ 90.249162377000061, 23.866007698000033 ], [ 90.249294081000073, 23.866549892000023 ], [ 90.249398712000072, 23.866694240000072 ], [ 90.249624775000086, 23.866781939000077 ], [ 90.249954919000061, 23.866724953000073 ], [ 90.250102333000086, 23.86677213300004 ], [ 90.250242142000047, 23.867013522000036 ], [ 90.250352555000063, 23.867568534000043 ], [ 90.250805074000084, 23.86794264100007 ], [ 90.251143369000033, 23.867973704000065 ], [ 90.251335232000031, 23.868149522000067 ], [ 90.251273624000078, 23.868352850000065 ], [ 90.251382370000044, 23.868718484000055 ], [ 90.251419936000048, 23.869416174000037 ], [ 90.251132924000046, 23.870514078000042 ], [ 90.251171254000042, 23.871609192000051 ], [ 90.250991671000065, 23.872074652000038 ], [ 90.250812250000081, 23.872305270000027 ], [ 90.251101160000076, 23.872505770000032 ], [ 90.251389679000056, 23.872505297000032 ], [ 90.251679139000032, 23.872671923000041 ], [ 90.251896865000049, 23.873202220000053 ], [ 90.252009595000061, 23.875622714000031 ], [ 90.253021523000086, 23.875426857000036 ] ] ] } },
{ "type": "Feature", "properties": { "matched_key": "U_30267280005", "navigation_parent_key": "U_30267280", "admin_type": "paurashava_ward", "admin_label": "Paurashava Ward", "map_level": "ward", "admin_rank": 3, "displayable": 1, "geometry_status": "EXACT/GEOMETRY", "location_label": "Ward No. 05" }, "geometry": { "type": "Polygon", "coordinates": [ [ [ 90.253021523000086, 23.875426857000036 ], [ 90.255695080000066, 23.875456310000061 ], [ 90.256056468000054, 23.875356353000029 ], [ 90.257319216000042, 23.87472198200004 ], [ 90.258186637000051, 23.874720530000047 ], [ 90.25849502300008, 23.874519040000052 ], [ 90.258829836000075, 23.874023957000077 ], [ 90.258838303000061, 23.872106821000045 ], [ 90.258980472000076, 23.871673028000032 ], [ 90.260710145000075, 23.871949503000053 ], [ 90.260784681000075, 23.871870203000071 ], [ 90.260792656000035, 23.871590273000038 ], [ 90.260696835000033, 23.871343271000057 ], [ 90.260979184000064, 23.870651945000077 ], [ 90.261056547000067, 23.870353084000044 ], [ 90.261017147000075, 23.870144039000024 ], [ 90.260626633000072, 23.869792200000063 ], [ 90.260054749000062, 23.869709522000051 ], [ 90.260020404000045, 23.868777541000043 ], [ 90.259513444000049, 23.868674587000044 ], [ 90.259175091000031, 23.868408541000065 ], [ 90.258739382000044, 23.865845987000057 ], [ 90.259182604000046, 23.865589381000063 ], [ 90.259546526000065, 23.865236505000041 ], [ 90.25976294700007, 23.864795810000032 ], [ 90.260023170000068, 23.863542127000073 ], [ 90.260488613000064, 23.863620375000039 ], [ 90.260555029000045, 23.863415075000034 ], [ 90.260848644000077, 23.863209091000044 ], [ 90.261873518000073, 23.863155415000051 ], [ 90.261918683000033, 23.863231813000027 ], [ 90.262850336000042, 23.863462811000034 ], [ 90.263428435000037, 23.863396339000076 ], [ 90.263644917000079, 23.863296611000067 ], [ 90.264365511000051, 23.862365041000032 ], [ 90.26472536600005, 23.861533444000031 ], [ 90.264804514000048, 23.860912330000076 ], [ 90.264708901000063, 23.860856047000027 ], [ 90.264852284000085, 23.859633678000023 ], [ 90.266287785000031, 23.859741979000034 ], [ 90.266585187000032, 23.858105180000052 ], [ 90.267659881000043, 23.858125080000036 ], [ 90.267572102000031, 23.857301330000041 ], [ 90.267654381000057, 23.85626772300003 ], [ 90.264935114000082, 23.856028063000053 ], [ 90.264996880000069, 23.855307326000059 ], [ 90.26491087800008, 23.855289371000026 ], [ 90.264934778000054, 23.854431796000028 ], [ 90.264652011000067, 23.852744244000064 ], [ 90.264666640000087, 23.852271030000054 ], [ 90.264877525000031, 23.851535338000076 ], [ 90.265321526000037, 23.85168442500003 ], [ 90.265486949000035, 23.850991263000026 ], [ 90.266166591000058, 23.850440425000045 ], [ 90.266313922000052, 23.850109245000056 ], [ 90.266803676000052, 23.849792262000051 ], [ 90.267391695000072, 23.849206398000035 ], [ 90.267717634000064, 23.84866192800007 ], [ 90.267817110000067, 23.848982407000051 ], [ 90.268404978000035, 23.849819136000065 ], [ 90.269416364000051, 23.850953197000024 ], [ 90.270916138000075, 23.851697996000041 ], [ 90.271194645000037, 23.851921057000027 ], [ 90.272550632000048, 23.85140382000003 ], [ 90.272848313000054, 23.851403293000033 ], [ 90.273651417000053, 23.851537355000062 ], [ 90.274959932000058, 23.851507925000078 ], [ 90.275674216000084, 23.851725685000076 ], [ 90.276537676000032, 23.852243500000043 ], [ 90.276894455000047, 23.85232415300004 ], [ 90.277816123000036, 23.852214103000051 ], [ 90.278500837000081, 23.852377708000063 ], [ 90.279273530000069, 23.852349212000036 ], [ 90.279482036000047, 23.852265282000076 ], [ 90.279600083000048, 23.852073132000044 ], [ 90.27986745700008, 23.851964258000066 ], [ 90.279986590000078, 23.851991137000027 ], [ 90.280076438000037, 23.852101620000042 ], [ 90.280076904000055, 23.852318398000023 ], [ 90.27992828500004, 23.852564800000039 ], [ 90.279840523000075, 23.853140775000043 ], [ 90.279366069000048, 23.853715193000028 ], [ 90.279188397000041, 23.854153587000042 ], [ 90.279189922000057, 23.854864883000062 ], [ 90.279013242000076, 23.855768442000056 ], [ 90.278735664000067, 23.856563794000067 ], [ 90.278777282000078, 23.856507266000051 ], [ 90.280146087000048, 23.856805109000049 ], [ 90.281067544000052, 23.856584395000027 ], [ 90.282195714000068, 23.855735548000041 ], [ 90.282670991000032, 23.855542737000064 ], [ 90.282819705000065, 23.855623756000057 ], [ 90.283657855000058, 23.855486729000063 ], [ 90.283910374000072, 23.855319165000026 ], [ 90.284053461000042, 23.854788249000023 ], [ 90.284269694000045, 23.854589138000051 ], [ 90.285315479000076, 23.854255262000038 ], [ 90.28643390600007, 23.854020604000027 ], [ 90.287190369000086, 23.853587900000036 ], [ 90.287298422000049, 23.85332124200005 ], [ 90.287151917000074, 23.852294081000025 ], [ 90.287042325000073, 23.851860731000045 ], [ 90.286824712000055, 23.851429841000026 ], [ 90.286715226000069, 23.850766164000049 ], [ 90.287110217000077, 23.849803479000059 ], [ 90.286996043000045, 23.84896142100007 ], [ 90.286240765000059, 23.848244752000028 ], [ 90.284648766000032, 23.84632380100004 ], [ 90.28287759300008, 23.844965429000069 ], [ 90.282622138000079, 23.843771365000066 ], [ 90.281680648000076, 23.842345970000054 ], [ 90.281550217000074, 23.841591703000063 ], [ 90.281621165000047, 23.841194145000031 ], [ 90.281981103000078, 23.840762193000046 ], [ 90.282304794000083, 23.84002997500005 ], [ 90.282558460000075, 23.838988524000058 ], [ 90.282369882000069, 23.838912096000058 ], [ 90.281893187000037, 23.838420704000043 ], [ 90.279986746000077, 23.83716641500007 ], [ 90.279510239000047, 23.836756305000051 ], [ 90.278437135000047, 23.83544629000005 ], [ 90.277484065000067, 23.834874451000076 ], [ 90.276679896000076, 23.834191692000047 ], [ 90.276322899000036, 23.834273623000058 ], [ 90.275848096000061, 23.834658352000076 ], [ 90.275580349000052, 23.83457528100007 ], [ 90.275520418000042, 23.834385707000024 ], [ 90.275786657000083, 23.833755220000057 ], [ 90.275725975000057, 23.833208868000042 ], [ 90.275367800000083, 23.832441752000022 ], [ 90.274443743000063, 23.831350479000037 ], [ 90.273162882000065, 23.830422414000054 ], [ 90.272360364000065, 23.830505127000038 ], [ 90.272181956000054, 23.83058899200006 ], [ 90.272123170000043, 23.830943618000049 ], [ 90.272124309000048, 23.831490076000023 ], [ 90.272006, 23.831847068000059 ], [ 90.272097194000082, 23.832612403000041 ], [ 90.27197927800006, 23.833159071000068 ], [ 90.272039319000044, 23.83340510000005 ], [ 90.272575431000064, 23.833869321000066 ], [ 90.272546660000046, 23.834199055000056 ], [ 90.272308604000045, 23.834226573000024 ], [ 90.271742935000077, 23.834008535000066 ], [ 90.271623935000036, 23.83403584000007 ], [ 90.271535748000076, 23.834419874000048 ], [ 90.271596415000033, 23.834966229000031 ], [ 90.272459520000041, 23.835375683000052 ], [ 90.272638503000053, 23.835565046000056 ], [ 90.272579318000055, 23.835729991000051 ], [ 90.272163398000032, 23.835812019000059 ], [ 90.271598065000035, 23.835758819000034 ], [ 90.271123470000077, 23.836251924000067 ], [ 90.27098871700008, 23.836674425000069 ], [ 90.270694289000062, 23.837043012000038 ], [ 90.270390896000038, 23.837233226000023 ], [ 90.270591977000038, 23.836241565000023 ], [ 90.270507217000045, 23.835320409000076 ], [ 90.270823368000038, 23.83477565000004 ], [ 90.270774947000064, 23.834509280000077 ], [ 90.27056589700004, 23.834319966000066 ], [ 90.270491706000087, 23.834351709000032 ], [ 90.270491337000067, 23.833581699000035 ], [ 90.270633488000044, 23.832585622000067 ], [ 90.270561134000047, 23.832319294000058 ], [ 90.270452376000037, 23.832254 ], [ 90.270236494000073, 23.832319865000045 ], [ 90.269947928000079, 23.83255295500004 ], [ 90.26987224100003, 23.832453730000054 ], [ 90.269801928000049, 23.831690613000035 ], [ 90.270342784000036, 23.83149095300007 ], [ 90.270702869000047, 23.831124508000073 ], [ 90.272066082000038, 23.827405269000053 ], [ 90.272569669000063, 23.826706624000053 ], [ 90.272568840000076, 23.826309200000026 ], [ 90.272419914000068, 23.82610849100007 ], [ 90.272314684000037, 23.825379310000073 ], [ 90.272745992000068, 23.824748533000047 ], [ 90.273011214000064, 23.823958239000035 ], [ 90.271034059000044, 23.82328351700005 ], [ 90.270260543000063, 23.822959257000036 ], [ 90.270016612000063, 23.822771483000054 ], [ 90.269137954000087, 23.822589423000068 ], [ 90.268221466000057, 23.822214618000032 ], [ 90.267995652000081, 23.822339578000026 ], [ 90.267871161000073, 23.822576300000037 ], [ 90.266913309000074, 23.822523537000052 ], [ 90.266482508000081, 23.822391436000032 ], [ 90.265956908000078, 23.822348136000073 ], [ 90.265476508000063, 23.822181036000075 ], [ 90.265499709000039, 23.822422136000057 ], [ 90.265258308000057, 23.822581636000052 ], [ 90.264648908000083, 23.822749836000071 ], [ 90.264211208000063, 23.82259573500005 ], [ 90.263618207000036, 23.823376636000035 ], [ 90.263263305000066, 23.824257770000031 ], [ 90.262798806000035, 23.824241535000056 ], [ 90.262191439000048, 23.824070959000039 ], [ 90.262087686000086, 23.824252170000022 ], [ 90.261671724000053, 23.824605144000031 ], [ 90.261426439000047, 23.824663819000023 ], [ 90.26144690600006, 23.823698634000039 ], [ 90.261827806000042, 23.823705434000033 ], [ 90.261862707000034, 23.823541034000073 ], [ 90.26198720800005, 23.82143893500006 ], [ 90.261262184000032, 23.821417525000072 ], [ 90.261256378000041, 23.820616607000034 ], [ 90.261917248000032, 23.820647835000045 ], [ 90.26216137800003, 23.820221314000037 ], [ 90.262288769000065, 23.820238585000027 ], [ 90.26245857400005, 23.819833722000055 ], [ 90.261436297000046, 23.819811579000032 ], [ 90.260428635000039, 23.819463276000079 ], [ 90.259628866000071, 23.819049134000068 ], [ 90.258967527000038, 23.818506040000045 ], [ 90.258237784000073, 23.818123386000025 ], [ 90.256066089000058, 23.818079586000067 ], [ 90.255216054000073, 23.818202944000063 ], [ 90.254732752000052, 23.818373631000043 ], [ 90.254368759000045, 23.818629398000041 ], [ 90.254243520000045, 23.818629605000069 ], [ 90.253700257000048, 23.820813202000068 ], [ 90.254696977000037, 23.820871373000045 ], [ 90.254574278000064, 23.821539373000064 ], [ 90.254404615000055, 23.821852531000047 ], [ 90.254438897000057, 23.822387044000038 ], [ 90.254163408000068, 23.822382972000071 ], [ 90.254065814000057, 23.822879417000024 ], [ 90.253071626000064, 23.823149469000043 ], [ 90.252045441000064, 23.823800915000049 ], [ 90.251852626000073, 23.824062195000067 ], [ 90.24963170500007, 23.824963922000052 ], [ 90.249384957000075, 23.824988220000023 ], [ 90.249088472000039, 23.82488446800005 ], [ 90.24839253600004, 23.825105841000038 ], [ 90.248242117000075, 23.826357364000046 ], [ 90.247566175000031, 23.829713696000056 ], [ 90.245033681000052, 23.836979814000074 ], [ 90.243309045000046, 23.840541321000046 ], [ 90.242649974000074, 23.842229166000038 ], [ 90.241993062000063, 23.844759277000037 ], [ 90.241690458000051, 23.846399134000023 ], [ 90.240979864000053, 23.853223857000046 ], [ 90.243086525000081, 23.853275490000044 ], [ 90.243064906000086, 23.85419366800005 ], [ 90.243734306000079, 23.856226467000056 ], [ 90.243636104000075, 23.856965268000067 ], [ 90.243581104000043, 23.857162067000047 ], [ 90.243191105000051, 23.85713486700007 ], [ 90.242868922000071, 23.856962572000043 ], [ 90.242777318000037, 23.857954441000061 ], [ 90.240334575000077, 23.857701659000043 ], [ 90.239424774000042, 23.860594838000054 ], [ 90.238613666000049, 23.862470322000036 ], [ 90.237644279000051, 23.863810596000064 ], [ 90.240891970000064, 23.865991665000024 ], [ 90.24136149900005, 23.865957058000049 ], [ 90.24179444400005, 23.865723797000044 ], [ 90.242119781000042, 23.865723285000058 ], [ 90.243204023000033, 23.866152872000043 ], [ 90.245589022000047, 23.866582641000036 ], [ 90.246709859000077, 23.866878917000065 ], [ 90.248184412000057, 23.866275896000047 ], [ 90.249162377000061, 23.866007698000033 ], [ 90.249294081000073, 23.866549892000023 ], [ 90.249398712000072, 23.866694240000072 ], [ 90.249624775000086, 23.866781939000077 ], [ 90.249954919000061, 23.866724953000073 ], [ 90.250102333000086, 23.86677213300004 ], [ 90.250242142000047, 23.867013522000036 ], [ 90.250352555000063, 23.867568534000043 ], [ 90.250805074000084, 23.86794264100007 ], [ 90.251143369000033, 23.867973704000065 ], [ 90.251335232000031, 23.868149522000067 ], [ 90.251273624000078, 23.868352850000065 ], [ 90.251382370000044, 23.868718484000055 ], [ 90.251419936000048, 23.869416174000037 ], [ 90.251132924000046, 23.870514078000042 ], [ 90.251171254000042, 23.871609192000051 ], [ 90.250991671000065, 23.872074652000038 ], [ 90.250812250000081, 23.872305270000027 ], [ 90.251101160000076, 23.872505770000032 ], [ 90.251389679000056, 23.872505297000032 ], [ 90.251679139000032, 23.872671923000041 ], [ 90.251896865000049, 23.873202220000053 ], [ 90.252009595000061, 23.875622714000031 ], [ 90.253021523000086, 23.875426857000036 ] ] ] } },
{ "type": "Feature", "properties": { "matched_key": "U_30267280006", "navigation_parent_key": "U_30267280", "admin_type": "paurashava_ward", "admin_label": "Paurashava Ward", "map_level": "ward", "admin_rank": 3, "displayable": 1, "geometry_status": "EXACT/GEOMETRY", "location_label": "Ward No. 06" }, "geometry": { "type": "Polygon", "coordinates": [ [ [ 90.253021523000086, 23.875426857000036 ], [ 90.255695080000066, 23.875456310000061 ], [ 90.256056468000054, 23.875356353000029 ], [ 90.257319216000042, 23.87472198200004 ], [ 90.258186637000051, 23.874720530000047 ], [ 90.25849502300008, 23.874519040000052 ], [ 90.258829836000075, 23.874023957000077 ], [ 90.258838303000061, 23.872106821000045 ], [ 90.258980472000076, 23.871673028000032 ], [ 90.260710145000075, 23.871949503000053 ], [ 90.260784681000075, 23.871870203000071 ], [ 90.260792656000035, 23.871590273000038 ], [ 90.260696835000033, 23.871343271000057 ], [ 90.260979184000064, 23.870651945000077 ], [ 90.261056547000067, 23.870353084000044 ], [ 90.261017147000075, 23.870144039000024 ], [ 90.260626633000072, 23.869792200000063 ], [ 90.260054749000062, 23.869709522000051 ], [ 90.260020404000045, 23.868777541000043 ], [ 90.259513444000049, 23.868674587000044 ], [ 90.259175091000031, 23.868408541000065 ], [ 90.258739382000044, 23.865845987000057 ], [ 90.259182604000046, 23.865589381000063 ], [ 90.259546526000065, 23.865236505000041 ], [ 90.25976294700007, 23.864795810000032 ], [ 90.260023170000068, 23.863542127000073 ], [ 90.260488613000064, 23.863620375000039 ], [ 90.260555029000045, 23.863415075000034 ], [ 90.260848644000077, 23.863209091000044 ], [ 90.261873518000073, 23.863155415000051 ], [ 90.261918683000033, 23.863231813000027 ], [ 90.262850336000042, 23.863462811000034 ], [ 90.263428435000037, 23.863396339000076 ], [ 90.263644917000079, 23.863296611000067 ], [ 90.264365511000051, 23.862365041000032 ], [ 90.26472536600005, 23.861533444000031 ], [ 90.264804514000048, 23.860912330000076 ], [ 90.264708901000063, 23.860856047000027 ], [ 90.264852284000085, 23.859633678000023 ], [ 90.266287785000031, 23.859741979000034 ], [ 90.266585187000032, 23.858105180000052 ], [ 90.267659881000043, 23.858125080000036 ], [ 90.267572102000031, 23.857301330000041 ], [ 90.267654381000057, 23.85626772300003 ], [ 90.264935114000082, 23.856028063000053 ], [ 90.264996880000069, 23.855307326000059 ], [ 90.26491087800008, 23.855289371000026 ], [ 90.264934778000054, 23.854431796000028 ], [ 90.264652011000067, 23.852744244000064 ], [ 90.264666640000087, 23.852271030000054 ], [ 90.264877525000031, 23.851535338000076 ], [ 90.265321526000037, 23.85168442500003 ], [ 90.265486949000035, 23.850991263000026 ], [ 90.266166591000058, 23.850440425000045 ], [ 90.266313922000052, 23.850109245000056 ], [ 90.266803676000052, 23.849792262000051 ], [ 90.267391695000072, 23.849206398000035 ], [ 90.267717634000064, 23.84866192800007 ], [ 90.267817110000067, 23.848982407000051 ], [ 90.268404978000035, 23.849819136000065 ], [ 90.269416364000051, 23.850953197000024 ], [ 90.270916138000075, 23.851697996000041 ], [ 90.271194645000037, 23.851921057000027 ], [ 90.272550632000048, 23.85140382000003 ], [ 90.272848313000054, 23.851403293000033 ], [ 90.273651417000053, 23.851537355000062 ], [ 90.274959932000058, 23.851507925000078 ], [ 90.275674216000084, 23.851725685000076 ], [ 90.276537676000032, 23.852243500000043 ], [ 90.276894455000047, 23.85232415300004 ], [ 90.277816123000036, 23.852214103000051 ], [ 90.278500837000081, 23.852377708000063 ], [ 90.279273530000069, 23.852349212000036 ], [ 90.279482036000047, 23.852265282000076 ], [ 90.279600083000048, 23.852073132000044 ], [ 90.27986745700008, 23.851964258000066 ], [ 90.279986590000078, 23.851991137000027 ], [ 90.280076438000037, 23.852101620000042 ], [ 90.280076904000055, 23.852318398000023 ], [ 90.27992828500004, 23.852564800000039 ], [ 90.279840523000075, 23.853140775000043 ], [ 90.279366069000048, 23.853715193000028 ], [ 90.279188397000041, 23.854153587000042 ], [ 90.279189922000057, 23.854864883000062 ], [ 90.279013242000076, 23.855768442000056 ], [ 90.278735664000067, 23.856563794000067 ], [ 90.278777282000078, 23.856507266000051 ], [ 90.280146087000048, 23.856805109000049 ], [ 90.281067544000052, 23.856584395000027 ], [ 90.282195714000068, 23.855735548000041 ], [ 90.282670991000032, 23.855542737000064 ], [ 90.282819705000065, 23.855623756000057 ], [ 90.283657855000058, 23.855486729000063 ], [ 90.283910374000072, 23.855319165000026 ], [ 90.284053461000042, 23.854788249000023 ], [ 90.284269694000045, 23.854589138000051 ], [ 90.285315479000076, 23.854255262000038 ], [ 90.28643390600007, 23.854020604000027 ], [ 90.287190369000086, 23.853587900000036 ], [ 90.287298422000049, 23.85332124200005 ], [ 90.287151917000074, 23.852294081000025 ], [ 90.287042325000073, 23.851860731000045 ], [ 90.286824712000055, 23.851429841000026 ], [ 90.286715226000069, 23.850766164000049 ], [ 90.287110217000077, 23.849803479000059 ], [ 90.286996043000045, 23.84896142100007 ], [ 90.286240765000059, 23.848244752000028 ], [ 90.284648766000032, 23.84632380100004 ], [ 90.28287759300008, 23.844965429000069 ], [ 90.282622138000079, 23.843771365000066 ], [ 90.281680648000076, 23.842345970000054 ], [ 90.281550217000074, 23.841591703000063 ], [ 90.281621165000047, 23.841194145000031 ], [ 90.281981103000078, 23.840762193000046 ], [ 90.282304794000083, 23.84002997500005 ], [ 90.282558460000075, 23.838988524000058 ], [ 90.282369882000069, 23.838912096000058 ], [ 90.281893187000037, 23.838420704000043 ], [ 90.279986746000077, 23.83716641500007 ], [ 90.279510239000047, 23.836756305000051 ], [ 90.278437135000047, 23.83544629000005 ], [ 90.277484065000067, 23.834874451000076 ], [ 90.276679896000076, 23.834191692000047 ], [ 90.276322899000036, 23.834273623000058 ], [ 90.275848096000061, 23.834658352000076 ], [ 90.275580349000052, 23.83457528100007 ], [ 90.275520418000042, 23.834385707000024 ], [ 90.275786657000083, 23.833755220000057 ], [ 90.275725975000057, 23.833208868000042 ], [ 90.275367800000083, 23.832441752000022 ], [ 90.274443743000063, 23.831350479000037 ], [ 90.273162882000065, 23.830422414000054 ], [ 90.272360364000065, 23.830505127000038 ], [ 90.272181956000054, 23.83058899200006 ], [ 90.272123170000043, 23.830943618000049 ], [ 90.272124309000048, 23.831490076000023 ], [ 90.272006, 23.831847068000059 ], [ 90.272097194000082, 23.832612403000041 ], [ 90.27197927800006, 23.833159071000068 ], [ 90.272039319000044, 23.83340510000005 ], [ 90.272575431000064, 23.833869321000066 ], [ 90.272546660000046, 23.834199055000056 ], [ 90.272308604000045, 23.834226573000024 ], [ 90.271742935000077, 23.834008535000066 ], [ 90.271623935000036, 23.83403584000007 ], [ 90.271535748000076, 23.834419874000048 ], [ 90.271596415000033, 23.834966229000031 ], [ 90.272459520000041, 23.835375683000052 ], [ 90.272638503000053, 23.835565046000056 ], [ 90.272579318000055, 23.835729991000051 ], [ 90.272163398000032, 23.835812019000059 ], [ 90.271598065000035, 23.835758819000034 ], [ 90.271123470000077, 23.836251924000067 ], [ 90.27098871700008, 23.836674425000069 ], [ 90.270694289000062, 23.837043012000038 ], [ 90.270390896000038, 23.837233226000023 ], [ 90.270591977000038, 23.836241565000023 ], [ 90.270507217000045, 23.835320409000076 ], [ 90.270823368000038, 23.83477565000004 ], [ 90.270774947000064, 23.834509280000077 ], [ 90.27056589700004, 23.834319966000066 ], [ 90.270491706000087, 23.834351709000032 ], [ 90.270491337000067, 23.833581699000035 ], [ 90.270633488000044, 23.832585622000067 ], [ 90.270561134000047, 23.832319294000058 ], [ 90.270452376000037, 23.832254 ], [ 90.270236494000073, 23.832319865000045 ], [ 90.269947928000079, 23.83255295500004 ], [ 90.26987224100003, 23.832453730000054 ], [ 90.269801928000049, 23.831690613000035 ], [ 90.270342784000036, 23.83149095300007 ], [ 90.270702869000047, 23.831124508000073 ], [ 90.272066082000038, 23.827405269000053 ], [ 90.272569669000063, 23.826706624000053 ], [ 90.272568840000076, 23.826309200000026 ], [ 90.272419914000068, 23.82610849100007 ], [ 90.272314684000037, 23.825379310000073 ], [ 90.272745992000068, 23.824748533000047 ], [ 90.273011214000064, 23.823958239000035 ], [ 90.271034059000044, 23.82328351700005 ], [ 90.270260543000063, 23.822959257000036 ], [ 90.270016612000063, 23.822771483000054 ], [ 90.269137954000087, 23.822589423000068 ], [ 90.268221466000057, 23.822214618000032 ], [ 90.267995652000081, 23.822339578000026 ], [ 90.267871161000073, 23.822576300000037 ], [ 90.266913309000074, 23.822523537000052 ], [ 90.266482508000081, 23.822391436000032 ], [ 90.265956908000078, 23.822348136000073 ], [ 90.265476508000063, 23.822181036000075 ], [ 90.265499709000039, 23.822422136000057 ], [ 90.265258308000057, 23.822581636000052 ], [ 90.264648908000083, 23.822749836000071 ], [ 90.264211208000063, 23.82259573500005 ], [ 90.263618207000036, 23.823376636000035 ], [ 90.263263305000066, 23.824257770000031 ], [ 90.262798806000035, 23.824241535000056 ], [ 90.262191439000048, 23.824070959000039 ], [ 90.262087686000086, 23.824252170000022 ], [ 90.261671724000053, 23.824605144000031 ], [ 90.261426439000047, 23.824663819000023 ], [ 90.26144690600006, 23.823698634000039 ], [ 90.261827806000042, 23.823705434000033 ], [ 90.261862707000034, 23.823541034000073 ], [ 90.26198720800005, 23.82143893500006 ], [ 90.261262184000032, 23.821417525000072 ], [ 90.261256378000041, 23.820616607000034 ], [ 90.261917248000032, 23.820647835000045 ], [ 90.26216137800003, 23.820221314000037 ], [ 90.262288769000065, 23.820238585000027 ], [ 90.26245857400005, 23.819833722000055 ], [ 90.261436297000046, 23.819811579000032 ], [ 90.260428635000039, 23.819463276000079 ], [ 90.259628866000071, 23.819049134000068 ], [ 90.258967527000038, 23.818506040000045 ], [ 90.258237784000073, 23.818123386000025 ], [ 90.256066089000058, 23.818079586000067 ], [ 90.255216054000073, 23.818202944000063 ], [ 90.254732752000052, 23.818373631000043 ], [ 90.254368759000045, 23.818629398000041 ], [ 90.254243520000045, 23.818629605000069 ], [ 90.253700257000048, 23.820813202000068 ], [ 90.254696977000037, 23.820871373000045 ], [ 90.254574278000064, 23.821539373000064 ], [ 90.254404615000055, 23.821852531000047 ], [ 90.254438897000057, 23.822387044000038 ], [ 90.254163408000068, 23.822382972000071 ], [ 90.254065814000057, 23.822879417000024 ], [ 90.253071626000064, 23.823149469000043 ], [ 90.252045441000064, 23.823800915000049 ], [ 90.251852626000073, 23.824062195000067 ], [ 90.24963170500007, 23.824963922000052 ], [ 90.249384957000075, 23.824988220000023 ], [ 90.249088472000039, 23.82488446800005 ], [ 90.24839253600004, 23.825105841000038 ], [ 90.248242117000075, 23.826357364000046 ], [ 90.247566175000031, 23.829713696000056 ], [ 90.245033681000052, 23.836979814000074 ], [ 90.243309045000046, 23.840541321000046 ], [ 90.242649974000074, 23.842229166000038 ], [ 90.241993062000063, 23.844759277000037 ], [ 90.241690458000051, 23.846399134000023 ], [ 90.240979864000053, 23.853223857000046 ], [ 90.243086525000081, 23.853275490000044 ], [ 90.243064906000086, 23.85419366800005 ], [ 90.243734306000079, 23.856226467000056 ], [ 90.243636104000075, 23.856965268000067 ], [ 90.243581104000043, 23.857162067000047 ], [ 90.243191105000051, 23.85713486700007 ], [ 90.242868922000071, 23.856962572000043 ], [ 90.242777318000037, 23.857954441000061 ], [ 90.240334575000077, 23.857701659000043 ], [ 90.239424774000042, 23.860594838000054 ], [ 90.238613666000049, 23.862470322000036 ], [ 90.237644279000051, 23.863810596000064 ], [ 90.240891970000064, 23.865991665000024 ], [ 90.24136149900005, 23.865957058000049 ], [ 90.24179444400005, 23.865723797000044 ], [ 90.242119781000042, 23.865723285000058 ], [ 90.243204023000033, 23.866152872000043 ], [ 90.245589022000047, 23.866582641000036 ], [ 90.246709859000077, 23.866878917000065 ], [ 90.248184412000057, 23.866275896000047 ], [ 90.249162377000061, 23.866007698000033 ], [ 90.249294081000073, 23.866549892000023 ], [ 90.249398712000072, 23.866694240000072 ], [ 90.249624775000086, 23.866781939000077 ], [ 90.249954919000061, 23.866724953000073 ], [ 90.250102333000086, 23.86677213300004 ], [ 90.250242142000047, 23.867013522000036 ], [ 90.250352555000063, 23.867568534000043 ], [ 90.250805074000084, 23.86794264100007 ], [ 90.251143369000033, 23.867973704000065 ], [ 90.251335232000031, 23.868149522000067 ], [ 90.251273624000078, 23.868352850000065 ], [ 90.251382370000044, 23.868718484000055 ], [ 90.251419936000048, 23.869416174000037 ], [ 90.251132924000046, 23.870514078000042 ], [ 90.251171254000042, 23.871609192000051 ], [ 90.250991671000065, 23.872074652000038 ], [ 90.250812250000081, 23.872305270000027 ], [ 90.251101160000076, 23.872505770000032 ], [ 90.251389679000056, 23.872505297000032 ], [ 90.251679139000032, 23.872671923000041 ], [ 90.251896865000049, 23.873202220000053 ], [ 90.252009595000061, 23.875622714000031 ], [ 90.253021523000086, 23.875426857000036 ] ] ] } },
{ "type": "Feature", "properties": { "matched_key": "U_30267280007", "navigation_parent_key": "U_30267280", "admin_type": "paurashava_ward", "admin_label": "Paurashava Ward", "map_level": "ward", "admin_rank": 3, "displayable": 1, "geometry_status": "EXACT/GEOMETRY", "location_label": "Ward No. 07" }, "geometry": { "type": "Polygon", "coordinates": [ [ [ 90.253021523000086, 23.875426857000036 ], [ 90.255695080000066, 23.875456310000061 ], [ 90.256056468000054, 23.875356353000029 ], [ 90.257319216000042, 23.87472198200004 ], [ 90.258186637000051, 23.874720530000047 ], [ 90.25849502300008, 23.874519040000052 ], [ 90.258829836000075, 23.874023957000077 ], [ 90.258838303000061, 23.872106821000045 ], [ 90.258980472000076, 23.871673028000032 ], [ 90.260710145000075, 23.871949503000053 ], [ 90.260784681000075, 23.871870203000071 ], [ 90.260792656000035, 23.871590273000038 ], [ 90.260696835000033, 23.871343271000057 ], [ 90.260979184000064, 23.870651945000077 ], [ 90.261056547000067, 23.870353084000044 ], [ 90.261017147000075, 23.870144039000024 ], [ 90.260626633000072, 23.869792200000063 ], [ 90.260054749000062, 23.869709522000051 ], [ 90.260020404000045, 23.868777541000043 ], [ 90.259513444000049, 23.868674587000044 ], [ 90.259175091000031, 23.868408541000065 ], [ 90.258739382000044, 23.865845987000057 ], [ 90.259182604000046, 23.865589381000063 ], [ 90.259546526000065, 23.865236505000041 ], [ 90.25976294700007, 23.864795810000032 ], [ 90.260023170000068, 23.863542127000073 ], [ 90.260488613000064, 23.863620375000039 ], [ 90.260555029000045, 23.863415075000034 ], [ 90.260848644000077, 23.863209091000044 ], [ 90.261873518000073, 23.863155415000051 ], [ 90.261918683000033, 23.863231813000027 ], [ 90.262850336000042, 23.863462811000034 ], [ 90.263428435000037, 23.863396339000076 ], [ 90.263644917000079, 23.863296611000067 ], [ 90.264365511000051, 23.862365041000032 ], [ 90.26472536600005, 23.861533444000031 ], [ 90.264804514000048, 23.860912330000076 ], [ 90.264708901000063, 23.860856047000027 ], [ 90.264852284000085, 23.859633678000023 ], [ 90.266287785000031, 23.859741979000034 ], [ 90.266585187000032, 23.858105180000052 ], [ 90.267659881000043, 23.858125080000036 ], [ 90.267572102000031, 23.857301330000041 ], [ 90.267654381000057, 23.85626772300003 ], [ 90.264935114000082, 23.856028063000053 ], [ 90.264996880000069, 23.855307326000059 ], [ 90.26491087800008, 23.855289371000026 ], [ 90.264934778000054, 23.854431796000028 ], [ 90.264652011000067, 23.852744244000064 ], [ 90.264666640000087, 23.852271030000054 ], [ 90.264877525000031, 23.851535338000076 ], [ 90.265321526000037, 23.85168442500003 ], [ 90.265486949000035, 23.850991263000026 ], [ 90.266166591000058, 23.850440425000045 ], [ 90.266313922000052, 23.850109245000056 ], [ 90.266803676000052, 23.849792262000051 ], [ 90.267391695000072, 23.849206398000035 ], [ 90.267717634000064, 23.84866192800007 ], [ 90.267817110000067, 23.848982407000051 ], [ 90.268404978000035, 23.849819136000065 ], [ 90.269416364000051, 23.850953197000024 ], [ 90.270916138000075, 23.851697996000041 ], [ 90.271194645000037, 23.851921057000027 ], [ 90.272550632000048, 23.85140382000003 ], [ 90.272848313000054, 23.851403293000033 ], [ 90.273651417000053, 23.851537355000062 ], [ 90.274959932000058, 23.851507925000078 ], [ 90.275674216000084, 23.851725685000076 ], [ 90.276537676000032, 23.852243500000043 ], [ 90.276894455000047, 23.85232415300004 ], [ 90.277816123000036, 23.852214103000051 ], [ 90.278500837000081, 23.852377708000063 ], [ 90.279273530000069, 23.852349212000036 ], [ 90.279482036000047, 23.852265282000076 ], [ 90.279600083000048, 23.852073132000044 ], [ 90.27986745700008, 23.851964258000066 ], [ 90.279986590000078, 23.851991137000027 ], [ 90.280076438000037, 23.852101620000042 ], [ 90.280076904000055, 23.852318398000023 ], [ 90.27992828500004, 23.852564800000039 ], [ 90.279840523000075, 23.853140775000043 ], [ 90.279366069000048, 23.853715193000028 ], [ 90.279188397000041, 23.854153587000042 ], [ 90.279189922000057, 23.854864883000062 ], [ 90.279013242000076, 23.855768442000056 ], [ 90.278735664000067, 23.856563794000067 ], [ 90.278777282000078, 23.856507266000051 ], [ 90.280146087000048, 23.856805109000049 ], [ 90.281067544000052, 23.856584395000027 ], [ 90.282195714000068, 23.855735548000041 ], [ 90.282670991000032, 23.855542737000064 ], [ 90.282819705000065, 23.855623756000057 ], [ 90.283657855000058, 23.855486729000063 ], [ 90.283910374000072, 23.855319165000026 ], [ 90.284053461000042, 23.854788249000023 ], [ 90.284269694000045, 23.854589138000051 ], [ 90.285315479000076, 23.854255262000038 ], [ 90.28643390600007, 23.854020604000027 ], [ 90.287190369000086, 23.853587900000036 ], [ 90.287298422000049, 23.85332124200005 ], [ 90.287151917000074, 23.852294081000025 ], [ 90.287042325000073, 23.851860731000045 ], [ 90.286824712000055, 23.851429841000026 ], [ 90.286715226000069, 23.850766164000049 ], [ 90.287110217000077, 23.849803479000059 ], [ 90.286996043000045, 23.84896142100007 ], [ 90.286240765000059, 23.848244752000028 ], [ 90.284648766000032, 23.84632380100004 ], [ 90.28287759300008, 23.844965429000069 ], [ 90.282622138000079, 23.843771365000066 ], [ 90.281680648000076, 23.842345970000054 ], [ 90.281550217000074, 23.841591703000063 ], [ 90.281621165000047, 23.841194145000031 ], [ 90.281981103000078, 23.840762193000046 ], [ 90.282304794000083, 23.84002997500005 ], [ 90.282558460000075, 23.838988524000058 ], [ 90.282369882000069, 23.838912096000058 ], [ 90.281893187000037, 23.838420704000043 ], [ 90.279986746000077, 23.83716641500007 ], [ 90.279510239000047, 23.836756305000051 ], [ 90.278437135000047, 23.83544629000005 ], [ 90.277484065000067, 23.834874451000076 ], [ 90.276679896000076, 23.834191692000047 ], [ 90.276322899000036, 23.834273623000058 ], [ 90.275848096000061, 23.834658352000076 ], [ 90.275580349000052, 23.83457528100007 ], [ 90.275520418000042, 23.834385707000024 ], [ 90.275786657000083, 23.833755220000057 ], [ 90.275725975000057, 23.833208868000042 ], [ 90.275367800000083, 23.832441752000022 ], [ 90.274443743000063, 23.831350479000037 ], [ 90.273162882000065, 23.830422414000054 ], [ 90.272360364000065, 23.830505127000038 ], [ 90.272181956000054, 23.83058899200006 ], [ 90.272123170000043, 23.830943618000049 ], [ 90.272124309000048, 23.831490076000023 ], [ 90.272006, 23.831847068000059 ], [ 90.272097194000082, 23.832612403000041 ], [ 90.27197927800006, 23.833159071000068 ], [ 90.272039319000044, 23.83340510000005 ], [ 90.272575431000064, 23.833869321000066 ], [ 90.272546660000046, 23.834199055000056 ], [ 90.272308604000045, 23.834226573000024 ], [ 90.271742935000077, 23.834008535000066 ], [ 90.271623935000036, 23.83403584000007 ], [ 90.271535748000076, 23.834419874000048 ], [ 90.271596415000033, 23.834966229000031 ], [ 90.272459520000041, 23.835375683000052 ], [ 90.272638503000053, 23.835565046000056 ], [ 90.272579318000055, 23.835729991000051 ], [ 90.272163398000032, 23.835812019000059 ], [ 90.271598065000035, 23.835758819000034 ], [ 90.271123470000077, 23.836251924000067 ], [ 90.27098871700008, 23.836674425000069 ], [ 90.270694289000062, 23.837043012000038 ], [ 90.270390896000038, 23.837233226000023 ], [ 90.270591977000038, 23.836241565000023 ], [ 90.270507217000045, 23.835320409000076 ], [ 90.270823368000038, 23.83477565000004 ], [ 90.270774947000064, 23.834509280000077 ], [ 90.27056589700004, 23.834319966000066 ], [ 90.270491706000087, 23.834351709000032 ], [ 90.270491337000067, 23.833581699000035 ], [ 90.270633488000044, 23.832585622000067 ], [ 90.270561134000047, 23.832319294000058 ], [ 90.270452376000037, 23.832254 ], [ 90.270236494000073, 23.832319865000045 ], [ 90.269947928000079, 23.83255295500004 ], [ 90.26987224100003, 23.832453730000054 ], [ 90.269801928000049, 23.831690613000035 ], [ 90.270342784000036, 23.83149095300007 ], [ 90.270702869000047, 23.831124508000073 ], [ 90.272066082000038, 23.827405269000053 ], [ 90.272569669000063, 23.826706624000053 ], [ 90.272568840000076, 23.826309200000026 ], [ 90.272419914000068, 23.82610849100007 ], [ 90.272314684000037, 23.825379310000073 ], [ 90.272745992000068, 23.824748533000047 ], [ 90.273011214000064, 23.823958239000035 ], [ 90.271034059000044, 23.82328351700005 ], [ 90.270260543000063, 23.822959257000036 ], [ 90.270016612000063, 23.822771483000054 ], [ 90.269137954000087, 23.822589423000068 ], [ 90.268221466000057, 23.822214618000032 ], [ 90.267995652000081, 23.822339578000026 ], [ 90.267871161000073, 23.822576300000037 ], [ 90.266913309000074, 23.822523537000052 ], [ 90.266482508000081, 23.822391436000032 ], [ 90.265956908000078, 23.822348136000073 ], [ 90.265476508000063, 23.822181036000075 ], [ 90.265499709000039, 23.822422136000057 ], [ 90.265258308000057, 23.822581636000052 ], [ 90.264648908000083, 23.822749836000071 ], [ 90.264211208000063, 23.82259573500005 ], [ 90.263618207000036, 23.823376636000035 ], [ 90.263263305000066, 23.824257770000031 ], [ 90.262798806000035, 23.824241535000056 ], [ 90.262191439000048, 23.824070959000039 ], [ 90.262087686000086, 23.824252170000022 ], [ 90.261671724000053, 23.824605144000031 ], [ 90.261426439000047, 23.824663819000023 ], [ 90.26144690600006, 23.823698634000039 ], [ 90.261827806000042, 23.823705434000033 ], [ 90.261862707000034, 23.823541034000073 ], [ 90.26198720800005, 23.82143893500006 ], [ 90.261262184000032, 23.821417525000072 ], [ 90.261256378000041, 23.820616607000034 ], [ 90.261917248000032, 23.820647835000045 ], [ 90.26216137800003, 23.820221314000037 ], [ 90.262288769000065, 23.820238585000027 ], [ 90.26245857400005, 23.819833722000055 ], [ 90.261436297000046, 23.819811579000032 ], [ 90.260428635000039, 23.819463276000079 ], [ 90.259628866000071, 23.819049134000068 ], [ 90.258967527000038, 23.818506040000045 ], [ 90.258237784000073, 23.818123386000025 ], [ 90.256066089000058, 23.818079586000067 ], [ 90.255216054000073, 23.818202944000063 ], [ 90.254732752000052, 23.818373631000043 ], [ 90.254368759000045, 23.818629398000041 ], [ 90.254243520000045, 23.818629605000069 ], [ 90.253700257000048, 23.820813202000068 ], [ 90.254696977000037, 23.820871373000045 ], [ 90.254574278000064, 23.821539373000064 ], [ 90.254404615000055, 23.821852531000047 ], [ 90.254438897000057, 23.822387044000038 ], [ 90.254163408000068, 23.822382972000071 ], [ 90.254065814000057, 23.822879417000024 ], [ 90.253071626000064, 23.823149469000043 ], [ 90.252045441000064, 23.823800915000049 ], [ 90.251852626000073, 23.824062195000067 ], [ 90.24963170500007, 23.824963922000052 ], [ 90.249384957000075, 23.824988220000023 ], [ 90.249088472000039, 23.82488446800005 ], [ 90.24839253600004, 23.825105841000038 ], [ 90.248242117000075, 23.826357364000046 ], [ 90.247566175000031, 23.829713696000056 ], [ 90.245033681000052, 23.836979814000074 ], [ 90.243309045000046, 23.840541321000046 ], [ 90.242649974000074, 23.842229166000038 ], [ 90.241993062000063, 23.844759277000037 ], [ 90.241690458000051, 23.846399134000023 ], [ 90.240979864000053, 23.853223857000046 ], [ 90.243086525000081, 23.853275490000044 ], [ 90.243064906000086, 23.85419366800005 ], [ 90.243734306000079, 23.856226467000056 ], [ 90.243636104000075, 23.856965268000067 ], [ 90.243581104000043, 23.857162067000047 ], [ 90.243191105000051, 23.85713486700007 ], [ 90.242868922000071, 23.856962572000043 ], [ 90.242777318000037, 23.857954441000061 ], [ 90.240334575000077, 23.857701659000043 ], [ 90.239424774000042, 23.860594838000054 ], [ 90.238613666000049, 23.862470322000036 ], [ 90.237644279000051, 23.863810596000064 ], [ 90.240891970000064, 23.865991665000024 ], [ 90.24136149900005, 23.865957058000049 ], [ 90.24179444400005, 23.865723797000044 ], [ 90.242119781000042, 23.865723285000058 ], [ 90.243204023000033, 23.866152872000043 ], [ 90.245589022000047, 23.866582641000036 ], [ 90.246709859000077, 23.866878917000065 ], [ 90.248184412000057, 23.866275896000047 ], [ 90.249162377000061, 23.866007698000033 ], [ 90.249294081000073, 23.866549892000023 ], [ 90.249398712000072, 23.866694240000072 ], [ 90.249624775000086, 23.866781939000077 ], [ 90.249954919000061, 23.866724953000073 ], [ 90.250102333000086, 23.86677213300004 ], [ 90.250242142000047, 23.867013522000036 ], [ 90.250352555000063, 23.867568534000043 ], [ 90.250805074000084, 23.86794264100007 ], [ 90.251143369000033, 23.867973704000065 ], [ 90.251335232000031, 23.868149522000067 ], [ 90.251273624000078, 23.868352850000065 ], [ 90.251382370000044, 23.868718484000055 ], [ 90.251419936000048, 23.869416174000037 ], [ 90.251132924000046, 23.870514078000042 ], [ 90.251171254000042, 23.871609192000051 ], [ 90.250991671000065, 23.872074652000038 ], [ 90.250812250000081, 23.872305270000027 ], [ 90.251101160000076, 23.872505770000032 ], [ 90.251389679000056, 23.872505297000032 ], [ 90.251679139000032, 23.872671923000041 ], [ 90.251896865000049, 23.873202220000053 ], [ 90.252009595000061, 23.875622714000031 ], [ 90.253021523000086, 23.875426857000036 ] ] ] } },
{ "type": "Feature", "properties": { "matched_key": "U_30267280008", "navigation_parent_key": "U_30267280", "admin_type": "paurashava_ward", "admin_label": "Paurashava Ward", "map_level": "ward", "admin_rank": 3, "displayable": 1, "geometry_status": "EXACT/GEOMETRY", "location_label": "Ward No. 08" }, "geometry": { "type": "Polygon", "coordinates": [ [ [ 90.253021523000086, 23.875426857000036 ], [ 90.255695080000066, 23.875456310000061 ], [ 90.256056468000054, 23.875356353000029 ], [ 90.257319216000042, 23.87472198200004 ], [ 90.258186637000051, 23.874720530000047 ], [ 90.25849502300008, 23.874519040000052 ], [ 90.258829836000075, 23.874023957000077 ], [ 90.258838303000061, 23.872106821000045 ], [ 90.258980472000076, 23.871673028000032 ], [ 90.260710145000075, 23.871949503000053 ], [ 90.260784681000075, 23.871870203000071 ], [ 90.260792656000035, 23.871590273000038 ], [ 90.260696835000033, 23.871343271000057 ], [ 90.260979184000064, 23.870651945000077 ], [ 90.261056547000067, 23.870353084000044 ], [ 90.261017147000075, 23.870144039000024 ], [ 90.260626633000072, 23.869792200000063 ], [ 90.260054749000062, 23.869709522000051 ], [ 90.260020404000045, 23.868777541000043 ], [ 90.259513444000049, 23.868674587000044 ], [ 90.259175091000031, 23.868408541000065 ], [ 90.258739382000044, 23.865845987000057 ], [ 90.259182604000046, 23.865589381000063 ], [ 90.259546526000065, 23.865236505000041 ], [ 90.25976294700007, 23.864795810000032 ], [ 90.260023170000068, 23.863542127000073 ], [ 90.260488613000064, 23.863620375000039 ], [ 90.260555029000045, 23.863415075000034 ], [ 90.260848644000077, 23.863209091000044 ], [ 90.261873518000073, 23.863155415000051 ], [ 90.261918683000033, 23.863231813000027 ], [ 90.262850336000042, 23.863462811000034 ], [ 90.263428435000037, 23.863396339000076 ], [ 90.263644917000079, 23.863296611000067 ], [ 90.264365511000051, 23.862365041000032 ], [ 90.26472536600005, 23.861533444000031 ], [ 90.264804514000048, 23.860912330000076 ], [ 90.264708901000063, 23.860856047000027 ], [ 90.264852284000085, 23.859633678000023 ], [ 90.266287785000031, 23.859741979000034 ], [ 90.266585187000032, 23.858105180000052 ], [ 90.267659881000043, 23.858125080000036 ], [ 90.267572102000031, 23.857301330000041 ], [ 90.267654381000057, 23.85626772300003 ], [ 90.264935114000082, 23.856028063000053 ], [ 90.264996880000069, 23.855307326000059 ], [ 90.26491087800008, 23.855289371000026 ], [ 90.264934778000054, 23.854431796000028 ], [ 90.264652011000067, 23.852744244000064 ], [ 90.264666640000087, 23.852271030000054 ], [ 90.264877525000031, 23.851535338000076 ], [ 90.265321526000037, 23.85168442500003 ], [ 90.265486949000035, 23.850991263000026 ], [ 90.266166591000058, 23.850440425000045 ], [ 90.266313922000052, 23.850109245000056 ], [ 90.266803676000052, 23.849792262000051 ], [ 90.267391695000072, 23.849206398000035 ], [ 90.267717634000064, 23.84866192800007 ], [ 90.267817110000067, 23.848982407000051 ], [ 90.268404978000035, 23.849819136000065 ], [ 90.269416364000051, 23.850953197000024 ], [ 90.270916138000075, 23.851697996000041 ], [ 90.271194645000037, 23.851921057000027 ], [ 90.272550632000048, 23.85140382000003 ], [ 90.272848313000054, 23.851403293000033 ], [ 90.273651417000053, 23.851537355000062 ], [ 90.274959932000058, 23.851507925000078 ], [ 90.275674216000084, 23.851725685000076 ], [ 90.276537676000032, 23.852243500000043 ], [ 90.276894455000047, 23.85232415300004 ], [ 90.277816123000036, 23.852214103000051 ], [ 90.278500837000081, 23.852377708000063 ], [ 90.279273530000069, 23.852349212000036 ], [ 90.279482036000047, 23.852265282000076 ], [ 90.279600083000048, 23.852073132000044 ], [ 90.27986745700008, 23.851964258000066 ], [ 90.279986590000078, 23.851991137000027 ], [ 90.280076438000037, 23.852101620000042 ], [ 90.280076904000055, 23.852318398000023 ], [ 90.27992828500004, 23.852564800000039 ], [ 90.279840523000075, 23.853140775000043 ], [ 90.279366069000048, 23.853715193000028 ], [ 90.279188397000041, 23.854153587000042 ], [ 90.279189922000057, 23.854864883000062 ], [ 90.279013242000076, 23.855768442000056 ], [ 90.278735664000067, 23.856563794000067 ], [ 90.278777282000078, 23.856507266000051 ], [ 90.280146087000048, 23.856805109000049 ], [ 90.281067544000052, 23.856584395000027 ], [ 90.282195714000068, 23.855735548000041 ], [ 90.282670991000032, 23.855542737000064 ], [ 90.282819705000065, 23.855623756000057 ], [ 90.283657855000058, 23.855486729000063 ], [ 90.283910374000072, 23.855319165000026 ], [ 90.284053461000042, 23.854788249000023 ], [ 90.284269694000045, 23.854589138000051 ], [ 90.285315479000076, 23.854255262000038 ], [ 90.28643390600007, 23.854020604000027 ], [ 90.287190369000086, 23.853587900000036 ], [ 90.287298422000049, 23.85332124200005 ], [ 90.287151917000074, 23.852294081000025 ], [ 90.287042325000073, 23.851860731000045 ], [ 90.286824712000055, 23.851429841000026 ], [ 90.286715226000069, 23.850766164000049 ], [ 90.287110217000077, 23.849803479000059 ], [ 90.286996043000045, 23.84896142100007 ], [ 90.286240765000059, 23.848244752000028 ], [ 90.284648766000032, 23.84632380100004 ], [ 90.28287759300008, 23.844965429000069 ], [ 90.282622138000079, 23.843771365000066 ], [ 90.281680648000076, 23.842345970000054 ], [ 90.281550217000074, 23.841591703000063 ], [ 90.281621165000047, 23.841194145000031 ], [ 90.281981103000078, 23.840762193000046 ], [ 90.282304794000083, 23.84002997500005 ], [ 90.282558460000075, 23.838988524000058 ], [ 90.282369882000069, 23.838912096000058 ], [ 90.281893187000037, 23.838420704000043 ], [ 90.279986746000077, 23.83716641500007 ], [ 90.279510239000047, 23.836756305000051 ], [ 90.278437135000047, 23.83544629000005 ], [ 90.277484065000067, 23.834874451000076 ], [ 90.276679896000076, 23.834191692000047 ], [ 90.276322899000036, 23.834273623000058 ], [ 90.275848096000061, 23.834658352000076 ], [ 90.275580349000052, 23.83457528100007 ], [ 90.275520418000042, 23.834385707000024 ], [ 90.275786657000083, 23.833755220000057 ], [ 90.275725975000057, 23.833208868000042 ], [ 90.275367800000083, 23.832441752000022 ], [ 90.274443743000063, 23.831350479000037 ], [ 90.273162882000065, 23.830422414000054 ], [ 90.272360364000065, 23.830505127000038 ], [ 90.272181956000054, 23.83058899200006 ], [ 90.272123170000043, 23.830943618000049 ], [ 90.272124309000048, 23.831490076000023 ], [ 90.272006, 23.831847068000059 ], [ 90.272097194000082, 23.832612403000041 ], [ 90.27197927800006, 23.833159071000068 ], [ 90.272039319000044, 23.83340510000005 ], [ 90.272575431000064, 23.833869321000066 ], [ 90.272546660000046, 23.834199055000056 ], [ 90.272308604000045, 23.834226573000024 ], [ 90.271742935000077, 23.834008535000066 ], [ 90.271623935000036, 23.83403584000007 ], [ 90.271535748000076, 23.834419874000048 ], [ 90.271596415000033, 23.834966229000031 ], [ 90.272459520000041, 23.835375683000052 ], [ 90.272638503000053, 23.835565046000056 ], [ 90.272579318000055, 23.835729991000051 ], [ 90.272163398000032, 23.835812019000059 ], [ 90.271598065000035, 23.835758819000034 ], [ 90.271123470000077, 23.836251924000067 ], [ 90.27098871700008, 23.836674425000069 ], [ 90.270694289000062, 23.837043012000038 ], [ 90.270390896000038, 23.837233226000023 ], [ 90.270591977000038, 23.836241565000023 ], [ 90.270507217000045, 23.835320409000076 ], [ 90.270823368000038, 23.83477565000004 ], [ 90.270774947000064, 23.834509280000077 ], [ 90.27056589700004, 23.834319966000066 ], [ 90.270491706000087, 23.834351709000032 ], [ 90.270491337000067, 23.833581699000035 ], [ 90.270633488000044, 23.832585622000067 ], [ 90.270561134000047, 23.832319294000058 ], [ 90.270452376000037, 23.832254 ], [ 90.270236494000073, 23.832319865000045 ], [ 90.269947928000079, 23.83255295500004 ], [ 90.26987224100003, 23.832453730000054 ], [ 90.269801928000049, 23.831690613000035 ], [ 90.270342784000036, 23.83149095300007 ], [ 90.270702869000047, 23.831124508000073 ], [ 90.272066082000038, 23.827405269000053 ], [ 90.272569669000063, 23.826706624000053 ], [ 90.272568840000076, 23.826309200000026 ], [ 90.272419914000068, 23.82610849100007 ], [ 90.272314684000037, 23.825379310000073 ], [ 90.272745992000068, 23.824748533000047 ], [ 90.273011214000064, 23.823958239000035 ], [ 90.271034059000044, 23.82328351700005 ], [ 90.270260543000063, 23.822959257000036 ], [ 90.270016612000063, 23.822771483000054 ], [ 90.269137954000087, 23.822589423000068 ], [ 90.268221466000057, 23.822214618000032 ], [ 90.267995652000081, 23.822339578000026 ], [ 90.267871161000073, 23.822576300000037 ], [ 90.266913309000074, 23.822523537000052 ], [ 90.266482508000081, 23.822391436000032 ], [ 90.265956908000078, 23.822348136000073 ], [ 90.265476508000063, 23.822181036000075 ], [ 90.265499709000039, 23.822422136000057 ], [ 90.265258308000057, 23.822581636000052 ], [ 90.264648908000083, 23.822749836000071 ], [ 90.264211208000063, 23.82259573500005 ], [ 90.263618207000036, 23.823376636000035 ], [ 90.263263305000066, 23.824257770000031 ], [ 90.262798806000035, 23.824241535000056 ], [ 90.262191439000048, 23.824070959000039 ], [ 90.262087686000086, 23.824252170000022 ], [ 90.261671724000053, 23.824605144000031 ], [ 90.261426439000047, 23.824663819000023 ], [ 90.26144690600006, 23.823698634000039 ], [ 90.261827806000042, 23.823705434000033 ], [ 90.261862707000034, 23.823541034000073 ], [ 90.26198720800005, 23.82143893500006 ], [ 90.261262184000032, 23.821417525000072 ], [ 90.261256378000041, 23.820616607000034 ], [ 90.261917248000032, 23.820647835000045 ], [ 90.26216137800003, 23.820221314000037 ], [ 90.262288769000065, 23.820238585000027 ], [ 90.26245857400005, 23.819833722000055 ], [ 90.261436297000046, 23.819811579000032 ], [ 90.260428635000039, 23.819463276000079 ], [ 90.259628866000071, 23.819049134000068 ], [ 90.258967527000038, 23.818506040000045 ], [ 90.258237784000073, 23.818123386000025 ], [ 90.256066089000058, 23.818079586000067 ], [ 90.255216054000073, 23.818202944000063 ], [ 90.254732752000052, 23.818373631000043 ], [ 90.254368759000045, 23.818629398000041 ], [ 90.254243520000045, 23.818629605000069 ], [ 90.253700257000048, 23.820813202000068 ], [ 90.254696977000037, 23.820871373000045 ], [ 90.254574278000064, 23.821539373000064 ], [ 90.254404615000055, 23.821852531000047 ], [ 90.254438897000057, 23.822387044000038 ], [ 90.254163408000068, 23.822382972000071 ], [ 90.254065814000057, 23.822879417000024 ], [ 90.253071626000064, 23.823149469000043 ], [ 90.252045441000064, 23.823800915000049 ], [ 90.251852626000073, 23.824062195000067 ], [ 90.24963170500007, 23.824963922000052 ], [ 90.249384957000075, 23.824988220000023 ], [ 90.249088472000039, 23.82488446800005 ], [ 90.24839253600004, 23.825105841000038 ], [ 90.248242117000075, 23.826357364000046 ], [ 90.247566175000031, 23.829713696000056 ], [ 90.245033681000052, 23.836979814000074 ], [ 90.243309045000046, 23.840541321000046 ], [ 90.242649974000074, 23.842229166000038 ], [ 90.241993062000063, 23.844759277000037 ], [ 90.241690458000051, 23.846399134000023 ], [ 90.240979864000053, 23.853223857000046 ], [ 90.243086525000081, 23.853275490000044 ], [ 90.243064906000086, 23.85419366800005 ], [ 90.243734306000079, 23.856226467000056 ], [ 90.243636104000075, 23.856965268000067 ], [ 90.243581104000043, 23.857162067000047 ], [ 90.243191105000051, 23.85713486700007 ], [ 90.242868922000071, 23.856962572000043 ], [ 90.242777318000037, 23.857954441000061 ], [ 90.240334575000077, 23.857701659000043 ], [ 90.239424774000042, 23.860594838000054 ], [ 90.238613666000049, 23.862470322000036 ], [ 90.237644279000051, 23.863810596000064 ], [ 90.240891970000064, 23.865991665000024 ], [ 90.24136149900005, 23.865957058000049 ], [ 90.24179444400005, 23.865723797000044 ], [ 90.242119781000042, 23.865723285000058 ], [ 90.243204023000033, 23.866152872000043 ], [ 90.245589022000047, 23.866582641000036 ], [ 90.246709859000077, 23.866878917000065 ], [ 90.248184412000057, 23.866275896000047 ], [ 90.249162377000061, 23.866007698000033 ], [ 90.249294081000073, 23.866549892000023 ], [ 90.249398712000072, 23.866694240000072 ], [ 90.249624775000086, 23.866781939000077 ], [ 90.249954919000061, 23.866724953000073 ], [ 90.250102333000086, 23.86677213300004 ], [ 90.250242142000047, 23.867013522000036 ], [ 90.250352555000063, 23.867568534000043 ], [ 90.250805074000084, 23.86794264100007 ], [ 90.251143369000033, 23.867973704000065 ], [ 90.251335232000031, 23.868149522000067 ], [ 90.251273624000078, 23.868352850000065 ], [ 90.251382370000044, 23.868718484000055 ], [ 90.251419936000048, 23.869416174000037 ], [ 90.251132924000046, 23.870514078000042 ], [ 90.251171254000042, 23.871609192000051 ], [ 90.250991671000065, 23.872074652000038 ], [ 90.250812250000081, 23.872305270000027 ], [ 90.251101160000076, 23.872505770000032 ], [ 90.251389679000056, 23.872505297000032 ], [ 90.251679139000032, 23.872671923000041 ], [ 90.251896865000049, 23.873202220000053 ], [ 90.252009595000061, 23.875622714000031 ], [ 90.253021523000086, 23.875426857000036 ] ] ] } },
{ "type": "Feature", "properties": { "matched_key": "U_30267280009", "navigation_parent_key": "U_30267280", "admin_type": "paurashava_ward", "admin_label": "Paurashava Ward", "map_level": "ward", "admin_rank": 3, "displayable": 1, "geometry_status": "EXACT/GEOMETRY", "location_label": "Ward No. 09" }, "geometry": { "type": "Polygon", "coordinates": [ [ [ 90.253021523000086, 23.875426857000036 ], [ 90.255695080000066, 23.875456310000061 ], [ 90.256056468000054, 23.875356353000029 ], [ 90.257319216000042, 23.87472198200004 ], [ 90.258186637000051, 23.874720530000047 ], [ 90.25849502300008, 23.874519040000052 ], [ 90.258829836000075, 23.874023957000077 ], [ 90.258838303000061, 23.872106821000045 ], [ 90.258980472000076, 23.871673028000032 ], [ 90.260710145000075, 23.871949503000053 ], [ 90.260784681000075, 23.871870203000071 ], [ 90.260792656000035, 23.871590273000038 ], [ 90.260696835000033, 23.871343271000057 ], [ 90.260979184000064, 23.870651945000077 ], [ 90.261056547000067, 23.870353084000044 ], [ 90.261017147000075, 23.870144039000024 ], [ 90.260626633000072, 23.869792200000063 ], [ 90.260054749000062, 23.869709522000051 ], [ 90.260020404000045, 23.868777541000043 ], [ 90.259513444000049, 23.868674587000044 ], [ 90.259175091000031, 23.868408541000065 ], [ 90.258739382000044, 23.865845987000057 ], [ 90.259182604000046, 23.865589381000063 ], [ 90.259546526000065, 23.865236505000041 ], [ 90.25976294700007, 23.864795810000032 ], [ 90.260023170000068, 23.863542127000073 ], [ 90.260488613000064, 23.863620375000039 ], [ 90.260555029000045, 23.863415075000034 ], [ 90.260848644000077, 23.863209091000044 ], [ 90.261873518000073, 23.863155415000051 ], [ 90.261918683000033, 23.863231813000027 ], [ 90.262850336000042, 23.863462811000034 ], [ 90.263428435000037, 23.863396339000076 ], [ 90.263644917000079, 23.863296611000067 ], [ 90.264365511000051, 23.862365041000032 ], [ 90.26472536600005, 23.861533444000031 ], [ 90.264804514000048, 23.860912330000076 ], [ 90.264708901000063, 23.860856047000027 ], [ 90.264852284000085, 23.859633678000023 ], [ 90.266287785000031, 23.859741979000034 ], [ 90.266585187000032, 23.858105180000052 ], [ 90.267659881000043, 23.858125080000036 ], [ 90.267572102000031, 23.857301330000041 ], [ 90.267654381000057, 23.85626772300003 ], [ 90.264935114000082, 23.856028063000053 ], [ 90.264996880000069, 23.855307326000059 ], [ 90.26491087800008, 23.855289371000026 ], [ 90.264934778000054, 23.854431796000028 ], [ 90.264652011000067, 23.852744244000064 ], [ 90.264666640000087, 23.852271030000054 ], [ 90.264877525000031, 23.851535338000076 ], [ 90.265321526000037, 23.85168442500003 ], [ 90.265486949000035, 23.850991263000026 ], [ 90.266166591000058, 23.850440425000045 ], [ 90.266313922000052, 23.850109245000056 ], [ 90.266803676000052, 23.849792262000051 ], [ 90.267391695000072, 23.849206398000035 ], [ 90.267717634000064, 23.84866192800007 ], [ 90.267817110000067, 23.848982407000051 ], [ 90.268404978000035, 23.849819136000065 ], [ 90.269416364000051, 23.850953197000024 ], [ 90.270916138000075, 23.851697996000041 ], [ 90.271194645000037, 23.851921057000027 ], [ 90.272550632000048, 23.85140382000003 ], [ 90.272848313000054, 23.851403293000033 ], [ 90.273651417000053, 23.851537355000062 ], [ 90.274959932000058, 23.851507925000078 ], [ 90.275674216000084, 23.851725685000076 ], [ 90.276537676000032, 23.852243500000043 ], [ 90.276894455000047, 23.85232415300004 ], [ 90.277816123000036, 23.852214103000051 ], [ 90.278500837000081, 23.852377708000063 ], [ 90.279273530000069, 23.852349212000036 ], [ 90.279482036000047, 23.852265282000076 ], [ 90.279600083000048, 23.852073132000044 ], [ 90.27986745700008, 23.851964258000066 ], [ 90.279986590000078, 23.851991137000027 ], [ 90.280076438000037, 23.852101620000042 ], [ 90.280076904000055, 23.852318398000023 ], [ 90.27992828500004, 23.852564800000039 ], [ 90.279840523000075, 23.853140775000043 ], [ 90.279366069000048, 23.853715193000028 ], [ 90.279188397000041, 23.854153587000042 ], [ 90.279189922000057, 23.854864883000062 ], [ 90.279013242000076, 23.855768442000056 ], [ 90.278735664000067, 23.856563794000067 ], [ 90.278777282000078, 23.856507266000051 ], [ 90.280146087000048, 23.856805109000049 ], [ 90.281067544000052, 23.856584395000027 ], [ 90.282195714000068, 23.855735548000041 ], [ 90.282670991000032, 23.855542737000064 ], [ 90.282819705000065, 23.855623756000057 ], [ 90.283657855000058, 23.855486729000063 ], [ 90.283910374000072, 23.855319165000026 ], [ 90.284053461000042, 23.854788249000023 ], [ 90.284269694000045, 23.854589138000051 ], [ 90.285315479000076, 23.854255262000038 ], [ 90.28643390600007, 23.854020604000027 ], [ 90.287190369000086, 23.853587900000036 ], [ 90.287298422000049, 23.85332124200005 ], [ 90.287151917000074, 23.852294081000025 ], [ 90.287042325000073, 23.851860731000045 ], [ 90.286824712000055, 23.851429841000026 ], [ 90.286715226000069, 23.850766164000049 ], [ 90.287110217000077, 23.849803479000059 ], [ 90.286996043000045, 23.84896142100007 ], [ 90.286240765000059, 23.848244752000028 ], [ 90.284648766000032, 23.84632380100004 ], [ 90.28287759300008, 23.844965429000069 ], [ 90.282622138000079, 23.843771365000066 ], [ 90.281680648000076, 23.842345970000054 ], [ 90.281550217000074, 23.841591703000063 ], [ 90.281621165000047, 23.841194145000031 ], [ 90.281981103000078, 23.840762193000046 ], [ 90.282304794000083, 23.84002997500005 ], [ 90.282558460000075, 23.838988524000058 ], [ 90.282369882000069, 23.838912096000058 ], [ 90.281893187000037, 23.838420704000043 ], [ 90.279986746000077, 23.83716641500007 ], [ 90.279510239000047, 23.836756305000051 ], [ 90.278437135000047, 23.83544629000005 ], [ 90.277484065000067, 23.834874451000076 ], [ 90.276679896000076, 23.834191692000047 ], [ 90.276322899000036, 23.834273623000058 ], [ 90.275848096000061, 23.834658352000076 ], [ 90.275580349000052, 23.83457528100007 ], [ 90.275520418000042, 23.834385707000024 ], [ 90.275786657000083, 23.833755220000057 ], [ 90.275725975000057, 23.833208868000042 ], [ 90.275367800000083, 23.832441752000022 ], [ 90.274443743000063, 23.831350479000037 ], [ 90.273162882000065, 23.830422414000054 ], [ 90.272360364000065, 23.830505127000038 ], [ 90.272181956000054, 23.83058899200006 ], [ 90.272123170000043, 23.830943618000049 ], [ 90.272124309000048, 23.831490076000023 ], [ 90.272006, 23.831847068000059 ], [ 90.272097194000082, 23.832612403000041 ], [ 90.27197927800006, 23.833159071000068 ], [ 90.272039319000044, 23.83340510000005 ], [ 90.272575431000064, 23.833869321000066 ], [ 90.272546660000046, 23.834199055000056 ], [ 90.272308604000045, 23.834226573000024 ], [ 90.271742935000077, 23.834008535000066 ], [ 90.271623935000036, 23.83403584000007 ], [ 90.271535748000076, 23.834419874000048 ], [ 90.271596415000033, 23.834966229000031 ], [ 90.272459520000041, 23.835375683000052 ], [ 90.272638503000053, 23.835565046000056 ], [ 90.272579318000055, 23.835729991000051 ], [ 90.272163398000032, 23.835812019000059 ], [ 90.271598065000035, 23.835758819000034 ], [ 90.271123470000077, 23.836251924000067 ], [ 90.27098871700008, 23.836674425000069 ], [ 90.270694289000062, 23.837043012000038 ], [ 90.270390896000038, 23.837233226000023 ], [ 90.270591977000038, 23.836241565000023 ], [ 90.270507217000045, 23.835320409000076 ], [ 90.270823368000038, 23.83477565000004 ], [ 90.270774947000064, 23.834509280000077 ], [ 90.27056589700004, 23.834319966000066 ], [ 90.270491706000087, 23.834351709000032 ], [ 90.270491337000067, 23.833581699000035 ], [ 90.270633488000044, 23.832585622000067 ], [ 90.270561134000047, 23.832319294000058 ], [ 90.270452376000037, 23.832254 ], [ 90.270236494000073, 23.832319865000045 ], [ 90.269947928000079, 23.83255295500004 ], [ 90.26987224100003, 23.832453730000054 ], [ 90.269801928000049, 23.831690613000035 ], [ 90.270342784000036, 23.83149095300007 ], [ 90.270702869000047, 23.831124508000073 ], [ 90.272066082000038, 23.827405269000053 ], [ 90.272569669000063, 23.826706624000053 ], [ 90.272568840000076, 23.826309200000026 ], [ 90.272419914000068, 23.82610849100007 ], [ 90.272314684000037, 23.825379310000073 ], [ 90.272745992000068, 23.824748533000047 ], [ 90.273011214000064, 23.823958239000035 ], [ 90.271034059000044, 23.82328351700005 ], [ 90.270260543000063, 23.822959257000036 ], [ 90.270016612000063, 23.822771483000054 ], [ 90.269137954000087, 23.822589423000068 ], [ 90.268221466000057, 23.822214618000032 ], [ 90.267995652000081, 23.822339578000026 ], [ 90.267871161000073, 23.822576300000037 ], [ 90.266913309000074, 23.822523537000052 ], [ 90.266482508000081, 23.822391436000032 ], [ 90.265956908000078, 23.822348136000073 ], [ 90.265476508000063, 23.822181036000075 ], [ 90.265499709000039, 23.822422136000057 ], [ 90.265258308000057, 23.822581636000052 ], [ 90.264648908000083, 23.822749836000071 ], [ 90.264211208000063, 23.82259573500005 ], [ 90.263618207000036, 23.823376636000035 ], [ 90.263263305000066, 23.824257770000031 ], [ 90.262798806000035, 23.824241535000056 ], [ 90.262191439000048, 23.824070959000039 ], [ 90.262087686000086, 23.824252170000022 ], [ 90.261671724000053, 23.824605144000031 ], [ 90.261426439000047, 23.824663819000023 ], [ 90.26144690600006, 23.823698634000039 ], [ 90.261827806000042, 23.823705434000033 ], [ 90.261862707000034, 23.823541034000073 ], [ 90.26198720800005, 23.82143893500006 ], [ 90.261262184000032, 23.821417525000072 ], [ 90.261256378000041, 23.820616607000034 ], [ 90.261917248000032, 23.820647835000045 ], [ 90.26216137800003, 23.820221314000037 ], [ 90.262288769000065, 23.820238585000027 ], [ 90.26245857400005, 23.819833722000055 ], [ 90.261436297000046, 23.819811579000032 ], [ 90.260428635000039, 23.819463276000079 ], [ 90.259628866000071, 23.819049134000068 ], [ 90.258967527000038, 23.818506040000045 ], [ 90.258237784000073, 23.818123386000025 ], [ 90.256066089000058, 23.818079586000067 ], [ 90.255216054000073, 23.818202944000063 ], [ 90.254732752000052, 23.818373631000043 ], [ 90.254368759000045, 23.818629398000041 ], [ 90.254243520000045, 23.818629605000069 ], [ 90.253700257000048, 23.820813202000068 ], [ 90.254696977000037, 23.820871373000045 ], [ 90.254574278000064, 23.821539373000064 ], [ 90.254404615000055, 23.821852531000047 ], [ 90.254438897000057, 23.822387044000038 ], [ 90.254163408000068, 23.822382972000071 ], [ 90.254065814000057, 23.822879417000024 ], [ 90.253071626000064, 23.823149469000043 ], [ 90.252045441000064, 23.823800915000049 ], [ 90.251852626000073, 23.824062195000067 ], [ 90.24963170500007, 23.824963922000052 ], [ 90.249384957000075, 23.824988220000023 ], [ 90.249088472000039, 23.82488446800005 ], [ 90.24839253600004, 23.825105841000038 ], [ 90.248242117000075, 23.826357364000046 ], [ 90.247566175000031, 23.829713696000056 ], [ 90.245033681000052, 23.836979814000074 ], [ 90.243309045000046, 23.840541321000046 ], [ 90.242649974000074, 23.842229166000038 ], [ 90.241993062000063, 23.844759277000037 ], [ 90.241690458000051, 23.846399134000023 ], [ 90.240979864000053, 23.853223857000046 ], [ 90.243086525000081, 23.853275490000044 ], [ 90.243064906000086, 23.85419366800005 ], [ 90.243734306000079, 23.856226467000056 ], [ 90.243636104000075, 23.856965268000067 ], [ 90.243581104000043, 23.857162067000047 ], [ 90.243191105000051, 23.85713486700007 ], [ 90.242868922000071, 23.856962572000043 ], [ 90.242777318000037, 23.857954441000061 ], [ 90.240334575000077, 23.857701659000043 ], [ 90.239424774000042, 23.860594838000054 ], [ 90.238613666000049, 23.862470322000036 ], [ 90.237644279000051, 23.863810596000064 ], [ 90.240891970000064, 23.865991665000024 ], [ 90.24136149900005, 23.865957058000049 ], [ 90.24179444400005, 23.865723797000044 ], [ 90.242119781000042, 23.865723285000058 ], [ 90.243204023000033, 23.866152872000043 ], [ 90.245589022000047, 23.866582641000036 ], [ 90.246709859000077, 23.866878917000065 ], [ 90.248184412000057, 23.866275896000047 ], [ 90.249162377000061, 23.866007698000033 ], [ 90.249294081000073, 23.866549892000023 ], [ 90.249398712000072, 23.866694240000072 ], [ 90.249624775000086, 23.866781939000077 ], [ 90.249954919000061, 23.866724953000073 ], [ 90.250102333000086, 23.86677213300004 ], [ 90.250242142000047, 23.867013522000036 ], [ 90.250352555000063, 23.867568534000043 ], [ 90.250805074000084, 23.86794264100007 ], [ 90.251143369000033, 23.867973704000065 ], [ 90.251335232000031, 23.868149522000067 ], [ 90.251273624000078, 23.868352850000065 ], [ 90.251382370000044, 23.868718484000055 ], [ 90.251419936000048, 23.869416174000037 ], [ 90.251132924000046, 23.870514078000042 ], [ 90.251171254000042, 23.871609192000051 ], [ 90.250991671000065, 23.872074652000038 ], [ 90.250812250000081, 23.872305270000027 ], [ 90.251101160000076, 23.872505770000032 ], [ 90.251389679000056, 23.872505297000032 ], [ 90.251679139000032, 23.872671923000041 ], [ 90.251896865000049, 23.873202220000053 ], [ 90.252009595000061, 23.875622714000031 ], [ 90.253021523000086, 23.875426857000036 ] ] ] } }
]
}
