{
"type": "FeatureCollection",
"name": "union",
"crs": { "type": "name", "properties": { "name": "urn:ogc:def:crs:OGC:1.3:CRS84" } },
"features": [
{ "type": "Feature", "properties": { "matched_key": "U_302614109", "navigation_parent_key": "A_302614", "admin_type": "union", "admin_label": "Union", "map_level": "union", "admin_rank": 3, "displayable": 1, "geometry_status": "EXACT/GEOMETRY", "location_label": "Amta Union" }, "geometry": { "type": "Polygon", "coordinates": [ [ [ 90.076335769000082, 24.017690450000032 ], [ 90.077727245000062, 24.016305555000031 ], [ 90.077958890000048, 24.015718341000024 ], [ 90.078016353000066, 24.014706697000065 ], [ 90.077957219000041, 24.012947694000047 ], [ 90.078121037000074, 24.012507288000052 ], [ 90.07772490800005, 24.012414909000029 ], [ 90.077319203000059, 24.01326866200003 ], [ 90.076739660000044, 24.01374766400005 ], [ 90.075985514000081, 24.013587718000053 ], [ 90.075637155000038, 24.013215309000032 ], [ 90.075636315000054, 24.011776921000035 ], [ 90.075867928000036, 24.011137772000041 ], [ 90.075693265000041, 24.009859793000032 ], [ 90.075171001000058, 24.009485210000037 ], [ 90.074068841000042, 24.009485749000078 ], [ 90.074009888000035, 24.007408353000073 ], [ 90.074357157000065, 24.006448506000027 ], [ 90.074356881000085, 24.005969795000055 ], [ 90.07493627100007, 24.004743382000072 ], [ 90.075283866000063, 24.00437062900005 ], [ 90.075515589000076, 24.003410836000057 ], [ 90.075457145000087, 24.002771830000029 ], [ 90.075291947000039, 24.002419653000061 ], [ 90.073832936000031, 24.002612300000067 ], [ 90.071629038000083, 24.002613343000064 ], [ 90.070526764000078, 24.002295467000067 ], [ 90.07035254200008, 24.001708449000034 ], [ 90.069072142000039, 24.001512579000064 ], [ 90.068206003000057, 24.000910059000034 ], [ 90.067915908000032, 24.00021921900003 ], [ 90.067973361000043, 23.999632097000074 ], [ 90.068147287000045, 23.999099114000046 ], [ 90.067914762000044, 23.998033409000072 ], [ 90.067508536000048, 23.997927459000039 ], [ 90.067102730000045, 23.998033767000038 ], [ 90.066580544000033, 23.997661411000024 ], [ 90.066000561000067, 23.997821988000055 ], [ 90.065768757000058, 23.998140473000035 ], [ 90.06542065800005, 23.998140622000051 ], [ 90.065188665000051, 23.99808878500005 ], [ 90.064956466000069, 23.997619203000056 ], [ 90.064213405000032, 23.997294355000065 ], [ 90.064375893000033, 23.996596544000056 ], [ 90.064317736000078, 23.995797210000035 ], [ 90.064085591000037, 23.995424726000067 ], [ 90.063736395000035, 23.993187120000073 ], [ 90.063446296000052, 23.993026919000044 ], [ 90.063098516000082, 23.993027061000078 ], [ 90.062866304000067, 23.993133288000024 ], [ 90.06275058500006, 23.993347850000077 ], [ 90.062402520000035, 23.993399928000031 ], [ 90.06217046200004, 23.993187764000027 ], [ 90.062054484000043, 23.992867163000028 ], [ 90.061648259000037, 23.992709264000041 ], [ 90.060546444000067, 23.992495186000042 ], [ 90.059676360000083, 23.99244359000005 ], [ 90.058690331000037, 23.992123325000023 ], [ 90.057066300000031, 23.992017808000071 ], [ 90.056544280000082, 23.99191187100007 ], [ 90.056161514000053, 23.991286527000057 ], [ 90.057762159000049, 23.991324320000047 ], [ 90.05799404000004, 23.991163908000033 ], [ 90.057935665000059, 23.990470701000049 ], [ 90.058050507000075, 23.988287100000036 ], [ 90.058224530000075, 23.98791445300003 ], [ 90.058746414000041, 23.987753928000075 ], [ 90.060428052000077, 23.987647148000065 ], [ 90.061181829000077, 23.987380395000059 ], [ 90.061645567000085, 23.987059561000024 ], [ 90.062334797000062, 23.986740896000072 ], [ 90.06280500400004, 23.985835214000076 ], [ 90.063151934000075, 23.984130226000048 ], [ 90.063325859000031, 23.983597247000034 ], [ 90.063557693000064, 23.983382636000044 ], [ 90.063847009000085, 23.981998314000066 ], [ 90.064020726000081, 23.981677593000029 ], [ 90.064542604000053, 23.981571246000044 ], [ 90.065122599000063, 23.981571002000067 ], [ 90.065470211000047, 23.981304402000035 ], [ 90.065759666000076, 23.980238464000024 ], [ 90.066049522000071, 23.979971888000023 ], [ 90.06622298700006, 23.979172454000036 ], [ 90.066339022000079, 23.979012079000029 ], [ 90.066279168000051, 23.978506296000035 ], [ 90.06558487500007, 23.978427561000046 ], [ 90.065584606000073, 23.977894655000057 ], [ 90.065873753000062, 23.976241619000064 ], [ 90.066568106000034, 23.973470656000075 ], [ 90.066973780000069, 23.973258220000048 ], [ 90.068249383000079, 23.973043142000051 ], [ 90.068423077000034, 23.972724675000052 ], [ 90.068422010000063, 23.970699178000075 ], [ 90.068305783000085, 23.969899870000063 ], [ 90.068073562000052, 23.96931513100003 ], [ 90.067783167000073, 23.969089449000023 ], [ 90.067261684000073, 23.96926129600007 ], [ 90.064710199000046, 23.968995937000045 ], [ 90.064478180000037, 23.968783777000056 ], [ 90.064246058000037, 23.968357096000034 ], [ 90.063782128000071, 23.968145030000073 ], [ 90.06355003300007, 23.967770284000039 ], [ 90.063028056000064, 23.967558241000063 ], [ 90.060592338000049, 23.967132444000072 ], [ 90.058664935000081, 23.967252871000028 ], [ 90.058621052000035, 23.967347729000039 ], [ 90.056881974000078, 23.968253873000037 ], [ 90.055722461000073, 23.96836042800004 ], [ 90.055142507000085, 23.968306444000063 ], [ 90.054678572000057, 23.968040156000029 ], [ 90.053982488000031, 23.967934272000036 ], [ 90.053634641000031, 23.967616004000035 ], [ 90.05334463500003, 23.967507716000057 ], [ 90.053170778000037, 23.967507778000027 ], [ 90.052996679000046, 23.967668161000063 ], [ 90.052590914000064, 23.967668303000039 ], [ 90.052300626000033, 23.966869041000052 ], [ 90.051141083000061, 23.966869430000031 ], [ 90.049923074000048, 23.966603378000059 ], [ 90.048995502000082, 23.966764 ], [ 90.048843655000042, 23.964846938000051 ], [ 90.048717819000046, 23.964291490000051 ], [ 90.048165917000063, 23.963634563000028 ], [ 90.047196361000033, 23.963169698000058 ], [ 90.045556056000066, 23.962903739000069 ], [ 90.045402274000082, 23.964942834000055 ], [ 90.044924062000064, 23.967706866000071 ], [ 90.04460402400008, 23.968680193000068 ], [ 90.043869446000031, 23.969183957000041 ], [ 90.042958170000077, 23.969473248000043 ], [ 90.041395668000064, 23.969701744000076 ], [ 90.038994874000082, 23.969883019000065 ], [ 90.038439981000067, 23.970440905000032 ], [ 90.03817360000005, 23.971267429000022 ], [ 90.038123444000064, 23.972030671000027 ], [ 90.038230752000061, 23.972369356000058 ], [ 90.042837887000076, 23.973580730000037 ], [ 90.043094502000031, 23.973935177000044 ], [ 90.043098916000076, 23.974273886000049 ], [ 90.042771568000035, 23.974603658000035 ], [ 90.040631301000076, 23.975180050000063 ], [ 90.03975566400004, 23.97564544200003 ], [ 90.038420311000039, 23.978694189000066 ], [ 90.037937969000041, 23.980622707000066 ], [ 90.037993339000082, 23.98296657800006 ], [ 90.038485300000048, 23.983406780000053 ], [ 90.042470010000045, 23.985200899000063 ], [ 90.042789719000041, 23.985844363000069 ], [ 90.043528597000034, 23.986878354000055 ], [ 90.044159513000068, 23.987494627000046 ], [ 90.044855779000045, 23.987846684000033 ], [ 90.046054008000056, 23.988115041000071 ], [ 90.047803951000049, 23.988243216000058 ], [ 90.048629794000078, 23.98838070000005 ], [ 90.049468611000066, 23.98868753000005 ], [ 90.050154779000081, 23.98909149900004 ], [ 90.051546330000065, 23.990274269000054 ], [ 90.051784573000077, 23.990644516000032 ], [ 90.05189643600005, 23.991495771000075 ], [ 90.052895012000079, 23.994006408000075 ], [ 90.053197279000074, 23.99464308000006 ], [ 90.054176439000059, 23.996153389000028 ], [ 90.054713741000057, 23.996762876000048 ], [ 90.055332055000065, 23.99713072000003 ], [ 90.05643034600007, 23.997656452000058 ], [ 90.05735424900007, 23.997744172000068 ], [ 90.057584103000067, 23.997838927000032 ], [ 90.057765185000051, 23.998107568000023 ], [ 90.05784985300005, 23.998502698000038 ], [ 90.057205690000046, 24.000160365000056 ], [ 90.056777237000063, 24.000501492000069 ], [ 90.055968337000081, 24.000675662000049 ], [ 90.055307477000042, 24.000723322000056 ], [ 90.05395825100004, 24.000446059000069 ], [ 90.052489680000065, 23.999825598000029 ], [ 90.047834371000079, 23.997406468000065 ], [ 90.04660923800003, 23.996901038000033 ], [ 90.045874332000039, 23.996901260000072 ], [ 90.04532320900006, 23.997070777000033 ], [ 90.044466155000066, 23.997463935000042 ], [ 90.04415995800008, 23.997802733000071 ], [ 90.043915335000065, 23.998534420000055 ], [ 90.043915909000077, 24.00022119700003 ], [ 90.044651049000038, 24.00083969700006 ], [ 90.045018691000053, 24.001345400000048 ], [ 90.045080044000031, 24.001964093000026 ], [ 90.045019177000086, 24.002752177000048 ], [ 90.044651962000046, 24.003483899000059 ], [ 90.044419097000059, 24.003578805000075 ], [ 90.04599373800005, 24.004382215000078 ], [ 90.045878127000037, 24.005874832000075 ], [ 90.046110470000031, 24.006035087000043 ], [ 90.049648739000077, 24.006566885000041 ], [ 90.049880839000082, 24.006885198000077 ], [ 90.050518754000052, 24.00699111800003 ], [ 90.050925034000045, 24.007205501000044 ], [ 90.051099090000037, 24.007578025000043 ], [ 90.051389144000041, 24.007577928000046 ], [ 90.051853193000056, 24.007790030000024 ], [ 90.052375230000052, 24.007789850000052 ], [ 90.053448306000064, 24.008083030000023 ], [ 90.055739651000067, 24.008294473000035 ], [ 90.055826467000031, 24.00797605300005 ], [ 90.056087240000068, 24.007763701000044 ], [ 90.057276352000031, 24.007788099000038 ], [ 90.057566005000069, 24.006882506000068 ], [ 90.057855997000047, 24.006749170000035 ], [ 90.059161414000073, 24.007814480000036 ], [ 90.060118766000073, 24.008319916000062 ], [ 90.062526339000044, 24.009305728000072 ], [ 90.061860272000047, 24.011410517000058 ], [ 90.063237106000031, 24.012581893000061 ], [ 90.064093351000054, 24.011088956000037 ], [ 90.064730920000045, 24.010449653000023 ], [ 90.065658733000078, 24.010182807000035 ], [ 90.065832792000037, 24.00986434500004 ], [ 90.066238690000034, 24.009864171000061 ], [ 90.066818974000057, 24.010182305000058 ], [ 90.067573505000041, 24.011141654000028 ], [ 90.068095977000041, 24.011940778000053 ], [ 90.069257266000079, 24.014444456000035 ], [ 90.069489719000046, 24.015295641000023 ], [ 90.069491007000067, 24.017693706000045 ], [ 90.072333150000077, 24.017265616000032 ], [ 90.073145331000035, 24.01731942400005 ], [ 90.074305633000051, 24.01785177000005 ], [ 90.075117911000063, 24.018063632000064 ], [ 90.076409466000086, 24.01811718700003 ], [ 90.076335990000075, 24.018063028000029 ], [ 90.076335769000082, 24.017690450000032 ] ] ] } },
{ "type": "Feature", "properties": { "matched_key": "U_302614143", "navigation_parent_key": "A_302614", "admin_type": "union", "admin_label": "Union", "map_level": "union", "admin_rank": 3, "displayable": 1, "geometry_status": "EXACT/GEOMETRY", "location_label": "Baishakanda Union" }, "geometry": { "type": "Polygon", "coordinates": [ [ [ 90.150234967000074, 24.026534214000037 ], [ 90.150389243000063, 24.024956793000058 ], [ 90.152158356000086, 24.024835555000038 ], [ 90.153796917000079, 24.024332061000052 ], [ 90.154570523000075, 24.024026507000031 ], [ 90.154527634000033, 24.023827671000049 ], [ 90.155371922000086, 24.02368907500005 ], [ 90.155962332000058, 24.023254930000064 ], [ 90.156412537000051, 24.022757698000078 ], [ 90.157538078000073, 24.023695898000028 ], [ 90.159026055000083, 24.022477267000056 ], [ 90.159562333000054, 24.022266707000028 ], [ 90.160580442000082, 24.022299515000043 ], [ 90.160773648000031, 24.022233829000072 ], [ 90.161532935000082, 24.021221420000074 ], [ 90.163463217000071, 24.021117761000028 ], [ 90.163144331000069, 24.020454230000041 ], [ 90.163030620000086, 24.019955321000054 ], [ 90.163158902000077, 24.019580347000044 ], [ 90.16370753700005, 24.018952021000075 ], [ 90.164508910000052, 24.018447607000041 ], [ 90.164218703000074, 24.017858574000059 ], [ 90.163782836000053, 24.016535815000054 ], [ 90.16365040900007, 24.014359185000046 ], [ 90.164621048000072, 24.013116213000046 ], [ 90.166562980000037, 24.011897016000034 ], [ 90.167057656000054, 24.011399704000041 ], [ 90.167440013000032, 24.011487355000042 ], [ 90.167473236000035, 24.011277319000044 ], [ 90.167701661000081, 24.010902229000067 ], [ 90.168081006000079, 24.010800202000041 ], [ 90.168138656000053, 24.010240138000029 ], [ 90.166909057000055, 24.009823743000027 ], [ 90.166635076000034, 24.009187266000026 ], [ 90.166990545000033, 24.008206880000046 ], [ 90.168370404000086, 24.007223114000055 ], [ 90.168486851000068, 24.006227856000066 ], [ 90.168682317000048, 24.005608255000027 ], [ 90.169497104000072, 24.004627356000071 ], [ 90.169818697000039, 24.003850225000065 ], [ 90.170398122000051, 24.003576357000043 ], [ 90.170463840000082, 24.003318862000071 ], [ 90.171001124000043, 24.002780846000064 ], [ 90.17187817000007, 24.001280511000061 ], [ 90.176648516000057, 24.001101219000077 ], [ 90.177589983000075, 24.000928517000034 ], [ 90.178155397000069, 24.001214637000032 ], [ 90.178784057000087, 24.001907131000053 ], [ 90.179600102000052, 24.001906176000034 ], [ 90.180980688000034, 24.001559069000052 ], [ 90.182236332000059, 24.001729195000053 ], [ 90.184371508000083, 24.002245998000035 ], [ 90.184748132000038, 24.002419415000077 ], [ 90.185723792000033, 24.002095333000057 ], [ 90.186032827000076, 24.001842055000054 ], [ 90.186138244000063, 24.001225475000069 ], [ 90.186021787000072, 24.000360778000072 ], [ 90.185744674000034, 23.999733374000073 ], [ 90.185578437000061, 23.999076477000074 ], [ 90.184724327000083, 23.994997186000035 ], [ 90.185241360000077, 23.994330433000073 ], [ 90.185981708000043, 23.992568246000076 ], [ 90.186144635000062, 23.990928692000068 ], [ 90.186083865000057, 23.990113600000029 ], [ 90.184986252000044, 23.98930880100005 ], [ 90.184600441000043, 23.989130877000036 ], [ 90.183031030000052, 23.988805339000066 ], [ 90.182838408000066, 23.988805568000032 ], [ 90.182673609000062, 23.98893221700007 ], [ 90.182343153000033, 23.989007126000047 ], [ 90.181297180000058, 23.988857076000045 ], [ 90.180828740000038, 23.988681499000052 ], [ 90.180333577000056, 23.988731760000064 ], [ 90.179810183000086, 23.988581083000042 ], [ 90.178984460000038, 23.988631725000062 ], [ 90.17890226600008, 23.988733434000039 ], [ 90.178876152000043, 23.989846692000071 ], [ 90.178766277000079, 23.98992359500005 ], [ 90.175866073000066, 23.989649206000024 ], [ 90.175884988000064, 23.98955208700005 ], [ 90.175719671000081, 23.989299372000062 ], [ 90.175552606000053, 23.987985370000047 ], [ 90.175359405000052, 23.987556556000072 ], [ 90.175220095000043, 23.98631703500007 ], [ 90.175219002000063, 23.985508649000053 ], [ 90.175768793000032, 23.984975114000065 ], [ 90.176414254000065, 23.984538568000062 ], [ 90.175317974000052, 23.984413370000027 ], [ 90.174657653000054, 23.98453832000007 ], [ 90.174493979000033, 23.985728509000069 ], [ 90.174220082000033, 23.986740435000058 ], [ 90.17389122700007, 23.987779518000025 ], [ 90.17369880800004, 23.987931026000069 ], [ 90.171634101000052, 23.987754963000043 ], [ 90.171385982000061, 23.98760395000005 ], [ 90.171385646000033, 23.987351047000061 ], [ 90.171303246000036, 23.987301461000072 ], [ 90.170339565000063, 23.98709930800004 ], [ 90.169789011000034, 23.987075080000068 ], [ 90.169541756000058, 23.987581160000047 ], [ 90.168661078000071, 23.987658908000071 ], [ 90.168578768000032, 23.987911900000029 ], [ 90.168110881000075, 23.98791241400005 ], [ 90.168055761000062, 23.98781086200006 ], [ 90.16764283100008, 23.987786476000053 ], [ 90.167587939000043, 23.987861051000039 ], [ 90.166899847000082, 23.987913737000042 ], [ 90.166542723000077, 23.988519288000077 ], [ 90.166350815000044, 23.989077239000039 ], [ 90.165993268000079, 23.989355369000066 ], [ 90.165801551000072, 23.990064610000047 ], [ 90.165362278000032, 23.99082379400005 ], [ 90.164872839000054, 23.99079722700003 ], [ 90.163646898000081, 23.990204665000078 ], [ 90.163208559000054, 23.990254811000057 ], [ 90.162989426000081, 23.990431171000068 ], [ 90.162688173000049, 23.990533104000065 ], [ 90.162469441000042, 23.990783983000028 ], [ 90.162360113000034, 23.991061843000068 ], [ 90.162140946000079, 23.991213365000078 ], [ 90.161702670000068, 23.991315439000061 ], [ 90.159920875000068, 23.991141178000078 ], [ 90.159401098000046, 23.991920753000045 ], [ 90.158962569000039, 23.991821854000023 ], [ 90.158441920000087, 23.991896910000037 ], [ 90.158194971000057, 23.991696194000042 ], [ 90.157727324000064, 23.990136351000046 ], [ 90.157397526000068, 23.989506688000063 ], [ 90.15725928300003, 23.988499729000068 ], [ 90.157066787000076, 23.987845087000039 ], [ 90.155723560000069, 23.987769684000057 ], [ 90.155449378000071, 23.98764576800005 ], [ 90.155229246000033, 23.986738247000062 ], [ 90.155145018000042, 23.985153165000042 ], [ 90.15514003800007, 23.980998320000026 ], [ 90.155029886000079, 23.980594235000069 ], [ 90.154810159000078, 23.980267035000054 ], [ 90.15467306100004, 23.980192659000068 ], [ 90.152672549000044, 23.980144985000038 ], [ 90.152535508000085, 23.980118026000071 ], [ 90.15245331300008, 23.979969073000063 ], [ 90.152367783000045, 23.977248180000061 ], [ 90.152612875000045, 23.976166320000061 ], [ 90.149927548000051, 23.976243483000076 ], [ 90.148502334000057, 23.975818092000054 ], [ 90.14757084300004, 23.975995121000039 ], [ 90.147022518000085, 23.975995648000037 ], [ 90.144924336000031, 23.97579582000003 ], [ 90.144236695000075, 23.977112366000028 ], [ 90.143899846000068, 23.976980870000034 ], [ 90.143023019000054, 23.97715781900007 ], [ 90.141102184000033, 23.978015407000044 ], [ 90.140695064000056, 23.978494493000028 ], [ 90.139928497000085, 23.978946810000025 ], [ 90.13951757500007, 23.979326542000024 ], [ 90.13927134000005, 23.979450958000029 ], [ 90.139024665000079, 23.979451183000037 ], [ 90.138805166000054, 23.979300090000038 ], [ 90.138448716000084, 23.979201057000068 ], [ 90.137489740000035, 23.979276436000077 ], [ 90.137133583000036, 23.979452882000032 ], [ 90.136695779000036, 23.979983922000031 ], [ 90.136546576000057, 23.98031648400007 ], [ 90.136601294000059, 23.981628562000026 ], [ 90.136902840000062, 23.983440732000076 ], [ 90.136609290000081, 23.983609668000042 ], [ 90.136261224000066, 23.983608514000025 ], [ 90.135987383000042, 23.983784888000059 ], [ 90.135876106000069, 23.984010795000074 ], [ 90.135000911000077, 23.984038662000046 ], [ 90.134123424000052, 23.983635237000044 ], [ 90.133849034000036, 23.983283219000043 ], [ 90.13327367100004, 23.983308557000043 ], [ 90.133136918000048, 23.983561580000071 ], [ 90.132890363000058, 23.983688247000032 ], [ 90.132287400000052, 23.983763285000066 ], [ 90.131845860000055, 23.983677857000032 ], [ 90.130972131000078, 23.983940542000028 ], [ 90.130150005000075, 23.983891566000068 ], [ 90.130480188000035, 23.985049676000074 ], [ 90.131085960000064, 23.988045620000037 ], [ 90.131004263000079, 23.988373113000023 ], [ 90.13141616200005, 23.989203729000053 ], [ 90.131416594000086, 23.989630506000026 ], [ 90.131389483000078, 23.989858592000076 ], [ 90.131006074000084, 23.990161502000035 ], [ 90.129421587000081, 23.990616718000069 ], [ 90.128978482000036, 23.990215156000033 ], [ 90.12799235500006, 23.989949529000057 ], [ 90.128035093000051, 23.989364652000063 ], [ 90.127860997000084, 23.989150282000026 ], [ 90.12675844100005, 23.988566356000035 ], [ 90.126003910000065, 23.98792568500005 ], [ 90.125133778000077, 23.987501879000035 ], [ 90.124553350000042, 23.987075578000031 ], [ 90.124205127000039, 23.986915535000037 ], [ 90.123509294000087, 23.986916099000041 ], [ 90.12327719700005, 23.986755963000064 ], [ 90.123218777000034, 23.986383425000042 ], [ 90.123044697000068, 23.986171306000074 ], [ 90.122522444000083, 23.985851080000032 ], [ 90.12252194000007, 23.985318173000053 ], [ 90.122289747000082, 23.985051906000024 ], [ 90.121767452000086, 23.984679742000026 ], [ 90.121476903000087, 23.984095130000071 ], [ 90.121244912000066, 23.98404111900004 ], [ 90.120375267000043, 23.984096 ], [ 90.119620980000036, 23.983988199000066 ], [ 90.11857711600004, 23.983670621000044 ], [ 90.117997066000044, 23.983616876000042 ], [ 90.117359055000065, 23.983671559000072 ], [ 90.116779552000082, 23.983884258000046 ], [ 90.116431731000034, 23.98415097700007 ], [ 90.116026057000056, 23.984311609000031 ], [ 90.115576617000045, 23.984311947000037 ], [ 90.115663816000051, 23.984605431000034 ], [ 90.115693337000039, 23.985323476000076 ], [ 90.115550356000085, 23.987588432000052 ], [ 90.115599587000077, 23.988708399000075 ], [ 90.116014255000039, 23.989656474000071 ], [ 90.117032890000075, 23.991243127000075 ], [ 90.118861655000046, 23.994454955000037 ], [ 90.119557999000051, 23.993964412000025 ], [ 90.119934526000065, 23.993819603000077 ], [ 90.120804520000036, 23.99373762700003 ], [ 90.121072530000049, 23.993525159000058 ], [ 90.123283552000032, 23.993430817000046 ], [ 90.123331656000062, 23.99845272500005 ], [ 90.123476977000053, 23.99877099400004 ], [ 90.123883199000034, 23.99882486000007 ], [ 90.124375935000046, 23.998745428000063 ], [ 90.124955564000061, 23.99829108800003 ], [ 90.12533251900004, 23.998263681000026 ], [ 90.129221156000085, 23.998495293000076 ], [ 90.128987829000039, 23.999592910000047 ], [ 90.128698216000032, 24.000019928000029 ], [ 90.129684368000085, 24.000231358000065 ], [ 90.129974673000049, 24.000497563000067 ], [ 90.130149752000079, 24.001669351000032 ], [ 90.130353484000068, 24.002308213000049 ], [ 90.130556538000064, 24.002574491000075 ], [ 90.130759737000062, 24.002682704000051 ], [ 90.13189090700007, 24.002866899000026 ], [ 90.132239292000065, 24.003133049000041 ], [ 90.132790356000044, 24.003292894000026 ], [ 90.13386409800006, 24.004091318000064 ], [ 90.134125734000065, 24.004544960000032 ], [ 90.134388111000078, 24.006007958000055 ], [ 90.134447872000067, 24.007633712000029 ], [ 90.134680519000085, 24.008272540000064 ], [ 90.134769057000085, 24.009792141000048 ], [ 90.135055518000058, 24.010760599000037 ], [ 90.135773706000066, 24.010565772000064 ], [ 90.136480949000031, 24.009901272000036 ], [ 90.137031461000049, 24.009799169000075 ], [ 90.137802696000051, 24.009798475000025 ], [ 90.139392975000078, 24.009395104000077 ], [ 90.139634070000056, 24.01100262500006 ], [ 90.139826539000069, 24.011682127000029 ], [ 90.139991563000081, 24.011982299000067 ], [ 90.140257766000047, 24.012081412000043 ], [ 90.140789103000031, 24.014399956000034 ], [ 90.141091091000078, 24.014903224000022 ], [ 90.141064430000085, 24.015533250000033 ], [ 90.141697856000064, 24.018452339000078 ], [ 90.142579800000078, 24.018203134000032 ], [ 90.144029105000072, 24.017508555000063 ], [ 90.14458019500006, 24.017347714000039 ], [ 90.144812252000065, 24.017401688000064 ], [ 90.145160397000041, 24.017667810000034 ], [ 90.145393303000048, 24.018200491000073 ], [ 90.145510619000049, 24.019505540000068 ], [ 90.14580201800004, 24.020677197000055 ], [ 90.145947213000056, 24.020810284000049 ], [ 90.147223152000038, 24.020596805000025 ], [ 90.147861391000049, 24.020862642000054 ], [ 90.148181369000042, 24.021474266000041 ], [ 90.148385527000073, 24.022646004000023 ], [ 90.148298899000054, 24.022939637000036 ], [ 90.14800908400008, 24.023179269000025 ], [ 90.148213889000033, 24.02464455300003 ], [ 90.148030649000077, 24.025640533000058 ], [ 90.14803426800006, 24.026519900000039 ], [ 90.150234967000074, 24.026534214000037 ] ] ] } },
{ "type": "Feature", "properties": { "matched_key": "U_302614152", "navigation_parent_key": "A_302614", "admin_type": "union", "admin_label": "Union", "map_level": "union", "admin_rank": 3, "displayable": 1, "geometry_status": "EXACT/GEOMETRY", "location_label": "Balia Union" }, "geometry": { "type": "Polygon", "coordinates": [ [ [ 90.08687154900008, 24.016610640000067 ], [ 90.089707768000039, 24.016349085000058 ], [ 90.090543792000062, 24.012568196000075 ], [ 90.090079586000058, 24.012247825000031 ], [ 90.090079439000078, 24.012035566000066 ], [ 90.090310944000066, 24.011342202000037 ], [ 90.090310091000049, 24.010118332000047 ], [ 90.090154106000057, 24.009831648000045 ], [ 90.09106382300007, 24.009691109000073 ], [ 90.091295470000034, 24.009210006000046 ], [ 90.091759744000058, 24.009209727000041 ], [ 90.091991653000036, 24.009103458000027 ], [ 90.09222303100006, 24.008252026000036 ], [ 90.093033591000051, 24.006546695000054 ], [ 90.093728910000038, 24.005265947000055 ], [ 90.09413440700007, 24.004732797000031 ], [ 90.09483010100007, 24.004413979000049 ], [ 90.09622194800005, 24.003986337000072 ], [ 90.096892642000057, 24.003933978000077 ], [ 90.097497042000043, 24.002759400000059 ], [ 90.097728411000048, 24.001959895000027 ], [ 90.098018090000039, 24.001481 ], [ 90.09865572800004, 24.001214139000069 ], [ 90.098595408000051, 23.997856427000045 ], [ 90.098999069000058, 23.994979385000079 ], [ 90.099172472000078, 23.994340240000042 ], [ 90.099288242000057, 23.994270165000046 ], [ 90.099287794000077, 23.993283388000066 ], [ 90.099507373000051, 23.992370986000026 ], [ 90.099450476000072, 23.989891657000044 ], [ 90.099504652000064, 23.988830328000063 ], [ 90.100053972000069, 23.987260610000078 ], [ 90.100247498000044, 23.986445318000051 ], [ 90.099427478000052, 23.986348756000041 ], [ 90.098673421000058, 23.986134727000035 ], [ 90.098759143000052, 23.984535954000023 ], [ 90.096033496000075, 23.984379619000038 ], [ 90.09577229100006, 23.984271394000075 ], [ 90.095685155000069, 23.984004997000056 ], [ 90.095568976000038, 23.983926035000025 ], [ 90.095481544000052, 23.983259959000065 ], [ 90.09371290200005, 23.983154918000025 ], [ 90.093683601000066, 23.982994613000074 ], [ 90.093973272000085, 23.982540563000043 ], [ 90.093973117000075, 23.982328306000056 ], [ 90.093857185000047, 23.982168054000056 ], [ 90.092755224000086, 23.982116787000052 ], [ 90.092581841000083, 23.982807864000051 ], [ 90.092378896000071, 23.982968308000068 ], [ 90.092030855000075, 23.98299561500005 ], [ 90.091827969000065, 23.982808315000057 ], [ 90.091683009000064, 23.982862598000054 ], [ 90.091596220000042, 23.983074910000028 ], [ 90.091480982000064, 23.984328208000022 ], [ 90.091365203000066, 23.98438247200005 ], [ 90.090640237000059, 23.984434836000048 ], [ 90.090205121000054, 23.984274771000059 ], [ 90.09011797900007, 23.983983530000046 ], [ 90.090175650000049, 23.983423494000078 ], [ 90.08997220100008, 23.982863608000059 ], [ 90.089769065000041, 23.982757599000024 ], [ 90.089295093000032, 23.982812070000023 ], [ 90.089221311000074, 23.985413416000029 ], [ 90.089016786000059, 23.985074821000069 ], [ 90.088117282000042, 23.984169854000072 ], [ 90.087739710000051, 23.983237485000075 ], [ 90.086898181000038, 23.982172152000032 ], [ 90.086897735000036, 23.981506018000061 ], [ 90.086955741000054, 23.981426956000064 ], [ 90.087825402000078, 23.981399362000047 ], [ 90.087999459000059, 23.981214102000024 ], [ 90.088028098000052, 23.980866339000045 ], [ 90.088027628000077, 23.980173113000035 ], [ 90.087911234000046, 23.979321883000068 ], [ 90.087591233000069, 23.978095932000031 ], [ 90.087359141000036, 23.977856708000047 ], [ 90.087330158000043, 23.977696399000024 ], [ 90.087329783000087, 23.977136398000027 ], [ 90.087763443000085, 23.975191944000073 ], [ 90.087820236000084, 23.973780614000077 ], [ 90.088226166000084, 23.973541026000078 ], [ 90.088225803000057, 23.973008119000042 ], [ 90.088138707000041, 23.972766554000032 ], [ 90.087674780000043, 23.972633594000058 ], [ 90.087616309000055, 23.972021688000041 ], [ 90.087412943000061, 23.971543091000058 ], [ 90.087470278000069, 23.970477245000041 ], [ 90.087759996000045, 23.970104497000023 ], [ 90.087817419000032, 23.969621234000044 ], [ 90.086252579000075, 23.97037180500007 ], [ 90.085064117000059, 23.970824085000061 ], [ 90.084455317000049, 23.970851516000039 ], [ 90.08410718600004, 23.970691384000077 ], [ 90.083324476000087, 23.970639877000053 ], [ 90.082484287000057, 23.971491625000056 ], [ 90.082013147000055, 23.971598005000033 ], [ 90.081504038000048, 23.973851840000066 ], [ 90.081171891000054, 23.973714274000031 ], [ 90.081084874000055, 23.973581094000053 ], [ 90.080243990000042, 23.973367019000023 ], [ 90.079141878000087, 23.972940815000072 ], [ 90.078909861000056, 23.972782867000035 ], [ 90.07890965200005, 23.972435125000061 ], [ 90.077546971000061, 23.971850976000042 ], [ 90.077343959000075, 23.971903015000066 ], [ 90.076967354000033, 23.972411271000055 ], [ 90.076201059000084, 23.972601333000057 ], [ 90.075798344000077, 23.972590241000034 ], [ 90.075774108000076, 23.972120573000041 ], [ 90.075624107000067, 23.97195128900006 ], [ 90.074379572000055, 23.971665124000026 ], [ 90.073831550000079, 23.971624743000064 ], [ 90.073074803000054, 23.971320265000031 ], [ 90.072727244000077, 23.970514294000054 ], [ 90.072944938000035, 23.970351610000023 ], [ 90.073060577000035, 23.970058003000076 ], [ 90.073262396000075, 23.967899184000032 ], [ 90.073558363000075, 23.967648395000026 ], [ 90.074160480000046, 23.966699711000047 ], [ 90.074478400000032, 23.965103094000028 ], [ 90.07526088700007, 23.964836259000037 ], [ 90.075434784000038, 23.964382299000079 ], [ 90.075724661000038, 23.964248928000075 ], [ 90.076303719000066, 23.963316056000053 ], [ 90.075839818000077, 23.963155961000041 ], [ 90.075404905000084, 23.963183274000073 ], [ 90.075115319000076, 23.963289544000077 ], [ 90.074912243000085, 23.963210611000022 ], [ 90.074882800000069, 23.96275674900005 ], [ 90.075027469000077, 23.962223773000062 ], [ 90.075027269000032, 23.961878287000047 ], [ 90.075114408000047, 23.961717919000023 ], [ 90.07572315200008, 23.961665684000025 ], [ 90.075868050000054, 23.961532388000023 ], [ 90.075983407000081, 23.960784906000072 ], [ 90.075844759000063, 23.960572715000069 ], [ 90.07455866500004, 23.960464957000056 ], [ 90.073416447000056, 23.96058970200005 ], [ 90.072412335000081, 23.96051791800005 ], [ 90.070271700000035, 23.959170837000045 ], [ 90.068517912000061, 23.958622916000024 ], [ 90.066484163000041, 23.958337034000067 ], [ 90.063483015000031, 23.958243466000056 ], [ 90.062270802000057, 23.958417834000045 ], [ 90.060750766000069, 23.959116189000042 ], [ 90.059942594000063, 23.959624577000056 ], [ 90.058849288000033, 23.960059454000032 ], [ 90.05688191400003, 23.960416071000054 ], [ 90.056113961000051, 23.960231190000059 ], [ 90.054432693000081, 23.959651468000061 ], [ 90.050253402000067, 23.959009338000044 ], [ 90.048047129000054, 23.959707792000074 ], [ 90.046336748000044, 23.960907360000078 ], [ 90.045751001000042, 23.961749802000043 ], [ 90.045556056000066, 23.962903739000069 ], [ 90.047196361000033, 23.963169698000058 ], [ 90.048165917000063, 23.963634563000028 ], [ 90.048717819000046, 23.964291490000051 ], [ 90.048843655000042, 23.964846938000051 ], [ 90.048995502000082, 23.966764 ], [ 90.049923074000048, 23.966603378000059 ], [ 90.051141083000061, 23.966869430000031 ], [ 90.052300626000033, 23.966869041000052 ], [ 90.052590914000064, 23.967668303000039 ], [ 90.052996679000046, 23.967668161000063 ], [ 90.053170778000037, 23.967507778000027 ], [ 90.05334463500003, 23.967507716000057 ], [ 90.053634641000031, 23.967616004000035 ], [ 90.053982488000031, 23.967934272000036 ], [ 90.054678572000057, 23.968040156000029 ], [ 90.055142507000085, 23.968306444000063 ], [ 90.055722461000073, 23.96836042800004 ], [ 90.056881974000078, 23.968253873000037 ], [ 90.058621052000035, 23.967347729000039 ], [ 90.058664935000081, 23.967252871000028 ], [ 90.060592338000049, 23.967132444000072 ], [ 90.063028056000064, 23.967558241000063 ], [ 90.06355003300007, 23.967770284000039 ], [ 90.063782128000071, 23.968145030000073 ], [ 90.064246058000037, 23.968357096000034 ], [ 90.064478180000037, 23.968783777000056 ], [ 90.064710199000046, 23.968995937000045 ], [ 90.067261684000073, 23.96926129600007 ], [ 90.067783167000073, 23.969089449000023 ], [ 90.068073562000052, 23.96931513100003 ], [ 90.068305783000085, 23.969899870000063 ], [ 90.068422010000063, 23.970699178000075 ], [ 90.068423077000034, 23.972724675000052 ], [ 90.068249383000079, 23.973043142000051 ], [ 90.066973780000069, 23.973258220000048 ], [ 90.066568106000034, 23.973470656000075 ], [ 90.065873753000062, 23.976241619000064 ], [ 90.065584606000073, 23.977894655000057 ], [ 90.06558487500007, 23.978427561000046 ], [ 90.066279168000051, 23.978506296000035 ], [ 90.066339022000079, 23.979012079000029 ], [ 90.06622298700006, 23.979172454000036 ], [ 90.066049522000071, 23.979971888000023 ], [ 90.065759666000076, 23.980238464000024 ], [ 90.065470211000047, 23.981304402000035 ], [ 90.065122599000063, 23.981571002000067 ], [ 90.064542604000053, 23.981571246000044 ], [ 90.064020726000081, 23.981677593000029 ], [ 90.063847009000085, 23.981998314000066 ], [ 90.063557693000064, 23.983382636000044 ], [ 90.063325859000031, 23.983597247000034 ], [ 90.063151934000075, 23.984130226000048 ], [ 90.06280500400004, 23.985835214000076 ], [ 90.062334797000062, 23.986740896000072 ], [ 90.061645567000085, 23.987059561000024 ], [ 90.061181829000077, 23.987380395000059 ], [ 90.060428052000077, 23.987647148000065 ], [ 90.058746414000041, 23.987753928000075 ], [ 90.058224530000075, 23.98791445300003 ], [ 90.058050507000075, 23.988287100000036 ], [ 90.057935665000059, 23.990470701000049 ], [ 90.05799404000004, 23.991163908000033 ], [ 90.057762159000049, 23.991324320000047 ], [ 90.056161514000053, 23.991286527000057 ], [ 90.056544280000082, 23.99191187100007 ], [ 90.057066300000031, 23.992017808000071 ], [ 90.058690331000037, 23.992123325000023 ], [ 90.059676360000083, 23.99244359000005 ], [ 90.060546444000067, 23.992495186000042 ], [ 90.061648259000037, 23.992709264000041 ], [ 90.062054484000043, 23.992867163000028 ], [ 90.06217046200004, 23.993187764000027 ], [ 90.062402520000035, 23.993399928000031 ], [ 90.06275058500006, 23.993347850000077 ], [ 90.062866304000067, 23.993133288000024 ], [ 90.063098516000082, 23.993027061000078 ], [ 90.063446296000052, 23.993026919000044 ], [ 90.063736395000035, 23.993187120000073 ], [ 90.064085591000037, 23.995424726000067 ], [ 90.064317736000078, 23.995797210000035 ], [ 90.064375893000033, 23.996596544000056 ], [ 90.064213405000032, 23.997294355000065 ], [ 90.064956466000069, 23.997619203000056 ], [ 90.065188665000051, 23.99808878500005 ], [ 90.06542065800005, 23.998140622000051 ], [ 90.065768757000058, 23.998140473000035 ], [ 90.066000561000067, 23.997821988000055 ], [ 90.066580544000033, 23.997661411000024 ], [ 90.067102730000045, 23.998033767000038 ], [ 90.067508536000048, 23.997927459000039 ], [ 90.067914762000044, 23.998033409000072 ], [ 90.068147287000045, 23.999099114000046 ], [ 90.067973361000043, 23.999632097000074 ], [ 90.067915908000032, 24.00021921900003 ], [ 90.068206003000057, 24.000910059000034 ], [ 90.069072142000039, 24.001512579000064 ], [ 90.07035254200008, 24.001708449000034 ], [ 90.070526764000078, 24.002295467000067 ], [ 90.071629038000083, 24.002613343000064 ], [ 90.073832936000031, 24.002612300000067 ], [ 90.075291947000039, 24.002419653000061 ], [ 90.075457145000087, 24.002771830000029 ], [ 90.075515589000076, 24.003410836000057 ], [ 90.075283866000063, 24.00437062900005 ], [ 90.07493627100007, 24.004743382000072 ], [ 90.074356881000085, 24.005969795000055 ], [ 90.074357157000065, 24.006448506000027 ], [ 90.074009888000035, 24.007408353000073 ], [ 90.074068841000042, 24.009485749000078 ], [ 90.075171001000058, 24.009485210000037 ], [ 90.075693265000041, 24.009859793000032 ], [ 90.075867928000036, 24.011137772000041 ], [ 90.075636315000054, 24.011776921000035 ], [ 90.075637155000038, 24.013215309000032 ], [ 90.075985514000081, 24.013587718000053 ], [ 90.076739660000044, 24.01374766400005 ], [ 90.077319203000059, 24.01326866200003 ], [ 90.07772490800005, 24.012414909000029 ], [ 90.078121037000074, 24.012507288000052 ], [ 90.077957219000041, 24.012947694000047 ], [ 90.07798444000008, 24.015268539000033 ], [ 90.079454327000064, 24.015351428000031 ], [ 90.082654600000069, 24.015720156000043 ], [ 90.084482599000069, 24.016226995000068 ], [ 90.08687154900008, 24.016610640000067 ] ] ] } },
{ "type": "Feature", "properties": { "matched_key": "U_302614161", "navigation_parent_key": "A_302614", "admin_type": "union", "admin_label": "Union", "map_level": "union", "admin_rank": 3, "displayable": 1, "geometry_status": "EXACT/GEOMETRY", "location_label": "Bhararia Union" }, "geometry": { "type": "Polygon", "coordinates": [ [ [ 90.186083865000057, 23.990113600000029 ], [ 90.18601357600005, 23.988447235000024 ], [ 90.186174012000038, 23.987855425000078 ], [ 90.186627413000053, 23.987398746000054 ], [ 90.18825090100006, 23.986676438000075 ], [ 90.190256696000063, 23.98606202700006 ], [ 90.190595923000046, 23.985691283000051 ], [ 90.190465891000031, 23.983964022000066 ], [ 90.189981763000048, 23.982307199000047 ], [ 90.189969224000038, 23.981087858000024 ], [ 90.189307731000042, 23.978708671000049 ], [ 90.189341271000046, 23.978114755000036 ], [ 90.189752301000055, 23.977495537000038 ], [ 90.190566478000051, 23.976954851000073 ], [ 90.192313503000037, 23.976162344000045 ], [ 90.192762968000068, 23.976197909000064 ], [ 90.193824300000074, 23.976614319000078 ], [ 90.194902457000069, 23.977181986000062 ], [ 90.195407077000084, 23.977325858000029 ], [ 90.19686654700007, 23.977138832000037 ], [ 90.197489436000069, 23.97688061100007 ], [ 90.198705682000082, 23.976138396000067 ], [ 90.199527671000055, 23.975317649000033 ], [ 90.200094845000081, 23.974596587000065 ], [ 90.200509074000081, 23.973898301000077 ], [ 90.200549807000073, 23.973024376000069 ], [ 90.20019155600005, 23.972175809000078 ], [ 90.198746177000032, 23.970696392000036 ], [ 90.197943038000062, 23.969769363000069 ], [ 90.19753909700006, 23.969155688000058 ], [ 90.197347372000081, 23.968516897000029 ], [ 90.197346541000059, 23.967970446000038 ], [ 90.197426423000081, 23.96757969600003 ], [ 90.197659467000051, 23.967315203000055 ], [ 90.199865463000037, 23.96707976600004 ], [ 90.200480504000041, 23.966945738000049 ], [ 90.201587466000035, 23.966515254000058 ], [ 90.202669277000041, 23.966310601000032 ], [ 90.203500452000071, 23.966309504000037 ], [ 90.204009876000043, 23.96640366500003 ], [ 90.204467769000075, 23.966351119000024 ], [ 90.204721445000075, 23.966129491000061 ], [ 90.205068641000082, 23.965614187000028 ], [ 90.205491222000035, 23.964599747000022 ], [ 90.205958744000043, 23.962684277000051 ], [ 90.206324269000049, 23.960762164000073 ], [ 90.206741075000082, 23.959226114000046 ], [ 90.207493276000037, 23.957499929000051 ], [ 90.207913154000039, 23.957318715000042 ], [ 90.210086871000044, 23.957182530000068 ], [ 90.211166541000068, 23.956659434000073 ], [ 90.212974947000077, 23.955148542000074 ], [ 90.213775130000045, 23.954648396000039 ], [ 90.214678109000033, 23.954281327000047 ], [ 90.215241725000055, 23.95392602000004 ], [ 90.216720383000052, 23.952162641000029 ], [ 90.217649827000059, 23.951291971000046 ], [ 90.218103317000043, 23.951029389000041 ], [ 90.219845802000066, 23.950582065000049 ], [ 90.22100217600007, 23.949711045000072 ], [ 90.222098533000064, 23.948593973000072 ], [ 90.223374136000075, 23.947781476000046 ], [ 90.22523446200006, 23.947848758000077 ], [ 90.225896893000083, 23.947660365000047 ], [ 90.226303946000087, 23.947377509000034 ], [ 90.230628068000044, 23.943015246000073 ], [ 90.23067846500004, 23.942687750000061 ], [ 90.230318512000053, 23.940768925000043 ], [ 90.230265121000059, 23.939409644000023 ], [ 90.230517875000032, 23.93837958000006 ], [ 90.231127853000032, 23.937394140000038 ], [ 90.231126020000033, 23.93636446000005 ], [ 90.230767935000074, 23.93566273700003 ], [ 90.229696986000079, 23.935242081000069 ], [ 90.228473751000081, 23.935009064000042 ], [ 90.227760389000082, 23.935010125000076 ], [ 90.227454370000032, 23.934917996000024 ], [ 90.227199239000072, 23.934776113000055 ], [ 90.227045820000058, 23.934496339000077 ], [ 90.226943296000059, 23.934169069000063 ], [ 90.227501650000079, 23.93280887800006 ], [ 90.228161885000077, 23.931590794000044 ], [ 90.228160321000075, 23.930701112000065 ], [ 90.227852991000077, 23.929857048000031 ], [ 90.227598019000084, 23.929624843000056 ], [ 90.227240790000053, 23.92939053300006 ], [ 90.22495389900007, 23.928440985000066 ], [ 90.224522913000044, 23.928522907000058 ], [ 90.223725142000035, 23.928524071000027 ], [ 90.223394908000046, 23.928447776000041 ], [ 90.222597398000062, 23.928600225000025 ], [ 90.222432849000086, 23.928803689000063 ], [ 90.222433366000075, 23.929106271000023 ], [ 90.222543865000034, 23.92943579100006 ], [ 90.222984552000071, 23.929814511000075 ], [ 90.222929972000031, 23.930040399000063 ], [ 90.222710457000062, 23.93024394400004 ], [ 90.222380260000079, 23.930370874000062 ], [ 90.222050112000034, 23.930346512000028 ], [ 90.221003922000079, 23.929817373000049 ], [ 90.220646181000063, 23.92981788700007 ], [ 90.220453945000031, 23.929994294000039 ], [ 90.220454289000031, 23.930197521000025 ], [ 90.220576037000058, 23.930463798000062 ], [ 90.219465809000042, 23.931285070000058 ], [ 90.218834465000043, 23.93201984600006 ], [ 90.218614245000083, 23.931995323000024 ], [ 90.218421878000072, 23.932097211000041 ], [ 90.21776288500007, 23.932829764000076 ], [ 90.217680619000078, 23.933033107000028 ], [ 90.216883961000065, 23.93371617400004 ], [ 90.216499414000054, 23.934222526000042 ], [ 90.216389565000043, 23.934274617000028 ], [ 90.215695852000067, 23.934085914000036 ], [ 90.215483333000066, 23.935185897000054 ], [ 90.215345840000055, 23.935235767000052 ], [ 90.215125448000038, 23.935109625000052 ], [ 90.214327387000083, 23.93495944700004 ], [ 90.214190023000072, 23.935086091000073 ], [ 90.213474649000034, 23.93498547400003 ], [ 90.213309602000038, 23.935087316000079 ], [ 90.21322774500004, 23.935543560000042 ], [ 90.211824660000048, 23.935545506000039 ], [ 90.211715629000082, 23.936101141000051 ], [ 90.211798978000047, 23.936554901000022 ], [ 90.212267709000059, 23.937186517000043 ], [ 90.212405908000051, 23.93756568200007 ], [ 90.212681729000053, 23.937971755000035 ], [ 90.212901771000077, 23.938070807000031 ], [ 90.213397990000033, 23.938603024000031 ], [ 90.213975761000086, 23.938676738000026 ], [ 90.214361541000073, 23.938904267000055 ], [ 90.214526741000043, 23.939080165000064 ], [ 90.214940823000063, 23.939890236000053 ], [ 90.214914061000059, 23.940420923000033 ], [ 90.215079572000036, 23.940596820000053 ], [ 90.215877460000058, 23.940620544000069 ], [ 90.215987612000049, 23.940746840000031 ], [ 90.21612645600004, 23.941505358000029 ], [ 90.216539202000035, 23.941504778000024 ], [ 90.216650709000078, 23.942441721000023 ], [ 90.216624134000085, 23.942895632000045 ], [ 90.217009244000053, 23.942895091000025 ], [ 90.217751708000037, 23.942641134000041 ], [ 90.218081844000039, 23.942640667000035 ], [ 90.218604795000033, 23.942793472000062 ], [ 90.218660106000073, 23.942994362000036 ], [ 90.218940945000043, 23.943079768000075 ], [ 90.218414199000051, 23.943956654000033 ], [ 90.218442348000053, 23.94425919300005 ], [ 90.218718456000033, 23.944814287000042 ], [ 90.21871883700004, 23.945042355000055 ], [ 90.218526355000051, 23.945270695000033 ], [ 90.218279039000038, 23.945397499000023 ], [ 90.218169474000035, 23.945625721000056 ], [ 90.218235260000085, 23.946027564000076 ], [ 90.217647237000051, 23.945904204000044 ], [ 90.217206331000057, 23.945602247000068 ], [ 90.216654974000051, 23.944995600000027 ], [ 90.215581089000068, 23.944491303000063 ], [ 90.214920717000041, 23.944440293000071 ], [ 90.214260896000042, 23.944721216000062 ], [ 90.214150699000072, 23.944567820000032 ], [ 90.214149864000035, 23.944062013000064 ], [ 90.214039488000083, 23.943987649000064 ], [ 90.213847055000031, 23.944062434000045 ], [ 90.213463151000042, 23.944796842000073 ], [ 90.213381951000031, 23.945657284000049 ], [ 90.213438047000068, 23.946339145000024 ], [ 90.212943352000082, 23.946567898000069 ], [ 90.212751205000075, 23.946821070000055 ], [ 90.212394948000053, 23.947756405000064 ], [ 90.212095048000037, 23.94935102200003 ], [ 90.211984997000059, 23.949477626000032 ], [ 90.211820113000044, 23.949502691000077 ], [ 90.211187015000064, 23.949429050000049 ], [ 90.21088466100008, 23.949528820000069 ], [ 90.210857477000047, 23.949808859000029 ], [ 90.210307810000074, 23.950238647000049 ], [ 90.21025316500004, 23.950441948000048 ], [ 90.210060802000044, 23.95056866300007 ], [ 90.209812974000045, 23.95039061500006 ], [ 90.209757509000042, 23.950088106000067 ], [ 90.209619793000059, 23.950011522000068 ], [ 90.209673667000061, 23.949329510000041 ], [ 90.209535749000054, 23.949126470000067 ], [ 90.20931554200007, 23.949126770000078 ], [ 90.209068293000087, 23.949305493000054 ], [ 90.208794899000054, 23.950416841000049 ], [ 90.208299554000064, 23.950444610000034 ], [ 90.207996832000049, 23.950318569000046 ], [ 90.207033496000065, 23.950193418000026 ], [ 90.205822373000046, 23.949915043000033 ], [ 90.206096631000037, 23.949334351000061 ], [ 90.206645986000069, 23.948701350000078 ], [ 90.206866104000085, 23.948649119000038 ], [ 90.206975814000032, 23.94849767900007 ], [ 90.206975005000061, 23.947991873000035 ], [ 90.20675327400005, 23.947032486000069 ], [ 90.206615485000043, 23.946906218000038 ], [ 90.203836868000053, 23.947011547000045 ], [ 90.202763214000072, 23.946633612000028 ], [ 90.20268012300005, 23.946328878000031 ], [ 90.202404638000075, 23.946128274000046 ], [ 90.201775104000035, 23.946154866000029 ], [ 90.203072120000058, 23.943961355000056 ], [ 90.201573081000049, 23.943847815000026 ], [ 90.201245076000077, 23.943422362000035 ], [ 90.200473845000033, 23.942969495000057 ], [ 90.198987524000074, 23.942616910000027 ], [ 90.198602103000042, 23.942414180000071 ], [ 90.19805154200003, 23.942263600000047 ], [ 90.196676252000032, 23.942416661000038 ], [ 90.19623613400006, 23.942595610000069 ], [ 90.195796090000044, 23.942621010000039 ], [ 90.19530065400005, 23.942571964000024 ], [ 90.194364567000036, 23.94214185800007 ], [ 90.193841837000036, 23.942117678000045 ], [ 90.193539455000064, 23.942194836000056 ], [ 90.193374569000071, 23.942420850000076 ], [ 90.193127193000066, 23.942522776000033 ], [ 90.192301698000051, 23.942523810000068 ], [ 90.19142081800004, 23.942247168000051 ], [ 90.19016025600007, 23.942318733000036 ], [ 90.190010978000032, 23.943350860000066 ], [ 90.190013573000044, 23.945121193000034 ], [ 90.189931340000044, 23.945170972000028 ], [ 90.189932008000085, 23.945627103000049 ], [ 90.190179504000071, 23.945601959000044 ], [ 90.190262860000075, 23.946107664000067 ], [ 90.190510908000078, 23.946459618000063 ], [ 90.19059545600004, 23.947775973000034 ], [ 90.190705926000078, 23.948130355000046 ], [ 90.190752651000082, 23.949622885000053 ], [ 90.190212916000064, 23.949747749000039 ], [ 90.190104818000066, 23.951012408000054 ], [ 90.187187947000041, 23.950941473000057 ], [ 90.187077831000067, 23.951043222000067 ], [ 90.18702322200005, 23.951296192000029 ], [ 90.186307925000051, 23.951297063000027 ], [ 90.186115377000078, 23.951523105000035 ], [ 90.185675445000072, 23.951650087000075 ], [ 90.185445762000086, 23.952113273000066 ], [ 90.185464935000084, 23.952420347000043 ], [ 90.185163137000075, 23.952926522000041 ], [ 90.185054050000076, 23.95353407500005 ], [ 90.183870780000063, 23.953610014000049 ], [ 90.182329798000069, 23.953537335000078 ], [ 90.18188974800006, 23.953587536000043 ], [ 90.181724655000039, 23.953689345000043 ], [ 90.182001617000083, 23.954953540000076 ], [ 90.18200218700008, 23.955357734000074 ], [ 90.181866187000082, 23.956495964000055 ], [ 90.181592440000031, 23.957532749000052 ], [ 90.180301769000039, 23.959252666000054 ], [ 90.179724565000072, 23.95986076500003 ], [ 90.179064935000042, 23.960392183000067 ], [ 90.178652896000074, 23.960950405000062 ], [ 90.178460976000054, 23.961431601000072 ], [ 90.177884263000067, 23.962188724000043 ], [ 90.177747112000077, 23.96251856300006 ], [ 90.177802300000053, 23.962669792000042 ], [ 90.178408430000047, 23.963199735000046 ], [ 90.178436352000062, 23.96340292900004 ], [ 90.17810727400007, 23.964211704000036 ], [ 90.176954134000084, 23.966186596000057 ], [ 90.176624521000065, 23.966616008000074 ], [ 90.176349617000085, 23.966844389000073 ], [ 90.176212383000063, 23.967122291000067 ], [ 90.175965087000066, 23.967325800000026 ], [ 90.175635057000079, 23.967452630000025 ], [ 90.174727043000075, 23.967654637000066 ], [ 90.173846436000076, 23.96768273400005 ], [ 90.172993812000072, 23.967961439000078 ], [ 90.172581014000059, 23.96798674300004 ], [ 90.172388727000055, 23.968215025000063 ], [ 90.172417179000036, 23.968822415000034 ], [ 90.172334818000081, 23.969023476000075 ], [ 90.171646763000069, 23.96902424700005 ], [ 90.171261239000046, 23.968771773000071 ], [ 90.17093090000003, 23.968670528000075 ], [ 90.169957457000066, 23.968649029000062 ], [ 90.169885461000035, 23.96902620700007 ], [ 90.169913903000065, 23.969633596000051 ], [ 90.169419066000046, 23.970115114000066 ], [ 90.169200122000063, 23.970874068000057 ], [ 90.169119145000082, 23.972138680000057 ], [ 90.168982252000035, 23.972694315000069 ], [ 90.168955894000078, 23.973681122000073 ], [ 90.168544435000058, 23.974514804000023 ], [ 90.168298873000083, 23.976310241000078 ], [ 90.168134243000054, 23.976563325000029 ], [ 90.167721483000037, 23.976640552000049 ], [ 90.167474285000083, 23.976943403000064 ], [ 90.167254030000038, 23.976943643000027 ], [ 90.166675758000054, 23.976592014000062 ], [ 90.166510558000084, 23.976641870000037 ], [ 90.166428087000043, 23.976768411000023 ], [ 90.166428832000065, 23.977348737000057 ], [ 90.166511664000041, 23.977502197000035 ], [ 90.167117746000031, 23.977980247000062 ], [ 90.167448666000041, 23.978512791000071 ], [ 90.16747670400008, 23.978815341000029 ], [ 90.168192053000041, 23.978737786000067 ], [ 90.168495986000039, 23.979776166000079 ], [ 90.168661519000068, 23.979976952000072 ], [ 90.169157056000074, 23.980001245000039 ], [ 90.169982784000069, 23.980228397000076 ], [ 90.170478321000076, 23.980252685000039 ], [ 90.172046826000042, 23.98022609800006 ], [ 90.17234962100008, 23.980151241000044 ], [ 90.172543242000074, 23.979988443000025 ], [ 90.173083419000079, 23.980545577000044 ], [ 90.173827986000049, 23.98163312500003 ], [ 90.174352199000054, 23.982644146000041 ], [ 90.17457324600008, 23.983226478000063 ], [ 90.174657653000054, 23.98453832000007 ], [ 90.175317974000052, 23.984413370000027 ], [ 90.176414254000065, 23.984538568000062 ], [ 90.175768793000032, 23.984975114000065 ], [ 90.175219002000063, 23.985508649000053 ], [ 90.175220095000043, 23.98631703500007 ], [ 90.175359405000052, 23.987556556000072 ], [ 90.175552606000053, 23.987985370000047 ], [ 90.175719671000081, 23.989299372000062 ], [ 90.175884988000064, 23.98955208700005 ], [ 90.175866073000066, 23.989649206000024 ], [ 90.178766277000079, 23.98992359500005 ], [ 90.178876152000043, 23.989846692000071 ], [ 90.17890226600008, 23.988733434000039 ], [ 90.178984460000038, 23.988631725000062 ], [ 90.179810183000086, 23.988581083000042 ], [ 90.180333577000056, 23.988731760000064 ], [ 90.180828740000038, 23.988681499000052 ], [ 90.181297180000058, 23.988857076000045 ], [ 90.182343153000033, 23.989007126000047 ], [ 90.182673609000062, 23.98893221700007 ], [ 90.182838408000066, 23.988805568000032 ], [ 90.183031030000052, 23.988805339000066 ], [ 90.184600441000043, 23.989130877000036 ], [ 90.184986252000044, 23.98930880100005 ], [ 90.186083865000057, 23.990113600000029 ] ] ] } },
{ "type": "Feature", "properties": { "matched_key": "U_302614179", "navigation_parent_key": "A_302614", "admin_type": "union", "admin_label": "Union", "map_level": "union", "admin_rank": 3, "displayable": 1, "geometry_status": "EXACT/GEOMETRY", "location_label": "Chouhat Union" }, "geometry": { "type": "Polygon", "coordinates": [ [ [ 90.019264451000083, 24.044931453000061 ], [ 90.018345967000073, 24.044073506000075 ], [ 90.017912808000062, 24.043308075000027 ], [ 90.017910878000066, 24.042684850000057 ], [ 90.018017167000039, 24.042300968000063 ], [ 90.018554033000044, 24.041867354000033 ], [ 90.018768201000057, 24.041530880000039 ], [ 90.018864207000036, 24.038123453000026 ], [ 90.019023601000072, 24.037357951000047 ], [ 90.019184301000053, 24.037118578000047 ], [ 90.019667687000037, 24.036827226000071 ], [ 90.020044458000086, 24.03673008100003 ], [ 90.021389949000081, 24.036723123000058 ], [ 90.022519969000086, 24.036526512000023 ], [ 90.023649651000085, 24.03618537400007 ], [ 90.024241864000032, 24.036135604000037 ], [ 90.02639597700005, 24.036363312000049 ], [ 90.026665842000057, 24.036507780000022 ], [ 90.027902759000085, 24.036119175000067 ], [ 90.028225083000052, 24.035827826000059 ], [ 90.028545478000069, 24.035154863000059 ], [ 90.028597276000085, 24.034531629000071 ], [ 90.028703865000068, 24.034292254000036 ], [ 90.028915015000052, 24.032996089000051 ], [ 90.02858972100006, 24.032327762000023 ], [ 90.027994904000082, 24.031609808000042 ], [ 90.027617813000063, 24.031564715000059 ], [ 90.026970533000053, 24.031230637000078 ], [ 90.026106836000054, 24.030564660000039 ], [ 90.024704094000072, 24.029754247000028 ], [ 90.024110901000086, 24.029327565000074 ], [ 90.023356080000042, 24.028995747000067 ], [ 90.023032481000087, 24.028995798000039 ], [ 90.022925247000046, 24.029092911000077 ], [ 90.022606125000038, 24.030102313000043 ], [ 90.022444810000081, 24.030246852000062 ], [ 90.021798511000043, 24.030154365000044 ], [ 90.021584047000033, 24.03039375000003 ], [ 90.021585009000034, 24.030633103000071 ], [ 90.021423699000081, 24.03082506100003 ], [ 90.021262359000048, 24.030827343000055 ], [ 90.020938718000082, 24.030585775000077 ], [ 90.020450871000037, 24.029727777000062 ], [ 90.020394827000075, 24.029007461000049 ], [ 90.020445383000038, 24.028050036000025 ], [ 90.020604450000064, 24.027327435000075 ], [ 90.021566289000077, 24.025261173000047 ], [ 90.021727607000059, 24.025166310000031 ], [ 90.022158445000059, 24.025163992000046 ], [ 90.022535846000039, 24.025355871000045 ], [ 90.023128349000046, 24.025498042000038 ], [ 90.023289675000058, 24.025446081000041 ], [ 90.023611975000051, 24.025109581000038 ], [ 90.023718565000081, 24.024870210000074 ], [ 90.023982568000065, 24.023379846000068 ], [ 90.024304555000072, 24.02304334300004 ], [ 90.024787888000048, 24.022803912000029 ], [ 90.026672537000081, 24.022792303000074 ], [ 90.027480154000045, 24.022981840000057 ], [ 90.027696215000049, 24.023124058000064 ], [ 90.028180812000073, 24.023072034000052 ], [ 90.029204495000045, 24.02340603600004 ], [ 90.02990486200008, 24.023545902000023 ], [ 90.031738096000083, 24.024353920000067 ], [ 90.032170256000086, 24.024735444000044 ], [ 90.032439770000053, 24.024780547000034 ], [ 90.033518254000057, 24.02539902500007 ], [ 90.03551518200004, 24.026780509000048 ], [ 90.036755965000054, 24.027444088000038 ], [ 90.037672134000047, 24.027728382000078 ], [ 90.037911285000064, 24.027951871000027 ], [ 90.038760962000083, 24.027836497000067 ], [ 90.041151193000076, 24.027788454000074 ], [ 90.041820657000073, 24.029181497000025 ], [ 90.042131750000067, 24.029470445000072 ], [ 90.043237799000053, 24.029558201000043 ], [ 90.045671864000042, 24.029972979000036 ], [ 90.046974246000048, 24.029931939000051 ], [ 90.047777354000061, 24.030193627000074 ], [ 90.049155717000076, 24.030344480000053 ], [ 90.049925031000043, 24.030612941000072 ], [ 90.052071728000044, 24.030858355000078 ], [ 90.053374268000084, 24.03118532600007 ], [ 90.05520497200007, 24.031225321000022 ], [ 90.057628412000042, 24.031086688000073 ], [ 90.058714180000038, 24.031126921000066 ], [ 90.059750235000081, 24.031327488000045 ], [ 90.060479795000049, 24.031300104000024 ], [ 90.061354846000086, 24.030258788000026 ], [ 90.061731284000075, 24.030211219000023 ], [ 90.062108780000074, 24.030450422000058 ], [ 90.062110902000086, 24.031023969000046 ], [ 90.06195062200004, 24.031313065000063 ], [ 90.062004754000043, 24.031407883000043 ], [ 90.062274647000038, 24.031550032000041 ], [ 90.062651749000054, 24.03159729500004 ], [ 90.063083362000043, 24.031881635000047 ], [ 90.06383827600007, 24.032165838000026 ], [ 90.064000304000047, 24.03231028600004 ], [ 90.06400139200008, 24.03264447600003 ], [ 90.063842178000073, 24.033220351000068 ], [ 90.063387886000044, 24.033703765000041 ], [ 90.063427725000054, 24.034726649000049 ], [ 90.063857888000086, 24.03515776100005 ], [ 90.063980887000071, 24.035923192000041 ], [ 90.063914082000053, 24.036928057000068 ], [ 90.064149154000063, 24.037476665000042 ], [ 90.06463747500004, 24.038034203000052 ], [ 90.06527255900005, 24.038295868000034 ], [ 90.065868971000043, 24.03745109700003 ], [ 90.066071072000057, 24.036613270000032 ], [ 90.066628100000059, 24.035106902000052 ], [ 90.067044536000083, 24.034535431000052 ], [ 90.067383664000033, 24.033643348000055 ], [ 90.067472508000037, 24.033105892000037 ], [ 90.067711664000058, 24.03263159200003 ], [ 90.068602095000074, 24.032290228000079 ], [ 90.069032359000062, 24.032319392000034 ], [ 90.069830893000074, 24.032538061000025 ], [ 90.070798589000049, 24.033000519000041 ], [ 90.072097831000065, 24.033898621000048 ], [ 90.072851358000037, 24.033848589000058 ], [ 90.073175718000073, 24.034085529000038 ], [ 90.073697912000057, 24.034715278000078 ], [ 90.074039515000038, 24.035537049000027 ], [ 90.074227817000065, 24.036451471000078 ], [ 90.074017727000069, 24.038276084000074 ], [ 90.073509716000046, 24.039376004000076 ], [ 90.073246832000052, 24.040261289000057 ], [ 90.073259972000074, 24.041211926000074 ], [ 90.073553015000073, 24.042011138000078 ], [ 90.07466177200007, 24.042843824000045 ], [ 90.074876914000072, 24.042841461000023 ], [ 90.074985462000086, 24.042936246000068 ], [ 90.077138344000048, 24.042826791000039 ], [ 90.080261264000058, 24.042813896000041 ], [ 90.082091034000086, 24.042564539000068 ], [ 90.082304729000043, 24.04222797500006 ], [ 90.082573502000059, 24.041986217000044 ], [ 90.083057563000068, 24.04198369900007 ], [ 90.083541070000081, 24.041597306000028 ], [ 90.083647900000074, 24.041405312000052 ], [ 90.083963151000034, 24.039388694000024 ], [ 90.084013945000038, 24.038573507000024 ], [ 90.084226891000071, 24.038045002000047 ], [ 90.084656292000034, 24.03766089800007 ], [ 90.085194028000046, 24.03751608500005 ], [ 90.086486319000073, 24.03745890700003 ], [ 90.087295911000069, 24.038031996000029 ], [ 90.087672698000063, 24.038029522000045 ], [ 90.088424008000061, 24.037403607000044 ], [ 90.088800355000046, 24.037209197000038 ], [ 90.090038960000072, 24.037296538000078 ], [ 90.09030780900008, 24.037201541000059 ], [ 90.090629652000075, 24.036864902000048 ], [ 90.090681222000057, 24.036336485000049 ], [ 90.091163253000047, 24.035661037000068 ], [ 90.091216286000076, 24.035471328000028 ], [ 90.09185900500006, 24.034746108000036 ], [ 90.091912652000076, 24.034556399000053 ], [ 90.092715446000057, 24.033354627000051 ], [ 90.092930158000058, 24.033209982000074 ], [ 90.092875621000076, 24.03301582000006 ], [ 90.093677643000035, 24.031622110000058 ], [ 90.094210059000034, 24.030133720000038 ], [ 90.094370645000083, 24.02994168500004 ], [ 90.09431614500005, 24.029797204000033 ], [ 90.094422880000081, 24.029508107000026 ], [ 90.094744732000038, 24.029218875000026 ], [ 90.095497916000056, 24.029166472000043 ], [ 90.095714332000057, 24.029261177000024 ], [ 90.095983229000069, 24.029258750000054 ], [ 90.096626164000043, 24.028488347000064 ], [ 90.096625406000044, 24.028298670000027 ], [ 90.096891610000057, 24.02757592200004 ], [ 90.097961159000079, 24.02570330900005 ], [ 90.100107938000065, 24.02406030800006 ], [ 90.100697122000042, 24.023387022000065 ], [ 90.101125277000051, 24.022713837000026 ], [ 90.101715136000053, 24.02213312400005 ], [ 90.101981684000066, 24.02150972000004 ], [ 90.102195641000037, 24.021222804000047 ], [ 90.102624968000043, 24.020883809000054 ], [ 90.103749459000085, 24.021020793000048 ], [ 90.103768045000038, 24.018525620000048 ], [ 90.100119285000062, 24.018476110000051 ], [ 90.099597002000053, 24.018210002000046 ], [ 90.099538760000087, 24.01799778000003 ], [ 90.099190484000076, 24.017837683000039 ], [ 90.098784723000051, 24.018050204000076 ], [ 90.098668814000064, 24.018370924000067 ], [ 90.098147140000037, 24.018904162000069 ], [ 90.097799450000082, 24.019116642000029 ], [ 90.097335487000066, 24.019171129000028 ], [ 90.095711005000055, 24.018959895000023 ], [ 90.095810705000076, 24.016241122000054 ], [ 90.094026937000081, 24.016242229000056 ], [ 90.09385278700006, 24.016348464000032 ], [ 90.093853637000052, 24.017520400000024 ], [ 90.093737947000079, 24.01773498600005 ], [ 90.093447870000034, 24.017735163000054 ], [ 90.089446837000082, 24.017464325000049 ], [ 90.089720896000074, 24.016296976000035 ], [ 90.089497279000057, 24.016390645000058 ], [ 90.08687154900008, 24.016610640000067 ], [ 90.084482599000069, 24.016226995000068 ], [ 90.082654600000069, 24.015720156000043 ], [ 90.078251011000077, 24.015268404000039 ], [ 90.07798444000008, 24.015268539000033 ], [ 90.077958890000048, 24.015718341000024 ], [ 90.077727245000062, 24.016305555000031 ], [ 90.076335769000082, 24.017690450000032 ], [ 90.076335990000075, 24.018063028000029 ], [ 90.076409466000086, 24.01811718700003 ], [ 90.075117911000063, 24.018063632000064 ], [ 90.074305633000051, 24.01785177000005 ], [ 90.073145331000035, 24.01731942400005 ], [ 90.072333150000077, 24.017265616000032 ], [ 90.069491007000067, 24.017693706000045 ], [ 90.069489719000046, 24.015295641000023 ], [ 90.069257266000079, 24.014444456000035 ], [ 90.068095977000041, 24.011940778000053 ], [ 90.066818974000057, 24.010182305000058 ], [ 90.066238690000034, 24.009864171000061 ], [ 90.065832792000037, 24.00986434500004 ], [ 90.065658733000078, 24.010182807000035 ], [ 90.064730920000045, 24.010449653000023 ], [ 90.064093351000054, 24.011088956000037 ], [ 90.063237106000031, 24.012581893000061 ], [ 90.061860272000047, 24.011410517000058 ], [ 90.062526339000044, 24.009305728000072 ], [ 90.060118766000073, 24.008319916000062 ], [ 90.059161414000073, 24.007814480000036 ], [ 90.057855997000047, 24.006749170000035 ], [ 90.057566005000069, 24.006882506000068 ], [ 90.057276352000031, 24.007788099000038 ], [ 90.056087240000068, 24.007763701000044 ], [ 90.055826467000031, 24.00797605300005 ], [ 90.055739651000067, 24.008294473000035 ], [ 90.053448306000064, 24.008083030000023 ], [ 90.052375230000052, 24.007789850000052 ], [ 90.051853193000056, 24.007790030000024 ], [ 90.051389144000041, 24.007577928000046 ], [ 90.051099090000037, 24.007578025000043 ], [ 90.050925034000045, 24.007205501000044 ], [ 90.050518754000052, 24.00699111800003 ], [ 90.049880839000082, 24.006885198000077 ], [ 90.049648739000077, 24.006566885000041 ], [ 90.046110470000031, 24.006035087000043 ], [ 90.045878127000037, 24.005874832000075 ], [ 90.04599373800005, 24.004382215000078 ], [ 90.044419097000059, 24.003578805000075 ], [ 90.042753468000058, 24.004441862000078 ], [ 90.042324994000069, 24.004891336000071 ], [ 90.041957574000037, 24.005060793000041 ], [ 90.03969156900007, 24.005061397000077 ], [ 90.038956735000056, 24.005454488000055 ], [ 90.03852790600007, 24.005793306000044 ], [ 90.036506820000056, 24.005963158000043 ], [ 90.032097139000086, 24.006244145000039 ], [ 90.030566020000037, 24.006018649000055 ], [ 90.030504784000073, 24.005625760000044 ], [ 90.030626978000043, 24.005232831000058 ], [ 90.030688255000086, 24.004501203000075 ], [ 90.030626670000061, 24.003938955000024 ], [ 90.028238083000076, 24.003882962000034 ], [ 90.027319422000062, 24.003993774000037 ], [ 90.025913600000081, 24.004820472000063 ], [ 90.025788563000049, 24.004895012000077 ], [ 90.025972380000042, 24.005290141000046 ], [ 90.024637903000041, 24.006548107000071 ], [ 90.023390371000062, 24.007900886000073 ], [ 90.023424112000043, 24.009282820000067 ], [ 90.02419255500007, 24.010775283000044 ], [ 90.024404485000048, 24.011956221000048 ], [ 90.024495086000059, 24.013344919000076 ], [ 90.024146734000055, 24.013875618000043 ], [ 90.023307984000041, 24.014492201000053 ], [ 90.023196747000043, 24.016188026000066 ], [ 90.022358871000051, 24.016664601000059 ], [ 90.021101472000055, 24.016667039000026 ], [ 90.020193038000059, 24.015973936000023 ], [ 90.020262382000055, 24.01532811800007 ], [ 90.020750445000033, 24.014054503000068 ], [ 90.020749260000059, 24.012430953000035 ], [ 90.020678371000031, 24.011064831000056 ], [ 90.020049295000035, 24.010450719000062 ], [ 90.018722225000033, 24.010579598000049 ], [ 90.016837319000047, 24.011977561000037 ], [ 90.016279133000069, 24.012986978000072 ], [ 90.015720853000062, 24.013285099000029 ], [ 90.014463817000035, 24.013481676000026 ], [ 90.013136376000034, 24.013350828000057 ], [ 90.012647167000068, 24.013066352000067 ], [ 90.012645735000035, 24.010991188000048 ], [ 90.012854549000053, 24.00970181100007 ], [ 90.013493235000055, 24.008545627000046 ], [ 90.013540808000073, 24.008026266000059 ], [ 90.013093109000067, 24.007852434000029 ], [ 90.012524065000036, 24.007911191000062 ], [ 90.011531330000082, 24.008200302000034 ], [ 90.010691307000059, 24.008606816000054 ], [ 90.009988332000034, 24.009187187000066 ], [ 90.00951365700007, 24.00982625100005 ], [ 90.008994093000069, 24.010174027000062 ], [ 90.008396529000038, 24.011210512000048 ], [ 90.00861380200007, 24.011763727000073 ], [ 90.008515493000061, 24.011991796000075 ], [ 90.00831854200004, 24.012172453000062 ], [ 90.007974095000066, 24.012217632000045 ], [ 90.007875476000038, 24.012488605000044 ], [ 90.007874910000055, 24.013303768000071 ], [ 90.00757875100004, 24.014207011000053 ], [ 90.007185149000065, 24.014568320000024 ], [ 90.006348449000086, 24.014886746000059 ], [ 90.006250425000076, 24.014841587000035 ], [ 90.005807643000082, 24.01497708900007 ], [ 90.005561511000053, 24.014931937000028 ], [ 90.00526652800005, 24.015022271000078 ], [ 90.004724814000042, 24.015519064000046 ], [ 90.004626190000067, 24.015880356000025 ], [ 90.004625900000065, 24.016334227000073 ], [ 90.004821962000051, 24.016785836000054 ], [ 90.005067801000052, 24.017101958000069 ], [ 90.005018333000066, 24.017237443000056 ], [ 90.005264168000053, 24.017465500000071 ], [ 90.005411665000054, 24.017465494000078 ], [ 90.006345531000079, 24.018052557000033 ], [ 90.006640837000077, 24.01809770400007 ], [ 90.006738864000056, 24.01818802300005 ], [ 90.008017791000043, 24.018233123000073 ], [ 90.008312792000083, 24.018323428000031 ], [ 90.008607785000038, 24.018278251000027 ], [ 90.009148923000055, 24.018368543000065 ], [ 90.009345581000048, 24.018323370000076 ], [ 90.009886417000075, 24.018458821000024 ], [ 90.010181714000055, 24.018413639000073 ], [ 90.010280343000034, 24.018278149000025 ], [ 90.010231449000059, 24.01782428100006 ], [ 90.010477576000085, 24.017733941000074 ], [ 90.011313395000059, 24.017779044000065 ], [ 90.011657855000067, 24.017688694000071 ], [ 90.011952855000061, 24.017778995000072 ], [ 90.012838145000046, 24.017778923000037 ], [ 90.013379287000078, 24.017914360000077 ], [ 90.013772329000062, 24.018140133000031 ], [ 90.014362073000086, 24.018684273000076 ], [ 90.014362082000048, 24.018774596000071 ], [ 90.01475515900006, 24.019271332000073 ], [ 90.014803798000059, 24.020041328000048 ], [ 90.014901860000066, 24.020357448000027 ], [ 90.014802965000058, 24.020809071000031 ], [ 90.015097997000055, 24.021080011000038 ], [ 90.015392442000064, 24.021579013000064 ], [ 90.015933609000058, 24.021759603000078 ], [ 90.01637585900005, 24.022166009000046 ], [ 90.016621440000051, 24.02257243300005 ], [ 90.016621162000035, 24.022798241000032 ], [ 90.01671951600008, 24.022935971000038 ], [ 90.016719241000033, 24.023206939000033 ], [ 90.01681730100006, 24.023432736000075 ], [ 90.016718427000058, 24.024019843000076 ], [ 90.016620113000045, 24.024200497000038 ], [ 90.016669008000065, 24.02447372000006 ], [ 90.016570383000044, 24.02460921200003 ], [ 90.016570111000078, 24.024880182000061 ], [ 90.016422361000082, 24.025376972000061 ], [ 90.016372385000068, 24.026282461000051 ], [ 90.016568504000077, 24.026734052000052 ], [ 90.017207478000046, 24.027366240000049 ], [ 90.017207496000083, 24.027503982000042 ], [ 90.017403915000045, 24.027865251000037 ], [ 90.017403379000086, 24.028452346000051 ], [ 90.017206151000039, 24.028951402000075 ], [ 90.016418609000084, 24.029719229000023 ], [ 90.016270536000036, 24.030125696000027 ], [ 90.016269733000058, 24.031076340000027 ], [ 90.016023076000067, 24.032027010000036 ], [ 90.016071957000065, 24.032162489000029 ], [ 90.01572721000008, 24.032704462000027 ], [ 90.014693476000048, 24.03351972300004 ], [ 90.014348984000037, 24.033655242000066 ], [ 90.013562227000079, 24.033564990000059 ], [ 90.013168831000087, 24.033339217000048 ], [ 90.012971839000045, 24.033339234000039 ], [ 90.012431237000044, 24.033113474000061 ], [ 90.011840866000057, 24.033023197000034 ], [ 90.011545841000043, 24.033068380000032 ], [ 90.011250496000059, 24.032978079000031 ], [ 90.01021759200006, 24.033023313000058 ], [ 90.00992227200004, 24.033203978000074 ], [ 90.009086056000058, 24.033294353000031 ], [ 90.008003100000053, 24.034064413000067 ], [ 90.00780612300008, 24.034335390000024 ], [ 90.007707192000055, 24.034832169000026 ], [ 90.007460754000078, 24.035466697000061 ], [ 90.00750847200004, 24.036868951000031 ], [ 90.007802946000083, 24.037726998000039 ], [ 90.008195754000042, 24.038314074000027 ], [ 90.008638336000047, 24.038632437000047 ], [ 90.009411372000045, 24.039842710000073 ], [ 90.009894538000083, 24.040244617000042 ], [ 90.010005812000031, 24.040483963000042 ], [ 90.009968988000082, 24.041204285000049 ], [ 90.010467255000037, 24.042069089000051 ], [ 90.010848087000056, 24.04245293300005 ], [ 90.011244270000077, 24.042642581000052 ], [ 90.011480923000079, 24.042633532000025 ], [ 90.012798922000059, 24.043715038000073 ], [ 90.013499059000083, 24.043710461000046 ], [ 90.014412434000064, 24.04318199100004 ], [ 90.014789547000078, 24.043177440000022 ], [ 90.015166982000039, 24.043321920000039 ], [ 90.015382761000069, 24.043511575000025 ], [ 90.015276477000043, 24.043992551000031 ], [ 90.015438774000074, 24.044134794000058 ], [ 90.016031346000034, 24.044179894000024 ], [ 90.016354356000079, 24.044080506000057 ], [ 90.016784951000034, 24.044080458000053 ], [ 90.017054517000076, 24.044270105000066 ], [ 90.017323751000049, 24.044220397000061 ], [ 90.01856654200003, 24.045509604000074 ], [ 90.019051884000078, 24.045746639000072 ], [ 90.019213236000041, 24.045699202000037 ], [ 90.019373945000041, 24.045459828000048 ], [ 90.019264451000083, 24.044931453000061 ] ] ] } },
{ "type": "Feature", "properties": { "matched_key": "U_302614213", "navigation_parent_key": "A_302614", "admin_type": "union", "admin_label": "Union", "map_level": "union", "admin_rank": 3, "displayable": 1, "geometry_status": "EXACT/GEOMETRY", "location_label": "Dhamrai Union" }, "geometry": { "type": "Polygon", "coordinates": [ [ [ 90.21088466100008, 23.949528820000069 ], [ 90.211187015000064, 23.949429050000049 ], [ 90.211820113000044, 23.949502691000077 ], [ 90.211984997000059, 23.949477626000032 ], [ 90.212095048000037, 23.94935102200003 ], [ 90.212394948000053, 23.947756405000064 ], [ 90.212751205000075, 23.946821070000055 ], [ 90.212943352000082, 23.946567898000069 ], [ 90.213438047000068, 23.946339145000024 ], [ 90.213381951000031, 23.945657284000049 ], [ 90.213463151000042, 23.944796842000073 ], [ 90.213847055000031, 23.944062434000045 ], [ 90.214039488000083, 23.943987649000064 ], [ 90.214149864000035, 23.944062013000064 ], [ 90.214150699000072, 23.944567820000032 ], [ 90.214260896000042, 23.944721216000062 ], [ 90.214920717000041, 23.944440293000071 ], [ 90.215581089000068, 23.944491303000063 ], [ 90.216654974000051, 23.944995600000027 ], [ 90.217206331000057, 23.945602247000068 ], [ 90.217647237000051, 23.945904204000044 ], [ 90.218235260000085, 23.946027564000076 ], [ 90.218169474000035, 23.945625721000056 ], [ 90.218279039000038, 23.945397499000023 ], [ 90.218526355000051, 23.945270695000033 ], [ 90.21871883700004, 23.945042355000055 ], [ 90.218718456000033, 23.944814287000042 ], [ 90.218442348000053, 23.94425919300005 ], [ 90.218414199000051, 23.943956654000033 ], [ 90.218940945000043, 23.943079768000075 ], [ 90.218660106000073, 23.942994362000036 ], [ 90.218604795000033, 23.942793472000062 ], [ 90.218081844000039, 23.942640667000035 ], [ 90.217751708000037, 23.942641134000041 ], [ 90.217009244000053, 23.942895091000025 ], [ 90.216624134000085, 23.942895632000045 ], [ 90.216650709000078, 23.942441721000023 ], [ 90.216539202000035, 23.941504778000024 ], [ 90.21612645600004, 23.941505358000029 ], [ 90.215987612000049, 23.940746840000031 ], [ 90.215877460000058, 23.940620544000069 ], [ 90.215079572000036, 23.940596820000053 ], [ 90.214914061000059, 23.940420923000033 ], [ 90.214940823000063, 23.939890236000053 ], [ 90.214526741000043, 23.939080165000064 ], [ 90.214361541000073, 23.938904267000055 ], [ 90.213975761000086, 23.938676738000026 ], [ 90.213397990000033, 23.938603024000031 ], [ 90.212901771000077, 23.938070807000031 ], [ 90.212681729000053, 23.937971755000035 ], [ 90.212405908000051, 23.93756568200007 ], [ 90.212267709000059, 23.937186517000043 ], [ 90.211798978000047, 23.936554901000022 ], [ 90.211715629000082, 23.936101141000051 ], [ 90.211824660000048, 23.935545506000039 ], [ 90.21322774500004, 23.935543560000042 ], [ 90.213309602000038, 23.935087316000079 ], [ 90.213474649000034, 23.93498547400003 ], [ 90.214190023000072, 23.935086091000073 ], [ 90.214327387000083, 23.93495944700004 ], [ 90.215125448000038, 23.935109625000052 ], [ 90.215345840000055, 23.935235767000052 ], [ 90.215483333000066, 23.935185897000054 ], [ 90.215695852000067, 23.934085914000036 ], [ 90.216389565000043, 23.934274617000028 ], [ 90.216499414000054, 23.934222526000042 ], [ 90.216883961000065, 23.93371617400004 ], [ 90.217680619000078, 23.933033107000028 ], [ 90.21776288500007, 23.932829764000076 ], [ 90.218421878000072, 23.932097211000041 ], [ 90.218614245000083, 23.931995323000024 ], [ 90.218834465000043, 23.93201984600006 ], [ 90.219465809000042, 23.931285070000058 ], [ 90.220576037000058, 23.930463798000062 ], [ 90.220454289000031, 23.930197521000025 ], [ 90.220453945000031, 23.929994294000039 ], [ 90.220646181000063, 23.92981788700007 ], [ 90.221003922000079, 23.929817373000049 ], [ 90.221719788000087, 23.930220539000061 ], [ 90.222380260000079, 23.930370874000062 ], [ 90.222710457000062, 23.93024394400004 ], [ 90.222929972000031, 23.930040399000063 ], [ 90.222984552000071, 23.929814511000075 ], [ 90.222543865000034, 23.92943579100006 ], [ 90.222433366000075, 23.929106271000023 ], [ 90.222432849000086, 23.928803689000063 ], [ 90.222597398000062, 23.928600225000025 ], [ 90.223394908000046, 23.928447776000041 ], [ 90.223725142000035, 23.928524071000027 ], [ 90.224522913000044, 23.928522907000058 ], [ 90.22495389900007, 23.928440985000066 ], [ 90.224640165000039, 23.928317251000067 ], [ 90.224282784000081, 23.927990352000052 ], [ 90.224129117000075, 23.927380894000066 ], [ 90.22560225400008, 23.924802266000029 ], [ 90.225805166000043, 23.924239706000037 ], [ 90.226007199000037, 23.923349725000037 ], [ 90.226003613000046, 23.921288096000069 ], [ 90.226088420000053, 23.920617324000034 ], [ 90.223021050000057, 23.921922460000076 ], [ 90.222086180000076, 23.922169947000043 ], [ 90.220903179000061, 23.92222358500004 ], [ 90.219307060000062, 23.922018128000047 ], [ 90.216020033000063, 23.922765693000031 ], [ 90.215222169000072, 23.923245526000073 ], [ 90.214795030000062, 23.923605157000054 ], [ 90.213515091000033, 23.925163309000027 ], [ 90.212829504000069, 23.925632667000059 ], [ 90.212486403000071, 23.925680938000028 ], [ 90.211288516000081, 23.925563260000047 ], [ 90.210915084000078, 23.925603693000028 ], [ 90.20955269500007, 23.925192434000053 ], [ 90.209077548000039, 23.92426997900003 ], [ 90.209075794000057, 23.923180626000033 ], [ 90.208917558000053, 23.921782789000076 ], [ 90.208722228000056, 23.921567970000069 ], [ 90.208331978000047, 23.921389262000048 ], [ 90.207708036000042, 23.921390107000036 ], [ 90.205291454000076, 23.922146151000049 ], [ 90.203693158000078, 23.922506751000071 ], [ 90.203303640000058, 23.922794047000025 ], [ 90.202759966000031, 23.923546033000036 ], [ 90.202198158000044, 23.924684615000047 ], [ 90.201865162000047, 23.925627891000033 ], [ 90.20140041500008, 23.927707654000073 ], [ 90.201358793000054, 23.928394342000047 ], [ 90.201694711000073, 23.928508215000022 ], [ 90.20165025700004, 23.929667110000025 ], [ 90.201843673000042, 23.930858717000035 ], [ 90.201727688000062, 23.931247352000071 ], [ 90.201499543000068, 23.931630039000026 ], [ 90.200808685000084, 23.932104129000038 ], [ 90.200205596000046, 23.932171830000073 ], [ 90.199664830000074, 23.932191653000075 ], [ 90.198478915000067, 23.931978105000042 ], [ 90.196549206000043, 23.931874750000077 ], [ 90.196110564000037, 23.932253758000058 ], [ 90.195891033000066, 23.932683072000032 ], [ 90.195010972000034, 23.932912258000044 ], [ 90.194709824000086, 23.933797809000055 ], [ 90.194242625000072, 23.934125823000045 ], [ 90.194105355000033, 23.934329222000031 ], [ 90.194050685000036, 23.934530261000077 ], [ 90.194436194000048, 23.934809777000055 ], [ 90.194408893000059, 23.935035619000075 ], [ 90.194299108000052, 23.935137372000042 ], [ 90.194106604000069, 23.935162454000078 ], [ 90.193693650000057, 23.935011684000074 ], [ 90.193392227000061, 23.935721100000023 ], [ 90.193392639000081, 23.935998845000029 ], [ 90.193612818000076, 23.936201795000045 ], [ 90.193640640000069, 23.93632595400004 ], [ 90.193614136000065, 23.937084704000029 ], [ 90.193724533000079, 23.937186177000058 ], [ 90.193670506000046, 23.937818508000078 ], [ 90.194688674000076, 23.938122062000048 ], [ 90.195089150000058, 23.938342847000058 ], [ 90.195104257000082, 23.940016065000066 ], [ 90.194748237000056, 23.940978460000053 ], [ 90.194776176000062, 23.941382621000059 ], [ 90.194886272000076, 23.941484095000078 ], [ 90.194941929000038, 23.941736930000047 ], [ 90.194837290000066, 23.942405454000038 ], [ 90.19530065400005, 23.942571964000024 ], [ 90.195796090000044, 23.942621010000039 ], [ 90.19623613400006, 23.942595610000069 ], [ 90.196676252000032, 23.942416661000038 ], [ 90.19805154200003, 23.942263600000047 ], [ 90.198602103000042, 23.942414180000071 ], [ 90.198987524000074, 23.942616910000027 ], [ 90.200473845000033, 23.942969495000057 ], [ 90.201245076000077, 23.943422362000035 ], [ 90.201573081000049, 23.943847815000026 ], [ 90.203072120000058, 23.943961355000056 ], [ 90.201775104000035, 23.946154866000029 ], [ 90.202404638000075, 23.946128274000046 ], [ 90.20268012300005, 23.946328878000031 ], [ 90.202763214000072, 23.946633612000028 ], [ 90.203836868000053, 23.947011547000045 ], [ 90.206615485000043, 23.946906218000038 ], [ 90.20675327400005, 23.947032486000069 ], [ 90.206975005000061, 23.947991873000035 ], [ 90.206975814000032, 23.94849767900007 ], [ 90.206866104000085, 23.948649119000038 ], [ 90.206645986000069, 23.948701350000078 ], [ 90.206096631000037, 23.949334351000061 ], [ 90.205822373000046, 23.949915043000033 ], [ 90.207033496000065, 23.950193418000026 ], [ 90.207996832000049, 23.950318569000046 ], [ 90.208299554000064, 23.950444610000034 ], [ 90.208794899000054, 23.950416841000049 ], [ 90.209068293000087, 23.949305493000054 ], [ 90.20931554200007, 23.949126770000078 ], [ 90.209535749000054, 23.949126470000067 ], [ 90.209673667000061, 23.949329510000041 ], [ 90.209619793000059, 23.950011522000068 ], [ 90.209757509000042, 23.950088106000067 ], [ 90.209812974000045, 23.95039061500006 ], [ 90.210060802000044, 23.95056866300007 ], [ 90.21025316500004, 23.950441948000048 ], [ 90.210307810000074, 23.950238647000049 ], [ 90.210857477000047, 23.949808859000029 ], [ 90.21088466100008, 23.949528820000069 ] ] ] } },
{ "type": "Feature", "properties": { "matched_key": "U_302614313", "navigation_parent_key": "A_302614", "admin_type": "union", "admin_label": "Union", "map_level": "union", "admin_rank": 3, "displayable": 1, "geometry_status": "EXACT/GEOMETRY", "location_label": "Gangutia Union" }, "geometry": { "type": "Polygon", "coordinates": [ [ [ 90.076303719000066, 23.963316056000053 ], [ 90.076477719000081, 23.963049515000023 ], [ 90.076825260000078, 23.96278288600007 ], [ 90.077346988000045, 23.962570368000058 ], [ 90.078477606000035, 23.96254269700006 ], [ 90.078796609000051, 23.962330274000067 ], [ 90.079462985000077, 23.962088316000063 ], [ 90.080129513000031, 23.961609255000042 ], [ 90.080824958000051, 23.960703400000057 ], [ 90.08117253100005, 23.960515796000038 ], [ 90.082766551000077, 23.959903004000068 ], [ 90.083201576000079, 23.960063093000031 ], [ 90.08349150500004, 23.960035837000078 ], [ 90.084158167000055, 23.959796118000042 ], [ 90.084476987000073, 23.959795942000028 ], [ 90.085143697000035, 23.959635248000041 ], [ 90.085520125000073, 23.958968906000052 ], [ 90.085954832000084, 23.958648016000041 ], [ 90.086360626000044, 23.958729078000033 ], [ 90.08717271200004, 23.959180238000044 ], [ 90.088651328000083, 23.959206487000074 ], [ 90.088796175000084, 23.959021241000073 ], [ 90.08931799700008, 23.958993841000051 ], [ 90.089231335000079, 23.95982035000003 ], [ 90.089115594000077, 23.959899449000034 ], [ 90.088390764000053, 23.959954062000065 ], [ 90.088159990000065, 23.96160485200005 ], [ 90.088015358000064, 23.962110747000054 ], [ 90.088392181000074, 23.962031498000044 ], [ 90.088653151000074, 23.961871023000072 ], [ 90.088826853000057, 23.961658664000026 ], [ 90.088826506000032, 23.96115059400006 ], [ 90.089058128000033, 23.960750778000033 ], [ 90.089550921000068, 23.960486297000045 ], [ 90.089782634000073, 23.960219710000047 ], [ 90.091405630000054, 23.959819071000027 ], [ 90.092622856000048, 23.959391564000043 ], [ 90.093376343000045, 23.959043362000045 ], [ 90.093782157000078, 23.95872472700006 ], [ 90.093897797000068, 23.95851013500004 ], [ 90.094013299000039, 23.957685867000066 ], [ 90.094303049000075, 23.957419234000042 ], [ 90.094331802000056, 23.957258893000073 ], [ 90.093721893000065, 23.955660545000057 ], [ 90.093605217000061, 23.954434476000074 ], [ 90.093981705000033, 23.953928437000059 ], [ 90.094358538000051, 23.953901108000025 ], [ 90.094590191000066, 23.953582574000052 ], [ 90.094502185000067, 23.952090037000062 ], [ 90.094615875000045, 23.94921316500006 ], [ 90.094557420000058, 23.948653196000066 ], [ 90.094151366000062, 23.948174734000077 ], [ 90.09409314800007, 23.94793541100006 ], [ 90.09403314900004, 23.945243810000022 ], [ 90.094236055000067, 23.945110457000055 ], [ 90.094351951000078, 23.944843933000072 ], [ 90.094351796000069, 23.944631672000071 ], [ 90.094205986000077, 23.943457556000055 ], [ 90.094060975000048, 23.943378611000071 ], [ 90.09379995200004, 23.94340586900006 ], [ 90.093074699000056, 23.942313397000078 ], [ 90.09275466400004, 23.940981319000059 ], [ 90.092986470000085, 23.940902145000052 ], [ 90.093305644000054, 23.941035180000029 ], [ 90.093596028000036, 23.941701139000031 ], [ 90.093769928000086, 23.941807164000068 ], [ 90.094928935000041, 23.941379673000029 ], [ 90.094986860000063, 23.941219314000023 ], [ 90.094841244000065, 23.940313909000054 ], [ 90.094550625000068, 23.939329562000069 ], [ 90.094260470000052, 23.938981995000063 ], [ 90.093999630000042, 23.938824088000047 ], [ 90.094057325000051, 23.938343084000053 ], [ 90.094462804000045, 23.938076377000073 ], [ 90.094636466000054, 23.937864010000055 ], [ 90.094694195000045, 23.937437196000076 ], [ 90.094925622000062, 23.936852207000072 ], [ 90.094838424000045, 23.936452581000026 ], [ 90.094432563000055, 23.93618637700007 ], [ 90.094374328000072, 23.935919958000056 ], [ 90.094367180000063, 23.935380280000061 ], [ 90.094764767000072, 23.934826802000032 ], [ 90.095228579000036, 23.93456006200006 ], [ 90.09893805300004, 23.933970615000078 ], [ 90.099575197000036, 23.933491488000072 ], [ 90.099806390000083, 23.932637779000061 ], [ 90.099890488000085, 23.932585792000054 ], [ 90.098196278000046, 23.930509439000048 ], [ 90.097152230000063, 23.92971073800004 ], [ 90.096572351000077, 23.929550779000067 ], [ 90.095992902000035, 23.929551143000026 ], [ 90.095528713000078, 23.929284977000066 ], [ 90.093499794000081, 23.92918009300007 ], [ 90.090919176000057, 23.929235836000032 ], [ 90.09112334200006, 23.929181522000079 ], [ 90.09170084200008, 23.925983720000033 ], [ 90.090947104000065, 23.926144494000027 ], [ 90.090425666000044, 23.926090606000059 ], [ 90.090251300000034, 23.92571812400007 ], [ 90.090367187000084, 23.925451600000031 ], [ 90.091352411000059, 23.92523649900005 ], [ 90.091642129000036, 23.925024066000049 ], [ 90.091467312000077, 23.924012545000039 ], [ 90.090249820000054, 23.923586487000023 ], [ 90.090249261000054, 23.922787122000045 ], [ 90.090596864000076, 23.922360139000034 ], [ 90.09059656800008, 23.921935615000052 ], [ 90.090248559000031, 23.921775497000056 ], [ 90.089669255000047, 23.92193615900004 ], [ 90.089263286000062, 23.921882200000027 ], [ 90.088915281000084, 23.921722079000062 ], [ 90.088799157000039, 23.921189235000043 ], [ 90.088971235000031, 23.918684910000025 ], [ 90.089550649000046, 23.918257794000056 ], [ 90.089492472000074, 23.918045567000036 ], [ 90.088738937000073, 23.917991809000057 ], [ 90.088457252000069, 23.916912601000035 ], [ 90.088607298000056, 23.915862501000049 ], [ 90.087157877000038, 23.915596874000073 ], [ 90.086868260000074, 23.915488652000079 ], [ 90.086810127000035, 23.915330617000052 ], [ 90.086983553000039, 23.914797608000072 ], [ 90.087331108000058, 23.914316438000071 ], [ 90.087388438000062, 23.913731560000031 ], [ 90.087562204000051, 23.913250485000049 ], [ 90.08739362700004, 23.911857336000025 ], [ 90.084923911000033, 23.91195807500003 ], [ 90.083719809000058, 23.912089704000039 ], [ 90.081719441000075, 23.912519821000046 ], [ 90.081330394000076, 23.912465832000066 ], [ 90.080941181000071, 23.912147644000072 ], [ 90.080664603000059, 23.911745850000045 ], [ 90.080501912000045, 23.911312380000027 ], [ 90.079829561000054, 23.908395268000049 ], [ 90.079224359000079, 23.907300405000058 ], [ 90.078780125000037, 23.906839981000076 ], [ 90.078067561000069, 23.906379695000055 ], [ 90.075653322000051, 23.90562895100004 ], [ 90.073450067000067, 23.905476468000074 ], [ 90.070991389000085, 23.905906663000053 ], [ 90.069871323000086, 23.906372345000023 ], [ 90.068936139000073, 23.906957615000067 ], [ 90.068140687000039, 23.907619591000071 ], [ 90.066213210000058, 23.909467558000074 ], [ 90.065508479000073, 23.910486261000074 ], [ 90.064102579000064, 23.912961728000028 ], [ 90.06346409300005, 23.915784613000028 ], [ 90.063475560000086, 23.91662913600004 ], [ 90.06401937000004, 23.91731763000007 ], [ 90.068486117000077, 23.919907998000042 ], [ 90.07167720700005, 23.921934313000065 ], [ 90.074932106000063, 23.923682782000071 ], [ 90.075371894000057, 23.924341930000026 ], [ 90.07558042200003, 23.924924416000067 ], [ 90.075693212000033, 23.925613079000073 ], [ 90.075718976000076, 23.926620176000029 ], [ 90.075624677000064, 23.927096680000034 ], [ 90.075293633000058, 23.927586847000043 ], [ 90.074840488000063, 23.927745136000055 ], [ 90.074545092000051, 23.927756569000053 ], [ 90.073033751000082, 23.92732600100004 ], [ 90.071319797000058, 23.926414535000049 ], [ 90.069565513000043, 23.925837267000077 ], [ 90.068268352000075, 23.925625588000059 ], [ 90.06731701800004, 23.925546974000042 ], [ 90.06693935900006, 23.925605850000068 ], [ 90.066090124000084, 23.925832026000023 ], [ 90.065532985000061, 23.926200335000033 ], [ 90.062739817000079, 23.930489617000035 ], [ 90.062866737000036, 23.930683761000068 ], [ 90.063334833000056, 23.930907120000029 ], [ 90.064044271000057, 23.931082958000047 ], [ 90.064836467000077, 23.931561339000041 ], [ 90.065818316000048, 23.932385127000032 ], [ 90.067203246000076, 23.934143579000079 ], [ 90.067251681000073, 23.935161956000059 ], [ 90.06709075100008, 23.935731065000027 ], [ 90.067019670000036, 23.937232727000037 ], [ 90.067146646000083, 23.93870494600003 ], [ 90.067513095000038, 23.940635451000048 ], [ 90.067526690000079, 23.941380613000035 ], [ 90.067281918000049, 23.94373138900005 ], [ 90.066228582000065, 23.946236069000065 ], [ 90.065483867000069, 23.947534787000052 ], [ 90.063271260000079, 23.949161534000041 ], [ 90.06226513200005, 23.950446799000076 ], [ 90.062164478000057, 23.950620712000045 ], [ 90.062152059000084, 23.950979751000034 ], [ 90.062353811000037, 23.951557739000066 ], [ 90.06293323400007, 23.952562352000029 ], [ 90.064280110000084, 23.953406317000031 ], [ 90.064625701000068, 23.953537142000073 ], [ 90.065438413000038, 23.953618089000031 ], [ 90.067416202000061, 23.95333497200005 ], [ 90.068588556000066, 23.953397679000034 ], [ 90.069991089000041, 23.953704146000064 ], [ 90.070928318000085, 23.954008557000066 ], [ 90.072449375000076, 23.954793658000028 ], [ 90.073448058000054, 23.955662549000067 ], [ 90.074169131000076, 23.956588017000058 ], [ 90.074778078000065, 23.956928690000041 ], [ 90.074838081000053, 23.957118340000022 ], [ 90.074796537000054, 23.959114506000049 ], [ 90.07455866500004, 23.960464957000056 ], [ 90.075844759000063, 23.960572715000069 ], [ 90.075983407000081, 23.960784906000072 ], [ 90.075868050000054, 23.961532388000023 ], [ 90.07572315200008, 23.961665684000025 ], [ 90.075114408000047, 23.961717919000023 ], [ 90.075027269000032, 23.961878287000047 ], [ 90.075027469000077, 23.962223773000062 ], [ 90.074882800000069, 23.96275674900005 ], [ 90.074912243000085, 23.963210611000022 ], [ 90.075115319000076, 23.963289544000077 ], [ 90.075404905000084, 23.963183274000073 ], [ 90.075839818000077, 23.963155961000041 ], [ 90.076303719000066, 23.963316056000053 ] ] ] } },
{ "type": "Feature", "properties": { "matched_key": "U_302614413", "navigation_parent_key": "A_302614", "admin_type": "union", "admin_label": "Union", "map_level": "union", "admin_rank": 3, "displayable": 1, "geometry_status": "EXACT/GEOMETRY", "location_label": "Jadabpur Union" }, "geometry": { "type": "Polygon", "coordinates": [ [ [ 90.138276396000037, 24.03642058500003 ], [ 90.141398837000054, 24.036401930000068 ], [ 90.143660042000079, 24.03629369600003 ], [ 90.146296580000069, 24.035993138000038 ], [ 90.147801982000033, 24.035553629000049 ], [ 90.148436336000032, 24.035549219000075 ], [ 90.148044371000083, 24.028975732000049 ], [ 90.148030649000077, 24.025640533000058 ], [ 90.148213889000033, 24.02464455300003 ], [ 90.148009389000038, 24.02344572100003 ], [ 90.14800908400008, 24.023179269000025 ], [ 90.148298899000054, 24.022939637000036 ], [ 90.148385527000073, 24.022646004000023 ], [ 90.148181369000042, 24.021474266000041 ], [ 90.147861391000049, 24.020862642000054 ], [ 90.147223152000038, 24.020596805000025 ], [ 90.145947213000056, 24.020810284000049 ], [ 90.14580201800004, 24.020677197000055 ], [ 90.145598151000058, 24.020011264000061 ], [ 90.145305673000053, 24.01787992900006 ], [ 90.145160397000041, 24.017667810000034 ], [ 90.144812252000065, 24.017401688000064 ], [ 90.14458019500006, 24.017347714000039 ], [ 90.144029105000072, 24.017508555000063 ], [ 90.142579800000078, 24.018203134000032 ], [ 90.141697856000064, 24.018452339000078 ], [ 90.141064430000085, 24.015533250000033 ], [ 90.141091091000078, 24.014903224000022 ], [ 90.140789103000031, 24.014399956000034 ], [ 90.140257766000047, 24.012081412000043 ], [ 90.139991563000081, 24.011982299000067 ], [ 90.139826539000069, 24.011682127000029 ], [ 90.139634070000056, 24.01100262500006 ], [ 90.139392975000078, 24.009395104000077 ], [ 90.137802696000051, 24.009798475000025 ], [ 90.137031461000049, 24.009799169000075 ], [ 90.136480949000031, 24.009901272000036 ], [ 90.135773706000066, 24.010565772000064 ], [ 90.135055518000058, 24.010760599000037 ], [ 90.134769057000085, 24.009792141000048 ], [ 90.134680519000085, 24.008272540000064 ], [ 90.134447872000067, 24.007633712000029 ], [ 90.134388111000078, 24.006007958000055 ], [ 90.134125734000065, 24.004544960000032 ], [ 90.13386409800006, 24.004091318000064 ], [ 90.132790356000044, 24.003292894000026 ], [ 90.132239292000065, 24.003133049000041 ], [ 90.13189090700007, 24.002866899000026 ], [ 90.130759737000062, 24.002682704000051 ], [ 90.130556538000064, 24.002574491000075 ], [ 90.130353484000068, 24.002308213000049 ], [ 90.130149752000079, 24.001669351000032 ], [ 90.129974673000049, 24.000497563000067 ], [ 90.129684368000085, 24.000231358000065 ], [ 90.128698216000032, 24.000019928000029 ], [ 90.128987829000039, 23.999592910000047 ], [ 90.129221156000085, 23.998495293000076 ], [ 90.12533251900004, 23.998263681000026 ], [ 90.124955564000061, 23.99829108800003 ], [ 90.124375935000046, 23.998745428000063 ], [ 90.123883199000034, 23.99882486000007 ], [ 90.123476977000053, 23.99877099400004 ], [ 90.123331656000062, 23.99845272500005 ], [ 90.123283552000032, 23.993430817000046 ], [ 90.121072530000049, 23.993525159000058 ], [ 90.120804520000036, 23.99373762700003 ], [ 90.119934526000065, 23.993819603000077 ], [ 90.119557999000051, 23.993964412000025 ], [ 90.118861655000046, 23.994454955000037 ], [ 90.117032890000075, 23.991243127000075 ], [ 90.116014255000039, 23.989656474000071 ], [ 90.115599587000077, 23.988708399000075 ], [ 90.115550356000085, 23.987588432000052 ], [ 90.115693337000039, 23.985323476000076 ], [ 90.115663816000051, 23.984605431000034 ], [ 90.115576617000045, 23.984311947000037 ], [ 90.115097706000086, 23.983991660000072 ], [ 90.113356656000065, 23.982448434000048 ], [ 90.112718165000047, 23.981595354000035 ], [ 90.112600981000071, 23.980371562000073 ], [ 90.113122439000051, 23.979838272000052 ], [ 90.113238094000053, 23.979305283000031 ], [ 90.113121417000059, 23.978666333000035 ], [ 90.113178451000067, 23.97749434800005 ], [ 90.113352039000063, 23.977173575000052 ], [ 90.113525515000049, 23.976374087000067 ], [ 90.113525283000058, 23.976107635000062 ], [ 90.112770958000056, 23.975895931000025 ], [ 90.112881408000078, 23.975387784000077 ], [ 90.110842675000072, 23.975443461000054 ], [ 90.108581410000056, 23.975711532000048 ], [ 90.108436352000069, 23.975632602000076 ], [ 90.108378027000072, 23.975311998000052 ], [ 90.108029944000066, 23.975260306000052 ], [ 90.106986222000046, 23.975367168000048 ], [ 90.106493673000045, 23.975579769000035 ], [ 90.106348923000041, 23.975873421000074 ], [ 90.106117130000086, 23.97603390300003 ], [ 90.104261443000041, 23.97606001500003 ], [ 90.103942713000038, 23.976220555000054 ], [ 90.103449486000045, 23.975981533000038 ], [ 90.101941884000041, 23.976061572000049 ], [ 90.100724013000047, 23.975823020000064 ], [ 90.09991249400008, 23.976304522000078 ], [ 90.099536397000065, 23.977370579000024 ], [ 90.099217515000078, 23.977343688000076 ], [ 90.098608342000034, 23.976917305000029 ], [ 90.097983182000064, 23.976874804000033 ], [ 90.097825380000074, 23.976996840000027 ], [ 90.097767992000058, 23.977477846000056 ], [ 90.097942344000046, 23.978116770000042 ], [ 90.098174555000071, 23.978489204000027 ], [ 90.098204183000064, 23.979076285000076 ], [ 90.098030409000046, 23.979609301000039 ], [ 90.098030851000033, 23.980194141000027 ], [ 90.098843723000073, 23.981446852000033 ], [ 90.099221228000033, 23.982191774000057 ], [ 90.098990921000052, 23.984323545000052 ], [ 90.098759143000052, 23.984535954000023 ], [ 90.098673421000058, 23.986134727000035 ], [ 90.099427478000052, 23.986348756000041 ], [ 90.100247498000044, 23.986445318000051 ], [ 90.100053972000069, 23.987260610000078 ], [ 90.099504652000064, 23.988830328000063 ], [ 90.099450476000072, 23.989891657000044 ], [ 90.099507373000051, 23.992370986000026 ], [ 90.099287794000077, 23.993283388000066 ], [ 90.099288242000057, 23.994270165000046 ], [ 90.099172472000078, 23.994340240000042 ], [ 90.098999069000058, 23.994979385000079 ], [ 90.098595408000051, 23.997856427000045 ], [ 90.09865572800004, 24.001214139000069 ], [ 90.098018090000039, 24.001481 ], [ 90.097728411000048, 24.001959895000027 ], [ 90.097497042000043, 24.002759400000059 ], [ 90.096892642000057, 24.003933978000077 ], [ 90.09622194800005, 24.003986337000072 ], [ 90.09483010100007, 24.004413979000049 ], [ 90.09413440700007, 24.004732797000031 ], [ 90.093728910000038, 24.005265947000055 ], [ 90.093033591000051, 24.006546695000054 ], [ 90.09222303100006, 24.008252026000036 ], [ 90.091991653000036, 24.009103458000027 ], [ 90.091759744000058, 24.009209727000041 ], [ 90.091295470000034, 24.009210006000046 ], [ 90.09106382300007, 24.009691109000073 ], [ 90.090154106000057, 24.009831648000045 ], [ 90.090310091000049, 24.010118332000047 ], [ 90.090310944000066, 24.011342202000037 ], [ 90.090079439000078, 24.012035566000066 ], [ 90.090079586000058, 24.012247825000031 ], [ 90.090543792000062, 24.012568196000075 ], [ 90.089446837000082, 24.017464325000049 ], [ 90.093737947000079, 24.01773498600005 ], [ 90.093853637000052, 24.017520400000024 ], [ 90.09385278700006, 24.016348464000032 ], [ 90.094026937000081, 24.016242229000056 ], [ 90.095810705000076, 24.016241122000054 ], [ 90.095711005000055, 24.018959895000023 ], [ 90.097335487000066, 24.019171129000028 ], [ 90.097799450000082, 24.019116642000029 ], [ 90.098147140000037, 24.018904162000069 ], [ 90.098668814000064, 24.018370924000067 ], [ 90.098784723000051, 24.018050204000076 ], [ 90.099190484000076, 24.017837683000039 ], [ 90.099538760000087, 24.01799778000003 ], [ 90.099597002000053, 24.018210002000046 ], [ 90.100119285000062, 24.018476110000051 ], [ 90.103768045000038, 24.018525620000048 ], [ 90.103749459000085, 24.021020793000048 ], [ 90.104563472000052, 24.021015723000062 ], [ 90.105317988000081, 24.021155207000049 ], [ 90.106232757000043, 24.021102641000027 ], [ 90.106609379000076, 24.020960120000041 ], [ 90.108004131000087, 24.019798499000046 ], [ 90.108433870000056, 24.019608520000077 ], [ 90.108919154000034, 24.019698498000025 ], [ 90.10951332500008, 24.020273878000069 ], [ 90.110003667000058, 24.021610302000056 ], [ 90.110168888000032, 24.022569858000054 ], [ 90.110072307000053, 24.025351863000026 ], [ 90.11012837800007, 24.025877950000051 ], [ 90.109863768000082, 24.026937171000043 ], [ 90.109922128000051, 24.027989384000023 ], [ 90.110085410000067, 24.028467977000048 ], [ 90.11078671000007, 24.028849084000058 ], [ 90.115255298000079, 24.028825464000079 ], [ 90.117677424000078, 24.02871523500005 ], [ 90.118538415000046, 24.028615217000038 ], [ 90.119613733000051, 24.028323092000051 ], [ 90.120742334000056, 24.027836725000043 ], [ 90.121225765000077, 24.027545051000061 ], [ 90.121602169000084, 24.027495077000026 ], [ 90.121872518000032, 24.027734216000056 ], [ 90.121927842000048, 24.028068365000024 ], [ 90.121449531000053, 24.029556807000063 ], [ 90.121506048000072, 24.030182245000049 ], [ 90.121831070000042, 24.030708115000039 ], [ 90.122370279000052, 24.030897361000029 ], [ 90.124899948000063, 24.030737256000066 ], [ 90.125762505000068, 24.030973645000074 ], [ 90.126086693000047, 24.031257894000078 ], [ 90.126142172000073, 24.03173881500004 ], [ 90.12571438100008, 24.032364651000023 ], [ 90.125662245000058, 24.032793724000044 ], [ 90.125716784000076, 24.032940453000037 ], [ 90.126148847000081, 24.033224611000037 ], [ 90.127010358000064, 24.033316480000053 ], [ 90.127604027000075, 24.033550827000056 ], [ 90.12782026800005, 24.033744839000065 ], [ 90.127875656000072, 24.034126404000062 ], [ 90.128038207000031, 24.03441304100005 ], [ 90.128416146000063, 24.034652078000079 ], [ 90.128577795000069, 24.034649686000023 ], [ 90.12906339400007, 24.034983471000032 ], [ 90.129655963000062, 24.035028130000057 ], [ 90.130626122000081, 24.035264402000053 ], [ 90.131649250000066, 24.035304171000064 ], [ 90.132565275000047, 24.035490801000037 ], [ 90.134395754000082, 24.03553210900003 ], [ 90.135848888000055, 24.035329860000047 ], [ 90.136547494000069, 24.035087626000063 ], [ 90.136870798000075, 24.035085081000034 ], [ 90.137626045000047, 24.035513435000041 ], [ 90.138276396000037, 24.03642058500003 ] ] ] } },
{ "type": "Feature", "properties": { "matched_key": "U_302614447", "navigation_parent_key": "A_302614", "admin_type": "union", "admin_label": "Union", "map_level": "union", "admin_rank": 3, "displayable": 1, "geometry_status": "EXACT/GEOMETRY", "location_label": "Kulla Union" }, "geometry": { "type": "Polygon", "coordinates": [ [ [ 90.196488372000033, 23.925217087000078 ], [ 90.196658150000076, 23.924995574000036 ], [ 90.19701553200008, 23.924767049000025 ], [ 90.197620714000038, 23.924741436000033 ], [ 90.198088645000041, 23.924919220000049 ], [ 90.198171512000044, 23.925095244000033 ], [ 90.198199921000082, 23.925601018000066 ], [ 90.198612541000045, 23.925550807000036 ], [ 90.199602084000048, 23.925068553000074 ], [ 90.199931787000082, 23.924815221000074 ], [ 90.200233965000052, 23.924435470000049 ], [ 90.200453973000037, 23.924333570000044 ], [ 90.201059268000051, 23.924382455000057 ], [ 90.201196717000073, 23.924307759000044 ], [ 90.201498426000057, 23.923826392000024 ], [ 90.201828588000069, 23.923674667000057 ], [ 90.201883355000064, 23.923548144000051 ], [ 90.201607363000051, 23.922990758000026 ], [ 90.201744494000081, 23.922712832000059 ], [ 90.201496428000041, 23.922537028000079 ], [ 90.201249404000066, 23.922839934000024 ], [ 90.201029168000048, 23.922790543000076 ], [ 90.200423371000056, 23.922411977000024 ], [ 90.199597533000031, 23.922108210000033 ], [ 90.198469832000058, 23.922186445000023 ], [ 90.19791932000004, 23.922011025000074 ], [ 90.197946338000065, 23.921807762000071 ], [ 90.198643850000053, 23.921529116000045 ], [ 90.200561049000044, 23.921095336000064 ], [ 90.200265768000065, 23.919767966000052 ], [ 90.200264989000061, 23.919262154000023 ], [ 90.200347352000051, 23.919110755000077 ], [ 90.201474511000072, 23.918702827000061 ], [ 90.201996440000073, 23.918273103000047 ], [ 90.201996008000037, 23.917995360000077 ], [ 90.201500815000031, 23.917844719000072 ], [ 90.201445698000043, 23.917743177000034 ], [ 90.20152743400007, 23.917388550000055 ], [ 90.201637586000061, 23.917338729000051 ], [ 90.202463041000044, 23.917412161000073 ], [ 90.202655442000037, 23.917337390000057 ], [ 90.202765084000077, 23.91715885800005 ], [ 90.202764773000069, 23.91695788800007 ], [ 90.202571663000072, 23.916578784000023 ], [ 90.202377768000076, 23.915693869000052 ], [ 90.202542017000042, 23.915287197000055 ], [ 90.202926998000066, 23.915060880000055 ], [ 90.203228957000078, 23.914755641000056 ], [ 90.203090573000054, 23.914225171000055 ], [ 90.202842585000042, 23.913895819000061 ], [ 90.202704834000031, 23.913769546000026 ], [ 90.202154509000081, 23.913695755000049 ], [ 90.201824523000084, 23.913745866000056 ], [ 90.201522060000059, 23.913924651000059 ], [ 90.201357495000082, 23.91412583400006 ], [ 90.201219902000048, 23.914101179000056 ], [ 90.201136759000065, 23.913746767000077 ], [ 90.200723872000083, 23.913596015000053 ], [ 90.200503961000038, 23.913747593000039 ], [ 90.200504192000039, 23.913898885000037 ], [ 90.200917673000049, 23.914431254000078 ], [ 90.200917909000054, 23.914582546000076 ], [ 90.200698074000059, 23.914783804000024 ], [ 90.200560517000042, 23.914783982000074 ], [ 90.200065302000041, 23.914608496000028 ], [ 90.199844841000072, 23.91440555500003 ], [ 90.199761821000038, 23.914127920000055 ], [ 90.199788716000057, 23.913646911000058 ], [ 90.20063999000007, 23.912760631000026 ], [ 90.200859586000036, 23.912408084000049 ], [ 90.201738788000057, 23.911722733000033 ], [ 90.201903619000063, 23.911494446000063 ], [ 90.201765560000069, 23.911167208000052 ], [ 90.201765130000069, 23.910889462000057 ], [ 90.202312965000033, 23.909371308000061 ], [ 90.202887547000046, 23.908081178000032 ], [ 90.203437819000044, 23.907547546000046 ], [ 90.203574852000031, 23.907219940000061 ], [ 90.203767235000043, 23.907142910000061 ], [ 90.203986573000066, 23.906636807000041 ], [ 90.204371022000032, 23.90628177800005 ], [ 90.204672666000079, 23.905599431000041 ], [ 90.204864845000031, 23.90539595000007 ], [ 90.205106326000077, 23.905305302000045 ], [ 90.205167646000064, 23.905447481000067 ], [ 90.206433622000077, 23.905924503000051 ], [ 90.207613215000038, 23.906189768000047 ], [ 90.208425495000085, 23.906158798000035 ], [ 90.208620167000049, 23.905979297000044 ], [ 90.208814214000085, 23.905411446000073 ], [ 90.208942888000081, 23.904604701000039 ], [ 90.20939566900006, 23.903289677000032 ], [ 90.209622827000032, 23.903110130000073 ], [ 90.210435185000051, 23.903138894000051 ], [ 90.21176790700008, 23.903465667000035 ], [ 90.212320279000039, 23.903464904000032 ], [ 90.21267750100003, 23.903344920000052 ], [ 90.213195419000044, 23.902149285000064 ], [ 90.213682704000064, 23.902088862000028 ], [ 90.215243066000085, 23.902534781000043 ], [ 90.215535447000036, 23.902504499000031 ], [ 90.215762295000047, 23.902145706000056 ], [ 90.216768605000084, 23.901576705000025 ], [ 90.217516470000078, 23.901904251000076 ], [ 90.218133719000036, 23.901843632000066 ], [ 90.218601945000046, 23.90204490800005 ], [ 90.218595346000086, 23.903524658000038 ], [ 90.218780786000082, 23.903430309000044 ], [ 90.219687114000067, 23.90271997800005 ], [ 90.220703402000083, 23.901682058000063 ], [ 90.221664535000059, 23.900897121000071 ], [ 90.221746557000074, 23.90056732000005 ], [ 90.221718545000044, 23.900163163000059 ], [ 90.221608031000073, 23.899987191000037 ], [ 90.221415408000041, 23.899910692000049 ], [ 90.221332393000068, 23.899657906000073 ], [ 90.220560373000069, 23.898446422000063 ], [ 90.220503011000062, 23.897206811000046 ], [ 90.220557752000047, 23.896901891000027 ], [ 90.220886788000087, 23.896321090000072 ], [ 90.220968509000045, 23.895815160000041 ], [ 90.220387790000075, 23.894070489000057 ], [ 90.220497007000063, 23.893666132000078 ], [ 90.220881505000079, 23.89320944800005 ], [ 90.222172327000067, 23.892094350000036 ], [ 90.223052020000068, 23.891840168000044 ], [ 90.223602094000057, 23.891814531000023 ], [ 90.224372450000033, 23.891890186000069 ], [ 90.225252969000053, 23.892116965000071 ], [ 90.225940617000049, 23.892115958000034 ], [ 90.226352674000054, 23.891810510000028 ], [ 90.227039878000085, 23.89155659100004 ], [ 90.22753354200006, 23.890873918000068 ], [ 90.227643263000061, 23.890596010000024 ], [ 90.227504139000075, 23.889683947000037 ], [ 90.227173827000058, 23.889508305000049 ], [ 90.227254731000073, 23.888724627000045 ], [ 90.22744715500005, 23.888521112000035 ], [ 90.228382473000067, 23.888671020000061 ], [ 90.228656727000043, 23.88821673700005 ], [ 90.228738235000037, 23.887609189000045 ], [ 90.228875402000085, 23.887405759000046 ], [ 90.230223764000073, 23.887304389000064 ], [ 90.230220649000046, 23.885545339000032 ], [ 90.230573471000071, 23.883530592000056 ], [ 90.230878210000071, 23.882967869000026 ], [ 90.231792773000052, 23.881654540000056 ], [ 90.233215638000047, 23.879825592000032 ], [ 90.233571225000048, 23.879215370000054 ], [ 90.233722999000065, 23.878607711000029 ], [ 90.233874344000071, 23.877762952000069 ], [ 90.233872915000063, 23.876968106000049 ], [ 90.23382061500007, 23.876218497000025 ], [ 90.23325425400003, 23.872940601000039 ], [ 90.233149835000063, 23.871536224000067 ], [ 90.233300338000049, 23.87022403800006 ], [ 90.233553664000056, 23.869426548000035 ], [ 90.234213777000036, 23.868348431000072 ], [ 90.23497578000007, 23.867270159000043 ], [ 90.237160970000048, 23.864502897000023 ], [ 90.238613666000049, 23.862470322000036 ], [ 90.239424774000042, 23.860594838000054 ], [ 90.240134151000063, 23.858486928000048 ], [ 90.240589379000085, 23.856704578000063 ], [ 90.240840379000076, 23.855019638000044 ], [ 90.241189273000032, 23.850848380000059 ], [ 90.241690457000061, 23.846399134000023 ], [ 90.241993063000052, 23.844759276000048 ], [ 90.242649975000063, 23.842229166000038 ], [ 90.243309045000046, 23.840541320000057 ], [ 90.245090944000083, 23.836820333000048 ], [ 90.243872860000067, 23.834897722000051 ], [ 90.240807324000059, 23.831190212000024 ], [ 90.239889148000032, 23.83079873500003 ], [ 90.238665773000037, 23.830631276000076 ], [ 90.237075627000081, 23.830746635000025 ], [ 90.235791802000051, 23.831085063000046 ], [ 90.233713650000084, 23.831819854000059 ], [ 90.231024724000065, 23.833174259000032 ], [ 90.229679996000073, 23.833625631000075 ], [ 90.227233786000056, 23.833967973000028 ], [ 90.225890009000068, 23.834981581000022 ], [ 90.224423099000035, 23.835602443000028 ], [ 90.222895792000031, 23.836618551000072 ], [ 90.22204079800008, 23.837464318000059 ], [ 90.221401509000032, 23.83794395700005 ], [ 90.221729829000083, 23.838295751000032 ], [ 90.22184102600005, 23.838903020000032 ], [ 90.221621779000031, 23.839357217000043 ], [ 90.219617220000032, 23.841460124000037 ], [ 90.217502496000066, 23.843235740000068 ], [ 90.216596245000062, 23.844122193000032 ], [ 90.21423302200003, 23.845618108000053 ], [ 90.211815442000045, 23.847315028000025 ], [ 90.211403878000056, 23.848049477000075 ], [ 90.211380011000074, 23.850174388000028 ], [ 90.211326253000038, 23.85108673700006 ], [ 90.211228046000031, 23.851463975000058 ], [ 90.210671142000081, 23.851717646000054 ], [ 90.209406385000079, 23.851870663000057 ], [ 90.204327143000057, 23.850768754000057 ], [ 90.203172318000043, 23.851949012000034 ], [ 90.201744218000044, 23.853050587000041 ], [ 90.201525228000037, 23.853732821000051 ], [ 90.200343675000056, 23.854328244000044 ], [ 90.19957398400004, 23.854532471000027 ], [ 90.199191162000034, 23.855860734000032 ], [ 90.198369780000064, 23.858201191000035 ], [ 90.197587938000083, 23.859315441000035 ], [ 90.197093448000032, 23.859681890000047 ], [ 90.195897289000072, 23.85979857600006 ], [ 90.195895541000084, 23.859859549000078 ], [ 90.192716802000064, 23.859813880000047 ], [ 90.191671395000071, 23.859765507000077 ], [ 90.19013072000007, 23.859564186000057 ], [ 90.185152369000036, 23.859369280000067 ], [ 90.185435674000075, 23.860897678000072 ], [ 90.185767535000082, 23.862035362000029 ], [ 90.186169454000037, 23.864299754000058 ], [ 90.186032510000075, 23.864690572000029 ], [ 90.185372631000064, 23.864905888000067 ], [ 90.185319176000064, 23.865949196000031 ], [ 90.185998098000084, 23.866596453000056 ], [ 90.187804748000076, 23.866442967000069 ], [ 90.18816107400005, 23.866643504000024 ], [ 90.188462640000068, 23.866970559000038 ], [ 90.188572724000039, 23.867322690000037 ], [ 90.188463660000082, 23.867675087000066 ], [ 90.188135940000052, 23.868154205000053 ], [ 90.188026803000071, 23.868456924000043 ], [ 90.187919591000082, 23.870094178000045 ], [ 90.188140051000062, 23.870999408000046 ], [ 90.188281606000032, 23.874223804000053 ], [ 90.188226772000064, 23.874298387000067 ], [ 90.188035238000055, 23.874298623000072 ], [ 90.187212662000036, 23.87346864400007 ], [ 90.186883891000036, 23.873444205000055 ], [ 90.186254227000063, 23.873571419000029 ], [ 90.18587117900006, 23.873797693000029 ], [ 90.18532851100008, 23.874448682000036 ], [ 90.185872259000064, 23.874554156000045 ], [ 90.18584551400005, 23.874956131000033 ], [ 90.185736187000032, 23.875132394000047 ], [ 90.18443717100007, 23.876635594000049 ], [ 90.183354518000044, 23.877695937000055 ], [ 90.183468778000076, 23.878836141000079 ], [ 90.185576817000083, 23.878531028000054 ], [ 90.18867184000004, 23.878956305000031 ], [ 90.188835335000078, 23.878879329000029 ], [ 90.189224683000077, 23.882557292000058 ], [ 90.189389456000072, 23.88293419200005 ], [ 90.189720345000069, 23.884394775000032 ], [ 90.19018662600007, 23.885021949000077 ], [ 90.190324606000047, 23.885753401000045 ], [ 90.189969656000073, 23.886532883000029 ], [ 90.190026737000039, 23.887993804000075 ], [ 90.189588976000039, 23.888195316000065 ], [ 90.188767276000078, 23.888248260000069 ], [ 90.188630471000067, 23.888322945000027 ], [ 90.188467954000032, 23.88950638700004 ], [ 90.188222653000082, 23.89033766700004 ], [ 90.185841769000035, 23.89038798100006 ], [ 90.185922113000061, 23.890114654000058 ], [ 90.186359564000043, 23.889685087000032 ], [ 90.186386344000084, 23.889307950000045 ], [ 90.186632126000063, 23.888804097000047 ], [ 90.186630500000035, 23.887670535000041 ], [ 90.186383352000064, 23.887219217000052 ], [ 90.186217246000069, 23.885909720000029 ], [ 90.185312767000084, 23.885380160000068 ], [ 90.185121432000074, 23.885531682000078 ], [ 90.185012955000047, 23.886313115000064 ], [ 90.184766600000046, 23.886415025000076 ], [ 90.184164013000043, 23.886415746000068 ], [ 90.183945281000035, 23.886515365000037 ], [ 90.183781209000074, 23.886842985000044 ], [ 90.183400129000063, 23.888279589000035 ], [ 90.183208836000063, 23.888681758000075 ], [ 90.183127135000063, 23.889086057000043 ], [ 90.183128765000049, 23.890244458000041 ], [ 90.182471691000046, 23.890369432000057 ], [ 90.182253519000085, 23.890873247000059 ], [ 90.182063876000086, 23.892460913000036 ], [ 90.182092860000068, 23.893429601000037 ], [ 90.183167156000081, 23.893527682000069 ], [ 90.183304488000033, 23.893604295000046 ], [ 90.183442215000071, 23.893741876000036 ], [ 90.183814817000041, 23.894552086000033 ], [ 90.18512144400006, 23.894814715000052 ], [ 90.185204099000032, 23.894866553000043 ], [ 90.185273550000034, 23.895347443000048 ], [ 90.185603674000049, 23.895421562000024 ], [ 90.185728170000061, 23.895965613000044 ], [ 90.185773680000068, 23.899027534000027 ], [ 90.185581802000058, 23.899240027000076 ], [ 90.185912371000086, 23.899618987000053 ], [ 90.185830001000056, 23.899770378000028 ], [ 90.18558270300008, 23.899872291000065 ], [ 90.185527765000074, 23.900100426000051 ], [ 90.185280392000038, 23.900150402000065 ], [ 90.184565165000038, 23.899999968000031 ], [ 90.183877474000042, 23.900000790000036 ], [ 90.183712504000084, 23.899924215000055 ], [ 90.183629601000064, 23.89969850500006 ], [ 90.183519313000033, 23.899646701000052 ], [ 90.182722145000071, 23.899952491000079 ], [ 90.182722462000072, 23.90017830000005 ], [ 90.183550121000053, 23.901897982000037 ], [ 90.183853743000043, 23.902757952000059 ], [ 90.184075084000085, 23.903615764000051 ], [ 90.184130899000081, 23.904223125000044 ], [ 90.184407276000059, 23.905132803000072 ], [ 90.185675054000058, 23.906926460000022 ], [ 90.185896745000036, 23.908014595000054 ], [ 90.186037550000037, 23.910290579000048 ], [ 90.186259538000058, 23.911579678000066 ], [ 90.187060373000065, 23.913778085000047 ], [ 90.187611606000075, 23.914486455000031 ], [ 90.18887834700007, 23.915471686000046 ], [ 90.189181405000056, 23.91590035300004 ], [ 90.189347368000085, 23.916430798000079 ], [ 90.189211253000053, 23.917417750000027 ], [ 90.188636986000063, 23.919895580000059 ], [ 90.187981732000083, 23.923285769000074 ], [ 90.187928232000047, 23.924297457000023 ], [ 90.188068141000031, 23.925916335000068 ], [ 90.188507836000042, 23.92568772900006 ], [ 90.189140697000084, 23.925686953000024 ], [ 90.189910593000036, 23.925534710000022 ], [ 90.190268026000069, 23.925331041000049 ], [ 90.191368322000073, 23.925178384000048 ], [ 90.192248972000073, 23.925378255000055 ], [ 90.192992318000051, 23.925959909000028 ], [ 90.193377837000071, 23.926061038000057 ], [ 90.193982985000048, 23.926008339000077 ], [ 90.195110384000031, 23.925704327000062 ], [ 90.195797755000058, 23.925400871000079 ], [ 90.196488372000033, 23.925217087000078 ] ] ] } },
{ "type": "Feature", "properties": { "matched_key": "U_302614456", "navigation_parent_key": "A_302614", "admin_type": "union", "admin_label": "Union", "map_level": "union", "admin_rank": 3, "displayable": 1, "geometry_status": "EXACT/GEOMETRY", "location_label": "Kushura Union" }, "geometry": { "type": "Polygon", "coordinates": [ [ [ 90.159401098000046, 23.991920753000045 ], [ 90.159920875000068, 23.991141178000078 ], [ 90.161702670000068, 23.991315439000061 ], [ 90.162140946000079, 23.991213365000078 ], [ 90.162360113000034, 23.991061843000068 ], [ 90.162469441000042, 23.990783983000028 ], [ 90.162688173000049, 23.990533104000065 ], [ 90.162989426000081, 23.990431171000068 ], [ 90.163208559000054, 23.990254811000057 ], [ 90.163646898000081, 23.990204665000078 ], [ 90.164872839000054, 23.99079722700003 ], [ 90.165362278000032, 23.99082379400005 ], [ 90.165801551000072, 23.990064610000047 ], [ 90.165993268000079, 23.989355369000066 ], [ 90.166350815000044, 23.989077239000039 ], [ 90.166542723000077, 23.988519288000077 ], [ 90.166899847000082, 23.987913737000042 ], [ 90.167587939000043, 23.987861051000039 ], [ 90.16764283100008, 23.987786476000053 ], [ 90.168055761000062, 23.98781086200006 ], [ 90.168110881000075, 23.98791241400005 ], [ 90.168578768000032, 23.987911900000029 ], [ 90.168661078000071, 23.987658908000071 ], [ 90.169541756000058, 23.987581160000047 ], [ 90.169789011000034, 23.987075080000068 ], [ 90.170339565000063, 23.98709930800004 ], [ 90.171303246000036, 23.987301461000072 ], [ 90.171385646000033, 23.987351047000061 ], [ 90.171385982000061, 23.98760395000005 ], [ 90.171634101000052, 23.987754963000043 ], [ 90.17369880800004, 23.987931026000069 ], [ 90.17389122700007, 23.987779518000025 ], [ 90.174220082000033, 23.986740435000058 ], [ 90.174658135000072, 23.984895092000045 ], [ 90.17457324600008, 23.983226478000063 ], [ 90.173827986000049, 23.98163312500003 ], [ 90.173083419000079, 23.980545577000044 ], [ 90.172543242000074, 23.979988443000025 ], [ 90.17234962100008, 23.980151241000044 ], [ 90.172046826000042, 23.98022609800006 ], [ 90.170478321000076, 23.980252685000039 ], [ 90.169982784000069, 23.980228397000076 ], [ 90.169157056000074, 23.980001245000039 ], [ 90.168661519000068, 23.979976952000072 ], [ 90.168495986000039, 23.979776166000079 ], [ 90.168192053000041, 23.978737786000067 ], [ 90.16747670400008, 23.978815341000029 ], [ 90.167448666000041, 23.978512791000071 ], [ 90.167117746000031, 23.977980247000062 ], [ 90.166511664000041, 23.977502197000035 ], [ 90.166401233000045, 23.977147796000054 ], [ 90.166428087000043, 23.976768411000023 ], [ 90.166510558000084, 23.976641870000037 ], [ 90.166675758000054, 23.976592014000062 ], [ 90.167254030000038, 23.976943643000027 ], [ 90.167474285000083, 23.976943403000064 ], [ 90.167721483000037, 23.976640552000049 ], [ 90.168134243000054, 23.976563325000029 ], [ 90.168298873000083, 23.976310241000078 ], [ 90.168544435000058, 23.974514804000023 ], [ 90.168955894000078, 23.973681122000073 ], [ 90.168982252000035, 23.972694315000069 ], [ 90.169119145000082, 23.972138680000057 ], [ 90.169200122000063, 23.970874068000057 ], [ 90.169419066000046, 23.970115114000066 ], [ 90.169913903000065, 23.969633596000051 ], [ 90.169885461000035, 23.96902620700007 ], [ 90.16996752600005, 23.968597081000041 ], [ 90.16955452600007, 23.968471087000069 ], [ 90.169499311000038, 23.968292758000075 ], [ 90.169636130000072, 23.967687443000045 ], [ 90.169360777000065, 23.967586135000033 ], [ 90.16957909100006, 23.966118145000053 ], [ 90.169907967000086, 23.965106162000041 ], [ 90.169879761000061, 23.964677159000075 ], [ 90.170319593000045, 23.96419570300003 ], [ 90.170456798000032, 23.963892967000049 ], [ 90.170565829000054, 23.963183810000032 ], [ 90.170812836000039, 23.962526437000065 ], [ 90.171113715000047, 23.961261580000041 ], [ 90.171251049000034, 23.961060456000041 ], [ 90.17243392000006, 23.960855905000074 ], [ 90.172653910000065, 23.960679528000071 ], [ 90.172900760000061, 23.960146346000045 ], [ 90.173036373000059, 23.958655861000068 ], [ 90.172980923000068, 23.958301406000032 ], [ 90.172677983000085, 23.957999164000057 ], [ 90.172511864000057, 23.957339993000062 ], [ 90.171961201000045, 23.957139641000026 ], [ 90.171685736000086, 23.956936720000044 ], [ 90.171410003000062, 23.956532834000029 ], [ 90.171188758000085, 23.955521462000036 ], [ 90.171023288000072, 23.955345514000044 ], [ 90.17091289800004, 23.955015960000026 ], [ 90.170857286000057, 23.954535049000071 ], [ 90.170856953000055, 23.954282145000036 ], [ 90.171076661000086, 23.95413060900006 ], [ 90.171599508000043, 23.953978735000078 ], [ 90.171709260000057, 23.953827323000041 ], [ 90.172204226000076, 23.953497087000073 ], [ 90.172258434000071, 23.952916701000049 ], [ 90.17217473900007, 23.952106142000048 ], [ 90.171402721000049, 23.951020872000072 ], [ 90.170686659000069, 23.950439084000038 ], [ 90.169033541000033, 23.951014466000061 ], [ 90.168899987000032, 23.951755263000052 ], [ 90.168625031000033, 23.951933954000026 ], [ 90.16865316500008, 23.952313280000055 ], [ 90.168928442000038, 23.952615560000027 ], [ 90.168928707000077, 23.952818786000023 ], [ 90.168272642000034, 23.956107268000039 ], [ 90.168163081000046, 23.956409971000028 ], [ 90.167585944000052, 23.956866735000062 ], [ 90.167201264000084, 23.957472317000054 ], [ 90.166872843000078, 23.958838815000036 ], [ 90.166434430000038, 23.960180588000071 ], [ 90.166242138000086, 23.960406603000024 ], [ 90.165609590000031, 23.960786642000073 ], [ 90.165527259000044, 23.961014799000054 ], [ 90.165555357000073, 23.961369287000025 ], [ 90.166246583000031, 23.96387274500006 ], [ 90.167129480000085, 23.965642120000041 ], [ 90.167460818000052, 23.96652466300003 ], [ 90.167462583000031, 23.967890799000031 ], [ 90.167327063000073, 23.969509987000038 ], [ 90.167272275000073, 23.969661338000037 ], [ 90.166860829000086, 23.969819320000056 ], [ 90.165304658000082, 23.969905124000036 ], [ 90.165179609000063, 23.969737016000067 ], [ 90.165045361000068, 23.968880649000027 ], [ 90.163288385000044, 23.968110139000032 ], [ 90.161939926000059, 23.967905087000076 ], [ 90.161132719000079, 23.967944173000035 ], [ 90.159820607000086, 23.96784391500006 ], [ 90.159584550000034, 23.967754606000028 ], [ 90.159489330000042, 23.967569651000076 ], [ 90.159643670000037, 23.966388477000066 ], [ 90.159204794000061, 23.96593505900006 ], [ 90.158519518000048, 23.965685122000025 ], [ 90.158710597000038, 23.965206212000055 ], [ 90.15882107300007, 23.964618999000038 ], [ 90.158463209000047, 23.964601305000031 ], [ 90.157914935000065, 23.96435122400004 ], [ 90.156873368000049, 23.964099387000033 ], [ 90.156106154000042, 23.964152105000039 ], [ 90.155860324000059, 23.964579129000072 ], [ 90.155722964000063, 23.965037659000075 ], [ 90.155257708000079, 23.964857484000049 ], [ 90.15465475700006, 23.964858092000043 ], [ 90.154545048000045, 23.964555621000045 ], [ 90.154380322000065, 23.964481270000078 ], [ 90.15402423900008, 23.964404854000065 ], [ 90.153859448000048, 23.964278567000065 ], [ 90.153366461000076, 23.964279059000035 ], [ 90.153256361000047, 23.963902071000064 ], [ 90.153091882000069, 23.963775785000053 ], [ 90.151337965000039, 23.96372784600004 ], [ 90.151282351000077, 23.962921766000022 ], [ 90.151172344000031, 23.962619292000056 ], [ 90.150733453000043, 23.962116171000048 ], [ 90.150543368000058, 23.961624096000037 ], [ 90.150622598000041, 23.961084338000035 ], [ 90.150235966000082, 23.958492442000079 ], [ 90.150071352000055, 23.958239700000036 ], [ 90.149358779000067, 23.95824039300004 ], [ 90.147797188000084, 23.958442873000024 ], [ 90.146153698000035, 23.95874703000004 ], [ 90.145393163000051, 23.958980333000056 ], [ 90.145002942000076, 23.958849735000058 ], [ 90.144618925000032, 23.958497838000028 ], [ 90.144399569000086, 23.958170622000068 ], [ 90.144344282000077, 23.95789293100006 ], [ 90.14420715600005, 23.957766607000053 ], [ 90.140809611000066, 23.957821695000064 ], [ 90.140535720000059, 23.957896463000054 ], [ 90.139988321000033, 23.958400515000051 ], [ 90.138894080000057, 23.959937004000039 ], [ 90.138654698000039, 23.960404643000061 ], [ 90.138621750000084, 23.961475002000043 ], [ 90.13824296100006, 23.964864718000058 ], [ 90.134630303000051, 23.965003413000034 ], [ 90.134459547000063, 23.963822618000052 ], [ 90.133354256000075, 23.96379137200006 ], [ 90.132742830000041, 23.964027061000024 ], [ 90.132256019000067, 23.96405042300006 ], [ 90.130364680000071, 23.963885709000067 ], [ 90.130375616000038, 23.96349353200003 ], [ 90.130265930000064, 23.962916198000073 ], [ 90.130319391000057, 23.961405497000044 ], [ 90.130428739000081, 23.961102823000033 ], [ 90.130729747000032, 23.960799983000072 ], [ 90.130920979000052, 23.96037304500004 ], [ 90.13105945600006, 23.959718083000041 ], [ 90.130619215000081, 23.959926202000077 ], [ 90.129986249000069, 23.95998996700007 ], [ 90.129477263000069, 23.960561689000031 ], [ 90.129298577000043, 23.960636357000055 ], [ 90.127847682000038, 23.960714347000078 ], [ 90.127879300000075, 23.960073027000078 ], [ 90.127769325000031, 23.959745696000027 ], [ 90.127550083000074, 23.959495230000073 ], [ 90.126864668000053, 23.959319667000045 ], [ 90.126863164000042, 23.957781916000044 ], [ 90.126561589000062, 23.957506677000026 ], [ 90.126561388000084, 23.95730345100003 ], [ 90.127080442000079, 23.955717850000042 ], [ 90.12702544800004, 23.955390476000048 ], [ 90.126915654000072, 23.955239275000054 ], [ 90.126696259000084, 23.955137842000056 ], [ 90.124175234000063, 23.954762802000062 ], [ 90.12047577800007, 23.954086066000059 ], [ 90.116913115000045, 23.953158489000032 ], [ 90.116446903000053, 23.952831422000031 ], [ 90.115088760000049, 23.952818897000043 ], [ 90.115247067000041, 23.954006528000036 ], [ 90.115016313000069, 23.955284777000031 ], [ 90.114610680000055, 23.955391209000027 ], [ 90.11339328400004, 23.955498243000022 ], [ 90.11258169000007, 23.955338515000051 ], [ 90.111994156000037, 23.955713789000072 ], [ 90.111941839000053, 23.955594149000035 ], [ 90.110839776000034, 23.955170427000041 ], [ 90.110433412000077, 23.954423296000073 ], [ 90.110143208000068, 23.954105115000061 ], [ 90.109737130000042, 23.954051211000035 ], [ 90.109157795000044, 23.954318078000028 ], [ 90.108578015000035, 23.954424620000054 ], [ 90.107708167000055, 23.954373296000028 ], [ 90.107244176000052, 23.954107166000028 ], [ 90.106315453000036, 23.952669415000059 ], [ 90.105909121000082, 23.952294853000069 ], [ 90.105097340000043, 23.951870890000066 ], [ 90.104575401000034, 23.951710923000064 ], [ 90.103125801000033, 23.951766096000028 ], [ 90.102604255000074, 23.95171225100006 ], [ 90.10219810600006, 23.951552198000059 ], [ 90.101501587000087, 23.95043491000007 ], [ 90.101326837000045, 23.949260820000063 ], [ 90.100796167000055, 23.947727930000042 ], [ 90.098488479000082, 23.947729428000059 ], [ 90.096227751000072, 23.948105704000056 ], [ 90.09564888500006, 23.949011558000052 ], [ 90.094605978000061, 23.949118334000048 ], [ 90.094616632000054, 23.950251887000036 ], [ 90.094502185000067, 23.952090037000062 ], [ 90.094590191000066, 23.953582574000052 ], [ 90.094358538000051, 23.953901108000025 ], [ 90.093981705000033, 23.953928437000059 ], [ 90.093605217000061, 23.954434476000074 ], [ 90.093721893000065, 23.955660545000057 ], [ 90.094331802000056, 23.957258893000073 ], [ 90.094303049000075, 23.957419234000042 ], [ 90.094013299000039, 23.957685867000066 ], [ 90.093897797000068, 23.95851013500004 ], [ 90.093782157000078, 23.95872472700006 ], [ 90.093376343000045, 23.959043362000045 ], [ 90.091405630000054, 23.959819071000027 ], [ 90.089782634000073, 23.960219710000047 ], [ 90.089550921000068, 23.960486297000045 ], [ 90.089058128000033, 23.960750778000033 ], [ 90.088826506000032, 23.96115059400006 ], [ 90.088826853000057, 23.961658664000026 ], [ 90.088653151000074, 23.961871023000072 ], [ 90.088392181000074, 23.962031498000044 ], [ 90.088015358000064, 23.962110747000054 ], [ 90.088159990000065, 23.96160485200005 ], [ 90.088390764000053, 23.959954062000065 ], [ 90.089115594000077, 23.959899449000034 ], [ 90.089231335000079, 23.95982035000003 ], [ 90.08931799700008, 23.958993841000051 ], [ 90.088796175000084, 23.959021241000073 ], [ 90.088651328000083, 23.959206487000074 ], [ 90.08717271200004, 23.959180238000044 ], [ 90.086360626000044, 23.958729078000033 ], [ 90.085954832000084, 23.958648016000041 ], [ 90.085520125000073, 23.958968906000052 ], [ 90.085143697000035, 23.959635248000041 ], [ 90.084476987000073, 23.959795942000028 ], [ 90.084158167000055, 23.959796118000042 ], [ 90.08349150500004, 23.960035837000078 ], [ 90.083201576000079, 23.960063093000031 ], [ 90.082766551000077, 23.959903004000068 ], [ 90.08117253100005, 23.960515796000038 ], [ 90.080824958000051, 23.960703400000057 ], [ 90.080129513000031, 23.961609255000042 ], [ 90.079462985000077, 23.962088316000063 ], [ 90.078796609000051, 23.962330274000067 ], [ 90.078477606000035, 23.96254269700006 ], [ 90.077346988000045, 23.962570368000058 ], [ 90.076825260000078, 23.96278288600007 ], [ 90.076477719000081, 23.963049515000023 ], [ 90.075724661000038, 23.964248928000075 ], [ 90.075434784000038, 23.964382299000079 ], [ 90.07526088700007, 23.964836259000037 ], [ 90.074478400000032, 23.965103094000028 ], [ 90.074160480000046, 23.966699711000047 ], [ 90.073558363000075, 23.967648395000026 ], [ 90.073262396000075, 23.967899184000032 ], [ 90.073060577000035, 23.970058003000076 ], [ 90.072944938000035, 23.970351610000023 ], [ 90.072727244000077, 23.970514294000054 ], [ 90.073074803000054, 23.971320265000031 ], [ 90.073831550000079, 23.971624743000064 ], [ 90.074379572000055, 23.971665124000026 ], [ 90.075624107000067, 23.97195128900006 ], [ 90.075774108000076, 23.972120573000041 ], [ 90.075798344000077, 23.972590241000034 ], [ 90.076201059000084, 23.972601333000057 ], [ 90.076967354000033, 23.972411271000055 ], [ 90.077343959000075, 23.971903015000066 ], [ 90.077546971000061, 23.971850976000042 ], [ 90.07890965200005, 23.972435125000061 ], [ 90.078909861000056, 23.972782867000035 ], [ 90.079141878000087, 23.972940815000072 ], [ 90.080243990000042, 23.973367019000023 ], [ 90.081084874000055, 23.973581094000053 ], [ 90.081171891000054, 23.973714274000031 ], [ 90.081504038000048, 23.973851840000066 ], [ 90.082013147000055, 23.971598005000033 ], [ 90.082484287000057, 23.971491625000056 ], [ 90.083324476000087, 23.970639877000053 ], [ 90.08410718600004, 23.970691384000077 ], [ 90.084455317000049, 23.970851516000039 ], [ 90.085064117000059, 23.970824085000061 ], [ 90.086252579000075, 23.97037180500007 ], [ 90.087817419000032, 23.969621234000044 ], [ 90.087759996000045, 23.970104497000023 ], [ 90.087470278000069, 23.970477245000041 ], [ 90.087412943000061, 23.971543091000058 ], [ 90.087616309000055, 23.972021688000041 ], [ 90.087674780000043, 23.972633594000058 ], [ 90.088138707000041, 23.972766554000032 ], [ 90.088225803000057, 23.973008119000042 ], [ 90.088226166000084, 23.973541026000078 ], [ 90.087820236000084, 23.973780614000077 ], [ 90.087763443000085, 23.975191944000073 ], [ 90.087329783000087, 23.977136398000027 ], [ 90.087330158000043, 23.977696399000024 ], [ 90.087359141000036, 23.977856708000047 ], [ 90.087591233000069, 23.978095932000031 ], [ 90.087911234000046, 23.979321883000068 ], [ 90.088027628000077, 23.980173113000035 ], [ 90.088028098000052, 23.980866339000045 ], [ 90.087999459000059, 23.981214102000024 ], [ 90.087825402000078, 23.981399362000047 ], [ 90.086955741000054, 23.981426956000064 ], [ 90.086897735000036, 23.981506018000061 ], [ 90.086898181000038, 23.982172152000032 ], [ 90.087739710000051, 23.983237485000075 ], [ 90.088117282000042, 23.984169854000072 ], [ 90.089016786000059, 23.985074821000069 ], [ 90.089221311000074, 23.985413416000029 ], [ 90.089295093000032, 23.982812070000023 ], [ 90.089769065000041, 23.982757599000024 ], [ 90.08997220100008, 23.982863608000059 ], [ 90.090175650000049, 23.983423494000078 ], [ 90.09011797900007, 23.983983530000046 ], [ 90.090205121000054, 23.984274771000059 ], [ 90.090640237000059, 23.984434836000048 ], [ 90.091365203000066, 23.98438247200005 ], [ 90.091480982000064, 23.984328208000022 ], [ 90.091596220000042, 23.983074910000028 ], [ 90.091683009000064, 23.982862598000054 ], [ 90.091827969000065, 23.982808315000057 ], [ 90.092030855000075, 23.98299561500005 ], [ 90.092378896000071, 23.982968308000068 ], [ 90.092581841000083, 23.982807864000051 ], [ 90.092755224000086, 23.982116787000052 ], [ 90.093857185000047, 23.982168054000056 ], [ 90.093973117000075, 23.982328306000056 ], [ 90.093973272000085, 23.982540563000043 ], [ 90.093683601000066, 23.982994613000074 ], [ 90.09371290200005, 23.983154918000025 ], [ 90.095481544000052, 23.983259959000065 ], [ 90.095568976000038, 23.983926035000025 ], [ 90.095685155000069, 23.984004997000056 ], [ 90.09577229100006, 23.984271394000075 ], [ 90.096033496000075, 23.984379619000038 ], [ 90.098817204000056, 23.984535916000027 ], [ 90.098990921000052, 23.984323545000052 ], [ 90.099221228000033, 23.982191774000057 ], [ 90.098843723000073, 23.981446852000033 ], [ 90.098030851000033, 23.980194141000027 ], [ 90.098030409000046, 23.979609301000039 ], [ 90.098204183000064, 23.979076285000076 ], [ 90.098174555000071, 23.978489204000027 ], [ 90.097942344000046, 23.978116770000042 ], [ 90.097767992000058, 23.977477846000056 ], [ 90.097825380000074, 23.976996840000027 ], [ 90.097983182000064, 23.976874804000033 ], [ 90.098608342000034, 23.976917305000029 ], [ 90.099217515000078, 23.977343688000076 ], [ 90.099536397000065, 23.977370579000024 ], [ 90.09991249400008, 23.976304522000078 ], [ 90.100724013000047, 23.975823020000064 ], [ 90.101941884000041, 23.976061572000049 ], [ 90.103449486000045, 23.975981533000038 ], [ 90.103942713000038, 23.976220555000054 ], [ 90.104261443000041, 23.97606001500003 ], [ 90.106117130000086, 23.97603390300003 ], [ 90.106348923000041, 23.975873421000074 ], [ 90.106493673000045, 23.975579769000035 ], [ 90.106986222000046, 23.975367168000048 ], [ 90.108029944000066, 23.975260306000052 ], [ 90.108378027000072, 23.975311998000052 ], [ 90.108436352000069, 23.975632602000076 ], [ 90.108581410000056, 23.975711532000048 ], [ 90.110842675000072, 23.975443461000054 ], [ 90.112881408000078, 23.975387784000077 ], [ 90.112770958000056, 23.975895931000025 ], [ 90.113525283000058, 23.976107635000062 ], [ 90.113525515000049, 23.976374087000067 ], [ 90.113352039000063, 23.977173575000052 ], [ 90.113178451000067, 23.97749434800005 ], [ 90.113120904000084, 23.978079232000027 ], [ 90.113121417000059, 23.978666333000035 ], [ 90.113238094000053, 23.979305283000031 ], [ 90.113122439000051, 23.979838272000052 ], [ 90.112600981000071, 23.980371562000073 ], [ 90.112601396000059, 23.980850273000044 ], [ 90.112718165000047, 23.981595354000035 ], [ 90.113356656000065, 23.982448434000048 ], [ 90.115097706000086, 23.983991660000072 ], [ 90.115576617000045, 23.984311947000037 ], [ 90.116026057000056, 23.984311609000031 ], [ 90.116431731000034, 23.98415097700007 ], [ 90.116779552000082, 23.983884258000046 ], [ 90.117359055000065, 23.983671559000072 ], [ 90.117997066000044, 23.983616876000042 ], [ 90.11857711600004, 23.983670621000044 ], [ 90.119620980000036, 23.983988199000066 ], [ 90.120375267000043, 23.984096 ], [ 90.121244912000066, 23.98404111900004 ], [ 90.121476903000087, 23.984095130000071 ], [ 90.121767452000086, 23.984679742000026 ], [ 90.122289747000082, 23.985051906000024 ], [ 90.12252194000007, 23.985318173000053 ], [ 90.122522444000083, 23.985851080000032 ], [ 90.123044697000068, 23.986171306000074 ], [ 90.123218777000034, 23.986383425000042 ], [ 90.12327719700005, 23.986755963000064 ], [ 90.123509294000087, 23.986916099000041 ], [ 90.124205127000039, 23.986915535000037 ], [ 90.124553350000042, 23.987075578000031 ], [ 90.125133778000077, 23.987501879000035 ], [ 90.126003910000065, 23.98792568500005 ], [ 90.12675844100005, 23.988566356000035 ], [ 90.127860997000084, 23.989150282000026 ], [ 90.128035093000051, 23.989364652000063 ], [ 90.12799235500006, 23.989949529000057 ], [ 90.128978482000036, 23.990215156000033 ], [ 90.129421587000081, 23.990616718000069 ], [ 90.131006074000084, 23.990161502000035 ], [ 90.131389483000078, 23.989858592000076 ], [ 90.131416594000086, 23.989630506000026 ], [ 90.13141616200005, 23.989203729000053 ], [ 90.131004263000079, 23.988373113000023 ], [ 90.131085960000064, 23.988045620000037 ], [ 90.130480188000035, 23.985049676000074 ], [ 90.130150005000075, 23.983891566000068 ], [ 90.130972131000078, 23.983940542000028 ], [ 90.131845860000055, 23.983677857000032 ], [ 90.132287400000052, 23.983763285000066 ], [ 90.132890363000058, 23.983688247000032 ], [ 90.133136918000048, 23.983561580000071 ], [ 90.13327367100004, 23.983308557000043 ], [ 90.133849034000036, 23.983283219000043 ], [ 90.134123424000052, 23.983635237000044 ], [ 90.135000911000077, 23.984038662000046 ], [ 90.135876106000069, 23.984010795000074 ], [ 90.135987383000042, 23.983784888000059 ], [ 90.136261224000066, 23.983608514000025 ], [ 90.136609290000081, 23.983609668000042 ], [ 90.136902840000062, 23.983440732000076 ], [ 90.136601294000059, 23.981628562000026 ], [ 90.136546576000057, 23.98031648400007 ], [ 90.136695779000036, 23.979983922000031 ], [ 90.137133583000036, 23.979452882000032 ], [ 90.137489740000035, 23.979276436000077 ], [ 90.138448716000084, 23.979201057000068 ], [ 90.138805166000054, 23.979300090000038 ], [ 90.139024665000079, 23.979451183000037 ], [ 90.13927134000005, 23.979450958000029 ], [ 90.13951757500007, 23.979326542000024 ], [ 90.139928497000085, 23.978946810000025 ], [ 90.140695064000056, 23.978494493000028 ], [ 90.141102184000033, 23.978015407000044 ], [ 90.143023019000054, 23.97715781900007 ], [ 90.143899846000068, 23.976980870000034 ], [ 90.144236695000075, 23.977112366000028 ], [ 90.144924336000031, 23.97579582000003 ], [ 90.147022518000085, 23.975995648000037 ], [ 90.14757084300004, 23.975995121000039 ], [ 90.148502334000057, 23.975818092000054 ], [ 90.149927548000051, 23.976243483000076 ], [ 90.152612875000045, 23.976166320000061 ], [ 90.152367783000045, 23.977248180000061 ], [ 90.15245331300008, 23.979969073000063 ], [ 90.152535508000085, 23.980118026000071 ], [ 90.152672549000044, 23.980144985000038 ], [ 90.15467306100004, 23.980192659000068 ], [ 90.154810159000078, 23.980267035000054 ], [ 90.155029886000079, 23.980594235000069 ], [ 90.15514003800007, 23.980998320000026 ], [ 90.155145018000042, 23.985153165000042 ], [ 90.155229246000033, 23.986738247000062 ], [ 90.155449378000071, 23.98764576800005 ], [ 90.155723560000069, 23.987769684000057 ], [ 90.157066787000076, 23.987845087000039 ], [ 90.15725928300003, 23.988499729000068 ], [ 90.157397526000068, 23.989506688000063 ], [ 90.157727324000064, 23.990136351000046 ], [ 90.158194971000057, 23.991696194000042 ], [ 90.158441920000087, 23.991896910000037 ], [ 90.158962569000039, 23.991821854000023 ], [ 90.159401098000046, 23.991920753000045 ] ] ] } },
{ "type": "Feature", "properties": { "matched_key": "U_302614548", "navigation_parent_key": "A_302614", "admin_type": "union", "admin_label": "Union", "map_level": "union", "admin_rank": 3, "displayable": 1, "geometry_status": "EXACT/GEOMETRY", "location_label": "Nannar Union" }, "geometry": { "type": "Polygon", "coordinates": [ [ [ 90.149330916000054, 23.909996407000051 ], [ 90.149546060000034, 23.906721963000052 ], [ 90.149381516000062, 23.906471477000025 ], [ 90.149545133000061, 23.905915825000022 ], [ 90.150092215000086, 23.905362058000037 ], [ 90.149926100000073, 23.903749944000026 ], [ 90.150145020000082, 23.903499080000074 ], [ 90.15113066400005, 23.903346821000071 ], [ 90.152335923000066, 23.903546604000041 ], [ 90.15293906800008, 23.903950202000033 ], [ 90.153103851000083, 23.904401657000051 ], [ 90.153159579000032, 23.905056448000039 ], [ 90.153379612000037, 23.906013664000056 ], [ 90.153470802000072, 23.907056812000064 ], [ 90.153983304000064, 23.906868876000033 ], [ 90.154640757000038, 23.906969830000037 ], [ 90.155243373000076, 23.907170194000059 ], [ 90.155626483000049, 23.906867222000074 ], [ 90.159115220000047, 23.907161721000023 ], [ 90.159076735000042, 23.906321748000039 ], [ 90.160257654000077, 23.906169232000025 ], [ 90.161645407000037, 23.905693579000058 ], [ 90.161944087000052, 23.90540648700005 ], [ 90.16297634700004, 23.906439606000049 ], [ 90.163658099000031, 23.906815980000033 ], [ 90.164085191000083, 23.906835852000029 ], [ 90.164558283000076, 23.906571146000033 ], [ 90.165179339000076, 23.906051120000029 ], [ 90.165281628000059, 23.90585003800004 ], [ 90.164958332000083, 23.90076515800007 ], [ 90.16498436300003, 23.899505114000078 ], [ 90.165336050000064, 23.89625759300003 ], [ 90.165472841000053, 23.896155833000023 ], [ 90.16714341900007, 23.896079508000071 ], [ 90.167137498000045, 23.896011773000055 ], [ 90.17368893400004, 23.896121938000078 ], [ 90.175961862000065, 23.896069675000035 ], [ 90.177057083000079, 23.895966805000057 ], [ 90.177796185000034, 23.895638530000042 ], [ 90.178069749000031, 23.895437242000071 ], [ 90.179218182000056, 23.894076533000032 ], [ 90.179409187000033, 23.893672113000036 ], [ 90.179819350000059, 23.893244852000066 ], [ 90.180229820000079, 23.89304114600003 ], [ 90.180503617000056, 23.893015987000069 ], [ 90.18113373400007, 23.893141698000022 ], [ 90.181873761000077, 23.89349308900006 ], [ 90.182092860000068, 23.893429601000037 ], [ 90.182063876000086, 23.892460913000036 ], [ 90.182253519000085, 23.890873247000059 ], [ 90.182471691000046, 23.890369432000057 ], [ 90.183128765000049, 23.890244458000041 ], [ 90.183127135000063, 23.889086057000043 ], [ 90.183781209000074, 23.886842985000044 ], [ 90.183945281000035, 23.886515365000037 ], [ 90.184164013000043, 23.886415746000068 ], [ 90.184766600000046, 23.886415025000076 ], [ 90.185012955000047, 23.886313115000064 ], [ 90.185121432000074, 23.885531682000078 ], [ 90.185312767000084, 23.885380160000068 ], [ 90.186217246000069, 23.885909720000029 ], [ 90.186383352000064, 23.887219217000052 ], [ 90.186630500000035, 23.887670535000041 ], [ 90.186632126000063, 23.888804097000047 ], [ 90.186386344000084, 23.889307950000045 ], [ 90.186359564000043, 23.889685087000032 ], [ 90.185922113000061, 23.890114654000058 ], [ 90.185841769000035, 23.89038798100006 ], [ 90.188222653000082, 23.89033766700004 ], [ 90.188467954000032, 23.88950638700004 ], [ 90.188630471000067, 23.888322945000027 ], [ 90.188767276000078, 23.888248260000069 ], [ 90.189588976000039, 23.888195316000065 ], [ 90.190026737000039, 23.887993804000075 ], [ 90.189969656000073, 23.886532883000029 ], [ 90.190324606000047, 23.885753401000045 ], [ 90.19018662600007, 23.885021949000077 ], [ 90.189720345000069, 23.884394775000032 ], [ 90.189389456000072, 23.88293419200005 ], [ 90.189224683000077, 23.882557292000058 ], [ 90.188835335000078, 23.878879329000029 ], [ 90.18867184000004, 23.878956305000031 ], [ 90.185576817000083, 23.878531028000054 ], [ 90.183468778000076, 23.878836141000079 ], [ 90.183354518000044, 23.877695937000055 ], [ 90.18443717100007, 23.876635594000049 ], [ 90.185736187000032, 23.875132394000047 ], [ 90.18584551400005, 23.874956131000033 ], [ 90.185872259000064, 23.874554156000045 ], [ 90.18532851100008, 23.874448682000036 ], [ 90.18587117900006, 23.873797693000029 ], [ 90.186254227000063, 23.873571419000029 ], [ 90.186883891000036, 23.873444205000055 ], [ 90.187212662000036, 23.87346864400007 ], [ 90.188035238000055, 23.874298623000072 ], [ 90.188226772000064, 23.874298387000067 ], [ 90.188281606000032, 23.874223804000053 ], [ 90.188140051000062, 23.870999408000046 ], [ 90.187919591000082, 23.870094178000045 ], [ 90.188026803000071, 23.868456924000043 ], [ 90.188135940000052, 23.868154205000053 ], [ 90.188463660000082, 23.867675087000066 ], [ 90.188572724000039, 23.867322690000037 ], [ 90.188462640000068, 23.866970559000038 ], [ 90.18816107400005, 23.866643504000024 ], [ 90.187804748000076, 23.866442967000069 ], [ 90.185998098000084, 23.866596453000056 ], [ 90.185319176000064, 23.865949196000031 ], [ 90.184764324000071, 23.865565985000046 ], [ 90.183367669000063, 23.86524023000004 ], [ 90.182628400000056, 23.86531562600004 ], [ 90.180602088000057, 23.865092206000043 ], [ 90.180410506000044, 23.86526856200004 ], [ 90.180410820000077, 23.865494370000079 ], [ 90.17896, 23.865724133000072 ], [ 90.178248138000072, 23.865648184000065 ], [ 90.177782603000082, 23.865698401000031 ], [ 90.17734486300003, 23.865875036000034 ], [ 90.176742475000083, 23.865952505000052 ], [ 90.176168697000037, 23.866759307000052 ], [ 90.175976902000059, 23.866784365000058 ], [ 90.175785277000045, 23.866707807000068 ], [ 90.175701594000031, 23.865651110000044 ], [ 90.174797707000039, 23.865426329000059 ], [ 90.174442390000081, 23.865729318000035 ], [ 90.173974375000057, 23.865763720000075 ], [ 90.173922422000032, 23.865930878000029 ], [ 90.173238749000063, 23.866509721000057 ], [ 90.172965403000035, 23.867065523000065 ], [ 90.172664573000077, 23.867266832000041 ], [ 90.17252804900005, 23.867542474000061 ], [ 90.172365144000082, 23.868524932000071 ], [ 90.172228552000036, 23.868753151000078 ], [ 90.172036755000079, 23.868778207000048 ], [ 90.171790892000047, 23.869004291000067 ], [ 90.171024443000078, 23.869206114000065 ], [ 90.170942515000036, 23.86945911600003 ], [ 90.17045020900008, 23.869938379000075 ], [ 90.170395837000058, 23.870139410000036 ], [ 90.170478262000074, 23.870265771000049 ], [ 90.170724522000057, 23.870340016000057 ], [ 90.170725116000085, 23.870793895000077 ], [ 90.170040847000053, 23.870945946000063 ], [ 90.169575530000031, 23.870946457000059 ], [ 90.167877477000047, 23.870645731000025 ], [ 90.167713496000033, 23.870822044000079 ], [ 90.167058381000061, 23.872410204000062 ], [ 90.166650127000082, 23.874549067000032 ], [ 90.16648613600006, 23.874725377000061 ], [ 90.166239660000031, 23.874725644000023 ], [ 90.166157865000059, 23.874852188000034 ], [ 90.166486750000047, 23.875204095000072 ], [ 90.166514291000055, 23.875380195000048 ], [ 90.167089867000072, 23.875657319000027 ], [ 90.16714479400008, 23.875883070000043 ], [ 90.166898476000085, 23.876009791000058 ], [ 90.16646010900007, 23.875734777000048 ], [ 90.165337294000039, 23.875735986000052 ], [ 90.165146015000062, 23.87593716400005 ], [ 90.164955341000052, 23.876617058000079 ], [ 90.164463554000065, 23.877547922000076 ], [ 90.164299558000039, 23.877724228000034 ], [ 90.163587304000032, 23.877625632000047 ], [ 90.16345018100003, 23.877449644000023 ], [ 90.163395132000062, 23.877122277000069 ], [ 90.163203130000056, 23.876996027000075 ], [ 90.161724456000059, 23.876923071000078 ], [ 90.160957194000048, 23.876519676000044 ], [ 90.16049167500006, 23.876368869000032 ], [ 90.159505785000079, 23.876394732000051 ], [ 90.15939654400006, 23.876672590000055 ], [ 90.158821748000037, 23.876774800000078 ], [ 90.158436282000082, 23.877080043000035 ], [ 90.158192102000044, 23.876951581000071 ], [ 90.157671699000048, 23.876850500000046 ], [ 90.157916043000057, 23.87508893100005 ], [ 90.158846826000058, 23.874936679000029 ], [ 90.158928931000048, 23.874810141000069 ], [ 90.158901400000047, 23.874634038000067 ], [ 90.158408263000069, 23.874483251000072 ], [ 90.156820071000084, 23.87443520000005 ], [ 90.155642174000036, 23.874057034000032 ], [ 90.155450127000051, 23.873881098000027 ], [ 90.154956523000067, 23.873075449000055 ], [ 90.153385051000043, 23.872354432000066 ], [ 90.151260831000059, 23.874036563000061 ], [ 90.149729182000044, 23.875372599000059 ], [ 90.14918199400006, 23.875725395000075 ], [ 90.148798731000056, 23.875827379000043 ], [ 90.148470594000059, 23.876356094000073 ], [ 90.148197022000033, 23.876557329000036 ], [ 90.147978111000043, 23.87650786100005 ], [ 90.147813672000041, 23.876582534000079 ], [ 90.147622678000062, 23.877061436000076 ], [ 90.147677773000055, 23.877465585000039 ], [ 90.147596101000033, 23.877716314000054 ], [ 90.147295132000067, 23.878120800000033 ], [ 90.147213459000056, 23.878371529000049 ], [ 90.147460229000046, 23.878624199000058 ], [ 90.147460422000051, 23.878795817000025 ], [ 90.146695927000053, 23.880815289000054 ], [ 90.145629449000069, 23.882101163000073 ], [ 90.143494738000072, 23.883410609000066 ], [ 90.14292714000004, 23.883675337000057 ], [ 90.14250912600005, 23.883463462000066 ], [ 90.142344954000066, 23.883513290000053 ], [ 90.141907266000032, 23.884118864000072 ], [ 90.141578811000045, 23.88411916900003 ], [ 90.141031506000047, 23.884419999000045 ], [ 90.140593266000053, 23.884522014000027 ], [ 90.140046012000084, 23.884874776000061 ], [ 90.139334420000068, 23.885128331000033 ], [ 90.138841425000066, 23.885128775000055 ], [ 90.13796465300004, 23.884777300000053 ], [ 90.137471862000041, 23.884676126000045 ], [ 90.137142779000044, 23.884373835000076 ], [ 90.136485557000071, 23.88437441800005 ], [ 90.136211954000032, 23.884575631000075 ], [ 90.135829498000078, 23.885483726000075 ], [ 90.136377292000077, 23.885634537000044 ], [ 90.136377609000078, 23.88593712200003 ], [ 90.136049464000052, 23.886237738000034 ], [ 90.135720853000066, 23.886389320000035 ], [ 90.13572111600007, 23.886642228000028 ], [ 90.135885758000086, 23.886741439000048 ], [ 90.136488040000074, 23.886740906000057 ], [ 90.137090473000058, 23.886589079000032 ], [ 90.137857291000046, 23.886588395000047 ], [ 90.138897841000073, 23.88679068600004 ], [ 90.139172133000045, 23.886941731000036 ], [ 90.139227204000065, 23.887343625000028 ], [ 90.139063347000047, 23.887696035000033 ], [ 90.138844437000046, 23.887949140000046 ], [ 90.137804372000062, 23.888503310000033 ], [ 90.137695473000065, 23.88915825600003 ], [ 90.137531612000032, 23.889510667000025 ], [ 90.137312587000054, 23.889662155000053 ], [ 90.13692922000007, 23.889712175000057 ], [ 90.134628855000074, 23.889562913000077 ], [ 90.134026359000075, 23.889665054000034 ], [ 90.133260136000047, 23.889968303000046 ], [ 90.132931411000072, 23.890018268000063 ], [ 90.132658045000085, 23.890472380000062 ], [ 90.12981016100008, 23.890777395000043 ], [ 90.129098165000073, 23.890676380000059 ], [ 90.127783910000062, 23.890928126000063 ], [ 90.125428972000066, 23.891182971000035 ], [ 90.125430623000057, 23.892894608000063 ], [ 90.125266483000075, 23.892996358000062 ], [ 90.12526706400007, 23.893599271000028 ], [ 90.124993372000063, 23.893750785000066 ], [ 90.124171705000037, 23.893902743000069 ], [ 90.124117156000068, 23.894004402000064 ], [ 90.124337936000074, 23.895666185000039 ], [ 90.124557257000049, 23.89611988300004 ], [ 90.12762540500006, 23.896769960000029 ], [ 90.130802422000045, 23.896970520000025 ], [ 90.13162430400007, 23.897322083000063 ], [ 90.132307317000084, 23.897446083000034 ], [ 90.132267557000034, 23.897977216000072 ], [ 90.132409995000046, 23.898994211000058 ], [ 90.132705101000056, 23.899928224000064 ], [ 90.132668113000079, 23.900342522000074 ], [ 90.134037361000082, 23.900341335000064 ], [ 90.134311522000075, 23.900643679000041 ], [ 90.13436772700004, 23.901851713000042 ], [ 90.134477640000057, 23.902154203000066 ], [ 90.13469679800005, 23.902404659000069 ], [ 90.136559859000045, 23.902807216000042 ], [ 90.137875017000056, 23.903309598000078 ], [ 90.139463770000077, 23.903558814000064 ], [ 90.139902041000084, 23.903709707000075 ], [ 90.139902693000067, 23.904314877000047 ], [ 90.139683810000065, 23.904617660000042 ], [ 90.139192989000037, 23.906429097000057 ], [ 90.139193851000073, 23.907235237000066 ], [ 90.139358648000041, 23.907738644000062 ], [ 90.139961517000074, 23.908191973000044 ], [ 90.140844645000072, 23.908590848000074 ], [ 90.142208146000087, 23.908869596000045 ], [ 90.142701698000053, 23.909298177000039 ], [ 90.143935027000055, 23.909850261000031 ], [ 90.145414263000077, 23.910099518000038 ], [ 90.145524747000081, 23.91088071300004 ], [ 90.145661877000066, 23.911056716000076 ], [ 90.146401408000031, 23.911232143000063 ], [ 90.146401920000073, 23.911686019000058 ], [ 90.146457023000039, 23.911812423000072 ], [ 90.146676079000031, 23.911938666000026 ], [ 90.147990879000076, 23.912011922000033 ], [ 90.148264898000036, 23.912138112000036 ], [ 90.149444003000042, 23.912220520000062 ], [ 90.149495871000056, 23.910601417000066 ], [ 90.149330916000054, 23.909996407000051 ] ] ] } },
{ "type": "Feature", "properties": { "matched_key": "U_302614681", "navigation_parent_key": "A_302614", "admin_type": "union", "admin_label": "Union", "map_level": "union", "admin_rank": 3, "displayable": 1, "geometry_status": "EXACT/GEOMETRY", "location_label": "Roail Union" }, "geometry": { "type": "Polygon", "coordinates": [ [ [ 90.176742475000083, 23.865952505000052 ], [ 90.17734486300003, 23.865875036000034 ], [ 90.177782603000082, 23.865698401000031 ], [ 90.178248138000072, 23.865648184000065 ], [ 90.17896, 23.865724133000072 ], [ 90.180410820000077, 23.865494370000079 ], [ 90.180410506000044, 23.86526856200004 ], [ 90.180602088000057, 23.865092206000043 ], [ 90.182628400000056, 23.86531562600004 ], [ 90.183367669000063, 23.86524023000004 ], [ 90.184216526000057, 23.865390512000033 ], [ 90.184764324000071, 23.865565985000046 ], [ 90.185319176000064, 23.865949196000031 ], [ 90.185372631000064, 23.864905888000067 ], [ 90.186032510000075, 23.864690572000029 ], [ 90.186169454000037, 23.864299754000058 ], [ 90.185767535000082, 23.862035362000029 ], [ 90.185435674000075, 23.860897678000072 ], [ 90.185152369000036, 23.859369280000067 ], [ 90.19013072000007, 23.859564186000057 ], [ 90.191671395000071, 23.859765507000077 ], [ 90.192716802000064, 23.859813880000047 ], [ 90.195895541000084, 23.859859549000078 ], [ 90.195897289000072, 23.85979857600006 ], [ 90.197093448000032, 23.859681890000047 ], [ 90.197587938000083, 23.859315441000035 ], [ 90.198369780000064, 23.858201191000035 ], [ 90.199191162000034, 23.855860734000032 ], [ 90.19957398400004, 23.854532471000027 ], [ 90.200343675000056, 23.854328244000044 ], [ 90.201525228000037, 23.853732821000051 ], [ 90.201744218000044, 23.853050587000041 ], [ 90.203172318000043, 23.851949012000034 ], [ 90.204327143000057, 23.850768754000057 ], [ 90.209406385000079, 23.851870663000057 ], [ 90.210671142000081, 23.851717646000054 ], [ 90.211110632000043, 23.851540912000075 ], [ 90.211228046000031, 23.851463975000058 ], [ 90.211326253000038, 23.85108673700006 ], [ 90.211403878000056, 23.848049477000075 ], [ 90.211815442000045, 23.847315028000025 ], [ 90.21423302200003, 23.845618108000053 ], [ 90.216596245000062, 23.844122193000032 ], [ 90.217502496000066, 23.843235740000068 ], [ 90.219617220000032, 23.841460124000037 ], [ 90.221621779000031, 23.839357217000043 ], [ 90.22184102600005, 23.838903020000032 ], [ 90.221729829000083, 23.838295751000032 ], [ 90.221401509000032, 23.83794395700005 ], [ 90.221063472000083, 23.838197349000041 ], [ 90.219779341000049, 23.838422739000066 ], [ 90.216904664000083, 23.838596171000063 ], [ 90.21451886300008, 23.838430150000079 ], [ 90.213172538000038, 23.838161047000028 ], [ 90.207539537000059, 23.83450156400005 ], [ 90.206682405000038, 23.834053352000069 ], [ 90.206132360000083, 23.834334093000052 ], [ 90.203934939000078, 23.836841262000064 ], [ 90.203553786000043, 23.837011123000025 ], [ 90.203224887000033, 23.837045428000067 ], [ 90.203237346000037, 23.836769923000077 ], [ 90.201353077000078, 23.835663663000048 ], [ 90.200121620000061, 23.835026224000046 ], [ 90.198801119000052, 23.834546954000075 ], [ 90.198161826000046, 23.834466485000064 ], [ 90.194120176000069, 23.834383564000063 ], [ 90.190277391000052, 23.833893825000075 ], [ 90.185697385000083, 23.832187763000036 ], [ 90.18297461800006, 23.831439068000066 ], [ 90.181819245000042, 23.83092106600003 ], [ 90.179427030000056, 23.830646123000065 ], [ 90.178107237000063, 23.830595715000072 ], [ 90.17781758700005, 23.829927650000059 ], [ 90.177377078000063, 23.829332015000034 ], [ 90.176675061000083, 23.828675710000027 ], [ 90.175712021000038, 23.828082924000057 ], [ 90.174157894000075, 23.827389191000066 ], [ 90.172295914000074, 23.826840301000061 ], [ 90.17210822900006, 23.827476212000079 ], [ 90.171579441000063, 23.827717402000076 ], [ 90.171281859000032, 23.827988709000067 ], [ 90.166984350000064, 23.828277949000039 ], [ 90.163966441000071, 23.82864700600004 ], [ 90.163736890000052, 23.828620153000031 ], [ 90.159419806000074, 23.829243405000057 ], [ 90.156708827000045, 23.829467482000041 ], [ 90.155787967000037, 23.829443579000042 ], [ 90.155664848000072, 23.829316860000063 ], [ 90.155664125000044, 23.828711905000034 ], [ 90.155908271000044, 23.828372939000076 ], [ 90.155724245000044, 23.827923762000069 ], [ 90.154684046000057, 23.827642543000024 ], [ 90.15156464100005, 23.827534994000075 ], [ 90.151259356000082, 23.827815300000054 ], [ 90.151443627000049, 23.828490295000051 ], [ 90.151566993000074, 23.829560522000065 ], [ 90.151448658000049, 23.832823616000042 ], [ 90.150961907000067, 23.83512963000004 ], [ 90.150719299000059, 23.836818936000043 ], [ 90.150148358000081, 23.838588112000025 ], [ 90.150677322000035, 23.839295621000076 ], [ 90.150716733000081, 23.839675571000043 ], [ 90.151052523000033, 23.840220130000034 ], [ 90.151068485000053, 23.84054274600004 ], [ 90.150959586000056, 23.840736431000039 ], [ 90.150383269000031, 23.841145660000052 ], [ 90.149985767000032, 23.842290791000039 ], [ 90.149806797000053, 23.842556239000032 ], [ 90.148864570000057, 23.843534613000031 ], [ 90.146602188000031, 23.846561719000078 ], [ 90.146314045000054, 23.846488926000063 ], [ 90.145963386000062, 23.846584850000056 ], [ 90.145560561000082, 23.846501588000024 ], [ 90.144924768000067, 23.847207194000077 ], [ 90.144392451000044, 23.847506428000031 ], [ 90.144133415000056, 23.848223628000028 ], [ 90.140811203000055, 23.851572502000067 ], [ 90.140756534000047, 23.85267985400003 ], [ 90.140580915000044, 23.853674195000053 ], [ 90.139968542000076, 23.854468184000041 ], [ 90.139272420000054, 23.854707802000064 ], [ 90.13845255800004, 23.854590501000075 ], [ 90.136794376000068, 23.856917837000026 ], [ 90.135411894000072, 23.858511027000077 ], [ 90.136157852000053, 23.858968765000043 ], [ 90.138129819000085, 23.859621860000061 ], [ 90.138978587000054, 23.859772391000035 ], [ 90.139882128000067, 23.859771573000046 ], [ 90.140347550000058, 23.859619856000052 ], [ 90.140375758000062, 23.860450813000057 ], [ 90.14032106500008, 23.860676675000036 ], [ 90.140102454000044, 23.860877846000051 ], [ 90.140130067000086, 23.861155569000061 ], [ 90.140678008000066, 23.861532174000047 ], [ 90.140904829000078, 23.861825518000046 ], [ 90.143333502000075, 23.859361940000042 ], [ 90.14495469600007, 23.858071043000052 ], [ 90.145641686000033, 23.857641353000076 ], [ 90.146411062000084, 23.857335778000049 ], [ 90.149160118000054, 23.85662635400007 ], [ 90.150700010000037, 23.856498401000067 ], [ 90.151772059000052, 23.85626927800007 ], [ 90.152459075000081, 23.855889239000078 ], [ 90.152871461000075, 23.855812054000069 ], [ 90.154438893000076, 23.855887264000046 ], [ 90.155016082000031, 23.855809912000041 ], [ 90.155565838000086, 23.855633223000041 ], [ 90.156583062000038, 23.855505739000023 ], [ 90.159699471000067, 23.855622218000065 ], [ 90.159918476000087, 23.855773285000055 ], [ 90.16000125100004, 23.856199983000067 ], [ 90.159947023000086, 23.856527465000056 ], [ 90.159673885000075, 23.857031307000057 ], [ 90.159098963000076, 23.857208034000053 ], [ 90.156964706000053, 23.85819249900004 ], [ 90.156554461000042, 23.858520343000066 ], [ 90.156281665000051, 23.859326764000059 ], [ 90.156035579000047, 23.859629599000073 ], [ 90.155543074000036, 23.859957525000027 ], [ 90.155461281000044, 23.860084061000066 ], [ 90.155488805000061, 23.860260165000057 ], [ 90.155653120000068, 23.86035935600006 ], [ 90.157049507000067, 23.860308260000068 ], [ 90.157514389000085, 23.859980361000055 ], [ 90.15795231900006, 23.859955070000069 ], [ 90.158144323000045, 23.860106168000073 ], [ 90.158199322000087, 23.860408697000025 ], [ 90.158583298000053, 23.860936701000071 ], [ 90.159322802000077, 23.86106013400007 ], [ 90.16036308300005, 23.860934856000029 ], [ 90.160855768000033, 23.860758212000064 ], [ 90.162196338000058, 23.860000340000056 ], [ 90.162278536000031, 23.860201224000036 ], [ 90.163209428000073, 23.860225080000077 ], [ 90.163675170000033, 23.860351040000069 ], [ 90.163839621000079, 23.86055183700006 ], [ 90.163839877000044, 23.86075506800006 ], [ 90.163593678000041, 23.860956299000065 ], [ 90.163593868000078, 23.861107592000053 ], [ 90.163703627000075, 23.861258767000038 ], [ 90.163977519000071, 23.861357834000046 ], [ 90.165236933000074, 23.861232291000078 ], [ 90.165620493000063, 23.861408012000027 ], [ 90.166140612000049, 23.861330676000023 ], [ 90.166250662000039, 23.861707661000025 ], [ 90.166524786000082, 23.86198511200007 ], [ 90.166689630000064, 23.862488492000068 ], [ 90.167374831000075, 23.863092919000053 ], [ 90.167621316000066, 23.863117491000025 ], [ 90.167676240000048, 23.863343241000052 ], [ 90.167813224000042, 23.86341986900004 ], [ 90.172029401000032, 23.863211987000057 ], [ 90.172357914000031, 23.863062585000023 ], [ 90.173398631000055, 23.863262387000077 ], [ 90.173426214000074, 23.863463327000034 ], [ 90.173672937000049, 23.863664022000023 ], [ 90.173919969000053, 23.864092783000046 ], [ 90.174248372000079, 23.864092411000058 ], [ 90.174303546000033, 23.864268481000067 ], [ 90.174304251000081, 23.864796875000025 ], [ 90.174030647000052, 23.864923640000029 ], [ 90.173922187000073, 23.865754745000061 ], [ 90.174442390000081, 23.865729318000035 ], [ 90.174797707000039, 23.865426329000059 ], [ 90.175701594000031, 23.865651110000044 ], [ 90.175785277000045, 23.866707807000068 ], [ 90.175976902000059, 23.866784365000058 ], [ 90.176168697000037, 23.866759307000052 ], [ 90.176742475000083, 23.865952505000052 ] ] ] } },
{ "type": "Feature", "properties": { "matched_key": "U_302614715", "navigation_parent_key": "A_302614", "admin_type": "union", "admin_label": "Union", "map_level": "union", "admin_rank": 3, "displayable": 1, "geometry_status": "EXACT/GEOMETRY", "location_label": "Sanora Union" }, "geometry": { "type": "Polygon", "coordinates": [ [ [ 90.155722964000063, 23.965037659000075 ], [ 90.155860324000059, 23.964579129000072 ], [ 90.156106154000042, 23.964152105000039 ], [ 90.156873368000049, 23.964099387000033 ], [ 90.157914935000065, 23.96435122400004 ], [ 90.158463209000047, 23.964601305000031 ], [ 90.159504510000033, 23.964627322000069 ], [ 90.160079935000056, 23.964475431000039 ], [ 90.160271415000068, 23.964323941000032 ], [ 90.160326052000073, 23.96404614000005 ], [ 90.160243082000079, 23.96351783800003 ], [ 90.159913623000079, 23.963116245000037 ], [ 90.159995133000052, 23.962461316000031 ], [ 90.160186422000038, 23.962158534000025 ], [ 90.160130691000063, 23.961302782000075 ], [ 90.159938750000038, 23.961074917000076 ], [ 90.159746718000065, 23.961025437000046 ], [ 90.158513976000052, 23.961153169000056 ], [ 90.15840410800007, 23.96097714900003 ], [ 90.158427996000057, 23.958156788000053 ], [ 90.158236096000053, 23.957956017000072 ], [ 90.15757850600005, 23.957956692000039 ], [ 90.157441273000074, 23.957753608000075 ], [ 90.157440234000035, 23.956897796000078 ], [ 90.157548874000042, 23.956066712000052 ], [ 90.157850115000031, 23.956016724000051 ], [ 90.158343008000031, 23.955713635000052 ], [ 90.158614787000033, 23.953924954000058 ], [ 90.158257531000061, 23.953121445000079 ], [ 90.158038023000074, 23.952943283000025 ], [ 90.157215930000064, 23.952767996000034 ], [ 90.156912779000038, 23.951232813000047 ], [ 90.157022270000084, 23.951106247000041 ], [ 90.157241190000036, 23.951056348000066 ], [ 90.158309587000076, 23.950980734000041 ], [ 90.158390670000074, 23.949973545000034 ], [ 90.158719105000046, 23.94982191400004 ], [ 90.15885574400005, 23.949544030000027 ], [ 90.159101373000055, 23.948737642000026 ], [ 90.159100910000063, 23.948360542000046 ], [ 90.159018693000064, 23.948184496000067 ], [ 90.158580004000044, 23.948083336000025 ], [ 90.15849769600004, 23.947832774000062 ], [ 90.158469072000059, 23.946776019000026 ], [ 90.158358692000036, 23.946170969000036 ], [ 90.157125323000059, 23.945919330000038 ], [ 90.156276154000068, 23.945920195000042 ], [ 90.156084391000036, 23.94607168400006 ], [ 90.15583805600005, 23.94604709500004 ], [ 90.155371592000051, 23.945568854000044 ], [ 90.155152193000049, 23.945469720000062 ], [ 90.15479625100005, 23.945470079000074 ], [ 90.154686490000074, 23.945368576000078 ], [ 90.154795586000034, 23.944914590000053 ], [ 90.155288382000037, 23.944814736000069 ], [ 90.155370295000068, 23.944487232000029 ], [ 90.155753784000069, 23.94441007000006 ], [ 90.155890543000055, 23.944233800000063 ], [ 90.155999607000069, 23.943754975000047 ], [ 90.155971186000045, 23.942849513000056 ], [ 90.156052184000032, 23.942018459000053 ], [ 90.156489060000069, 23.94063380800003 ], [ 90.157146412000031, 23.94050893900004 ], [ 90.157173070000056, 23.939953425000056 ], [ 90.157748114000071, 23.939826382000035 ], [ 90.157747836000055, 23.939598317000048 ], [ 90.157309427000087, 23.93944973300006 ], [ 90.157282001000056, 23.93937298700007 ], [ 90.157473114000084, 23.938946011000041 ], [ 90.157335566000086, 23.938467441000057 ], [ 90.15744403900004, 23.937509901000055 ], [ 90.157416098000056, 23.937006377000046 ], [ 90.156975437000085, 23.935243264000064 ], [ 90.156783388000065, 23.934891196000024 ], [ 90.156837866000046, 23.934739848000049 ], [ 90.157084368000085, 23.934665084000073 ], [ 90.157248019000065, 23.934136521000028 ], [ 90.157165448000057, 23.933657892000042 ], [ 90.156753717000072, 23.932953791000045 ], [ 90.156696013000044, 23.930686728000069 ], [ 90.156776611000055, 23.92927760300006 ], [ 90.156664087000081, 23.928659002000074 ], [ 90.15479352300008, 23.928247667000051 ], [ 90.15340380300006, 23.928063896000026 ], [ 90.152419619000057, 23.928046811000058 ], [ 90.151520032000064, 23.927898667000022 ], [ 90.150747953000064, 23.927544906000037 ], [ 90.150611056000059, 23.927594718000023 ], [ 90.150474338000038, 23.927798082000038 ], [ 90.149218261000044, 23.927661563000072 ], [ 90.149247132000085, 23.928758364000032 ], [ 90.149148578000052, 23.929876901000057 ], [ 90.148950115000048, 23.930932445000053 ], [ 90.145830447000037, 23.931182067000066 ], [ 90.144070666000061, 23.931069016000038 ], [ 90.142230211000083, 23.931357510000055 ], [ 90.140229783000052, 23.931520696000064 ], [ 90.139878381000074, 23.932491365000033 ], [ 90.139057427000068, 23.933524054000031 ], [ 90.138920897000048, 23.933926119000034 ], [ 90.138839607000079, 23.934581038000033 ], [ 90.138072907000037, 23.934961086000044 ], [ 90.137939505000077, 23.93830994800004 ], [ 90.137721734000081, 23.939719190000062 ], [ 90.137887958000078, 23.941532282000026 ], [ 90.137806176000083, 23.94173332500003 ], [ 90.137559705000058, 23.941859998000041 ], [ 90.136025413000084, 23.941861366000069 ], [ 90.135653304000073, 23.941958793000026 ], [ 90.135450205000041, 23.94186187300005 ], [ 90.135065950000069, 23.941207366000071 ], [ 90.134873227000071, 23.940451077000034 ], [ 90.134406931000058, 23.93974696500004 ], [ 90.133940490000043, 23.939194140000041 ], [ 90.13355695100006, 23.939219312000034 ], [ 90.133419855000056, 23.939092980000055 ], [ 90.133337549000032, 23.938790467000047 ], [ 90.133118130000071, 23.938641625000059 ], [ 90.132460711000078, 23.938716709000062 ], [ 90.131913080000061, 23.938942989000054 ], [ 90.129337737000071, 23.938920340000038 ], [ 90.129146035000076, 23.938845984000068 ], [ 90.129199644000039, 23.937786896000034 ], [ 90.129117351000048, 23.937486641000078 ], [ 90.128980160000083, 23.937258688000043 ], [ 90.128760795000062, 23.937159517000055 ], [ 90.128568872000073, 23.936857094000061 ], [ 90.128294487000062, 23.936706032000075 ], [ 90.125500183000042, 23.936631564000038 ], [ 90.125363124000046, 23.936532319000037 ], [ 90.125280911000061, 23.936306579000075 ], [ 90.124102668000035, 23.936054629000068 ], [ 90.124429517000067, 23.934241121000071 ], [ 90.124812101000032, 23.933233704000031 ], [ 90.124702279000076, 23.93303282100004 ], [ 90.12431868300007, 23.932983456000045 ], [ 90.124427780000076, 23.932427879000045 ], [ 90.124044088000062, 23.93227689500003 ], [ 90.12426180500006, 23.930666702000053 ], [ 90.123549144000037, 23.93041437100004 ], [ 90.123275041000056, 23.930213621000064 ], [ 90.123110419000056, 23.929861492000043 ], [ 90.122836366000058, 23.929710420000049 ], [ 90.12239812200005, 23.929661091000071 ], [ 90.122233693000055, 23.929509930000052 ], [ 90.122232746000066, 23.928502821000052 ], [ 90.122068012000057, 23.928351662000068 ], [ 90.120862754000086, 23.928352616000041 ], [ 90.120588423000072, 23.927898953000067 ], [ 90.120478472000059, 23.927546777000032 ], [ 90.119601769000042, 23.927195200000028 ], [ 90.119437039000047, 23.927044036000041 ], [ 90.119436762000078, 23.926741453000034 ], [ 90.119108107000045, 23.926642350000066 ], [ 90.118778913000085, 23.926288087000046 ], [ 90.117902405000052, 23.926139728000066 ], [ 90.116431836000061, 23.926113752000049 ], [ 90.116258450000032, 23.925888072000077 ], [ 90.112697550000064, 23.926066856000034 ], [ 90.112474559000077, 23.925994762000073 ], [ 90.112450607000085, 23.925640258000044 ], [ 90.112176420000083, 23.925313035000045 ], [ 90.112176029000068, 23.92485916000004 ], [ 90.112066320000054, 23.92475762600003 ], [ 90.110826532000033, 23.924562070000036 ], [ 90.110642297000084, 23.925287050000065 ], [ 90.110642623000047, 23.92566640900003 ], [ 90.110095626000032, 23.926621976000035 ], [ 90.109438384000043, 23.926850512000044 ], [ 90.108809492000034, 23.927932583000029 ], [ 90.10878223800006, 23.928386480000029 ], [ 90.108700353000074, 23.928512992000037 ], [ 90.108532725000032, 23.928551496000068 ], [ 90.108618500000034, 23.929041442000027 ], [ 90.108919868000044, 23.929192520000072 ], [ 90.109002395000061, 23.929467948000024 ], [ 90.108948411000085, 23.93027412400005 ], [ 90.108566242000052, 23.931911510000077 ], [ 90.108237818000077, 23.932464973000037 ], [ 90.10689616500008, 23.933197532000065 ], [ 90.106650010000067, 23.933726098000022 ], [ 90.10587023100004, 23.93474503300007 ], [ 90.105198786000074, 23.934180973000025 ], [ 90.104792737000082, 23.933700277000071 ], [ 90.104096890000051, 23.933328166000024 ], [ 90.10171947300006, 23.932584588000054 ], [ 90.09998042400008, 23.932531536000056 ], [ 90.099806390000083, 23.932637779000061 ], [ 90.099575197000036, 23.933491488000072 ], [ 90.09893805300004, 23.933970615000078 ], [ 90.095228579000036, 23.93456006200006 ], [ 90.094764767000072, 23.934826802000032 ], [ 90.094367180000063, 23.935380280000061 ], [ 90.094432563000055, 23.93618637700007 ], [ 90.094838424000045, 23.936452581000026 ], [ 90.094925622000062, 23.936852207000072 ], [ 90.094694195000045, 23.937437196000076 ], [ 90.094636466000054, 23.937864010000055 ], [ 90.094462804000045, 23.938076377000073 ], [ 90.094057325000051, 23.938343084000053 ], [ 90.093999630000042, 23.938824088000047 ], [ 90.094260470000052, 23.938981995000063 ], [ 90.094550625000068, 23.939329562000069 ], [ 90.094841244000065, 23.940313909000054 ], [ 90.094986860000063, 23.941219314000023 ], [ 90.094928935000041, 23.941379673000029 ], [ 90.093769928000086, 23.941807164000068 ], [ 90.093596028000036, 23.941701139000031 ], [ 90.093305644000054, 23.941035180000029 ], [ 90.092986470000085, 23.940902145000052 ], [ 90.09275466400004, 23.940981319000059 ], [ 90.093074699000056, 23.942313397000078 ], [ 90.09379995200004, 23.94340586900006 ], [ 90.094060975000048, 23.943378611000071 ], [ 90.094205986000077, 23.943457556000055 ], [ 90.094351951000078, 23.944843933000072 ], [ 90.094236055000067, 23.945110457000055 ], [ 90.09403314900004, 23.945243810000022 ], [ 90.09409314800007, 23.94793541100006 ], [ 90.094151366000062, 23.948174734000077 ], [ 90.094557420000058, 23.948653196000066 ], [ 90.094605978000061, 23.949118334000048 ], [ 90.09564888500006, 23.949011558000052 ], [ 90.096227751000072, 23.948105704000056 ], [ 90.098488479000082, 23.947729428000059 ], [ 90.100796167000055, 23.947727930000042 ], [ 90.101326837000045, 23.949260820000063 ], [ 90.101501587000087, 23.95043491000007 ], [ 90.10219810600006, 23.951552198000059 ], [ 90.102604255000074, 23.95171225100006 ], [ 90.103125801000033, 23.951766096000028 ], [ 90.104575401000034, 23.951710923000064 ], [ 90.105097340000043, 23.951870890000066 ], [ 90.105909121000082, 23.952294853000069 ], [ 90.106315453000036, 23.952669415000059 ], [ 90.107244176000052, 23.954107166000028 ], [ 90.107708167000055, 23.954373296000028 ], [ 90.108578015000035, 23.954424620000054 ], [ 90.109157795000044, 23.954318078000028 ], [ 90.109737130000042, 23.954051211000035 ], [ 90.110143208000068, 23.954105115000061 ], [ 90.110433412000077, 23.954423296000073 ], [ 90.110839776000034, 23.955170427000041 ], [ 90.111941839000053, 23.955594149000035 ], [ 90.111994156000037, 23.955713789000072 ], [ 90.11258169000007, 23.955338515000051 ], [ 90.11339328400004, 23.955498243000022 ], [ 90.114610680000055, 23.955391209000027 ], [ 90.115016313000069, 23.955284777000031 ], [ 90.115247067000041, 23.954006528000036 ], [ 90.115088760000049, 23.952818897000043 ], [ 90.116446903000053, 23.952831422000031 ], [ 90.116913115000045, 23.953158489000032 ], [ 90.12047577800007, 23.954086066000059 ], [ 90.124175234000063, 23.954762802000062 ], [ 90.126696259000084, 23.955137842000056 ], [ 90.126915654000072, 23.955239275000054 ], [ 90.12702544800004, 23.955390476000048 ], [ 90.127080442000079, 23.955717850000042 ], [ 90.126561388000084, 23.95730345100003 ], [ 90.126561589000062, 23.957506677000026 ], [ 90.126863164000042, 23.957781916000044 ], [ 90.126864668000053, 23.959319667000045 ], [ 90.127550083000074, 23.959495230000073 ], [ 90.127769325000031, 23.959745696000027 ], [ 90.127879300000075, 23.960073027000078 ], [ 90.127847682000038, 23.960714347000078 ], [ 90.129298577000043, 23.960636357000055 ], [ 90.129477263000069, 23.960561689000031 ], [ 90.129986249000069, 23.95998996700007 ], [ 90.130619215000081, 23.959926202000077 ], [ 90.13105945600006, 23.959718083000041 ], [ 90.130920979000052, 23.96037304500004 ], [ 90.130729747000032, 23.960799983000072 ], [ 90.130428739000081, 23.961102823000033 ], [ 90.130319391000057, 23.961405497000044 ], [ 90.130265930000064, 23.962916198000073 ], [ 90.130375616000038, 23.96349353200003 ], [ 90.130364680000071, 23.963885709000067 ], [ 90.132256019000067, 23.96405042300006 ], [ 90.132742830000041, 23.964027061000024 ], [ 90.133354256000075, 23.96379137200006 ], [ 90.134459547000063, 23.963822618000052 ], [ 90.134630303000051, 23.965003413000034 ], [ 90.13824296100006, 23.964864718000058 ], [ 90.138621750000084, 23.961475002000043 ], [ 90.138654698000039, 23.960404643000061 ], [ 90.138894080000057, 23.959937004000039 ], [ 90.139988321000033, 23.958400515000051 ], [ 90.140535720000059, 23.957896463000054 ], [ 90.140809611000066, 23.957821695000064 ], [ 90.143631851000066, 23.957742308000036 ], [ 90.14420715600005, 23.957766607000053 ], [ 90.144344282000077, 23.95789293100006 ], [ 90.144399569000086, 23.958170622000068 ], [ 90.144618925000032, 23.958497838000028 ], [ 90.145002942000076, 23.958849735000058 ], [ 90.145393163000051, 23.958980333000056 ], [ 90.146153698000035, 23.95874703000004 ], [ 90.147797188000084, 23.958442873000024 ], [ 90.149358779000067, 23.95824039300004 ], [ 90.150071352000055, 23.958239700000036 ], [ 90.150235966000082, 23.958492442000079 ], [ 90.150622598000041, 23.961084338000035 ], [ 90.150543368000058, 23.961624096000037 ], [ 90.150733453000043, 23.962116171000048 ], [ 90.151172344000031, 23.962619292000056 ], [ 90.151282351000077, 23.962921766000022 ], [ 90.151337965000039, 23.96372784600004 ], [ 90.153091882000069, 23.963775785000053 ], [ 90.153256361000047, 23.963902071000064 ], [ 90.153366461000076, 23.964279059000035 ], [ 90.153859448000048, 23.964278567000065 ], [ 90.15402423900008, 23.964404854000065 ], [ 90.154380322000065, 23.964481270000078 ], [ 90.154545048000045, 23.964555621000045 ], [ 90.15465475700006, 23.964858092000043 ], [ 90.155257708000079, 23.964857484000049 ], [ 90.155722964000063, 23.965037659000075 ] ] ] } },
{ "type": "Feature", "properties": { "matched_key": "U_302614724", "navigation_parent_key": "A_302614", "admin_type": "union", "admin_label": "Union", "map_level": "union", "admin_rank": 3, "displayable": 1, "geometry_status": "EXACT/GEOMETRY", "location_label": "Sombhag Union" }, "geometry": { "type": "Polygon", "coordinates": [ [ [ 90.166860829000086, 23.969819320000056 ], [ 90.167272275000073, 23.969661338000037 ], [ 90.167327063000073, 23.969509987000038 ], [ 90.167462583000031, 23.967890799000031 ], [ 90.167460818000052, 23.96652466300003 ], [ 90.167129480000085, 23.965642120000041 ], [ 90.166246583000031, 23.96387274500006 ], [ 90.165555357000073, 23.961369287000025 ], [ 90.165527259000044, 23.961014799000054 ], [ 90.165609590000031, 23.960786642000073 ], [ 90.166242138000086, 23.960406603000024 ], [ 90.166434430000038, 23.960180588000071 ], [ 90.166872843000078, 23.958838815000036 ], [ 90.167201264000084, 23.957472317000054 ], [ 90.167585944000052, 23.956866735000062 ], [ 90.168163081000046, 23.956409971000028 ], [ 90.168272642000034, 23.956107268000039 ], [ 90.168928707000077, 23.952818786000023 ], [ 90.168928442000038, 23.952615560000027 ], [ 90.16865316500008, 23.952313280000055 ], [ 90.168625031000033, 23.951933954000026 ], [ 90.168899987000032, 23.951755263000052 ], [ 90.169033541000033, 23.951014466000061 ], [ 90.170686659000069, 23.950439084000038 ], [ 90.171402721000049, 23.951020872000072 ], [ 90.17217473900007, 23.952106142000048 ], [ 90.172258434000071, 23.952916701000049 ], [ 90.172204226000076, 23.953497087000073 ], [ 90.171709260000057, 23.953827323000041 ], [ 90.171599508000043, 23.953978735000078 ], [ 90.171076661000086, 23.95413060900006 ], [ 90.170856953000055, 23.954282145000036 ], [ 90.170857286000057, 23.954535049000071 ], [ 90.17091289800004, 23.955015960000026 ], [ 90.171023288000072, 23.955345514000044 ], [ 90.171188758000085, 23.955521462000036 ], [ 90.171410003000062, 23.956532834000029 ], [ 90.171685736000086, 23.956936720000044 ], [ 90.171961201000045, 23.957139641000026 ], [ 90.172511864000057, 23.957339993000062 ], [ 90.172677983000085, 23.957999164000057 ], [ 90.172980923000068, 23.958301406000032 ], [ 90.173036373000059, 23.958655861000068 ], [ 90.172900760000061, 23.960146346000045 ], [ 90.172653910000065, 23.960679528000071 ], [ 90.17243392000006, 23.960855905000074 ], [ 90.171251049000034, 23.961060456000041 ], [ 90.171113715000047, 23.961261580000041 ], [ 90.170812836000039, 23.962526437000065 ], [ 90.170565829000054, 23.963183810000032 ], [ 90.170456798000032, 23.963892967000049 ], [ 90.170319593000045, 23.96419570300003 ], [ 90.169879761000061, 23.964677159000075 ], [ 90.169907967000086, 23.965106162000041 ], [ 90.16957909100006, 23.966118145000053 ], [ 90.169360777000065, 23.967586135000033 ], [ 90.169636130000072, 23.967687443000045 ], [ 90.169499311000038, 23.968292758000075 ], [ 90.16955452600007, 23.968471087000069 ], [ 90.16996752600005, 23.968597081000041 ], [ 90.169957457000066, 23.968649029000062 ], [ 90.17093090000003, 23.968670528000075 ], [ 90.171261239000046, 23.968771773000071 ], [ 90.171646763000069, 23.96902424700005 ], [ 90.172334818000081, 23.969023476000075 ], [ 90.172417179000036, 23.968822415000034 ], [ 90.172388727000055, 23.968215025000063 ], [ 90.172581014000059, 23.96798674300004 ], [ 90.172993812000072, 23.967961439000078 ], [ 90.173846436000076, 23.96768273400005 ], [ 90.175194753000085, 23.967579585000067 ], [ 90.175965087000066, 23.967325800000026 ], [ 90.176212383000063, 23.967122291000067 ], [ 90.176349617000085, 23.966844389000073 ], [ 90.176954134000084, 23.966186596000057 ], [ 90.17810727400007, 23.964211704000036 ], [ 90.178436352000062, 23.96340292900004 ], [ 90.178408430000047, 23.963199735000046 ], [ 90.177802300000053, 23.962669792000042 ], [ 90.177747112000077, 23.96251856300006 ], [ 90.177884263000067, 23.962188724000043 ], [ 90.178460976000054, 23.961431601000072 ], [ 90.178652896000074, 23.960950405000062 ], [ 90.179064935000042, 23.960392183000067 ], [ 90.179724565000072, 23.95986076500003 ], [ 90.180301769000039, 23.959252666000054 ], [ 90.181592440000031, 23.957532749000052 ], [ 90.181866187000082, 23.956495964000055 ], [ 90.18200218700008, 23.955357734000074 ], [ 90.182001617000083, 23.954953540000076 ], [ 90.181724655000039, 23.953689345000043 ], [ 90.18188974800006, 23.953587536000043 ], [ 90.182329798000069, 23.953537335000078 ], [ 90.183870780000063, 23.953610014000049 ], [ 90.185054050000076, 23.95353407500005 ], [ 90.185163137000075, 23.952926522000041 ], [ 90.185464935000084, 23.952420347000043 ], [ 90.185445762000086, 23.952113273000066 ], [ 90.185675445000072, 23.951650087000075 ], [ 90.186115377000078, 23.951523105000035 ], [ 90.186307925000051, 23.951297063000027 ], [ 90.18702322200005, 23.951296192000029 ], [ 90.187077831000067, 23.951043222000067 ], [ 90.187187947000041, 23.950941473000057 ], [ 90.190104818000066, 23.951012408000054 ], [ 90.190212916000064, 23.949747749000039 ], [ 90.190752651000082, 23.949622885000053 ], [ 90.190705926000078, 23.948130355000046 ], [ 90.19059545600004, 23.947775973000034 ], [ 90.190510908000078, 23.946459618000063 ], [ 90.190262860000075, 23.946107664000067 ], [ 90.190179504000071, 23.945601959000044 ], [ 90.189932008000085, 23.945627103000049 ], [ 90.189931340000044, 23.945170972000028 ], [ 90.190013573000044, 23.945121193000034 ], [ 90.190010978000032, 23.943350860000066 ], [ 90.19016025600007, 23.942318733000036 ], [ 90.19142081800004, 23.942247168000051 ], [ 90.192301698000051, 23.942523810000068 ], [ 90.193127193000066, 23.942522776000033 ], [ 90.193374569000071, 23.942420850000076 ], [ 90.193539455000064, 23.942194836000056 ], [ 90.193841837000036, 23.942117678000045 ], [ 90.194364567000036, 23.94214185800007 ], [ 90.194837290000066, 23.942405454000038 ], [ 90.194941929000038, 23.941736930000047 ], [ 90.194886272000076, 23.941484095000078 ], [ 90.194776176000062, 23.941382621000059 ], [ 90.194748237000056, 23.940978460000053 ], [ 90.195104257000082, 23.940016065000066 ], [ 90.195089150000058, 23.938342847000058 ], [ 90.194688674000076, 23.938122062000048 ], [ 90.193670506000046, 23.937818508000078 ], [ 90.193724533000079, 23.937186177000058 ], [ 90.193614136000065, 23.937084704000029 ], [ 90.193640640000069, 23.93632595400004 ], [ 90.193612818000076, 23.936201795000045 ], [ 90.193392639000081, 23.935998845000029 ], [ 90.193392227000061, 23.935721100000023 ], [ 90.193693650000057, 23.935011684000074 ], [ 90.194106604000069, 23.935162454000078 ], [ 90.194299108000052, 23.935137372000042 ], [ 90.194408893000059, 23.935035619000075 ], [ 90.194436194000048, 23.934809777000055 ], [ 90.194050685000036, 23.934530261000077 ], [ 90.194105355000033, 23.934329222000031 ], [ 90.194242625000072, 23.934125823000045 ], [ 90.194709824000086, 23.933797809000055 ], [ 90.195010972000034, 23.932912258000044 ], [ 90.195891033000066, 23.932683072000032 ], [ 90.196110564000037, 23.932253758000058 ], [ 90.196549206000043, 23.931874750000077 ], [ 90.197528797000075, 23.931913400000042 ], [ 90.197563423000076, 23.92886251300007 ], [ 90.197398369000041, 23.928761111000028 ], [ 90.197122618000037, 23.928357266000035 ], [ 90.196847331000072, 23.928256006000026 ], [ 90.196489136000082, 23.927953880000075 ], [ 90.196406189000072, 23.927725923000025 ], [ 90.196461041000077, 23.927448108000078 ], [ 90.197148297000069, 23.927268838000032 ], [ 90.197285480000062, 23.927015757000049 ], [ 90.197751759000084, 23.926105150000069 ], [ 90.197723468000049, 23.925472921000051 ], [ 90.197640711000076, 23.925371415000029 ], [ 90.196650164000062, 23.92519655500007 ], [ 90.196237547000067, 23.925249017000056 ], [ 90.195110384000031, 23.925704327000062 ], [ 90.193982985000048, 23.926008339000077 ], [ 90.193377837000071, 23.926061038000057 ], [ 90.192992318000051, 23.925959909000028 ], [ 90.192248972000073, 23.925378255000055 ], [ 90.191368322000073, 23.925178384000048 ], [ 90.191038229000071, 23.925178793000043 ], [ 90.190268026000069, 23.925331041000049 ], [ 90.189910593000036, 23.925534710000022 ], [ 90.189553279000052, 23.92560966800005 ], [ 90.188507836000042, 23.92568772900006 ], [ 90.188068141000031, 23.925916335000068 ], [ 90.187928232000047, 23.924297457000023 ], [ 90.187981732000083, 23.923285769000074 ], [ 90.188636986000063, 23.919895580000059 ], [ 90.189211253000053, 23.917417750000027 ], [ 90.189347368000085, 23.916430798000079 ], [ 90.189181405000056, 23.91590035300004 ], [ 90.18887834700007, 23.915471686000046 ], [ 90.187611606000075, 23.914486455000031 ], [ 90.187060373000065, 23.913778085000047 ], [ 90.186259538000058, 23.911579678000066 ], [ 90.186037550000037, 23.910290579000048 ], [ 90.185896745000036, 23.908014595000054 ], [ 90.185675054000058, 23.906926460000022 ], [ 90.184407276000059, 23.905132803000072 ], [ 90.184130899000081, 23.904223125000044 ], [ 90.184075084000085, 23.903615764000051 ], [ 90.183853743000043, 23.902757952000059 ], [ 90.183550121000053, 23.901897982000037 ], [ 90.182722462000072, 23.90017830000005 ], [ 90.182722145000071, 23.899952491000079 ], [ 90.183519313000033, 23.899646701000052 ], [ 90.183629601000064, 23.89969850500006 ], [ 90.183712504000084, 23.899924215000055 ], [ 90.183877474000042, 23.900000790000036 ], [ 90.184565165000038, 23.899999968000031 ], [ 90.185280392000038, 23.900150402000065 ], [ 90.185527765000074, 23.900100426000051 ], [ 90.18558270300008, 23.899872291000065 ], [ 90.185830001000056, 23.899770378000028 ], [ 90.185912371000086, 23.899618987000053 ], [ 90.185581802000058, 23.899240027000076 ], [ 90.185773680000068, 23.899027534000027 ], [ 90.185728170000061, 23.895965613000044 ], [ 90.185603674000049, 23.895421562000024 ], [ 90.185273550000034, 23.895347443000048 ], [ 90.185204099000032, 23.894866553000043 ], [ 90.18512144400006, 23.894814715000052 ], [ 90.183814817000041, 23.894552086000033 ], [ 90.183442215000071, 23.893741876000036 ], [ 90.183167156000081, 23.893527682000069 ], [ 90.182092860000068, 23.893429601000037 ], [ 90.181873761000077, 23.89349308900006 ], [ 90.18113373400007, 23.893141698000022 ], [ 90.180503617000056, 23.893015987000069 ], [ 90.180229820000079, 23.89304114600003 ], [ 90.179819350000059, 23.893244852000066 ], [ 90.179409187000033, 23.893672113000036 ], [ 90.179218182000056, 23.894076533000032 ], [ 90.178069749000031, 23.895437242000071 ], [ 90.177796185000034, 23.895638530000042 ], [ 90.177057083000079, 23.895966805000057 ], [ 90.175961862000065, 23.896069675000035 ], [ 90.17368893400004, 23.896121938000078 ], [ 90.167137498000045, 23.896011773000055 ], [ 90.16714341900007, 23.896079508000071 ], [ 90.165472841000053, 23.896155833000023 ], [ 90.165336050000064, 23.89625759300003 ], [ 90.16498436300003, 23.899505114000078 ], [ 90.164958332000083, 23.90076515800007 ], [ 90.165281628000059, 23.90585003800004 ], [ 90.165179339000076, 23.906051120000029 ], [ 90.164558283000076, 23.906571146000033 ], [ 90.164085191000083, 23.906835852000029 ], [ 90.163658099000031, 23.906815980000033 ], [ 90.16297634700004, 23.906439606000049 ], [ 90.161944087000052, 23.90540648700005 ], [ 90.161645407000037, 23.905693579000058 ], [ 90.160257654000077, 23.906169232000025 ], [ 90.159076735000042, 23.906321748000039 ], [ 90.159077832000037, 23.906965306000075 ], [ 90.159370530000047, 23.908053403000054 ], [ 90.159412676000045, 23.908622399000024 ], [ 90.159738134000065, 23.909380780000049 ], [ 90.159875782000086, 23.909960967000075 ], [ 90.159711306000077, 23.910035656000048 ], [ 90.158944654000038, 23.910036451000053 ], [ 90.158752885000069, 23.910138263000078 ], [ 90.158753472000058, 23.910616976000028 ], [ 90.158562129000074, 23.910818145000064 ], [ 90.158534712000062, 23.910994304000042 ], [ 90.158617150000055, 23.911120673000028 ], [ 90.158781442000077, 23.911145343000044 ], [ 90.159849418000078, 23.910992944000043 ], [ 90.160891469000035, 23.911974126000075 ], [ 90.161275609000086, 23.912502117000031 ], [ 90.161823923000043, 23.912955418000024 ], [ 90.162152882000044, 23.913054427000077 ], [ 90.162318623000033, 23.914237492000041 ], [ 90.162483144000078, 23.914440547000027 ], [ 90.16322333800008, 23.914866540000048 ], [ 90.163360973000067, 23.915419628000052 ], [ 90.164019651000046, 23.916453132000072 ], [ 90.164320987000053, 23.916552166000031 ], [ 90.164650694000045, 23.917231498000035 ], [ 90.165253663000044, 23.917659889000049 ], [ 90.165885102000061, 23.918740832000026 ], [ 90.165776128000061, 23.919244506000041 ], [ 90.165639314000032, 23.919346265000058 ], [ 90.164927363000061, 23.919423809000023 ], [ 90.164982622000082, 23.919900204000044 ], [ 90.164873453000041, 23.920252585000071 ], [ 90.163312491000056, 23.920331026000042 ], [ 90.162655029000064, 23.920282044000032 ], [ 90.162461454000038, 23.918947719000073 ], [ 90.162324193000075, 23.918694957000071 ], [ 90.161776071000077, 23.918417790000035 ], [ 90.161693469000056, 23.918167229000062 ], [ 90.161719445000074, 23.916832672000055 ], [ 90.161855604000039, 23.916203970000026 ], [ 90.158604146000073, 23.916889663000063 ], [ 90.154325044000075, 23.918007278000061 ], [ 90.154134870000064, 23.919206941000027 ], [ 90.154109933000086, 23.921221180000032 ], [ 90.154740122000078, 23.921572810000043 ], [ 90.155069340000068, 23.921875060000048 ], [ 90.155289029000073, 23.922251940000024 ], [ 90.155426701000067, 23.922856970000055 ], [ 90.155563738000069, 23.922931348000077 ], [ 90.155756192000069, 23.923637936000034 ], [ 90.156140011000048, 23.923888196000064 ], [ 90.156195128000036, 23.924014591000059 ], [ 90.156223367000052, 23.924771022000073 ], [ 90.156360406000033, 23.924845399000048 ], [ 90.156771225000057, 23.924820143000034 ], [ 90.157045311000047, 23.924971155000037 ], [ 90.157128426000043, 23.92565075400006 ], [ 90.15770512000006, 23.926935014000037 ], [ 90.158499814000038, 23.927184846000046 ], [ 90.159075416000064, 23.927561353000044 ], [ 90.159158081000044, 23.927863849000062 ], [ 90.159761048000064, 23.92801451400004 ], [ 90.15981589200004, 23.928165750000062 ], [ 90.160747924000077, 23.928718011000058 ], [ 90.16088519200008, 23.92897077300006 ], [ 90.160913176000065, 23.929499136000061 ], [ 90.161105318000068, 23.929675065000026 ], [ 90.160887560000049, 23.93088337000006 ], [ 90.160970484000075, 23.931386835000069 ], [ 90.162505163000048, 23.93204006600007 ], [ 90.16313529200005, 23.932039398000029 ], [ 90.163299868000081, 23.932267289000038 ], [ 90.164340872000082, 23.932266180000056 ], [ 90.164559808000035, 23.932013040000072 ], [ 90.164613253000084, 23.931055553000078 ], [ 90.164776761000041, 23.930199564000077 ], [ 90.164967384000079, 23.929418063000071 ], [ 90.165104051000071, 23.929192106000073 ], [ 90.16554192600006, 23.928940988000022 ], [ 90.166828830000043, 23.928670882000063 ], [ 90.166802670000038, 23.929341563000037 ], [ 90.166393678000077, 23.930802988000039 ], [ 90.166394581000077, 23.931507511000063 ], [ 90.166177065000056, 23.932867112000054 ], [ 90.165958667000041, 23.933296386000052 ], [ 90.162238202000083, 23.937606527000071 ], [ 90.161608981000086, 23.938110744000028 ], [ 90.161171635000073, 23.93906637300006 ], [ 90.161117628000056, 23.939594820000025 ], [ 90.160953863000032, 23.940024029000028 ], [ 90.16018697700008, 23.940225798000029 ], [ 90.160050256000034, 23.940426910000042 ], [ 90.15895415500006, 23.940378370000076 ], [ 90.158899676000033, 23.94052971900004 ], [ 90.158653166000079, 23.940606751000075 ], [ 90.157118769000078, 23.940506711000069 ], [ 90.156489060000069, 23.94063380800003 ], [ 90.156052184000032, 23.942018459000053 ], [ 90.155971186000045, 23.942849513000056 ], [ 90.155999607000069, 23.943754975000047 ], [ 90.155890543000055, 23.944233800000063 ], [ 90.155753784000069, 23.94441007000006 ], [ 90.155370295000068, 23.944487232000029 ], [ 90.155288382000037, 23.944814736000069 ], [ 90.154795586000034, 23.944914590000053 ], [ 90.154686250000054, 23.94516760700003 ], [ 90.154686490000074, 23.945368576000078 ], [ 90.15479625100005, 23.945470079000074 ], [ 90.155152193000049, 23.945469720000062 ], [ 90.155371592000051, 23.945568854000044 ], [ 90.15583805600005, 23.94604709500004 ], [ 90.156084391000036, 23.94607168400006 ], [ 90.156276154000068, 23.945920195000042 ], [ 90.157125323000059, 23.945919330000038 ], [ 90.158358692000036, 23.946170969000036 ], [ 90.158469072000059, 23.946776019000026 ], [ 90.15849769600004, 23.947832774000062 ], [ 90.158580004000044, 23.948083336000025 ], [ 90.159018693000064, 23.948184496000067 ], [ 90.159100910000063, 23.948360542000046 ], [ 90.159101373000055, 23.948737642000026 ], [ 90.15885574400005, 23.949544030000027 ], [ 90.158719105000046, 23.94982191400004 ], [ 90.158390670000074, 23.949973545000034 ], [ 90.158309587000076, 23.950980734000041 ], [ 90.157241190000036, 23.951056348000066 ], [ 90.157022270000084, 23.951106247000041 ], [ 90.156912779000038, 23.951232813000047 ], [ 90.157215930000064, 23.952767996000034 ], [ 90.158038023000074, 23.952943283000025 ], [ 90.158257531000061, 23.953121445000079 ], [ 90.158614787000033, 23.953924954000058 ], [ 90.158343008000031, 23.955713635000052 ], [ 90.157850115000031, 23.956016724000051 ], [ 90.157548874000042, 23.956066712000052 ], [ 90.157440234000035, 23.956897796000078 ], [ 90.157441273000074, 23.957753608000075 ], [ 90.15757850600005, 23.957956692000039 ], [ 90.158236096000053, 23.957956017000072 ], [ 90.158427996000057, 23.958156788000053 ], [ 90.15840410800007, 23.96097714900003 ], [ 90.158513976000052, 23.961153169000056 ], [ 90.159472742000048, 23.961025723000034 ], [ 90.159938750000038, 23.961074917000076 ], [ 90.160130691000063, 23.961302782000075 ], [ 90.16018592000006, 23.961754339000038 ], [ 90.160186422000038, 23.962158534000025 ], [ 90.159995133000052, 23.962461316000031 ], [ 90.159913623000079, 23.963116245000037 ], [ 90.160243082000079, 23.96351783800003 ], [ 90.16032567600007, 23.963743559000022 ], [ 90.160271415000068, 23.964323941000032 ], [ 90.159860749000075, 23.964575015000037 ], [ 90.15882107300007, 23.964618999000038 ], [ 90.158710597000038, 23.965206212000055 ], [ 90.158519518000048, 23.965685122000025 ], [ 90.159204794000061, 23.96593505900006 ], [ 90.159643670000037, 23.966388477000066 ], [ 90.159489330000042, 23.967569651000076 ], [ 90.159584550000034, 23.967754606000028 ], [ 90.159820607000086, 23.96784391500006 ], [ 90.161132719000079, 23.967944173000035 ], [ 90.161939926000059, 23.967905087000076 ], [ 90.163288385000044, 23.968110139000032 ], [ 90.165045361000068, 23.968880649000027 ], [ 90.165179609000063, 23.969737016000067 ], [ 90.165304658000082, 23.969905124000036 ], [ 90.166860829000086, 23.969819320000056 ] ] ] } },
{ "type": "Feature", "properties": { "matched_key": "U_302614733", "navigation_parent_key": "A_302614", "admin_type": "union", "admin_label": "Union", "map_level": "union", "admin_rank": 3, "displayable": 1, "geometry_status": "EXACT/GEOMETRY", "location_label": "Suapur Union" }, "geometry": { "type": "Polygon", "coordinates": [ [ [ 90.121196805000068, 23.904606244000036 ], [ 90.121388029000059, 23.904228990000036 ], [ 90.121579820000079, 23.904129483000077 ], [ 90.122237115000075, 23.90410186400004 ], [ 90.123278090000042, 23.90430426000006 ], [ 90.123469500000056, 23.904127976000041 ], [ 90.123578098000053, 23.903068842000039 ], [ 90.123768812000037, 23.902163193000035 ], [ 90.124097644000074, 23.902187765000065 ], [ 90.126454006000074, 23.903192957000044 ], [ 90.127308022000079, 23.903429768000024 ], [ 90.127442444000053, 23.901476463000051 ], [ 90.127296966000074, 23.899440438000056 ], [ 90.128707107000082, 23.899708837000048 ], [ 90.132701559000054, 23.899967877000051 ], [ 90.132409995000046, 23.898994211000058 ], [ 90.132267557000034, 23.897977216000072 ], [ 90.132307317000084, 23.897446083000034 ], [ 90.13162430400007, 23.897322083000063 ], [ 90.130802422000045, 23.896970520000025 ], [ 90.12762540500006, 23.896769960000029 ], [ 90.124557257000049, 23.89611988300004 ], [ 90.124337936000074, 23.895666185000039 ], [ 90.124117156000068, 23.894004402000064 ], [ 90.124171705000037, 23.893902743000069 ], [ 90.124993372000063, 23.893750785000066 ], [ 90.12526706400007, 23.893599271000028 ], [ 90.125266483000075, 23.892996358000062 ], [ 90.125430623000057, 23.892894608000063 ], [ 90.125428972000066, 23.891182971000035 ], [ 90.127783910000062, 23.890928126000063 ], [ 90.129098165000073, 23.890676380000059 ], [ 90.12981016100008, 23.890777395000043 ], [ 90.132658045000085, 23.890472380000062 ], [ 90.132931411000072, 23.890018268000063 ], [ 90.133260136000047, 23.889968303000046 ], [ 90.134026359000075, 23.889665054000034 ], [ 90.134628855000074, 23.889562913000077 ], [ 90.13692922000007, 23.889712175000057 ], [ 90.137312587000054, 23.889662155000053 ], [ 90.137531612000032, 23.889510667000025 ], [ 90.137695473000065, 23.88915825600003 ], [ 90.137804372000062, 23.888503310000033 ], [ 90.138844437000046, 23.887949140000046 ], [ 90.139063347000047, 23.887696035000033 ], [ 90.139227204000065, 23.887343625000028 ], [ 90.139172133000045, 23.886941731000036 ], [ 90.138897841000073, 23.88679068600004 ], [ 90.137857291000046, 23.886588395000047 ], [ 90.137090473000058, 23.886589079000032 ], [ 90.136488040000074, 23.886740906000057 ], [ 90.135885758000086, 23.886741439000048 ], [ 90.13572111600007, 23.886642228000028 ], [ 90.135720853000066, 23.886389320000035 ], [ 90.136049464000052, 23.886237738000034 ], [ 90.136377609000078, 23.88593712200003 ], [ 90.136377292000077, 23.885634537000044 ], [ 90.135829498000078, 23.885483726000075 ], [ 90.136211954000032, 23.884575631000075 ], [ 90.136485557000071, 23.88437441800005 ], [ 90.137142779000044, 23.884373835000076 ], [ 90.137471862000041, 23.884676126000045 ], [ 90.13796465300004, 23.884777300000053 ], [ 90.138841425000066, 23.885128775000055 ], [ 90.139334420000068, 23.885128331000033 ], [ 90.140046012000084, 23.884874776000061 ], [ 90.140593266000053, 23.884522014000027 ], [ 90.141031506000047, 23.884419999000045 ], [ 90.141578811000045, 23.88411916900003 ], [ 90.141907266000032, 23.884118864000072 ], [ 90.142344954000066, 23.883513290000053 ], [ 90.14250912600005, 23.883463462000066 ], [ 90.14292714000004, 23.883675337000057 ], [ 90.143494738000072, 23.883410609000066 ], [ 90.145629449000069, 23.882101163000073 ], [ 90.146695927000053, 23.880815289000054 ], [ 90.147460422000051, 23.878795817000025 ], [ 90.147460229000046, 23.878624199000058 ], [ 90.147213459000056, 23.878371529000049 ], [ 90.147295132000067, 23.878120800000033 ], [ 90.147596101000033, 23.877716314000054 ], [ 90.147677773000055, 23.877465585000039 ], [ 90.147622678000062, 23.877061436000076 ], [ 90.147813672000041, 23.876582534000079 ], [ 90.147978111000043, 23.87650786100005 ], [ 90.148197022000033, 23.876557329000036 ], [ 90.148470594000059, 23.876356094000073 ], [ 90.148798731000056, 23.875827379000043 ], [ 90.14918199400006, 23.875725395000075 ], [ 90.149729182000044, 23.875372599000059 ], [ 90.151260831000059, 23.874036563000061 ], [ 90.153385051000043, 23.872354432000066 ], [ 90.154956523000067, 23.873075449000055 ], [ 90.155450127000051, 23.873881098000027 ], [ 90.155642174000036, 23.874057034000032 ], [ 90.156820071000084, 23.87443520000005 ], [ 90.158408263000069, 23.874483251000072 ], [ 90.158901400000047, 23.874634038000067 ], [ 90.158928931000048, 23.874810141000069 ], [ 90.158846826000058, 23.874936679000029 ], [ 90.157916043000057, 23.87508893100005 ], [ 90.157671699000048, 23.876850500000046 ], [ 90.158192102000044, 23.876951581000071 ], [ 90.158436282000082, 23.877080043000035 ], [ 90.158821748000037, 23.876774800000078 ], [ 90.15939654400006, 23.876672590000055 ], [ 90.159505785000079, 23.876394732000051 ], [ 90.16049167500006, 23.876368869000032 ], [ 90.160957194000048, 23.876519676000044 ], [ 90.161724456000059, 23.876923071000078 ], [ 90.163203130000056, 23.876996027000075 ], [ 90.163395132000062, 23.877122277000069 ], [ 90.16345018100003, 23.877449644000023 ], [ 90.163587304000032, 23.877625632000047 ], [ 90.164299558000039, 23.877724228000034 ], [ 90.164463554000065, 23.877547922000076 ], [ 90.164955341000052, 23.876617058000079 ], [ 90.165146015000062, 23.87593716400005 ], [ 90.165337294000039, 23.875735986000052 ], [ 90.16646010900007, 23.875734777000048 ], [ 90.166898476000085, 23.876009791000058 ], [ 90.16714479400008, 23.875883070000043 ], [ 90.167089867000072, 23.875657319000027 ], [ 90.166514291000055, 23.875380195000048 ], [ 90.166486750000047, 23.875204095000072 ], [ 90.166157865000059, 23.874852188000034 ], [ 90.166239660000031, 23.874725644000023 ], [ 90.16648613600006, 23.874725377000061 ], [ 90.166650127000082, 23.874549067000032 ], [ 90.167058381000061, 23.872410204000062 ], [ 90.167713496000033, 23.870822044000079 ], [ 90.167877477000047, 23.870645731000025 ], [ 90.169575530000031, 23.870946457000059 ], [ 90.170040847000053, 23.870945946000063 ], [ 90.170725116000085, 23.870793895000077 ], [ 90.170724522000057, 23.870340016000057 ], [ 90.170478262000074, 23.870265771000049 ], [ 90.170395837000058, 23.870139410000036 ], [ 90.17045020900008, 23.869938379000075 ], [ 90.170942515000036, 23.86945911600003 ], [ 90.171024443000078, 23.869206114000065 ], [ 90.171790892000047, 23.869004291000067 ], [ 90.172036755000079, 23.868778207000048 ], [ 90.172228552000036, 23.868753151000078 ], [ 90.172365144000082, 23.868524932000071 ], [ 90.17252804900005, 23.867542474000061 ], [ 90.172664573000077, 23.867266832000041 ], [ 90.172965403000035, 23.867065523000065 ], [ 90.173238749000063, 23.866509721000057 ], [ 90.173922422000032, 23.865930878000029 ], [ 90.174030647000052, 23.864923640000029 ], [ 90.174304251000081, 23.864796875000025 ], [ 90.174248372000079, 23.864092411000058 ], [ 90.173919969000053, 23.864092783000046 ], [ 90.173672937000049, 23.863664022000023 ], [ 90.173426214000074, 23.863463327000034 ], [ 90.173398631000055, 23.863262387000077 ], [ 90.172357914000031, 23.863062585000023 ], [ 90.172029401000032, 23.863211987000057 ], [ 90.167813224000042, 23.86341986900004 ], [ 90.167676240000048, 23.863343241000052 ], [ 90.167621316000066, 23.863117491000025 ], [ 90.167374831000075, 23.863092919000053 ], [ 90.166689630000064, 23.862488492000068 ], [ 90.166524786000082, 23.86198511200007 ], [ 90.166250662000039, 23.861707661000025 ], [ 90.166140612000049, 23.861330676000023 ], [ 90.165620493000063, 23.861408012000027 ], [ 90.165236933000074, 23.861232291000078 ], [ 90.163977519000071, 23.861357834000046 ], [ 90.163703627000075, 23.861258767000038 ], [ 90.163593868000078, 23.861107592000053 ], [ 90.163593678000041, 23.860956299000065 ], [ 90.163839877000044, 23.86075506800006 ], [ 90.163839621000079, 23.86055183700006 ], [ 90.163675170000033, 23.860351040000069 ], [ 90.163209428000073, 23.860225080000077 ], [ 90.162278536000031, 23.860201224000036 ], [ 90.162196338000058, 23.860000340000056 ], [ 90.160855768000033, 23.860758212000064 ], [ 90.16036308300005, 23.860934856000029 ], [ 90.159322802000077, 23.86106013400007 ], [ 90.158583298000053, 23.860936701000071 ], [ 90.158199322000087, 23.860408697000025 ], [ 90.158144323000045, 23.860106168000073 ], [ 90.15795231900006, 23.859955070000069 ], [ 90.157514389000085, 23.859980361000055 ], [ 90.157049507000067, 23.860308260000068 ], [ 90.155653120000068, 23.86035935600006 ], [ 90.155488805000061, 23.860260165000057 ], [ 90.155461281000044, 23.860084061000066 ], [ 90.155543074000036, 23.859957525000027 ], [ 90.156035579000047, 23.859629599000073 ], [ 90.156281665000051, 23.859326764000059 ], [ 90.156554461000042, 23.858520343000066 ], [ 90.156964706000053, 23.85819249900004 ], [ 90.159098963000076, 23.857208034000053 ], [ 90.159673885000075, 23.857031307000057 ], [ 90.159947023000086, 23.856527465000056 ], [ 90.16000125100004, 23.856199983000067 ], [ 90.159918476000087, 23.855773285000055 ], [ 90.159699471000067, 23.855622218000065 ], [ 90.156583062000038, 23.855505739000023 ], [ 90.155565838000086, 23.855633223000041 ], [ 90.155016082000031, 23.855809912000041 ], [ 90.154438893000076, 23.855887264000046 ], [ 90.152871461000075, 23.855812054000069 ], [ 90.152459075000081, 23.855889239000078 ], [ 90.151772059000052, 23.85626927800007 ], [ 90.150700010000037, 23.856498401000067 ], [ 90.149160118000054, 23.85662635400007 ], [ 90.146411062000084, 23.857335778000049 ], [ 90.145641686000033, 23.857641353000076 ], [ 90.14495469600007, 23.858071043000052 ], [ 90.143333502000075, 23.859361940000042 ], [ 90.140904829000078, 23.861825518000046 ], [ 90.140678008000066, 23.861532174000047 ], [ 90.140130067000086, 23.861155569000061 ], [ 90.140102454000044, 23.860877846000051 ], [ 90.14032106500008, 23.860676675000036 ], [ 90.140375758000062, 23.860450813000057 ], [ 90.140347550000058, 23.859619856000052 ], [ 90.139882128000067, 23.859771573000046 ], [ 90.138978587000054, 23.859772391000035 ], [ 90.138129819000085, 23.859621860000061 ], [ 90.136157852000053, 23.858968765000043 ], [ 90.135411894000072, 23.858511027000077 ], [ 90.134166899000036, 23.860126664000063 ], [ 90.132579805000034, 23.863391007000075 ], [ 90.131900843000039, 23.864240636000034 ], [ 90.130929440000045, 23.864855669000065 ], [ 90.129828539000073, 23.865195320000055 ], [ 90.127687577000074, 23.865646474000073 ], [ 90.127381794000087, 23.86587253600004 ], [ 90.127260189000083, 23.866434907000041 ], [ 90.12732335700008, 23.868573281000067 ], [ 90.127079227000081, 23.869079298000031 ], [ 90.126529136000045, 23.869642020000072 ], [ 90.124572176000072, 23.870657505000054 ], [ 90.120047674000034, 23.874036970000077 ], [ 90.118397235000032, 23.875725053000053 ], [ 90.117725014000087, 23.876739459000078 ], [ 90.11687044100006, 23.878765628000053 ], [ 90.114732630000049, 23.880659528000024 ], [ 90.114088089000063, 23.881795834000059 ], [ 90.112548863000086, 23.886986088000072 ], [ 90.114498616000049, 23.887163040000075 ], [ 90.114854775000083, 23.887237292000066 ], [ 90.114991796000083, 23.88736364500005 ], [ 90.114857574000041, 23.89040992200006 ], [ 90.114912350000054, 23.890561176000062 ], [ 90.11529581800005, 23.890610566000078 ], [ 90.115651761000038, 23.890434167000024 ], [ 90.116062573000079, 23.890510634000066 ], [ 90.116500818000077, 23.890711274000068 ], [ 90.116665235000085, 23.890912119000063 ], [ 90.116803, 23.891517186000044 ], [ 90.117049316000077, 23.891643453000029 ], [ 90.117433083000037, 23.892020262000074 ], [ 90.117488442000081, 23.892474097000047 ], [ 90.117982232000031, 23.893656966000037 ], [ 90.118448094000087, 23.894169196000064 ], [ 90.119900521000034, 23.894888403000039 ], [ 90.119737023000084, 23.895694674000026 ], [ 90.11954561400006, 23.896198380000044 ], [ 90.119545844000072, 23.896449027000074 ], [ 90.119710606000069, 23.89667696600003 ], [ 90.119738135000034, 23.896902755000042 ], [ 90.119738971000061, 23.897810512000035 ], [ 90.119656882000072, 23.898011547000067 ], [ 90.119082234000075, 23.89841393100005 ], [ 90.118863453000074, 23.898867979000045 ], [ 90.118208288000062, 23.901210132000074 ], [ 90.117962856000076, 23.902418404000059 ], [ 90.117662363000079, 23.903175096000041 ], [ 90.11760812700004, 23.903629017000071 ], [ 90.117690279000044, 23.903829923000046 ], [ 90.118210806000036, 23.903980815000068 ], [ 90.118266220000066, 23.90448432900007 ], [ 90.119115144000034, 23.904508512000064 ], [ 90.120156136000048, 23.904733510000028 ], [ 90.120813505000058, 23.904782676000025 ], [ 90.121196805000068, 23.904606244000036 ] ] ] } },
{ "type": "Feature", "properties": { "matched_key": "U_302614742", "navigation_parent_key": "A_302614", "admin_type": "union", "admin_label": "Union", "map_level": "union", "admin_rank": 3, "displayable": 1, "geometry_status": "EXACT/GEOMETRY", "location_label": "Sutipara Union" }, "geometry": { "type": "Polygon", "coordinates": [ [ [ 90.136025413000084, 23.941861366000069 ], [ 90.137559705000058, 23.941859998000041 ], [ 90.137806176000083, 23.94173332500003 ], [ 90.137887958000078, 23.941532282000026 ], [ 90.137721734000081, 23.939719190000062 ], [ 90.137939505000077, 23.93830994800004 ], [ 90.138072907000037, 23.934961086000044 ], [ 90.138839607000079, 23.934581038000033 ], [ 90.138920897000048, 23.933926119000034 ], [ 90.139057427000068, 23.933524054000031 ], [ 90.139878381000074, 23.932491365000033 ], [ 90.140229783000052, 23.931520696000064 ], [ 90.142230211000083, 23.931357510000055 ], [ 90.144070666000061, 23.931069016000038 ], [ 90.145830447000037, 23.931182067000066 ], [ 90.148950115000048, 23.930932445000053 ], [ 90.149148578000052, 23.929876901000057 ], [ 90.149247132000085, 23.928758364000032 ], [ 90.149218261000044, 23.927661563000072 ], [ 90.150474338000038, 23.927798082000038 ], [ 90.150611056000059, 23.927594718000023 ], [ 90.150747953000064, 23.927544906000037 ], [ 90.151520032000064, 23.927898667000022 ], [ 90.152419619000057, 23.928046811000058 ], [ 90.15340380300006, 23.928063896000026 ], [ 90.15479352300008, 23.928247667000051 ], [ 90.156664087000081, 23.928659002000074 ], [ 90.156776611000055, 23.92927760300006 ], [ 90.156696013000044, 23.930686728000069 ], [ 90.156753717000072, 23.932953791000045 ], [ 90.157165448000057, 23.933657892000042 ], [ 90.157248019000065, 23.934136521000028 ], [ 90.157084368000085, 23.934665084000073 ], [ 90.156837866000046, 23.934739848000049 ], [ 90.156783388000065, 23.934891196000024 ], [ 90.156975437000085, 23.935243264000064 ], [ 90.157416098000056, 23.937006377000046 ], [ 90.15744403900004, 23.937509901000055 ], [ 90.157335566000086, 23.938467441000057 ], [ 90.157473114000084, 23.938946011000041 ], [ 90.157282001000056, 23.93937298700007 ], [ 90.157309427000087, 23.93944973300006 ], [ 90.157747836000055, 23.939598317000048 ], [ 90.157748114000071, 23.939826382000035 ], [ 90.157173070000056, 23.939953425000056 ], [ 90.157146412000031, 23.94050893900004 ], [ 90.158653166000079, 23.940606751000075 ], [ 90.158899676000033, 23.94052971900004 ], [ 90.15895415500006, 23.940378370000076 ], [ 90.160050256000034, 23.940426910000042 ], [ 90.16018697700008, 23.940225798000029 ], [ 90.160953863000032, 23.940024029000028 ], [ 90.161117628000056, 23.939594820000025 ], [ 90.161171635000073, 23.93906637300006 ], [ 90.161608981000086, 23.938110744000028 ], [ 90.162238202000083, 23.937606527000071 ], [ 90.165958667000041, 23.933296386000052 ], [ 90.166177065000056, 23.932867112000054 ], [ 90.166394581000077, 23.931507511000063 ], [ 90.166393678000077, 23.930802988000039 ], [ 90.166802670000038, 23.929341563000037 ], [ 90.166828830000043, 23.928670882000063 ], [ 90.16554192600006, 23.928940988000022 ], [ 90.165104051000071, 23.929192106000073 ], [ 90.164967384000079, 23.929418063000071 ], [ 90.164776761000041, 23.930199564000077 ], [ 90.164613253000084, 23.931055553000078 ], [ 90.164559808000035, 23.932013040000072 ], [ 90.164340872000082, 23.932266180000056 ], [ 90.163299868000081, 23.932267289000038 ], [ 90.16313529200005, 23.932039398000029 ], [ 90.162505163000048, 23.93204006600007 ], [ 90.160970484000075, 23.931386835000069 ], [ 90.160887560000049, 23.93088337000006 ], [ 90.161105318000068, 23.929675065000026 ], [ 90.160913176000065, 23.929499136000061 ], [ 90.16088519200008, 23.92897077300006 ], [ 90.160747924000077, 23.928718011000058 ], [ 90.15981589200004, 23.928165750000062 ], [ 90.159761048000064, 23.92801451400004 ], [ 90.159158081000044, 23.927863849000062 ], [ 90.159075416000064, 23.927561353000044 ], [ 90.158499814000038, 23.927184846000046 ], [ 90.15770512000006, 23.926935014000037 ], [ 90.157128426000043, 23.92565075400006 ], [ 90.157045311000047, 23.924971155000037 ], [ 90.156771225000057, 23.924820143000034 ], [ 90.156360406000033, 23.924845399000048 ], [ 90.156223367000052, 23.924771022000073 ], [ 90.156195128000036, 23.924014591000059 ], [ 90.156140011000048, 23.923888196000064 ], [ 90.155756192000069, 23.923637936000034 ], [ 90.155563738000069, 23.922931348000077 ], [ 90.155426701000067, 23.922856970000055 ], [ 90.155289029000073, 23.922251940000024 ], [ 90.155069340000068, 23.921875060000048 ], [ 90.154740122000078, 23.921572810000043 ], [ 90.154109933000086, 23.921221180000032 ], [ 90.154134870000064, 23.919206941000027 ], [ 90.154325044000075, 23.918007278000061 ], [ 90.158604146000073, 23.916889663000063 ], [ 90.161855604000039, 23.916203970000026 ], [ 90.161719445000074, 23.916832672000055 ], [ 90.161693469000056, 23.918167229000062 ], [ 90.161776071000077, 23.918417790000035 ], [ 90.162324193000075, 23.918694957000071 ], [ 90.162461454000038, 23.918947719000073 ], [ 90.162655029000064, 23.920282044000032 ], [ 90.163312491000056, 23.920331026000042 ], [ 90.164873453000041, 23.920252585000071 ], [ 90.164982622000082, 23.919900204000044 ], [ 90.164927363000061, 23.919423809000023 ], [ 90.165639314000032, 23.919346265000058 ], [ 90.165776128000061, 23.919244506000041 ], [ 90.165885102000061, 23.918740832000026 ], [ 90.165253663000044, 23.917659889000049 ], [ 90.164650694000045, 23.917231498000035 ], [ 90.164320987000053, 23.916552166000031 ], [ 90.164019651000046, 23.916453132000072 ], [ 90.163360973000067, 23.915419628000052 ], [ 90.16322333800008, 23.914866540000048 ], [ 90.162483144000078, 23.914440547000027 ], [ 90.162318623000033, 23.914237492000041 ], [ 90.162152882000044, 23.913054427000077 ], [ 90.161823923000043, 23.912955418000024 ], [ 90.161275609000086, 23.912502117000031 ], [ 90.160891469000035, 23.911974126000075 ], [ 90.159849418000078, 23.910992944000043 ], [ 90.158781442000077, 23.911145343000044 ], [ 90.158617150000055, 23.911120673000028 ], [ 90.158534712000062, 23.910994304000042 ], [ 90.158562129000074, 23.910818145000064 ], [ 90.158753472000058, 23.910616976000028 ], [ 90.158752885000069, 23.910138263000078 ], [ 90.158944654000038, 23.910036451000053 ], [ 90.159711306000077, 23.910035656000048 ], [ 90.159875782000086, 23.909960967000075 ], [ 90.159738134000065, 23.909380780000049 ], [ 90.159412676000045, 23.908622399000024 ], [ 90.159370530000047, 23.908053403000054 ], [ 90.159115220000047, 23.907161721000023 ], [ 90.155626483000049, 23.906867222000074 ], [ 90.155243373000076, 23.907170194000059 ], [ 90.154640757000038, 23.906969830000037 ], [ 90.153983304000064, 23.906868876000033 ], [ 90.153470802000072, 23.907056812000064 ], [ 90.153379612000037, 23.906013664000056 ], [ 90.153159579000032, 23.905056448000039 ], [ 90.153103851000083, 23.904401657000051 ], [ 90.15293906800008, 23.903950202000033 ], [ 90.152335923000066, 23.903546604000041 ], [ 90.15113066400005, 23.903346821000071 ], [ 90.150145020000082, 23.903499080000074 ], [ 90.149926100000073, 23.903749944000026 ], [ 90.150092215000086, 23.905362058000037 ], [ 90.149545133000061, 23.905915825000022 ], [ 90.149381516000062, 23.906471477000025 ], [ 90.149546060000034, 23.906721963000052 ], [ 90.149330916000054, 23.909996407000051 ], [ 90.149495871000056, 23.910601417000066 ], [ 90.149444003000042, 23.912220520000062 ], [ 90.148264898000036, 23.912138112000036 ], [ 90.147990879000076, 23.912011922000033 ], [ 90.146676079000031, 23.911938666000026 ], [ 90.146457023000039, 23.911812423000072 ], [ 90.146401920000073, 23.911686019000058 ], [ 90.146401408000031, 23.911232143000063 ], [ 90.145661877000066, 23.911056716000076 ], [ 90.145524747000081, 23.91088071300004 ], [ 90.145414263000077, 23.910099518000038 ], [ 90.143935027000055, 23.909850261000031 ], [ 90.142701698000053, 23.909298177000039 ], [ 90.142208146000087, 23.908869596000045 ], [ 90.140844645000072, 23.908590848000074 ], [ 90.139961517000074, 23.908191973000044 ], [ 90.139358648000041, 23.907738644000062 ], [ 90.139193851000073, 23.907235237000066 ], [ 90.139192989000037, 23.906429097000057 ], [ 90.139683810000065, 23.904617660000042 ], [ 90.139902693000067, 23.904314877000047 ], [ 90.139902041000084, 23.903709707000075 ], [ 90.139463770000077, 23.903558814000064 ], [ 90.137875017000056, 23.903309598000078 ], [ 90.136559859000045, 23.902807216000042 ], [ 90.13469679800005, 23.902404659000069 ], [ 90.134477640000057, 23.902154203000066 ], [ 90.13436772700004, 23.901851713000042 ], [ 90.134311522000075, 23.900643679000041 ], [ 90.134037361000082, 23.900341335000064 ], [ 90.132668113000079, 23.900342522000074 ], [ 90.132701559000054, 23.899967877000051 ], [ 90.128707107000082, 23.899708837000048 ], [ 90.127296966000074, 23.899440438000056 ], [ 90.127442444000053, 23.901476463000051 ], [ 90.127308022000079, 23.903429768000024 ], [ 90.126454006000074, 23.903192957000044 ], [ 90.124097644000074, 23.902187765000065 ], [ 90.123768812000037, 23.902163193000035 ], [ 90.123578098000053, 23.903068842000039 ], [ 90.123469500000056, 23.904127976000041 ], [ 90.123278090000042, 23.90430426000006 ], [ 90.122237115000075, 23.90410186400004 ], [ 90.121579820000079, 23.904129483000077 ], [ 90.121388029000059, 23.904228990000036 ], [ 90.121087293000073, 23.904707942000073 ], [ 90.120813505000058, 23.904782676000025 ], [ 90.120156136000048, 23.904733510000028 ], [ 90.119115144000034, 23.904508512000064 ], [ 90.118266220000066, 23.90448432900007 ], [ 90.118210806000036, 23.903980815000068 ], [ 90.117690279000044, 23.903829923000046 ], [ 90.11760812700004, 23.903629017000071 ], [ 90.117662363000079, 23.903175096000041 ], [ 90.117962856000076, 23.902418404000059 ], [ 90.118208288000062, 23.901210132000074 ], [ 90.118863453000074, 23.898867979000045 ], [ 90.119082234000075, 23.89841393100005 ], [ 90.119656882000072, 23.898011547000067 ], [ 90.119738971000061, 23.897810512000035 ], [ 90.119738135000034, 23.896902755000042 ], [ 90.119710606000069, 23.89667696600003 ], [ 90.119545844000072, 23.896449027000074 ], [ 90.11954561400006, 23.896198380000044 ], [ 90.119737023000084, 23.895694674000026 ], [ 90.119900521000034, 23.894888403000039 ], [ 90.118448094000087, 23.894169196000064 ], [ 90.117982232000031, 23.893656966000037 ], [ 90.117488442000081, 23.892474097000047 ], [ 90.117433083000037, 23.892020262000074 ], [ 90.117049316000077, 23.891643453000029 ], [ 90.116803, 23.891517186000044 ], [ 90.116665235000085, 23.890912119000063 ], [ 90.116500818000077, 23.890711274000068 ], [ 90.116062573000079, 23.890510634000066 ], [ 90.115651761000038, 23.890434167000024 ], [ 90.11529581800005, 23.890610566000078 ], [ 90.114912350000054, 23.890561176000062 ], [ 90.114857574000041, 23.89040992200006 ], [ 90.114991796000083, 23.88736364500005 ], [ 90.114854775000083, 23.887237292000066 ], [ 90.114498616000049, 23.887163040000075 ], [ 90.112548863000086, 23.886986088000072 ], [ 90.111605091000058, 23.889337460000036 ], [ 90.110031409000044, 23.891395722000027 ], [ 90.108945562000031, 23.893180397000037 ], [ 90.108668300000033, 23.894223834000059 ], [ 90.108647174000055, 23.894659663000027 ], [ 90.108731504000048, 23.894917027000076 ], [ 90.109105610000086, 23.895140312000024 ], [ 90.10884001900007, 23.895456635000073 ], [ 90.107890357000031, 23.896044412000037 ], [ 90.105137467000077, 23.897116658000073 ], [ 90.104464762000077, 23.897792287000073 ], [ 90.104342583000061, 23.898185278000028 ], [ 90.103914720000034, 23.898691382000038 ], [ 90.103792855000052, 23.899479541000062 ], [ 90.103487571000073, 23.900098466000031 ], [ 90.103181666000069, 23.90032448200003 ], [ 90.099265271000036, 23.900439961000075 ], [ 90.099143248000075, 23.901058761000058 ], [ 90.099143677000086, 23.901621028000022 ], [ 90.09889928900003, 23.902014094000037 ], [ 90.098470702000043, 23.902014369000028 ], [ 90.096757737000075, 23.902634177000039 ], [ 90.093330928000057, 23.90314436400007 ], [ 90.093577546000063, 23.905393282000034 ], [ 90.093394312000044, 23.905901464000067 ], [ 90.091436943000076, 23.907476536000047 ], [ 90.090947674000063, 23.908095545000037 ], [ 90.088195683000038, 23.911080093000066 ], [ 90.08739362700004, 23.911857336000025 ], [ 90.087562204000051, 23.913250485000049 ], [ 90.087388438000062, 23.913731560000031 ], [ 90.087331108000058, 23.914316438000071 ], [ 90.086983553000039, 23.914797608000072 ], [ 90.086810127000035, 23.915330617000052 ], [ 90.086868260000074, 23.915488652000079 ], [ 90.087157877000038, 23.915596874000073 ], [ 90.088607298000056, 23.915862501000049 ], [ 90.088457252000069, 23.916912601000035 ], [ 90.088738937000073, 23.917991809000057 ], [ 90.089492472000074, 23.918045567000036 ], [ 90.089550649000046, 23.918257794000056 ], [ 90.088971235000031, 23.918684910000025 ], [ 90.088799157000039, 23.921189235000043 ], [ 90.088915281000084, 23.921722079000062 ], [ 90.089263286000062, 23.921882200000027 ], [ 90.089669255000047, 23.92193615900004 ], [ 90.090248559000031, 23.921775497000056 ], [ 90.09059656800008, 23.921935615000052 ], [ 90.090596864000076, 23.922360139000034 ], [ 90.090249261000054, 23.922787122000045 ], [ 90.090249820000054, 23.923586487000023 ], [ 90.091467312000077, 23.924012545000039 ], [ 90.091642129000036, 23.925024066000049 ], [ 90.091352411000059, 23.92523649900005 ], [ 90.090367187000084, 23.925451600000031 ], [ 90.090251300000034, 23.92571812400007 ], [ 90.090425666000044, 23.926090606000059 ], [ 90.090947104000065, 23.926144494000027 ], [ 90.09170084200008, 23.925983720000033 ], [ 90.09112334200006, 23.929181522000079 ], [ 90.090919176000057, 23.929235836000032 ], [ 90.093499794000081, 23.92918009300007 ], [ 90.095528713000078, 23.929284977000066 ], [ 90.095992902000035, 23.929551143000026 ], [ 90.096572351000077, 23.929550779000067 ], [ 90.097152230000063, 23.92971073800004 ], [ 90.098196278000046, 23.930509439000048 ], [ 90.099890488000085, 23.932585792000054 ], [ 90.09998042400008, 23.932531536000056 ], [ 90.10171947300006, 23.932584588000054 ], [ 90.104096890000051, 23.933328166000024 ], [ 90.104792737000082, 23.933700277000071 ], [ 90.105198786000074, 23.934180973000025 ], [ 90.10587023100004, 23.93474503300007 ], [ 90.106650010000067, 23.933726098000022 ], [ 90.10689616500008, 23.933197532000065 ], [ 90.108237818000077, 23.932464973000037 ], [ 90.108566242000052, 23.931911510000077 ], [ 90.108948411000085, 23.93027412400005 ], [ 90.109002395000061, 23.929467948000024 ], [ 90.108919868000044, 23.929192520000072 ], [ 90.108618500000034, 23.929041442000027 ], [ 90.108532725000032, 23.928551496000068 ], [ 90.108700353000074, 23.928512992000037 ], [ 90.10878223800006, 23.928386480000029 ], [ 90.108809492000034, 23.927932583000029 ], [ 90.109438384000043, 23.926850512000044 ], [ 90.110095626000032, 23.926621976000035 ], [ 90.110642623000047, 23.92566640900003 ], [ 90.110642297000084, 23.925287050000065 ], [ 90.110826532000033, 23.924562070000036 ], [ 90.112066320000054, 23.92475762600003 ], [ 90.112176029000068, 23.92485916000004 ], [ 90.112176420000083, 23.925313035000045 ], [ 90.112450607000085, 23.925640258000044 ], [ 90.112474559000077, 23.925994762000073 ], [ 90.112697550000064, 23.926066856000034 ], [ 90.116258450000032, 23.925888072000077 ], [ 90.116431836000061, 23.926113752000049 ], [ 90.117902405000052, 23.926139728000066 ], [ 90.118778913000085, 23.926288087000046 ], [ 90.119108107000045, 23.926642350000066 ], [ 90.119436762000078, 23.926741453000034 ], [ 90.119437039000047, 23.927044036000041 ], [ 90.119601769000042, 23.927195200000028 ], [ 90.120478472000059, 23.927546777000032 ], [ 90.120588423000072, 23.927898953000067 ], [ 90.120862754000086, 23.928352616000041 ], [ 90.122068012000057, 23.928351662000068 ], [ 90.122232746000066, 23.928502821000052 ], [ 90.122233693000055, 23.929509930000052 ], [ 90.12239812200005, 23.929661091000071 ], [ 90.122836366000058, 23.929710420000049 ], [ 90.123110419000056, 23.929861492000043 ], [ 90.123275041000056, 23.930213621000064 ], [ 90.123549144000037, 23.93041437100004 ], [ 90.12426180500006, 23.930666702000053 ], [ 90.124044088000062, 23.93227689500003 ], [ 90.124427780000076, 23.932427879000045 ], [ 90.12431868300007, 23.932983456000045 ], [ 90.124702279000076, 23.93303282100004 ], [ 90.124812101000032, 23.933233704000031 ], [ 90.124429517000067, 23.934241121000071 ], [ 90.124102668000035, 23.936054629000068 ], [ 90.125280911000061, 23.936306579000075 ], [ 90.125363124000046, 23.936532319000037 ], [ 90.125500183000042, 23.936631564000038 ], [ 90.128294487000062, 23.936706032000075 ], [ 90.128568872000073, 23.936857094000061 ], [ 90.128760795000062, 23.937159517000055 ], [ 90.128980160000083, 23.937258688000043 ], [ 90.129117351000048, 23.937486641000078 ], [ 90.129199644000039, 23.937786896000034 ], [ 90.129146035000076, 23.938845984000068 ], [ 90.129337737000071, 23.938920340000038 ], [ 90.131913080000061, 23.938942989000054 ], [ 90.132460711000078, 23.938716709000062 ], [ 90.133118130000071, 23.938641625000059 ], [ 90.133337549000032, 23.938790467000047 ], [ 90.133419855000056, 23.939092980000055 ], [ 90.13355695100006, 23.939219312000034 ], [ 90.133940490000043, 23.939194140000041 ], [ 90.134406931000058, 23.93974696500004 ], [ 90.134873227000071, 23.940451077000034 ], [ 90.135065950000069, 23.941207366000071 ], [ 90.135450205000041, 23.94186187300005 ], [ 90.135653304000073, 23.941958793000026 ], [ 90.136025413000084, 23.941861366000069 ] ] ] } },
{ "type": "Feature", "properties": { "matched_key": "U_302618142", "navigation_parent_key": "A_302618", "admin_type": "union", "admin_label": "Union", "map_level": "union", "admin_rank": 3, "displayable": 1, "geometry_status": "EXACT/GEOMETRY", "location_label": "Bilaspur Union" }, "geometry": { "type": "Polygon", "coordinates": [ [ [ 90.107642511000051, 23.617326798000079 ], [ 90.10798341900005, 23.61726333200005 ], [ 90.108460078000064, 23.616508769000063 ], [ 90.108594437000079, 23.614121776000047 ], [ 90.108934458000078, 23.613367305000054 ], [ 90.109411256000044, 23.612802422000073 ], [ 90.111795326000049, 23.610854172000074 ], [ 90.113771084000064, 23.609721386000047 ], [ 90.115215912000053, 23.609246103000032 ], [ 90.116973882000082, 23.608526687000051 ], [ 90.117618637000078, 23.608119726000041 ], [ 90.118730276000065, 23.607095921000052 ], [ 90.119155504000048, 23.60580165600004 ], [ 90.119489596000051, 23.605356538000024 ], [ 90.118562100000076, 23.604702376000034 ], [ 90.118132296000056, 23.603625549000071 ], [ 90.118165739000062, 23.603347768000049 ], [ 90.118561255000031, 23.603083258000026 ], [ 90.119047219000038, 23.602236066000046 ], [ 90.118807873000037, 23.601427819000037 ], [ 90.118738721000057, 23.600483952000047 ], [ 90.119421944000067, 23.600329871000042 ], [ 90.119572993000077, 23.600036192000061 ], [ 90.119572769000058, 23.599787789000061 ], [ 90.119896668000081, 23.599604629000055 ], [ 90.120898427000043, 23.599432228000069 ], [ 90.121418945000073, 23.599553764000063 ], [ 90.121966573000066, 23.599510428000031 ], [ 90.122418163000077, 23.598961336000059 ], [ 90.122321833000058, 23.597805221000044 ], [ 90.122502765000036, 23.596985865000079 ], [ 90.125840738000079, 23.594888903000026 ], [ 90.126462579000076, 23.59431481300004 ], [ 90.126446840000085, 23.594128409000064 ], [ 90.125412212000072, 23.593855322000024 ], [ 90.124628206000068, 23.59353992900003 ], [ 90.123510926000051, 23.592619481000042 ], [ 90.122144969000033, 23.591048863000026 ], [ 90.121581568000067, 23.590222808000078 ], [ 90.121160408000037, 23.590562801000033 ], [ 90.119843321000076, 23.589131741000074 ], [ 90.123772012000074, 23.586288124000077 ], [ 90.126384784000038, 23.587826305000078 ], [ 90.127059165000048, 23.587993050000023 ], [ 90.129187687000069, 23.589238874000046 ], [ 90.130034157000068, 23.588221981000061 ], [ 90.130235295000034, 23.588136003000045 ], [ 90.131072909000068, 23.586545533000049 ], [ 90.132932631000074, 23.584150273000034 ], [ 90.134128297000075, 23.582344951000039 ], [ 90.135777253000072, 23.580600197000024 ], [ 90.136738124000033, 23.579847378000068 ], [ 90.137456783000061, 23.578844106000076 ], [ 90.138065877000031, 23.578218047000064 ], [ 90.137637124000037, 23.577337734000025 ], [ 90.137181020000071, 23.574883482000075 ], [ 90.135362394000083, 23.569664136000029 ], [ 90.133536545000084, 23.565332242000068 ], [ 90.13046169100005, 23.571768445000032 ], [ 90.129367928000079, 23.574702750000029 ], [ 90.128178504000061, 23.575995423000052 ], [ 90.126873079000063, 23.578338239000061 ], [ 90.125634898000044, 23.580909066000061 ], [ 90.123076673000071, 23.584804235000036 ], [ 90.120760027000074, 23.587775571000066 ], [ 90.12074614800008, 23.587669448000042 ], [ 90.120307882000077, 23.588354018000075 ], [ 90.119070664000049, 23.589185986000075 ], [ 90.112608551000051, 23.592110643000069 ], [ 90.110454215000061, 23.592929653000056 ], [ 90.107421436000038, 23.593396967000047 ], [ 90.10525758600005, 23.593868154000063 ], [ 90.101709208000045, 23.595038 ], [ 90.098240483000041, 23.596718065000061 ], [ 90.09970396500006, 23.597128122000072 ], [ 90.101103919000082, 23.598159210000063 ], [ 90.102154997000071, 23.600351221000039 ], [ 90.100967250000053, 23.602481466000029 ], [ 90.099429083000075, 23.603448963000062 ], [ 90.098869773000047, 23.60428711000003 ], [ 90.098334139000031, 23.606895654000027 ], [ 90.099824853000086, 23.607111485000075 ], [ 90.100438275000045, 23.608138565000047 ], [ 90.100809070000082, 23.608969434000073 ], [ 90.101267829000051, 23.610547997000026 ], [ 90.102550015000077, 23.612019001000078 ], [ 90.09982566900004, 23.614660593000053 ], [ 90.100798567000083, 23.615023532000066 ], [ 90.101619012000072, 23.615117841000028 ], [ 90.102029294000033, 23.615636952000045 ], [ 90.102644756000075, 23.616061086000059 ], [ 90.103279385000064, 23.616701988000045 ], [ 90.104165482000042, 23.616511708000075 ], [ 90.105256055000041, 23.616510972000071 ], [ 90.10552874800004, 23.616574018000051 ], [ 90.105938122000055, 23.617077312000049 ], [ 90.106415553000033, 23.617264414000033 ], [ 90.107642511000051, 23.617326798000079 ] ] ] } },
{ "type": "Feature", "properties": { "matched_key": "U_302618440", "navigation_parent_key": "A_302618", "admin_type": "union", "admin_label": "Union", "map_level": "union", "admin_rank": 3, "displayable": 1, "geometry_status": "EXACT/GEOMETRY", "location_label": "Kushumhati Union" }, "geometry": { "type": "Polygon", "coordinates": [ [ [ 90.07162655500008, 23.653817165000078 ], [ 90.072170694000079, 23.653674644000034 ], [ 90.072481438000068, 23.653721924000024 ], [ 90.073233119000065, 23.654295147000028 ], [ 90.07364782500008, 23.654484637000053 ], [ 90.073881019000055, 23.654484525000044 ], [ 90.074916331000054, 23.652670716000046 ], [ 90.075200734000077, 23.651667950000046 ], [ 90.076055838000059, 23.651453007000043 ], [ 90.077480635000086, 23.651332617000037 ], [ 90.077635934000057, 23.651237696000067 ], [ 90.07766130400006, 23.650095049000072 ], [ 90.081215728000075, 23.650016450000066 ], [ 90.081478209000068, 23.64982210900007 ], [ 90.081739903000084, 23.648855472000037 ], [ 90.082264586000065, 23.648033221000048 ], [ 90.084417734000056, 23.647982384000045 ], [ 90.08468020600003, 23.647790297000029 ], [ 90.084837518000086, 23.647498905000077 ], [ 90.085887532000072, 23.647401226000056 ], [ 90.086570096000059, 23.647208902000045 ], [ 90.086885137000081, 23.646820320000074 ], [ 90.087094999000044, 23.64677277800007 ], [ 90.088775659000078, 23.647207654000056 ], [ 90.090351396000074, 23.647448370000063 ], [ 90.091138845000046, 23.647398226000064 ], [ 90.091558603000067, 23.646914731000038 ], [ 90.092188925000073, 23.646961780000026 ], [ 90.09245162600007, 23.64710840500004 ], [ 90.092819388000066, 23.647638855000025 ], [ 90.093082122000055, 23.647832900000026 ], [ 90.095862452000063, 23.64815186800007 ], [ 90.096412371000042, 23.648856077000062 ], [ 90.09686208800008, 23.649131293000039 ], [ 90.097798805000082, 23.649130705000061 ], [ 90.098285523000072, 23.648888774000056 ], [ 90.098884069000064, 23.647818018000066 ], [ 90.098996266000086, 23.647474706000025 ], [ 90.099848001000055, 23.64654605000004 ], [ 90.100126532000047, 23.646545870000068 ], [ 90.101317814000083, 23.646091204000072 ], [ 90.101810366000052, 23.646282826000061 ], [ 90.102845955000078, 23.645399196000028 ], [ 90.103151163000064, 23.645039945000065 ], [ 90.103289357000051, 23.645044368000072 ], [ 90.103592226000046, 23.643664425000054 ], [ 90.103708841000071, 23.642727203000049 ], [ 90.103551504000052, 23.641754036000066 ], [ 90.103394624000032, 23.641358959000058 ], [ 90.103081337000049, 23.640781075000064 ], [ 90.102259043000061, 23.639699953000047 ], [ 90.101789341000085, 23.639305080000042 ], [ 90.099754476000044, 23.638369261000037 ], [ 90.099636993000047, 23.638188680000042 ], [ 90.099558399000045, 23.637576765000063 ], [ 90.099596821000034, 23.636928645000069 ], [ 90.099753056000054, 23.636494976000051 ], [ 90.099752677000083, 23.635991402000059 ], [ 90.099947765000081, 23.635485448000054 ], [ 90.100293859000033, 23.634918421000066 ], [ 90.099407439000061, 23.634855762000029 ], [ 90.098793611000076, 23.63466872500004 ], [ 90.097088505000045, 23.633728144000031 ], [ 90.096338651000053, 23.633538922000071 ], [ 90.095520534000059, 23.633853316000057 ], [ 90.094541328000048, 23.634693956000035 ], [ 90.094603156000062, 23.634181314000045 ], [ 90.09453665400008, 23.633734233000041 ], [ 90.093919518000064, 23.633612667000023 ], [ 90.093897299000048, 23.633389120000061 ], [ 90.094270591000054, 23.631419764000043 ], [ 90.094600661000072, 23.630708236000032 ], [ 90.095041447000085, 23.63058602600006 ], [ 90.097003490000077, 23.631031930000063 ], [ 90.097333995000042, 23.630930106000051 ], [ 90.097554157000047, 23.630767380000066 ], [ 90.097884463000071, 23.630401346000042 ], [ 90.098214588000076, 23.629791430000068 ], [ 90.098390298000083, 23.628777396000032 ], [ 90.098544067000034, 23.628330180000034 ], [ 90.099565937000079, 23.626877518000072 ], [ 90.099666410000054, 23.626050961000033 ], [ 90.098807800000031, 23.626218617000063 ], [ 90.098141424000062, 23.626171614000043 ], [ 90.094552166000085, 23.625040238000054 ], [ 90.093064663000064, 23.624002372000064 ], [ 90.090705708000087, 23.622680476000028 ], [ 90.089885594000066, 23.622680954000032 ], [ 90.089116929000056, 23.623108194000054 ], [ 90.088041588000067, 23.624901801000078 ], [ 90.08527428900004, 23.62641633000004 ], [ 90.084146653000062, 23.626559215000043 ], [ 90.08255753800006, 23.626560074000054 ], [ 90.08137832500006, 23.626653290000036 ], [ 90.080069497000068, 23.627505284000051 ], [ 90.079687247000038, 23.627670333000026 ], [ 90.07709884500008, 23.628355871000053 ], [ 90.076267590000043, 23.628758233000042 ], [ 90.073963377000041, 23.628729992000046 ], [ 90.07329154100006, 23.628791283000055 ], [ 90.071545840000056, 23.62934986700003 ], [ 90.069799850000038, 23.629969404000065 ], [ 90.067987003000042, 23.631083490000037 ], [ 90.066639290000069, 23.632359947000054 ], [ 90.066678529000058, 23.632405094000035 ], [ 90.058951233000073, 23.632825984000078 ], [ 90.05850080600004, 23.631335756000055 ], [ 90.057699033000063, 23.629972120000048 ], [ 90.057096514000079, 23.628401395000026 ], [ 90.052322183000058, 23.632430460000023 ], [ 90.049465785000052, 23.635212736000028 ], [ 90.049696342000061, 23.635866473000078 ], [ 90.05063496300005, 23.637076556000068 ], [ 90.050235870000051, 23.63822157900006 ], [ 90.050368604000084, 23.639197070000023 ], [ 90.05054485900007, 23.639400250000051 ], [ 90.051294365000047, 23.639562593000051 ], [ 90.051558862000036, 23.63976573900004 ], [ 90.052000263000082, 23.641023398000073 ], [ 90.052220983000041, 23.641307854000047 ], [ 90.052750317000061, 23.642527090000044 ], [ 90.055352341000059, 23.64484081300003 ], [ 90.056852356000036, 23.647317488000056 ], [ 90.057161231000066, 23.648049023000056 ], [ 90.057161321000081, 23.648250001000065 ], [ 90.057582729000046, 23.648448563000045 ], [ 90.059101834000046, 23.649581596000075 ], [ 90.059832526000037, 23.649994561000028 ], [ 90.062890037000045, 23.651393420000034 ], [ 90.068742720000046, 23.654333334000057 ], [ 90.070031429000039, 23.654657933000067 ], [ 90.070616581000081, 23.654416045000062 ], [ 90.07162655500008, 23.653817165000078 ] ] ] } },
{ "type": "Feature", "properties": { "matched_key": "U_302618507", "navigation_parent_key": "A_302618", "admin_type": "union", "admin_label": "Union", "map_level": "union", "admin_rank": 3, "displayable": 1, "geometry_status": "EXACT/GEOMETRY", "location_label": "Mahmudpur Union" }, "geometry": { "type": "Polygon", "coordinates": [ [ [ 90.07329154100006, 23.628791283000055 ], [ 90.076267590000043, 23.628758233000042 ], [ 90.07709884500008, 23.628355871000053 ], [ 90.079687247000038, 23.627670333000026 ], [ 90.080069497000068, 23.627505284000051 ], [ 90.08137832500006, 23.626653290000036 ], [ 90.08255753800006, 23.626560074000054 ], [ 90.084146653000062, 23.626559215000043 ], [ 90.08527428900004, 23.62641633000004 ], [ 90.088041588000067, 23.624901801000078 ], [ 90.089116929000056, 23.623108194000054 ], [ 90.089885594000066, 23.622680954000032 ], [ 90.090705708000087, 23.622680476000028 ], [ 90.093064663000064, 23.624002372000064 ], [ 90.094552166000085, 23.625040238000054 ], [ 90.098141424000062, 23.626171614000043 ], [ 90.098807800000031, 23.626218617000063 ], [ 90.099666410000054, 23.626050961000033 ], [ 90.099606149000067, 23.626506158000041 ], [ 90.10128443900004, 23.626119284000026 ], [ 90.10198482100003, 23.62615467300003 ], [ 90.103797600000064, 23.625405226000055 ], [ 90.106146814000056, 23.624599093000029 ], [ 90.105924211000058, 23.624542867000059 ], [ 90.105742087000067, 23.624362336000047 ], [ 90.10670065000005, 23.623180653000077 ], [ 90.108430355000053, 23.621336777000067 ], [ 90.109894328000053, 23.620129880000036 ], [ 90.111330942000052, 23.618482644000039 ], [ 90.112448445000041, 23.617350489000046 ], [ 90.113388671000052, 23.616219335000039 ], [ 90.113518199000055, 23.615320691000022 ], [ 90.11368122600004, 23.614883214000031 ], [ 90.114155179000079, 23.614087017000031 ], [ 90.114520514000048, 23.613656561000028 ], [ 90.114667990000044, 23.613240604000055 ], [ 90.115460875000053, 23.612358131000065 ], [ 90.115689103000079, 23.611814342000059 ], [ 90.115368545000081, 23.610388629000056 ], [ 90.11533442700005, 23.609907662000069 ], [ 90.115536528000064, 23.609126181000079 ], [ 90.113771084000064, 23.609721386000047 ], [ 90.111795326000049, 23.610854172000074 ], [ 90.109411256000044, 23.612802422000073 ], [ 90.108934458000078, 23.613367305000054 ], [ 90.108594437000079, 23.614121776000047 ], [ 90.108460078000064, 23.616508769000063 ], [ 90.10798341900005, 23.61726333200005 ], [ 90.107642511000051, 23.617326798000079 ], [ 90.106415553000033, 23.617264414000033 ], [ 90.105938122000055, 23.617077312000049 ], [ 90.10552874800004, 23.616574018000051 ], [ 90.105256055000041, 23.616510972000071 ], [ 90.104165482000042, 23.616511708000075 ], [ 90.103279385000064, 23.616701988000045 ], [ 90.102644756000075, 23.616061086000059 ], [ 90.102029294000033, 23.615636952000045 ], [ 90.101619012000072, 23.615117841000028 ], [ 90.100798567000083, 23.615023532000066 ], [ 90.09982566900004, 23.614660593000053 ], [ 90.102550015000077, 23.612019001000078 ], [ 90.101267829000051, 23.610547997000026 ], [ 90.100809070000082, 23.608969434000073 ], [ 90.100438275000045, 23.608138565000047 ], [ 90.099824853000086, 23.607111485000075 ], [ 90.098334139000031, 23.606895654000027 ], [ 90.098869773000047, 23.60428711000003 ], [ 90.099429083000075, 23.603448963000062 ], [ 90.100967250000053, 23.602481466000029 ], [ 90.102154997000071, 23.600351221000039 ], [ 90.101103919000082, 23.598159210000063 ], [ 90.09970396500006, 23.597128122000072 ], [ 90.098240483000041, 23.596718065000061 ], [ 90.101709208000045, 23.595038 ], [ 90.10525758600005, 23.593868154000063 ], [ 90.107421436000038, 23.593396967000047 ], [ 90.110454215000061, 23.592929653000056 ], [ 90.112608551000051, 23.592110643000069 ], [ 90.119070664000049, 23.589185986000075 ], [ 90.120307882000077, 23.588354018000075 ], [ 90.12074614800008, 23.587669448000042 ], [ 90.120760027000074, 23.587775571000066 ], [ 90.123076673000071, 23.584804235000036 ], [ 90.125634898000044, 23.580909066000061 ], [ 90.126873079000063, 23.578338239000061 ], [ 90.128178504000061, 23.575995423000052 ], [ 90.129367928000079, 23.574702750000029 ], [ 90.13046169100005, 23.571768445000032 ], [ 90.133536545000084, 23.565332242000068 ], [ 90.131382964000068, 23.565415370000039 ], [ 90.129689208000059, 23.565387444000066 ], [ 90.127455492000081, 23.56746682000005 ], [ 90.121105625000041, 23.567207696000025 ], [ 90.113115532000052, 23.567543405000038 ], [ 90.109054650000076, 23.568423001000042 ], [ 90.110772104000034, 23.574694892000025 ], [ 90.106672241000069, 23.574780281000074 ], [ 90.074094980000041, 23.566052133000028 ], [ 90.074000527000067, 23.566083309000078 ], [ 90.073692566000034, 23.56681511000005 ], [ 90.073076387000071, 23.567829332000031 ], [ 90.072680021000053, 23.568195346000039 ], [ 90.071798958000045, 23.568683526000029 ], [ 90.070081108000068, 23.569456613000057 ], [ 90.06831899000008, 23.569942909000076 ], [ 90.06602799500007, 23.570431674000076 ], [ 90.063736820000031, 23.570676526000057 ], [ 90.061842529000046, 23.571408932000054 ], [ 90.060256613000035, 23.571694103000027 ], [ 90.059463604000086, 23.572019589000035 ], [ 90.056423728000084, 23.572993989000054 ], [ 90.052811044000066, 23.573848858000076 ], [ 90.043470322000076, 23.575678632000063 ], [ 90.040694562000056, 23.575882622000051 ], [ 90.039945530000068, 23.576045408000027 ], [ 90.039945616000068, 23.576329936000036 ], [ 90.040165907000073, 23.576655061000054 ], [ 90.040739024000061, 23.577061388000061 ], [ 90.045322436000049, 23.579943831000037 ], [ 90.049069045000067, 23.582867056000055 ], [ 90.05347671800007, 23.585708666000073 ], [ 90.054640198000072, 23.586349588000076 ], [ 90.051935492000041, 23.588631290000023 ], [ 90.050393387000042, 23.589444742000069 ], [ 90.044753867000054, 23.592126947000054 ], [ 90.042110199000035, 23.59367228800005 ], [ 90.038468537000085, 23.596353290000025 ], [ 90.037685768000074, 23.598935824000023 ], [ 90.036853223000037, 23.601058721000072 ], [ 90.036559432000047, 23.602007230000027 ], [ 90.036510673000066, 23.602910517000055 ], [ 90.036070093000035, 23.604762333000053 ], [ 90.035972935000075, 23.607923818000074 ], [ 90.035777303000032, 23.609369096000023 ], [ 90.036504225000044, 23.610170360000041 ], [ 90.037631677000036, 23.610757220000039 ], [ 90.041112005000059, 23.612156412000047 ], [ 90.042876490000083, 23.612201098000071 ], [ 90.045033420000038, 23.613239252000028 ], [ 90.045033592000038, 23.613736053000025 ], [ 90.044446113000049, 23.615768588000037 ], [ 90.043515734000039, 23.618478672000037 ], [ 90.043074817000047, 23.619156249000071 ], [ 90.041997177000042, 23.621369565000066 ], [ 90.041311286000052, 23.622453676000077 ], [ 90.040674304000049, 23.623221627000078 ], [ 90.040380450000043, 23.624034648000077 ], [ 90.040135360000079, 23.624034712000025 ], [ 90.039152018000038, 23.628973981000058 ], [ 90.043074410000031, 23.628396141000053 ], [ 90.044942359000061, 23.628436258000079 ], [ 90.050716930000078, 23.627946712000039 ], [ 90.052391765000039, 23.627742918000024 ], [ 90.054992300000038, 23.627213604000076 ], [ 90.056583506000038, 23.627063992000046 ], [ 90.057699033000063, 23.629972120000048 ], [ 90.05850080600004, 23.631335756000055 ], [ 90.058951233000073, 23.632825984000078 ], [ 90.066678529000058, 23.632405094000035 ], [ 90.066639290000069, 23.632359947000054 ], [ 90.067987003000042, 23.631083490000037 ], [ 90.069799850000038, 23.629969404000065 ], [ 90.07329154100006, 23.628791283000055 ] ] ] } },
{ "type": "Feature", "properties": { "matched_key": "U_302618516", "navigation_parent_key": "A_302618", "admin_type": "union", "admin_label": "Union", "map_level": "union", "admin_rank": 3, "displayable": 1, "geometry_status": "EXACT/GEOMETRY", "location_label": "Muksudpur Union" }, "geometry": { "type": "Polygon", "coordinates": [ [ [ 90.187920563000034, 23.580514273000063 ], [ 90.190525016000038, 23.580544975000066 ], [ 90.191015489000051, 23.580440496000051 ], [ 90.191123361000052, 23.580275515000039 ], [ 90.191464607000057, 23.577795609000077 ], [ 90.19180409300003, 23.57748355800004 ], [ 90.192105852000054, 23.577343178000035 ], [ 90.194068193000078, 23.57727073500007 ], [ 90.195690644000081, 23.576817064000068 ], [ 90.196483472000068, 23.576989945000037 ], [ 90.197766908000062, 23.576954444000023 ], [ 90.198068554000031, 23.576744047000034 ], [ 90.198782652000034, 23.574864326000068 ], [ 90.198819316000083, 23.573994877000075 ], [ 90.199007592000044, 23.573750751000034 ], [ 90.199648643000046, 23.573402169000076 ], [ 90.199836916000038, 23.573158042000045 ], [ 90.200100623000083, 23.572776070000032 ], [ 90.200777795000079, 23.57141802600006 ], [ 90.201154642000063, 23.570929769000031 ], [ 90.201908979000052, 23.570581030000028 ], [ 90.20239865700006, 23.569988748000071 ], [ 90.20258713700008, 23.569884628000068 ], [ 90.203379557000062, 23.569813589000034 ], [ 90.204850801000077, 23.569290016000025 ], [ 90.205266212000083, 23.569393343000058 ], [ 90.205683141000065, 23.570472205000044 ], [ 90.20598747400004, 23.572002852000026 ], [ 90.207591264000087, 23.570654840000032 ], [ 90.208179374000053, 23.570744381000054 ], [ 90.207979971000043, 23.568576789000076 ], [ 90.206801084000062, 23.566681482000035 ], [ 90.203957091000063, 23.565239998000038 ], [ 90.201898320000055, 23.564610393000066 ], [ 90.200329515000078, 23.563980129000072 ], [ 90.199153094000053, 23.563620329000059 ], [ 90.198577055000044, 23.563281591000077 ], [ 90.197337187000073, 23.562789226000064 ], [ 90.195546496000077, 23.561601296000049 ], [ 90.194924744000048, 23.561087704000045 ], [ 90.193261072000041, 23.56021338000005 ], [ 90.192115130000047, 23.559930267000027 ], [ 90.191410414000075, 23.560053080000046 ], [ 90.191058319000035, 23.560297396000067 ], [ 90.189386539000054, 23.561882433000051 ], [ 90.188169950000031, 23.562719991000051 ], [ 90.18817981400008, 23.562578465000058 ], [ 90.187964839000074, 23.562133463000066 ], [ 90.186176657000033, 23.56265901200004 ], [ 90.185764174000042, 23.562480260000029 ], [ 90.185063859000081, 23.561735602000056 ], [ 90.184759245000066, 23.561158606000049 ], [ 90.181978090000086, 23.557058748000031 ], [ 90.181492590000062, 23.556490250000024 ], [ 90.181051996000065, 23.556287528000041 ], [ 90.17999437900005, 23.556288754000036 ], [ 90.177703910000048, 23.556453979000025 ], [ 90.177395043000047, 23.556291741000052 ], [ 90.177130030000058, 23.555725236000058 ], [ 90.177040810000051, 23.55495303500004 ], [ 90.177038417000063, 23.553166806000036 ], [ 90.177213805000065, 23.552434952000056 ], [ 90.177389320000032, 23.552028276000044 ], [ 90.177697523000063, 23.551702743000078 ], [ 90.178621754000062, 23.551132619000043 ], [ 90.179898650000041, 23.550521435000064 ], [ 90.180357933000039, 23.549520582000071 ], [ 90.181386721000081, 23.545697228000051 ], [ 90.181580652000036, 23.545338508000043 ], [ 90.181774091000079, 23.544621297000049 ], [ 90.181889413000079, 23.543653232000054 ], [ 90.181926274000034, 23.542183370000032 ], [ 90.181847860000062, 23.54040550700006 ], [ 90.18159010800008, 23.539376114000049 ], [ 90.181286639000064, 23.538675923000028 ], [ 90.180449670000087, 23.537570637000044 ], [ 90.180168896000055, 23.536968694000052 ], [ 90.180153110000049, 23.536796636000076 ], [ 90.180372421000072, 23.53610199600007 ], [ 90.181195847000083, 23.535411343000078 ], [ 90.181169044000058, 23.534766087000037 ], [ 90.18106490100007, 23.534431615000074 ], [ 90.179978295000069, 23.532922449000068 ], [ 90.179536702000064, 23.532150655000066 ], [ 90.179315432000067, 23.531299567000076 ], [ 90.179226050000068, 23.530405423000047 ], [ 90.179005219000032, 23.529877260000035 ], [ 90.178121910000073, 23.528213977000064 ], [ 90.17732754900004, 23.527117396000051 ], [ 90.176984311000069, 23.526959458000078 ], [ 90.176152783000077, 23.526772725000058 ], [ 90.175686425000038, 23.526916651000079 ], [ 90.174952057000041, 23.52763327100007 ], [ 90.171365137000066, 23.530385549000073 ], [ 90.165673260000062, 23.526754379000067 ], [ 90.165792100000033, 23.527132772000073 ], [ 90.165110656000081, 23.526698015000022 ], [ 90.163613861000044, 23.527349957000069 ], [ 90.162249599000063, 23.528245636000065 ], [ 90.160532498000066, 23.52901746200007 ], [ 90.155250314000057, 23.531825244000061 ], [ 90.152263312000059, 23.53373186400006 ], [ 90.148965505000035, 23.541101310000045 ], [ 90.143086065000034, 23.545792596000069 ], [ 90.144517257000075, 23.547302009000077 ], [ 90.145198869000069, 23.549024380000048 ], [ 90.145540173000086, 23.550331558000039 ], [ 90.146333677000086, 23.550486631000069 ], [ 90.147069944000066, 23.550382058000025 ], [ 90.147692685000038, 23.550067578000039 ], [ 90.147975323000082, 23.549545666000029 ], [ 90.148995050000053, 23.549386619000074 ], [ 90.149845068000047, 23.549699692000047 ], [ 90.150185172000079, 23.549909377000063 ], [ 90.151092146000053, 23.550220129000024 ], [ 90.151715358000047, 23.550325658000077 ], [ 90.151715897000031, 23.550795362000031 ], [ 90.151263095000047, 23.551107435000063 ], [ 90.15086741600004, 23.551839476000055 ], [ 90.15075429400008, 23.552257351000037 ], [ 90.15001772800008, 23.55210224800004 ], [ 90.147865422000052, 23.552574012000036 ], [ 90.147186312000031, 23.553148240000041 ], [ 90.146903665000082, 23.553672410000047 ], [ 90.147414587000071, 23.554663276000042 ], [ 90.147415227000067, 23.555236856000079 ], [ 90.147699628000055, 23.556282134000071 ], [ 90.148295135000069, 23.556778369000028 ], [ 90.148606288000053, 23.556281269000067 ], [ 90.15041840400005, 23.555757884000059 ], [ 90.152117399000076, 23.555128452000076 ], [ 90.151550093000083, 23.554397349000055 ], [ 90.15087021800008, 23.554294134000031 ], [ 90.151321955000071, 23.553040396000029 ], [ 90.152454388000081, 23.552621522000038 ], [ 90.153134379000051, 23.552830868000058 ], [ 90.153589307000061, 23.554083717000026 ], [ 90.153802358000064, 23.555543235000073 ], [ 90.153879564000079, 23.555548625000029 ], [ 90.15427003700006, 23.554918574000055 ], [ 90.155402352000067, 23.554393546000028 ], [ 90.156988260000048, 23.553974188000041 ], [ 90.157497333000038, 23.553348153000059 ], [ 90.157043824000084, 23.553061822000075 ], [ 90.15707205700005, 23.552083993000053 ], [ 90.15719080000008, 23.551519325000072 ], [ 90.157939823000049, 23.551331136000044 ], [ 90.158621323000034, 23.551267212000027 ], [ 90.158824798000069, 23.550639225000054 ], [ 90.159165207000058, 23.550324988000057 ], [ 90.160119056000042, 23.550387239000031 ], [ 90.160597012000039, 23.551138726000033 ], [ 90.161006004000058, 23.55132799200004 ], [ 90.161911656000086, 23.551337759000035 ], [ 90.162036982000075, 23.550865829000031 ], [ 90.161966522000057, 23.550485899000023 ], [ 90.162045367000076, 23.549742153000068 ], [ 90.162973233000059, 23.549776824000048 ], [ 90.164717282000083, 23.550304960000062 ], [ 90.165916218000064, 23.550261861000024 ], [ 90.16653201400004, 23.550338876000069 ], [ 90.167362417000049, 23.55099522200004 ], [ 90.168289771000047, 23.551436361000071 ], [ 90.169824958000049, 23.551251123000043 ], [ 90.170094731000063, 23.551375105000034 ], [ 90.17087426300003, 23.552263468000035 ], [ 90.17037597500007, 23.552478722000046 ], [ 90.170376462000036, 23.552855841000053 ], [ 90.170172086000036, 23.552982524000072 ], [ 90.169320766000055, 23.553139268000052 ], [ 90.169253290000086, 23.553769378000027 ], [ 90.168981417000055, 23.554270993000046 ], [ 90.16850508300007, 23.554836059000024 ], [ 90.168780408000032, 23.55703524200004 ], [ 90.168576572000063, 23.557349350000038 ], [ 90.167758530000071, 23.556973120000066 ], [ 90.167281305000074, 23.55684717500003 ], [ 90.16694097900006, 23.557224657000063 ], [ 90.166737297000054, 23.557665223000072 ], [ 90.166464935000079, 23.557791977000022 ], [ 90.166397206000056, 23.558230138000056 ], [ 90.166739676000077, 23.559550815000023 ], [ 90.16639910300006, 23.559738610000068 ], [ 90.165922189000071, 23.559865578000029 ], [ 90.164764263000052, 23.559991010000033 ], [ 90.164764651000041, 23.560304898000027 ], [ 90.164492830000086, 23.560871993000035 ], [ 90.164220227000044, 23.561059712000031 ], [ 90.16408427600004, 23.56131051400007 ], [ 90.163403195000058, 23.562002240000027 ], [ 90.16565273100008, 23.562313747000076 ], [ 90.166198574000077, 23.562690283000052 ], [ 90.166403454000033, 23.563193639000076 ], [ 90.167085344000043, 23.563633258000038 ], [ 90.16694971000004, 23.564134722000063 ], [ 90.166950504000056, 23.564762499000039 ], [ 90.167223357000069, 23.565012866000075 ], [ 90.169268171000056, 23.565387770000029 ], [ 90.169337185000074, 23.565954501000078 ], [ 90.169473616000062, 23.566078553000068 ], [ 90.169882503000053, 23.566141335000054 ], [ 90.171517413000061, 23.565888881000035 ], [ 90.173085319000052, 23.566388463000067 ], [ 90.174448077000079, 23.566199510000047 ], [ 90.175061192000044, 23.566011393000053 ], [ 90.17628744700005, 23.565883546000066 ], [ 90.177445889000069, 23.565882229000067 ], [ 90.178604840000048, 23.566258019000031 ], [ 90.179034800000068, 23.566273333000026 ], [ 90.179083419000051, 23.567576253000027 ], [ 90.179016543000046, 23.568393796000066 ], [ 90.178812748000041, 23.568958578000036 ], [ 90.177587392000078, 23.569775188000051 ], [ 90.177247149000038, 23.570215924000024 ], [ 90.176975948000063, 23.571221127000058 ], [ 90.176567543000033, 23.571535480000023 ], [ 90.176431769000033, 23.571912754000039 ], [ 90.176569055000073, 23.572666833000028 ], [ 90.17650160200003, 23.573294684000075 ], [ 90.176537221000046, 23.573823060000052 ], [ 90.17772924500008, 23.573921065000036 ], [ 90.178820147000067, 23.574423388000071 ], [ 90.180319679000036, 23.574545854000064 ], [ 90.180592839000042, 23.574985885000046 ], [ 90.180846333000034, 23.575180009000064 ], [ 90.180908285000044, 23.575778301000071 ], [ 90.181945997000071, 23.576174776000073 ], [ 90.182697017000066, 23.578976573000034 ], [ 90.182849563000048, 23.57985641700003 ], [ 90.183791231000043, 23.579807883000058 ], [ 90.183844463000071, 23.580866909000065 ], [ 90.184373353000069, 23.581074035000029 ], [ 90.185505589000059, 23.581072690000042 ], [ 90.187920563000034, 23.580514273000063 ] ] ] } },
{ "type": "Feature", "properties": { "matched_key": "U_302618542", "navigation_parent_key": "A_302618", "admin_type": "union", "admin_label": "Union", "map_level": "union", "admin_rank": 3, "displayable": 1, "geometry_status": "EXACT/GEOMETRY", "location_label": "Narisha Union" }, "geometry": { "type": "Polygon", "coordinates": [ [ [ 90.181971408000038, 23.591096436000043 ], [ 90.182121972000061, 23.59078463000003 ], [ 90.183022448000031, 23.586815944000023 ], [ 90.18317208600007, 23.585842488000026 ], [ 90.183095395000066, 23.584869300000037 ], [ 90.182829735000041, 23.583894076000036 ], [ 90.182602474000078, 23.583442709000053 ], [ 90.182035587000087, 23.58278172200005 ], [ 90.181090544000085, 23.581949556000041 ], [ 90.180939126000055, 23.581635848000076 ], [ 90.18093888900006, 23.581461965000074 ], [ 90.18097672500005, 23.581358044000069 ], [ 90.181693196000083, 23.581009446000053 ], [ 90.183165138000049, 23.580833840000025 ], [ 90.183844463000071, 23.580866909000065 ], [ 90.183791231000043, 23.579807883000058 ], [ 90.182849563000048, 23.57985641700003 ], [ 90.182697017000066, 23.578976573000034 ], [ 90.181945997000071, 23.576174776000073 ], [ 90.180908285000044, 23.575778301000071 ], [ 90.180846333000034, 23.575180009000064 ], [ 90.180592839000042, 23.574985885000046 ], [ 90.180319679000036, 23.574545854000064 ], [ 90.178820147000067, 23.574423388000071 ], [ 90.17772924500008, 23.573921065000036 ], [ 90.176537221000046, 23.573823060000052 ], [ 90.17650160200003, 23.573294684000075 ], [ 90.176569055000073, 23.572666833000028 ], [ 90.176431769000033, 23.571912754000039 ], [ 90.176567543000033, 23.571535480000023 ], [ 90.176975948000063, 23.571221127000058 ], [ 90.177247149000038, 23.570215924000024 ], [ 90.177587392000078, 23.569775188000051 ], [ 90.178812748000041, 23.568958578000036 ], [ 90.179016543000046, 23.568393796000066 ], [ 90.179083419000051, 23.567576253000027 ], [ 90.179034800000068, 23.566273333000026 ], [ 90.178604840000048, 23.566258019000031 ], [ 90.177445889000069, 23.565882229000067 ], [ 90.17628744700005, 23.565883546000066 ], [ 90.175061192000044, 23.566011393000053 ], [ 90.174448077000079, 23.566199510000047 ], [ 90.173085319000052, 23.566388463000067 ], [ 90.171517413000061, 23.565888881000035 ], [ 90.169882503000053, 23.566141335000054 ], [ 90.169473616000062, 23.566078553000068 ], [ 90.169337185000074, 23.565954501000078 ], [ 90.169268171000056, 23.565387770000029 ], [ 90.167223357000069, 23.565012866000075 ], [ 90.166950504000056, 23.564762499000039 ], [ 90.16694971000004, 23.564134722000063 ], [ 90.167085344000043, 23.563633258000038 ], [ 90.166403454000033, 23.563193639000076 ], [ 90.166198574000077, 23.562690283000052 ], [ 90.16565273100008, 23.562313747000076 ], [ 90.163403195000058, 23.562002240000027 ], [ 90.16408427600004, 23.56131051400007 ], [ 90.164220227000044, 23.561059712000031 ], [ 90.164492830000086, 23.560871993000035 ], [ 90.164764651000041, 23.560304898000027 ], [ 90.164764263000052, 23.559991010000033 ], [ 90.165922189000071, 23.559865578000029 ], [ 90.16639910300006, 23.559738610000068 ], [ 90.166739676000077, 23.559550815000023 ], [ 90.166397206000056, 23.558230138000056 ], [ 90.166464935000079, 23.557791977000022 ], [ 90.166737297000054, 23.557665223000072 ], [ 90.16694097900006, 23.557224657000063 ], [ 90.167281305000074, 23.55684717500003 ], [ 90.167758530000071, 23.556973120000066 ], [ 90.168576572000063, 23.557349350000038 ], [ 90.168780408000032, 23.55703524200004 ], [ 90.16850508300007, 23.554836059000024 ], [ 90.168981417000055, 23.554270993000046 ], [ 90.169253290000086, 23.553769378000027 ], [ 90.169320766000055, 23.553139268000052 ], [ 90.169729491000055, 23.553107208000029 ], [ 90.170376462000036, 23.552855841000053 ], [ 90.17037597500007, 23.552478722000046 ], [ 90.17087426300003, 23.552263468000035 ], [ 90.170707384000082, 23.552024499000026 ], [ 90.170094731000063, 23.551375105000034 ], [ 90.169824958000049, 23.551251123000043 ], [ 90.168289771000047, 23.551436361000071 ], [ 90.167362417000049, 23.55099522200004 ], [ 90.16653201400004, 23.550338876000069 ], [ 90.165916218000064, 23.550261861000024 ], [ 90.164717282000083, 23.550304960000062 ], [ 90.162973233000059, 23.549776824000048 ], [ 90.162045367000076, 23.549742153000068 ], [ 90.161966522000057, 23.550485899000023 ], [ 90.162036982000075, 23.550865829000031 ], [ 90.161911656000086, 23.551337759000035 ], [ 90.161006004000058, 23.55132799200004 ], [ 90.160597012000039, 23.551138726000033 ], [ 90.160119056000042, 23.550387239000031 ], [ 90.159165207000058, 23.550324988000057 ], [ 90.158824798000069, 23.550639225000054 ], [ 90.158621323000034, 23.551267212000027 ], [ 90.157939823000049, 23.551331136000044 ], [ 90.15719080000008, 23.551519325000072 ], [ 90.15707205700005, 23.552083993000053 ], [ 90.157043824000084, 23.553061822000075 ], [ 90.157497333000038, 23.553348153000059 ], [ 90.156988260000048, 23.553974188000041 ], [ 90.155402352000067, 23.554393546000028 ], [ 90.15427003700006, 23.554918574000055 ], [ 90.153879564000079, 23.555548625000029 ], [ 90.153802358000064, 23.555543235000073 ], [ 90.153589307000061, 23.554083717000026 ], [ 90.153134379000051, 23.552830868000058 ], [ 90.152454388000081, 23.552621522000038 ], [ 90.151321955000071, 23.553040396000029 ], [ 90.15087021800008, 23.554294134000031 ], [ 90.151550093000083, 23.554397349000055 ], [ 90.152117399000076, 23.555128452000076 ], [ 90.15041840400005, 23.555757884000059 ], [ 90.148606288000053, 23.556281269000067 ], [ 90.148295135000069, 23.556778369000028 ], [ 90.147699628000055, 23.556282134000071 ], [ 90.147415227000067, 23.555236856000079 ], [ 90.147414587000071, 23.554663276000042 ], [ 90.146903665000082, 23.553672410000047 ], [ 90.147186312000031, 23.553148240000041 ], [ 90.147865422000052, 23.552574012000036 ], [ 90.15001772800008, 23.55210224800004 ], [ 90.15075429400008, 23.552257351000037 ], [ 90.15086741600004, 23.551839476000055 ], [ 90.151263095000047, 23.551107435000063 ], [ 90.151715897000031, 23.550795362000031 ], [ 90.151715358000047, 23.550325658000077 ], [ 90.151092146000053, 23.550220129000024 ], [ 90.150185172000079, 23.549909377000063 ], [ 90.149845068000047, 23.549699692000047 ], [ 90.148995050000053, 23.549386619000074 ], [ 90.147975323000082, 23.549545666000029 ], [ 90.147692685000038, 23.550067578000039 ], [ 90.147069944000066, 23.550382058000025 ], [ 90.146333677000086, 23.550486631000069 ], [ 90.145540173000086, 23.550331558000039 ], [ 90.145198869000069, 23.549024380000048 ], [ 90.144517257000075, 23.547302009000077 ], [ 90.143086065000034, 23.545792596000069 ], [ 90.142142012000079, 23.54654544300007 ], [ 90.135942444000079, 23.555423448000056 ], [ 90.134395849000043, 23.560862531000055 ], [ 90.130405177000057, 23.565398129000073 ], [ 90.133536545000084, 23.565332242000068 ], [ 90.135362394000083, 23.569664136000029 ], [ 90.137181020000071, 23.574883482000075 ], [ 90.137637124000037, 23.577337734000025 ], [ 90.139522598000042, 23.581287884000062 ], [ 90.140053114000068, 23.581937767000056 ], [ 90.141488444000061, 23.585829584000066 ], [ 90.141681506000054, 23.586791395000034 ], [ 90.142333379000036, 23.588083294000057 ], [ 90.144010522000031, 23.587819747000026 ], [ 90.145138716000076, 23.587505136000061 ], [ 90.147510243000056, 23.587711876000071 ], [ 90.148893692000058, 23.588084797000079 ], [ 90.149892231000081, 23.588239183000042 ], [ 90.150482509000085, 23.588531380000063 ], [ 90.151578937000068, 23.589241321000031 ], [ 90.152357862000031, 23.590083011000047 ], [ 90.153091139000082, 23.590685751000024 ], [ 90.154538328000058, 23.591378445000032 ], [ 90.154605968000055, 23.591401743000063 ], [ 90.154614521000042, 23.591284146000078 ], [ 90.155738943000074, 23.591594653000072 ], [ 90.156078860000036, 23.591804326000045 ], [ 90.156419530000051, 23.590841993000026 ], [ 90.156759824000062, 23.590338074000044 ], [ 90.157781963000048, 23.590149609000036 ], [ 90.159077062000051, 23.590272491000064 ], [ 90.160303638000073, 23.590208 ], [ 90.160576457000047, 23.590397406000022 ], [ 90.16030470700008, 23.591088691000039 ], [ 90.160509684000033, 23.591402366000068 ], [ 90.160645980000083, 23.59140222700006 ], [ 90.160850653000068, 23.591715902000033 ], [ 90.161055172000033, 23.591652461000024 ], [ 90.161598434000041, 23.59008245800004 ], [ 90.161802720000082, 23.589831588000038 ], [ 90.162755771000036, 23.589013129000023 ], [ 90.163233027000047, 23.589075855000033 ], [ 90.163233571000035, 23.589513946000068 ], [ 90.163029598000037, 23.590017733000025 ], [ 90.16337087800008, 23.590331263000053 ], [ 90.164530082000056, 23.590770384000052 ], [ 90.164871057000084, 23.591083911000055 ], [ 90.165076990000045, 23.592151815000022 ], [ 90.165213521000055, 23.592339099000071 ], [ 90.165486195000085, 23.592402039000035 ], [ 90.165826547000052, 23.592214245000036 ], [ 90.165757684000084, 23.591523314000028 ], [ 90.167467187000057, 23.590907255000047 ], [ 90.16766597000003, 23.591394809000064 ], [ 90.169439343000079, 23.592585206000024 ], [ 90.171894958000053, 23.59409097300005 ], [ 90.173804682000082, 23.595030512000051 ], [ 90.177326760000085, 23.597564727000076 ], [ 90.177901861000066, 23.596563695000043 ], [ 90.178353270000059, 23.595379890000061 ], [ 90.179483, 23.593222024000056 ], [ 90.180539472000078, 23.592839166000033 ], [ 90.181971408000038, 23.591096436000043 ] ] ] } },
{ "type": "Feature", "properties": { "matched_key": "U_302618551", "navigation_parent_key": "A_302618", "admin_type": "union", "admin_label": "Union", "map_level": "union", "admin_rank": 3, "displayable": 1, "geometry_status": "EXACT/GEOMETRY", "location_label": "Nayabari Union" }, "geometry": { "type": "Polygon", "coordinates": [ [ [ 90.024343720000047, 23.663880663000043 ], [ 90.025017293000076, 23.663833135000061 ], [ 90.027504855000075, 23.664261766000038 ], [ 90.027764155000057, 23.664453664000064 ], [ 90.02771249400007, 23.665072412000029 ], [ 90.027764447000038, 23.665837923000026 ], [ 90.02797163200006, 23.66593272800003 ], [ 90.029268272000081, 23.66602507500005 ], [ 90.029474465000078, 23.665787927000054 ], [ 90.029578062000041, 23.664500751000048 ], [ 90.029733294000039, 23.663879723000036 ], [ 90.030355020000059, 23.663592815000072 ], [ 90.031236033000084, 23.663450376000071 ], [ 90.031339592000052, 23.663353253000025 ], [ 90.031443046000049, 23.662829334000037 ], [ 90.031235785000035, 23.662400326000068 ], [ 90.031339306000064, 23.662160939000046 ], [ 90.031909254000084, 23.661968879000028 ], [ 90.032531025000083, 23.660681591000071 ], [ 90.032686368000043, 23.660584458000073 ], [ 90.032479023000064, 23.659821240000042 ], [ 90.032478646000072, 23.658294715000068 ], [ 90.032582068000067, 23.657673696000074 ], [ 90.032840972000031, 23.657531378000044 ], [ 90.034188426000071, 23.657720773000051 ], [ 90.035639500000059, 23.658054655000058 ], [ 90.035743038000078, 23.657912365000072 ], [ 90.035224749000065, 23.657530854000072 ], [ 90.035172705000036, 23.656575660000044 ], [ 90.035225345000072, 23.65632499000003 ], [ 90.036250707000079, 23.656439921000072 ], [ 90.038074617000063, 23.656477873000028 ], [ 90.039007574000038, 23.65705121600007 ], [ 90.039525772000047, 23.657098506000068 ], [ 90.039629276000085, 23.656861371000048 ], [ 90.039525487000049, 23.656145557000059 ], [ 90.040095337000082, 23.655761520000055 ], [ 90.039991092000037, 23.653566603000058 ], [ 90.04045744900003, 23.653471640000078 ], [ 90.040716277000058, 23.653137361000063 ], [ 90.04061226400006, 23.651705709000055 ], [ 90.040819653000085, 23.651513709000028 ], [ 90.040974712000036, 23.65055846100006 ], [ 90.041751690000069, 23.650224043000037 ], [ 90.042114398000081, 23.649939416000052 ], [ 90.04444710000007, 23.652443079000022 ], [ 90.044654379000065, 23.65284949100004 ], [ 90.044577679000042, 23.655283823000048 ], [ 90.044940829000041, 23.656261505000032 ], [ 90.044992984000032, 23.65733638200004 ], [ 90.045174136000071, 23.657478592000075 ], [ 90.045200225000031, 23.657598269000061 ], [ 90.046003533000032, 23.657979663000049 ], [ 90.045977867000033, 23.658194197000057 ], [ 90.045718793000049, 23.658695586000078 ], [ 90.045718917000045, 23.659054638000043 ], [ 90.049968162000084, 23.658599434000052 ], [ 90.051393002000054, 23.658337019000044 ], [ 90.052792175000036, 23.658264288000055 ], [ 90.053180652000037, 23.65804963000005 ], [ 90.053336225000066, 23.657810207000068 ], [ 90.053387820000069, 23.657333718000075 ], [ 90.053361318000043, 23.65621141400004 ], [ 90.053438811000035, 23.655375863000074 ], [ 90.053568375000054, 23.655233554000063 ], [ 90.053775495000082, 23.65516122300005 ], [ 90.054685261000031, 23.655095417000041 ], [ 90.054783212000075, 23.654099528000074 ], [ 90.055664809000064, 23.654099215000031 ], [ 90.055841175000069, 23.653773974000046 ], [ 90.05522355100004, 23.653369982000072 ], [ 90.055135335000045, 23.652719661000049 ], [ 90.055840692000061, 23.652638114000069 ], [ 90.056193320000034, 23.652475398000036 ], [ 90.056016265000039, 23.651174753000078 ], [ 90.055504863000067, 23.649359436000054 ], [ 90.057191580000051, 23.648876594000058 ], [ 90.057623194000087, 23.648478669000042 ], [ 90.057161321000081, 23.648250001000065 ], [ 90.057161231000066, 23.648049023000056 ], [ 90.056852356000036, 23.647317488000056 ], [ 90.055352341000059, 23.64484081300003 ], [ 90.052750317000061, 23.642527090000044 ], [ 90.052220983000041, 23.641307854000047 ], [ 90.052000263000082, 23.641023398000073 ], [ 90.051558862000036, 23.63976573900004 ], [ 90.051294365000047, 23.639562593000051 ], [ 90.05054485900007, 23.639400250000051 ], [ 90.050368604000084, 23.639197070000023 ], [ 90.050235870000051, 23.63822157900006 ], [ 90.05063496300005, 23.637076556000068 ], [ 90.049696342000061, 23.635866473000078 ], [ 90.049465785000052, 23.635212736000028 ], [ 90.052322183000058, 23.632430460000023 ], [ 90.057096514000079, 23.628401395000026 ], [ 90.056583506000038, 23.627063992000046 ], [ 90.054992300000038, 23.627213604000076 ], [ 90.052391765000039, 23.627742918000024 ], [ 90.050716930000078, 23.627946712000039 ], [ 90.044942359000061, 23.628436258000079 ], [ 90.043074410000031, 23.628396141000053 ], [ 90.036263480000059, 23.629400513000064 ], [ 90.025624189000041, 23.62983620600005 ], [ 90.021086772000046, 23.629620104000026 ], [ 90.018583364000051, 23.629333636000069 ], [ 90.016705864000073, 23.628900281000028 ], [ 90.012950571000033, 23.627818966000063 ], [ 90.01068219800004, 23.627532353000049 ], [ 90.007631078000031, 23.627460271000075 ], [ 90.005989106000072, 23.644396682000036 ], [ 90.008962233000034, 23.645261420000054 ], [ 90.010527108000076, 23.645839414000022 ], [ 90.010605288000079, 23.646415245000071 ], [ 90.011153184000079, 23.646776515000056 ], [ 90.013109020000059, 23.64684862200005 ], [ 90.014204468000059, 23.647063053000068 ], [ 90.014204537000069, 23.647713407000026 ], [ 90.016082396000058, 23.648937155000056 ], [ 90.018586477000042, 23.651386995000053 ], [ 90.019995139000059, 23.653622412000061 ], [ 90.020386612000038, 23.654704026000047 ], [ 90.020778269000061, 23.656865043000039 ], [ 90.020856546000061, 23.657729913000026 ], [ 90.020856947000084, 23.660252290000074 ], [ 90.02052483500006, 23.664660286000071 ], [ 90.020975390000046, 23.665073471000028 ], [ 90.021441931000084, 23.665789245000042 ], [ 90.022375166000074, 23.668033734000062 ], [ 90.022893443000044, 23.668320447000042 ], [ 90.023308078000071, 23.66827296200006 ], [ 90.023359837000044, 23.668081012000073 ], [ 90.023204275000069, 23.667030986000043 ], [ 90.023255948000042, 23.666362559000049 ], [ 90.023411228000043, 23.66583864100005 ], [ 90.023670447000086, 23.665599237000038 ], [ 90.024344013000075, 23.665454608000061 ], [ 90.024395786000071, 23.665359756000043 ], [ 90.024343720000047, 23.663880663000043 ] ] ] } },
{ "type": "Feature", "properties": { "matched_key": "U_302618676", "navigation_parent_key": "A_302618", "admin_type": "union", "admin_label": "Union", "map_level": "union", "admin_rank": 3, "displayable": 1, "geometry_status": "EXACT/GEOMETRY", "location_label": "Raipara Union" }, "geometry": { "type": "Polygon", "coordinates": [ [ [ 90.123787361000041, 23.645623261000026 ], [ 90.123890881000079, 23.644270532000064 ], [ 90.123995749000073, 23.644028825000078 ], [ 90.124520790000076, 23.643883880000033 ], [ 90.124625126000069, 23.643400548000045 ], [ 90.124572134000061, 23.642770560000031 ], [ 90.123784409000052, 23.642482144000041 ], [ 90.123468846000037, 23.642191093000065 ], [ 90.123572582000065, 23.640741262000063 ], [ 90.123519689000034, 23.640208376000032 ], [ 90.123309229000085, 23.639919496000061 ], [ 90.122153624000077, 23.639387481000028 ], [ 90.121891079000079, 23.639096383000037 ], [ 90.121522156000083, 23.637744028000043 ], [ 90.122150975000068, 23.636533151000037 ], [ 90.122413370000061, 23.636340999000026 ], [ 90.126781318000042, 23.635871611000027 ], [ 90.127721295000072, 23.637823113000024 ], [ 90.128013058000079, 23.639077106000059 ], [ 90.128005425000083, 23.639765411000042 ], [ 90.127917443000058, 23.639973096000062 ], [ 90.12796325100004, 23.640098637000051 ], [ 90.128227839000033, 23.640272300000049 ], [ 90.128567598000075, 23.640238145000069 ], [ 90.129473408000081, 23.639715752000029 ], [ 90.129964218000055, 23.639681470000028 ], [ 90.13026645900004, 23.639818966000064 ], [ 90.130984658000045, 23.640443875000074 ], [ 90.131361863000052, 23.640165799000044 ], [ 90.131588320000048, 23.639887852000072 ], [ 90.131928182000081, 23.639957568000057 ], [ 90.132419552000044, 23.640478788000053 ], [ 90.132835168000042, 23.640618437000057 ], [ 90.133024188000036, 23.640896033000047 ], [ 90.133024542000044, 23.641243790000033 ], [ 90.133553490000054, 23.641347212000028 ], [ 90.133817806000081, 23.641243106000047 ], [ 90.133855316000052, 23.641069196000046 ], [ 90.13381699200005, 23.640441456000076 ], [ 90.133665655000073, 23.640163833000031 ], [ 90.132457091000049, 23.64002712000007 ], [ 90.132381165000083, 23.639783302000069 ], [ 90.132494358000031, 23.639609325000038 ], [ 90.132834112000069, 23.639572904000033 ], [ 90.133778079000081, 23.639538221000066 ], [ 90.13453344900006, 23.639641444000063 ], [ 90.134609272000034, 23.639781385000049 ], [ 90.134725002000039, 23.642389474000026 ], [ 90.134649875000036, 23.642633419000049 ], [ 90.133743891000051, 23.642981964000057 ], [ 90.133706489000076, 23.643259752000063 ], [ 90.133782004000068, 23.64339969200006 ], [ 90.134424026000033, 23.643503012000053 ], [ 90.134801538000033, 23.643224931000077 ], [ 90.135216521000075, 23.642736805000027 ], [ 90.135405302000038, 23.642772770000079 ], [ 90.136085655000045, 23.643501566000054 ], [ 90.13635199600003, 23.643280029000039 ], [ 90.13638730100007, 23.643049665000035 ], [ 90.13627355400007, 23.642388121000067 ], [ 90.13612203100007, 23.641936619000035 ], [ 90.135516915000039, 23.641067753000073 ], [ 90.135402794000072, 23.64033620400005 ], [ 90.13544022800005, 23.640092288000062 ], [ 90.135590817000036, 23.639640523000025 ], [ 90.13664797000007, 23.639431843000068 ], [ 90.136912170000073, 23.639221599000052 ], [ 90.13687430400006, 23.639047753000057 ], [ 90.13642075000007, 23.63866652300004 ], [ 90.136420606000058, 23.638526518000049 ], [ 90.136835515000087, 23.638282267000022 ], [ 90.135928454000066, 23.63755367400006 ], [ 90.135928060000083, 23.637169785000026 ], [ 90.135814821000054, 23.636996006000061 ], [ 90.135285961000079, 23.636962596000046 ], [ 90.135059395000042, 23.636822785000049 ], [ 90.134945780000066, 23.636579003000065 ], [ 90.134982757000046, 23.635883453000076 ], [ 90.135549155000035, 23.635779083000045 ], [ 90.135624024000037, 23.635291250000023 ], [ 90.136152882000033, 23.635326918000032 ], [ 90.136417760000086, 23.635778321000032 ], [ 90.136720001000072, 23.635918061000041 ], [ 90.137625985000057, 23.635917259000053 ], [ 90.13845701300005, 23.636020398000028 ], [ 90.138608172000033, 23.636124138000071 ], [ 90.138683835000052, 23.636401825000064 ], [ 90.138533043000052, 23.636645844000043 ], [ 90.136947, 23.636473371000022 ], [ 90.13679613000005, 23.636647383000025 ], [ 90.137099063000051, 23.637448769000059 ], [ 90.137212497000064, 23.637516413000071 ], [ 90.138420791000044, 23.637411464000024 ], [ 90.138609636000069, 23.637515170000029 ], [ 90.138761052000064, 23.637862796000036 ], [ 90.139176520000035, 23.637862423000058 ], [ 90.139252517000045, 23.638453996000067 ], [ 90.138875813000084, 23.639185983000061 ], [ 90.138536118000047, 23.639567916000033 ], [ 90.138536263000049, 23.639707922000071 ], [ 90.138687427000036, 23.639811664000035 ], [ 90.139669389000062, 23.639776910000023 ], [ 90.139933658000075, 23.639636665000069 ], [ 90.140122176000034, 23.639428743000053 ], [ 90.140498280000031, 23.638141244000053 ], [ 90.140837808000072, 23.637897054000064 ], [ 90.142045837000069, 23.637548195000022 ], [ 90.142310024000039, 23.637337941000055 ], [ 90.14261201100004, 23.637233786000024 ], [ 90.144386848000067, 23.637162141000033 ], [ 90.144688719000044, 23.636954108000054 ], [ 90.144688565000081, 23.636814102000073 ], [ 90.144423962000076, 23.636640471000078 ], [ 90.143404, 23.636363660000029 ], [ 90.143290334000085, 23.635805997000034 ], [ 90.143441270000039, 23.635701983000047 ], [ 90.14487573100007, 23.635389020000048 ], [ 90.145328874000086, 23.635388596000041 ], [ 90.145517761000065, 23.635526167000023 ], [ 90.145631354000045, 23.635736072000043 ], [ 90.145820625000056, 23.636221401000057 ], [ 90.146010480000086, 23.637230626000076 ], [ 90.146049207000033, 23.637892233000059 ], [ 90.146162613000058, 23.638206014000048 ], [ 90.146245663000059, 23.638221739000073 ], [ 90.146859103000054, 23.639086042000031 ], [ 90.147211580000032, 23.638923119000026 ], [ 90.147563878000085, 23.638599868000028 ], [ 90.147739995000052, 23.638274522000074 ], [ 90.149149885000043, 23.637622820000047 ], [ 90.149941952000063, 23.636321347000035 ], [ 90.15002908200006, 23.63534799200005 ], [ 90.149323508000066, 23.635104788000035 ], [ 90.148883541000032, 23.635918152000045 ], [ 90.148178423000047, 23.63608141800006 ], [ 90.14738488200004, 23.636082174000023 ], [ 90.146591071000046, 23.635839042000043 ], [ 90.145620100000031, 23.634701840000048 ], [ 90.145354488000066, 23.633889145000069 ], [ 90.145392817000072, 23.633640710000066 ], [ 90.144795343000055, 23.633611913000038 ], [ 90.144668395000053, 23.633514930000047 ], [ 90.143854356000077, 23.633809248000034 ], [ 90.141664292000087, 23.634901963000061 ], [ 90.140656794000051, 23.635088050000036 ], [ 90.139649206000058, 23.634903790000067 ], [ 90.138171647000036, 23.635029313000075 ], [ 90.135018454000033, 23.634578775000023 ], [ 90.132535913000083, 23.634566575000065 ], [ 90.131368039000051, 23.634022666000078 ], [ 90.130830925000055, 23.633879724000053 ], [ 90.130107078000037, 23.633772785000076 ], [ 90.129919905000065, 23.633679268000037 ], [ 90.12957030900003, 23.633882807000077 ], [ 90.12939698100007, 23.633659393000073 ], [ 90.128204380000057, 23.63317261800006 ], [ 90.127675446000069, 23.633048854000037 ], [ 90.126651152000079, 23.632979689000024 ], [ 90.126464874000078, 23.633083328000055 ], [ 90.125159327000063, 23.633184017000076 ], [ 90.125176947000057, 23.633077989000071 ], [ 90.124221971000054, 23.632764871000063 ], [ 90.124356947000081, 23.631321787000047 ], [ 90.124561311000036, 23.631007737000061 ], [ 90.124969960000044, 23.630628035000029 ], [ 90.124969545000056, 23.630189948000066 ], [ 90.124696457000084, 23.629749825000033 ], [ 90.124355287000071, 23.629562669000052 ], [ 90.123946280000041, 23.62956299700005 ], [ 90.123879568000064, 23.630945053000062 ], [ 90.123607068000069, 23.631132699000034 ], [ 90.122788681000031, 23.63107012100005 ], [ 90.12251589400006, 23.630946136000034 ], [ 90.122242050000068, 23.629688548000047 ], [ 90.122240067000064, 23.628568864000044 ], [ 90.12105517100008, 23.627695508000045 ], [ 90.120985902000086, 23.627695563000032 ], [ 90.120277685000076, 23.629198938000059 ], [ 90.120412720000047, 23.629361348000032 ], [ 90.120500770000035, 23.629736366000031 ], [ 90.120228477000069, 23.629898058000038 ], [ 90.120353512000065, 23.630172114000061 ], [ 90.120107215000075, 23.630315702000075 ], [ 90.116791853000052, 23.629717826000046 ], [ 90.116902574000051, 23.627751223000075 ], [ 90.11766456600003, 23.627309710000077 ], [ 90.11778182200004, 23.626876051000067 ], [ 90.116900969000085, 23.625092756000072 ], [ 90.11449371100008, 23.624934898000049 ], [ 90.114338171000043, 23.625040171000023 ], [ 90.112429063000036, 23.625032007000073 ], [ 90.111106518000042, 23.624930451000068 ], [ 90.109739323000042, 23.624597034000033 ], [ 90.109462779000069, 23.624797264000051 ], [ 90.108128527000076, 23.624338748000071 ], [ 90.106179633000067, 23.623822379000046 ], [ 90.105742087000067, 23.624362336000047 ], [ 90.105924211000058, 23.624542867000059 ], [ 90.106146814000056, 23.624599093000029 ], [ 90.106014781000056, 23.624662846000035 ], [ 90.103797600000064, 23.625405226000055 ], [ 90.10198482100003, 23.62615467300003 ], [ 90.10128443900004, 23.626119284000026 ], [ 90.099606149000067, 23.626506158000041 ], [ 90.099565937000079, 23.626877518000072 ], [ 90.098544067000034, 23.628330180000034 ], [ 90.098390298000083, 23.628777396000032 ], [ 90.098214588000076, 23.629791430000068 ], [ 90.097884463000071, 23.630401346000042 ], [ 90.097333995000042, 23.630930106000051 ], [ 90.097157580000044, 23.631011509000075 ], [ 90.096760826000036, 23.631011759000046 ], [ 90.095041447000085, 23.63058602600006 ], [ 90.094600661000072, 23.630708236000032 ], [ 90.094358611000075, 23.631114858000046 ], [ 90.093897299000048, 23.633389120000061 ], [ 90.093919518000064, 23.633612667000023 ], [ 90.09453665400008, 23.633734233000041 ], [ 90.094603156000062, 23.634181314000045 ], [ 90.094541328000048, 23.634693956000035 ], [ 90.095520534000059, 23.633853316000057 ], [ 90.096338651000053, 23.633538922000071 ], [ 90.097088505000045, 23.633728144000031 ], [ 90.098793611000076, 23.63466872500004 ], [ 90.099407439000061, 23.634855762000029 ], [ 90.100293859000033, 23.634918421000066 ], [ 90.099947765000081, 23.635485448000054 ], [ 90.099752677000083, 23.635991402000059 ], [ 90.099753056000054, 23.636494976000051 ], [ 90.099596821000034, 23.636928645000069 ], [ 90.099558399000045, 23.637576765000063 ], [ 90.099636993000047, 23.638188680000042 ], [ 90.099754476000044, 23.638369261000037 ], [ 90.101789341000085, 23.639305080000042 ], [ 90.102259043000061, 23.639699953000047 ], [ 90.103081337000049, 23.640781075000064 ], [ 90.103394624000032, 23.641358959000058 ], [ 90.103551504000052, 23.641754036000066 ], [ 90.103708841000071, 23.642727203000049 ], [ 90.103592226000046, 23.643664425000054 ], [ 90.103289357000051, 23.645044368000072 ], [ 90.111500426000077, 23.645345793000047 ], [ 90.113075628000047, 23.64529497500007 ], [ 90.115280298000073, 23.644665578000058 ], [ 90.11591031100005, 23.644712531000039 ], [ 90.11685587900007, 23.645050544000071 ], [ 90.119324038000059, 23.645437074000029 ], [ 90.123787361000041, 23.645623261000026 ] ] ] } },
{ "type": "Feature", "properties": { "matched_key": "U_302618710", "navigation_parent_key": "A_302618", "admin_type": "union", "admin_label": "Union", "map_level": "union", "admin_rank": 3, "displayable": 1, "geometry_status": "EXACT/GEOMETRY", "location_label": "Sutarpara Union" }, "geometry": { "type": "Polygon", "coordinates": [ [ [ 90.161165217000075, 23.618968651000046 ], [ 90.163493318000064, 23.618776952000076 ], [ 90.165450515000032, 23.618366751000053 ], [ 90.166629916000034, 23.61823415200007 ], [ 90.168088116000035, 23.618208751000054 ], [ 90.169482040000048, 23.618290318000049 ], [ 90.169813144000045, 23.617899004000037 ], [ 90.169811978000041, 23.616993475000072 ], [ 90.169660682000085, 23.616785889000028 ], [ 90.169547597000076, 23.616749882000079 ], [ 90.168905550000034, 23.616786711000032 ], [ 90.168716625000059, 23.616613036000047 ], [ 90.168602966000037, 23.616369279000025 ], [ 90.168827340000064, 23.614560235000056 ], [ 90.168977605000066, 23.613968429000067 ], [ 90.168976892000046, 23.613412917000062 ], [ 90.169089787000075, 23.613062776000049 ], [ 90.170183230000077, 23.611984430000064 ], [ 90.170559862000061, 23.611392374000047 ], [ 90.170594477000066, 23.609025764000023 ], [ 90.170518494000078, 23.608540338000068 ], [ 90.170517146000066, 23.607497060000071 ], [ 90.170818905000033, 23.607286719000058 ], [ 90.171724812000036, 23.607145711000044 ], [ 90.171950954000067, 23.606971582000028 ], [ 90.172063340000079, 23.606242068000029 ], [ 90.172214172000054, 23.606101891000037 ], [ 90.172667077000085, 23.605997512000044 ], [ 90.173422192000032, 23.606030544000077 ], [ 90.173573024000063, 23.605892625000024 ], [ 90.173647921000054, 23.605544783000028 ], [ 90.173798799000053, 23.605440738000027 ], [ 90.175422450000042, 23.605576660000054 ], [ 90.176253545000066, 23.60585347600005 ], [ 90.176555435000068, 23.605749256000024 ], [ 90.176705935000086, 23.605367453000042 ], [ 90.177988596000034, 23.604774345000067 ], [ 90.178252659000066, 23.604564030000063 ], [ 90.180474576000051, 23.600699975000055 ], [ 90.180511202000048, 23.599934408000024 ], [ 90.180322236000052, 23.599726874000055 ], [ 90.178017210000064, 23.598060738000072 ], [ 90.177337560000069, 23.597851505000051 ], [ 90.177261670000064, 23.597677711000074 ], [ 90.177326760000085, 23.597564727000076 ], [ 90.173804682000082, 23.595030512000051 ], [ 90.171894958000053, 23.59409097300005 ], [ 90.169439343000079, 23.592585206000024 ], [ 90.16766597000003, 23.591394809000064 ], [ 90.167467187000057, 23.590907255000047 ], [ 90.165757684000084, 23.591523314000028 ], [ 90.165826547000052, 23.592214245000036 ], [ 90.165486195000085, 23.592402039000035 ], [ 90.165213521000055, 23.592339099000071 ], [ 90.165076990000045, 23.592151815000022 ], [ 90.164871057000084, 23.591083911000055 ], [ 90.164530082000056, 23.590770384000052 ], [ 90.16337087800008, 23.590331263000053 ], [ 90.163029598000037, 23.590017733000025 ], [ 90.163233571000035, 23.589513946000068 ], [ 90.163233027000047, 23.589075855000033 ], [ 90.162755771000036, 23.589013129000023 ], [ 90.161802720000082, 23.589831588000038 ], [ 90.161598434000041, 23.59008245800004 ], [ 90.161055172000033, 23.591652461000024 ], [ 90.160850653000068, 23.591715902000033 ], [ 90.160645980000083, 23.59140222700006 ], [ 90.160509684000033, 23.591402366000068 ], [ 90.16030470700008, 23.591088691000039 ], [ 90.160576457000047, 23.590397406000022 ], [ 90.160303638000073, 23.590208 ], [ 90.159077062000051, 23.590272491000064 ], [ 90.157781963000048, 23.590149609000036 ], [ 90.156759824000062, 23.590338074000044 ], [ 90.156419530000051, 23.590841993000026 ], [ 90.156078860000036, 23.591804326000045 ], [ 90.155738943000074, 23.591594653000072 ], [ 90.154614521000042, 23.591284146000078 ], [ 90.154605968000055, 23.591401743000063 ], [ 90.154538328000058, 23.591378445000032 ], [ 90.153091139000082, 23.590685751000024 ], [ 90.152357862000031, 23.590083011000047 ], [ 90.151578937000068, 23.589241321000031 ], [ 90.150482509000085, 23.588531380000063 ], [ 90.149892231000081, 23.588239183000042 ], [ 90.148893692000058, 23.588084797000079 ], [ 90.147510243000056, 23.587711876000071 ], [ 90.145138716000076, 23.587505136000061 ], [ 90.144010522000031, 23.587819747000026 ], [ 90.142333379000036, 23.588083294000057 ], [ 90.141681506000054, 23.586791395000034 ], [ 90.141488444000061, 23.585829584000066 ], [ 90.140053114000068, 23.581937767000056 ], [ 90.139522598000042, 23.581287884000062 ], [ 90.138065877000031, 23.578218047000064 ], [ 90.137456783000061, 23.578844106000076 ], [ 90.136738124000033, 23.579847378000068 ], [ 90.135777253000072, 23.580600197000024 ], [ 90.134128297000075, 23.582344951000039 ], [ 90.132932631000074, 23.584150273000034 ], [ 90.131072909000068, 23.586545533000049 ], [ 90.130235295000034, 23.588136003000045 ], [ 90.130034157000068, 23.588221981000061 ], [ 90.129187687000069, 23.589238874000046 ], [ 90.127059165000048, 23.587993050000023 ], [ 90.126384784000038, 23.587826305000078 ], [ 90.123772012000074, 23.586288124000077 ], [ 90.119843321000076, 23.589131741000074 ], [ 90.121160408000037, 23.590562801000033 ], [ 90.121581568000067, 23.590222808000078 ], [ 90.122144969000033, 23.591048863000026 ], [ 90.123510926000051, 23.592619481000042 ], [ 90.124628206000068, 23.59353992900003 ], [ 90.125412212000072, 23.593855322000024 ], [ 90.126446840000085, 23.594128409000064 ], [ 90.126462579000076, 23.59431481300004 ], [ 90.128871007000043, 23.596931427000072 ], [ 90.130406212000082, 23.596882346000029 ], [ 90.131111768000039, 23.597053827000025 ], [ 90.131765296000083, 23.597062835000031 ], [ 90.13234632800004, 23.59718661900007 ], [ 90.132424774000071, 23.597271894000073 ], [ 90.133334655000056, 23.596172522000074 ], [ 90.133770968000078, 23.596018588000049 ], [ 90.134442683000032, 23.59603155800005 ], [ 90.135030355000083, 23.596227508000027 ], [ 90.135483642000054, 23.596495840000046 ], [ 90.13593725800007, 23.596789005000062 ], [ 90.136223094000059, 23.597145549000061 ], [ 90.136525262000077, 23.597298840000065 ], [ 90.137247201000037, 23.597298206000062 ], [ 90.137600054000075, 23.597591456000032 ], [ 90.138037209000061, 23.598241426000072 ], [ 90.138104841000086, 23.598767524000039 ], [ 90.137937457000078, 23.59921705000005 ], [ 90.137702699000045, 23.599386626000069 ], [ 90.137215714000035, 23.599418668000055 ], [ 90.13667870200004, 23.599649477000071 ], [ 90.136461112000063, 23.600130661000037 ], [ 90.136562605000051, 23.600826092000034 ], [ 90.136260891000063, 23.601413487000059 ], [ 90.136295305000033, 23.602111235000052 ], [ 90.136437593000039, 23.602372855000056 ], [ 90.137146967000035, 23.60237909600005 ], [ 90.137634772000069, 23.602608098000076 ], [ 90.13952303800005, 23.602835847000051 ], [ 90.139906777000078, 23.602749464000055 ], [ 90.140694714000063, 23.602309005000052 ], [ 90.141680106000081, 23.602202951000038 ], [ 90.144544513000085, 23.603347480000025 ], [ 90.145706994000079, 23.603900857000042 ], [ 90.148188075000064, 23.605437628000061 ], [ 90.15065372600003, 23.606356815000026 ], [ 90.150933759000054, 23.606299183000033 ], [ 90.151151417000051, 23.606126897000024 ], [ 90.151513666000085, 23.605326537000053 ], [ 90.151792396000076, 23.605363197000031 ], [ 90.152045942000086, 23.604864865000025 ], [ 90.152713119000055, 23.604308551000031 ], [ 90.153277145000061, 23.604260197000031 ], [ 90.154009883000072, 23.604331171000069 ], [ 90.154184853000061, 23.604253324000069 ], [ 90.154608111000073, 23.60381109900004 ], [ 90.154826106000087, 23.603765214000077 ], [ 90.154994697000063, 23.603776996000079 ], [ 90.155721288000052, 23.604134760000022 ], [ 90.156265879000046, 23.604054074000032 ], [ 90.156609251000077, 23.603832660000023 ], [ 90.15708795200004, 23.602918027000044 ], [ 90.157314701000075, 23.602768425000079 ], [ 90.157645307000053, 23.602720291000026 ], [ 90.157710308000048, 23.602857647000064 ], [ 90.15766362800008, 23.603064839000069 ], [ 90.157580080000059, 23.603055274000042 ], [ 90.157611460000055, 23.603270337000026 ], [ 90.157736313000044, 23.603578510000034 ], [ 90.157909053000083, 23.604890409000063 ], [ 90.158080738000081, 23.605320422000034 ], [ 90.157860251000045, 23.606371022000076 ], [ 90.157936502000041, 23.606695975000036 ], [ 90.157690975000037, 23.607413205000057 ], [ 90.157898615000079, 23.607544439000037 ], [ 90.15765368700005, 23.608763554000063 ], [ 90.156891317000031, 23.611058661000072 ], [ 90.156439748000082, 23.61300691200006 ], [ 90.155987119000031, 23.614070887000025 ], [ 90.15553404700006, 23.614764422000064 ], [ 90.155405503000054, 23.615732472000047 ], [ 90.155483583000034, 23.615959437000072 ], [ 90.155743122000047, 23.616102572000045 ], [ 90.156017615000053, 23.616117625000072 ], [ 90.155854731000034, 23.618575790000023 ], [ 90.156986915000061, 23.618616751000047 ], [ 90.158487316000048, 23.618935651000072 ], [ 90.161165217000075, 23.618968651000046 ] ] ] } },
{ "type": "Feature", "properties": { "matched_key": "U_302638109", "navigation_parent_key": "A_302638", "admin_type": "union", "admin_label": "Union", "map_level": "union", "admin_rank": 3, "displayable": 1, "geometry_status": "EXACT/GEOMETRY", "location_label": "Aganagar Union" }, "geometry": { "type": "Polygon", "coordinates": [ [ [ 90.403368722000039, 23.709168258000034 ], [ 90.407742706000079, 23.706828681000047 ], [ 90.408216838000044, 23.706305800000052 ], [ 90.408535483000037, 23.706438172000048 ], [ 90.410525889000041, 23.705358044000036 ], [ 90.408332408000035, 23.703631868000059 ], [ 90.406039282000052, 23.70158979200005 ], [ 90.404958414000077, 23.701183902000025 ], [ 90.403748685000039, 23.701132866000023 ], [ 90.403615611000077, 23.700993106000055 ], [ 90.403216451000048, 23.70095232400007 ], [ 90.401062547000038, 23.701264010000045 ], [ 90.400625906000073, 23.701249419000078 ], [ 90.400094004000039, 23.701045547000035 ], [ 90.400125800000069, 23.700934848000031 ], [ 90.399824133000038, 23.700679887000035 ], [ 90.399415743000077, 23.699524245000077 ], [ 90.39911094100006, 23.698291856000026 ], [ 90.39875915500005, 23.698038240000074 ], [ 90.398416190000034, 23.69791007200007 ], [ 90.396686646000035, 23.697551252000039 ], [ 90.396608752000077, 23.697725481000077 ], [ 90.397226575000047, 23.699660171000062 ], [ 90.397314519000076, 23.700419923000027 ], [ 90.397416474000067, 23.700663429000031 ], [ 90.397641657000065, 23.700771084000053 ], [ 90.397620300000085, 23.702079759000071 ], [ 90.397735598000054, 23.702558658000044 ], [ 90.398005242000067, 23.703176751000058 ], [ 90.398742871000081, 23.704438039000024 ], [ 90.397277706000068, 23.705312104000029 ], [ 90.396412943000087, 23.706229835000045 ], [ 90.396872506000079, 23.706595655000058 ], [ 90.397277339000084, 23.707294039000033 ], [ 90.399872504000086, 23.710840308000058 ], [ 90.400513051000075, 23.710616336000044 ], [ 90.401267515000086, 23.710124371000063 ], [ 90.403368722000039, 23.709168258000034 ] ] ] } },
{ "type": "Feature", "properties": { "matched_key": "U_302638143", "navigation_parent_key": "A_302638", "admin_type": "union", "admin_label": "Union", "map_level": "union", "admin_rank": 3, "displayable": 1, "geometry_status": "EXACT/GEOMETRY", "location_label": "Basta Union" }, "geometry": { "type": "Polygon", "coordinates": [ [ [ 90.349061482000081, 23.701974482000026 ], [ 90.349084075000064, 23.700236405000055 ], [ 90.348919222000063, 23.700321469000073 ], [ 90.348417061000077, 23.700093067000068 ], [ 90.348415508000073, 23.699508216000027 ], [ 90.34815999500006, 23.698865225000077 ], [ 90.347778050000045, 23.69863123600004 ], [ 90.34688680000005, 23.697754824000071 ], [ 90.346377969000059, 23.697523373000024 ], [ 90.346377037000082, 23.697171107000031 ], [ 90.346692896000036, 23.696526834000053 ], [ 90.34783669400008, 23.696700401000044 ], [ 90.349550440000087, 23.696111686000052 ], [ 90.350245889000064, 23.69505782300007 ], [ 90.352024766000056, 23.694995077000044 ], [ 90.352341066000065, 23.694526924000058 ], [ 90.352530307000052, 23.694000349000078 ], [ 90.35271812700006, 23.692945374000033 ], [ 90.35303551800007, 23.692885938000074 ], [ 90.35328947000005, 23.692944071000056 ], [ 90.353480912000066, 23.693237192000026 ], [ 90.356084902000077, 23.693172512000046 ], [ 90.356464460000041, 23.692528071000027 ], [ 90.356425366000053, 23.691676847000053 ], [ 90.35865674300004, 23.692784953000057 ], [ 90.359357120000084, 23.693341085000043 ], [ 90.360502107000059, 23.693952637000052 ], [ 90.361051458000077, 23.693978454000046 ], [ 90.361263865000069, 23.693862793000051 ], [ 90.36139032400007, 23.693480875000034 ], [ 90.361356438000087, 23.69275157900006 ], [ 90.360560666000083, 23.69228374100004 ], [ 90.360655659000031, 23.692050932000029 ], [ 90.36094068500006, 23.691815422000047 ], [ 90.361066778000065, 23.691523829000062 ], [ 90.36097071100005, 23.69114243000007 ], [ 90.360684243000037, 23.69085179700005 ], [ 90.360080179000079, 23.690765135000049 ], [ 90.360142650000057, 23.690297558000054 ], [ 90.360394432000078, 23.689565337000033 ], [ 90.360837951000065, 23.689008804000025 ], [ 90.361471575000053, 23.688478924000037 ], [ 90.361883649000049, 23.688304083000048 ], [ 90.362361742000076, 23.687840049000044 ], [ 90.363407220000056, 23.687948248000055 ], [ 90.363979560000075, 23.688093684000023 ], [ 90.365316066000048, 23.689027660000079 ], [ 90.366568880000045, 23.690280220000034 ], [ 90.367445455000052, 23.689607477000038 ], [ 90.367730953000034, 23.689548088000038 ], [ 90.368018048000067, 23.689838707000035 ], [ 90.368303793000052, 23.689867381000056 ], [ 90.368652963000045, 23.689778483000055 ], [ 90.368746422000072, 23.689222760000064 ], [ 90.368905025000061, 23.689163671000074 ], [ 90.369286730000056, 23.689309541000057 ], [ 90.370464265000066, 23.690155786000048 ], [ 90.371036697000079, 23.690328292000061 ], [ 90.371481218000042, 23.69035658100006 ], [ 90.37176671800006, 23.69029718400003 ], [ 90.371923912000057, 23.689741307000077 ], [ 90.372081941000033, 23.689478984000061 ], [ 90.372272754000051, 23.689537235000046 ], [ 90.372910906000072, 23.690617345000078 ], [ 90.373197517000051, 23.690734078000048 ], [ 90.37405496000008, 23.690673298000036 ], [ 90.374373089000073, 23.690878018000035 ], [ 90.374627961000044, 23.691256767000027 ], [ 90.375390806000041, 23.691342988000031 ], [ 90.375834491000035, 23.691077709000069 ], [ 90.376756423000074, 23.691486448000035 ], [ 90.377869024000063, 23.691686969000045 ], [ 90.37809085400005, 23.691657071000066 ], [ 90.378121470000053, 23.691218922000076 ], [ 90.378502344000083, 23.691071212000054 ], [ 90.378694761000077, 23.690833638000072 ], [ 90.376080906000084, 23.688502845000073 ], [ 90.374682365000069, 23.687980090000053 ], [ 90.373664342000041, 23.687397692000047 ], [ 90.37181697300008, 23.685530148000055 ], [ 90.371244229000069, 23.685240223000051 ], [ 90.370355557000039, 23.685301062000065 ], [ 90.369973781000056, 23.685125840000069 ], [ 90.369908546000033, 23.684599852000076 ], [ 90.369971474000067, 23.684306144000061 ], [ 90.369843434000074, 23.683897728000034 ], [ 90.369588547000035, 23.683722203000059 ], [ 90.36927085800005, 23.683664248000071 ], [ 90.369268397000042, 23.68278809800006 ], [ 90.369519983000032, 23.681791662000023 ], [ 90.369708853000077, 23.681382490000033 ], [ 90.370978060000084, 23.680853309000042 ], [ 90.370975747000045, 23.680033612000045 ], [ 90.371038383000041, 23.679857328000026 ], [ 90.372244987000045, 23.679739267000059 ], [ 90.372373030000062, 23.68014768200004 ], [ 90.372310885000047, 23.680497843000069 ], [ 90.372502350000047, 23.68079093800003 ], [ 90.373454907000053, 23.680788647000043 ], [ 90.373836675000064, 23.680963860000077 ], [ 90.374154195000074, 23.68096309200007 ], [ 90.374405293000052, 23.680025361000048 ], [ 90.375103739000053, 23.679906249000055 ], [ 90.375232134000044, 23.680434341000023 ], [ 90.375486179000063, 23.680316301000062 ], [ 90.375612224000065, 23.680022440000073 ], [ 90.375802690000057, 23.679963266000073 ], [ 90.376184962000082, 23.68031460800006 ], [ 90.377835959000038, 23.680193165000048 ], [ 90.380377047000081, 23.680304368000066 ], [ 90.38113947100004, 23.680476370000065 ], [ 90.382093047000069, 23.680826290000027 ], [ 90.382856598000046, 23.681174415000044 ], [ 90.38311105400004, 23.681408633000046 ], [ 90.383301690000053, 23.681408160000046 ], [ 90.38361784600005, 23.680939943000055 ], [ 90.384062419000031, 23.680997554000044 ], [ 90.385015417000034, 23.680936475000067 ], [ 90.385141440000041, 23.680642607000038 ], [ 90.385458442000072, 23.680465683000023 ], [ 90.385457416000065, 23.680115675000025 ], [ 90.384628497000051, 23.67900673500003 ], [ 90.385199701000033, 23.678770471000064 ], [ 90.38754917600005, 23.678764611000076 ], [ 90.388375794000069, 23.678879963000043 ], [ 90.38869313400005, 23.678820452000025 ], [ 90.389035404000083, 23.678072154000063 ], [ 90.388976006000064, 23.677884879000032 ], [ 90.388816814000052, 23.677738500000032 ], [ 90.38808522100004, 23.67741742100003 ], [ 90.387446751000084, 23.676249308000024 ], [ 90.387319696000077, 23.676190914000074 ], [ 90.386621108000043, 23.676251371000035 ], [ 90.38671413600008, 23.67557821500003 ], [ 90.386586744000056, 23.675404656000069 ], [ 90.38595130300007, 23.675259463000032 ], [ 90.385889190000057, 23.67581511800006 ], [ 90.385985924000067, 23.676194243000054 ], [ 90.385987389000036, 23.676693286000045 ], [ 90.38582888600007, 23.676779491000048 ], [ 90.385066209000058, 23.676724936000028 ], [ 90.385096793000059, 23.676284523000049 ], [ 90.385540836000075, 23.676165995000076 ], [ 90.385348936000071, 23.675522905000037 ], [ 90.385157716000037, 23.675320149000072 ], [ 90.38471254600006, 23.675262544000077 ], [ 90.384522190000041, 23.675145593000025 ], [ 90.38439341600008, 23.67470783400006 ], [ 90.384266367000066, 23.674649441000042 ], [ 90.383186463000072, 23.674475979000078 ], [ 90.38305854400005, 23.674329518000036 ], [ 90.383026433000055, 23.674038296000049 ], [ 90.382803594000052, 23.67392142500006 ], [ 90.381309907000059, 23.673516387000063 ], [ 90.38102436500003, 23.673546447000035 ], [ 90.380897379000032, 23.673720634000063 ], [ 90.380614632000061, 23.674717165000061 ], [ 90.380519966000065, 23.674834821000047 ], [ 90.379915881000045, 23.674718880000057 ], [ 90.379597528000033, 23.674426102000041 ], [ 90.379564815000037, 23.674134885000058 ], [ 90.379405894000058, 23.674076561000049 ], [ 90.378294466000057, 23.674020569000049 ], [ 90.378231481000057, 23.674284924000062 ], [ 90.378329708000081, 23.675190196000074 ], [ 90.378043970000078, 23.675367028000039 ], [ 90.377918434000037, 23.675834768000072 ], [ 90.377664927000069, 23.675923453000053 ], [ 90.377219592000074, 23.675807115000055 ], [ 90.377187656000046, 23.67557234800006 ], [ 90.37696440700006, 23.675310947000071 ], [ 90.376803640000048, 23.674609059000034 ], [ 90.376676257000042, 23.674433232000069 ], [ 90.37642147300005, 23.674289333000047 ], [ 90.376135758000032, 23.674260670000024 ], [ 90.375469126000041, 23.674348095000028 ], [ 90.375216676000036, 23.675021633000028 ], [ 90.375123758000086, 23.675753493000059 ], [ 90.374616380000077, 23.676018921000036 ], [ 90.374013405000085, 23.676079091000076 ], [ 90.373822612000083, 23.676020839000046 ], [ 90.373663356000066, 23.675845090000053 ], [ 90.373471652000035, 23.675466185000062 ], [ 90.373756618000073, 23.675230652000039 ], [ 90.373501198000042, 23.674646411000026 ], [ 90.373213794000037, 23.674238381000066 ], [ 90.373023167000042, 23.674238841000033 ], [ 90.372516315000041, 23.674472648000062 ], [ 90.37216561300005, 23.674006059000078 ], [ 90.371528672000068, 23.673540151000054 ], [ 90.371338995000031, 23.673658031000059 ], [ 90.371307780000052, 23.673890692000043 ], [ 90.371468267000068, 23.674504519000038 ], [ 90.371946925000032, 23.675352430000032 ], [ 90.37096335800004, 23.675646087000075 ], [ 90.369242589000066, 23.673604328000067 ], [ 90.368573824000066, 23.672932995000053 ], [ 90.368383034000033, 23.672874739000065 ], [ 90.368230026000049, 23.674923231000037 ], [ 90.367659497000034, 23.67518652900003 ], [ 90.367469364000044, 23.675363117000074 ], [ 90.367343297000048, 23.675654715000064 ], [ 90.367504587000042, 23.676562104000027 ], [ 90.365821263000043, 23.676507373000049 ], [ 90.365820363000068, 23.676184464000073 ], [ 90.366230682000037, 23.675395403000039 ], [ 90.366228724000052, 23.674693130000037 ], [ 90.366068670000061, 23.674226073000057 ], [ 90.366034106000086, 23.673259673000075 ], [ 90.365017779000084, 23.673232714000051 ], [ 90.364794842000038, 23.672853872000076 ], [ 90.364318754000067, 23.672913703000063 ], [ 90.364287689000037, 23.673205078000024 ], [ 90.364192314000036, 23.673293368000031 ], [ 90.363175824000052, 23.673207686000069 ], [ 90.363176392000071, 23.673413176000054 ], [ 90.363050082000086, 23.673618963000024 ], [ 90.362923365000086, 23.673677971000075 ], [ 90.361843372000067, 23.673680498000067 ], [ 90.361462575000076, 23.673622674000057 ], [ 90.360761898000078, 23.672922028000073 ], [ 90.360634940000068, 23.672892968000042 ], [ 90.359872690000032, 23.67298280600005 ], [ 90.359618132000037, 23.672689840000032 ], [ 90.359174951000057, 23.672679578000043 ], [ 90.359142526000085, 23.672925788000043 ], [ 90.359027388000072, 23.673083671000029 ], [ 90.359092663000069, 23.672720777000052 ], [ 90.359039726000049, 23.671579491000045 ], [ 90.358687158000066, 23.669124139000076 ], [ 90.358368713000061, 23.668774866000035 ], [ 90.357921003000058, 23.66754747300007 ], [ 90.357476166000083, 23.667372363000027 ], [ 90.35678484500005, 23.667364157000065 ], [ 90.356120992000058, 23.667507165000075 ], [ 90.354932648000045, 23.668008835000023 ], [ 90.352950443000054, 23.668295027000056 ], [ 90.352878259000079, 23.668428550000044 ], [ 90.352305974000046, 23.664818736000029 ], [ 90.354199107000056, 23.663374672000032 ], [ 90.355699644000083, 23.662119764000067 ], [ 90.355999785000051, 23.661759767000035 ], [ 90.357489054000041, 23.660615979000056 ], [ 90.358027566000032, 23.660088589000054 ], [ 90.359042035000073, 23.659472027000049 ], [ 90.360437700000034, 23.658854575000078 ], [ 90.362085703000048, 23.65773746900004 ], [ 90.362465894000081, 23.65759206000007 ], [ 90.362720232000072, 23.657591464000063 ], [ 90.363673751000078, 23.657997953000063 ], [ 90.36463358900005, 23.657953251000038 ], [ 90.365503868000076, 23.657423515000062 ], [ 90.367624221000085, 23.65635738900005 ], [ 90.367575909000038, 23.655793539000058 ], [ 90.36788996100006, 23.655472435000036 ], [ 90.36866715900004, 23.654194740000037 ], [ 90.368235286000072, 23.654042213000025 ], [ 90.367471438000052, 23.653517878000059 ], [ 90.365497946000062, 23.651709254000025 ], [ 90.363905850000037, 23.649958422000054 ], [ 90.359700650000036, 23.644819665000057 ], [ 90.358236683000086, 23.643479458000058 ], [ 90.35543711400004, 23.641555184000026 ], [ 90.354356577000033, 23.641031506000047 ], [ 90.353529740000056, 23.640507245000038 ], [ 90.352385954000056, 23.640157579000061 ], [ 90.351495715000055, 23.639750873000025 ], [ 90.349970952000035, 23.639460761000066 ], [ 90.34711371800006, 23.639525895000077 ], [ 90.345907769000064, 23.639763436000067 ], [ 90.341974153000081, 23.640883171000041 ], [ 90.338103131000082, 23.64182653000006 ], [ 90.335501426000064, 23.642633824000029 ], [ 90.335970321000048, 23.652035742000066 ], [ 90.336291507000055, 23.65349606500007 ], [ 90.33648330300008, 23.65396534100006 ], [ 90.338394511000047, 23.656241913000031 ], [ 90.338459896000074, 23.657120188000079 ], [ 90.338398874000063, 23.657937770000046 ], [ 90.338020980000067, 23.659225736000053 ], [ 90.337897424000062, 23.660513149000053 ], [ 90.337201590000063, 23.661625669000045 ], [ 90.333593035000035, 23.666021055000044 ], [ 90.333657946000073, 23.666723198000057 ], [ 90.333596300000067, 23.667308189000039 ], [ 90.333406574000037, 23.667658609000057 ], [ 90.33283635500004, 23.668303405000074 ], [ 90.332330470000045, 23.669182909000028 ], [ 90.33195162100003, 23.669886005000023 ], [ 90.331889057000069, 23.670353574000046 ], [ 90.332080122000036, 23.670529298000076 ], [ 90.333477443000049, 23.670467587000076 ], [ 90.337537961000066, 23.66946295300005 ], [ 90.334435136000081, 23.67251365900006 ], [ 90.333422155000051, 23.673800724000046 ], [ 90.331013848000055, 23.675971446000062 ], [ 90.327588473000048, 23.677615880000076 ], [ 90.325369762000037, 23.679433842000037 ], [ 90.324864219000062, 23.680489456000032 ], [ 90.324549734000072, 23.681718544000034 ], [ 90.324238707000063, 23.684349929000064 ], [ 90.323859448000064, 23.68517042600007 ], [ 90.323708450000083, 23.68533784400006 ], [ 90.324941135000074, 23.685811731000058 ], [ 90.325195637000036, 23.686102499000071 ], [ 90.325387442000078, 23.686571786000059 ], [ 90.326213008000082, 23.686511338000059 ], [ 90.326275598000052, 23.686043772000062 ], [ 90.32732648700005, 23.685881227000039 ], [ 90.326848514000062, 23.686686132000034 ], [ 90.326978051000083, 23.687503305000064 ], [ 90.327360626000086, 23.688263490000054 ], [ 90.327299090000054, 23.688907189000076 ], [ 90.326854044000072, 23.688908129000026 ], [ 90.326281701000084, 23.688500613000031 ], [ 90.325899389000085, 23.688090437000028 ], [ 90.325581561000035, 23.687973682000063 ], [ 90.32507337800007, 23.687974750000024 ], [ 90.325010963000068, 23.688268439000069 ], [ 90.324121346000084, 23.688211590000037 ], [ 90.32405889100005, 23.688737868000032 ], [ 90.323741350000034, 23.688738534000038 ], [ 90.323613740000042, 23.688447501000041 ], [ 90.323232449000045, 23.688448296000047 ], [ 90.323106273000064, 23.688739859000066 ], [ 90.323107284000059, 23.689150840000025 ], [ 90.323552145000065, 23.689323787000035 ], [ 90.324759605000054, 23.689497394000057 ], [ 90.324887078000074, 23.68973197400004 ], [ 90.324824225000043, 23.68984726900004 ], [ 90.323998927000048, 23.690025134000052 ], [ 90.323872288000075, 23.690377668000053 ], [ 90.322984272000042, 23.690729536000049 ], [ 90.323240082000041, 23.69154870400007 ], [ 90.325907231000031, 23.691249556000059 ], [ 90.32609700900008, 23.69089914400007 ], [ 90.326350976000072, 23.69072247400004 ], [ 90.326668375000054, 23.690663095000048 ], [ 90.326669391000053, 23.691071815000043 ], [ 90.326416008000081, 23.69148333000004 ], [ 90.326099041000077, 23.691716586000041 ], [ 90.326099626000087, 23.691951431000064 ], [ 90.326226813000062, 23.692068586000062 ], [ 90.326608113000077, 23.692067783000027 ], [ 90.326861176000079, 23.691773691000037 ], [ 90.326860013000044, 23.691306259000044 ], [ 90.327113544000042, 23.690955713000051 ], [ 90.327367336000066, 23.690955176000045 ], [ 90.327685927000061, 23.69112837800003 ], [ 90.327496302000043, 23.691539761000058 ], [ 90.327876403000062, 23.691304110000033 ], [ 90.32819453500008, 23.691538282000067 ], [ 90.327369958000077, 23.692007462000049 ], [ 90.327180939000073, 23.692416584000057 ], [ 90.326863364000076, 23.692652101000078 ], [ 90.326738212000066, 23.693354646000046 ], [ 90.326738791000082, 23.693587232000027 ], [ 90.326866274000054, 23.693821810000031 ], [ 90.327184585000055, 23.69387985000003 ], [ 90.327564840000036, 23.693702911000059 ], [ 90.328070122000042, 23.692532128000039 ], [ 90.32832409100007, 23.692355453000062 ], [ 90.328577734000078, 23.692296204000058 ], [ 90.328705806000073, 23.69276562400006 ], [ 90.328708589000087, 23.693876622000062 ], [ 90.328836829000068, 23.694167649000065 ], [ 90.329091214000073, 23.694401953000067 ], [ 90.330044463000036, 23.694634772000029 ], [ 90.330489528000044, 23.694633821000025 ], [ 90.33080663700008, 23.694457012000044 ], [ 90.330869042000074, 23.694163321000076 ], [ 90.33144085400005, 23.694103385000062 ], [ 90.331885753000051, 23.694278566000037 ], [ 90.33201400300004, 23.694571850000045 ], [ 90.332840503000057, 23.694861374000027 ], [ 90.333221201000072, 23.694860555000048 ], [ 90.333223579000048, 23.695797678000076 ], [ 90.333668941000042, 23.695911883000065 ], [ 90.33404756200008, 23.695093621000069 ], [ 90.334810032000064, 23.695033263000028 ], [ 90.335001287000068, 23.695267694000052 ], [ 90.335002627000051, 23.695793838000043 ], [ 90.334877222000046, 23.696378964000075 ], [ 90.334879757000067, 23.69737254100005 ], [ 90.335325262000083, 23.697780296000076 ], [ 90.33621570300005, 23.698130633000062 ], [ 90.338377147000074, 23.698769493000043 ], [ 90.338502844000061, 23.698301783000034 ], [ 90.339011067000058, 23.698300673000062 ], [ 90.33907496300003, 23.698591832000034 ], [ 90.339392984000085, 23.698767270000076 ], [ 90.339775362000069, 23.699175153000056 ], [ 90.340284499000063, 23.699526302000038 ], [ 90.34034977500005, 23.700111016000051 ], [ 90.341049423000072, 23.700400775000048 ], [ 90.341485641000077, 23.700998218000052 ], [ 90.342957271000046, 23.701333686000055 ], [ 90.343720083000051, 23.701390704000062 ], [ 90.346578054000076, 23.701325620000034 ], [ 90.348231043000055, 23.701613209000072 ], [ 90.349061482000081, 23.701974482000026 ] ] ] } },
{ "type": "Feature", "properties": { "matched_key": "U_302638342", "navigation_parent_key": "A_302638", "admin_type": "union", "admin_label": "Union", "map_level": "union", "admin_rank": 3, "displayable": 1, "geometry_status": "EXACT/GEOMETRY", "location_label": "Hajratpur Union" }, "geometry": { "type": "Polygon", "coordinates": [ [ [ 90.265856737000036, 23.74284308700004 ], [ 90.266841644000067, 23.742841388000045 ], [ 90.269518199000061, 23.74355934600004 ], [ 90.271328710000034, 23.743919737000056 ], [ 90.273139076000064, 23.744205591000025 ], [ 90.274059093000062, 23.744255900000041 ], [ 90.274749095000061, 23.740779413000041 ], [ 90.274744800000065, 23.738731296000026 ], [ 90.274678204000054, 23.737094270000057 ], [ 90.274095407000061, 23.732005472000026 ], [ 90.273142835000044, 23.732183293000048 ], [ 90.272253908000039, 23.73259358100006 ], [ 90.269522861000041, 23.733007088000022 ], [ 90.269077543000037, 23.732949154000039 ], [ 90.264434899000037, 23.730852583000058 ], [ 90.26197529500007, 23.729928674000064 ], [ 90.263287266000077, 23.728865123000048 ], [ 90.264237229000059, 23.727400230000057 ], [ 90.265568936000079, 23.726113071000043 ], [ 90.266773447000048, 23.724706438000055 ], [ 90.269119940000053, 23.722536820000073 ], [ 90.269372954000062, 23.722127655000065 ], [ 90.267655292000086, 23.720843503000026 ], [ 90.267654579000066, 23.72049349100007 ], [ 90.268096128000082, 23.719029452000029 ], [ 90.267587582000033, 23.718912910000029 ], [ 90.267460185000061, 23.718680542000072 ], [ 90.268780978000052, 23.712125133000029 ], [ 90.268906814000047, 23.711598769000034 ], [ 90.269160421000038, 23.711189604000026 ], [ 90.269159821000073, 23.710896049000041 ], [ 90.269031334000033, 23.710428837000052 ], [ 90.268202475000066, 23.70896699900004 ], [ 90.264636009000071, 23.703187783000033 ], [ 90.261105844000042, 23.708102976000077 ], [ 90.257229661000054, 23.713980635000041 ], [ 90.257038298000055, 23.71394708300005 ], [ 90.255828311000073, 23.71600851200003 ], [ 90.255070571000033, 23.718584041000042 ], [ 90.254183831000034, 23.720105228000023 ], [ 90.252789820000032, 23.721862086000044 ], [ 90.251394264000055, 23.723151499000039 ], [ 90.248729721000075, 23.725262651000037 ], [ 90.245302452000033, 23.727140121000048 ], [ 90.239844699000059, 23.730657827000073 ], [ 90.237308141000085, 23.733703451000054 ], [ 90.236292774000049, 23.734289863000072 ], [ 90.233878191000031, 23.734293534000074 ], [ 90.231591371000036, 23.734766669000066 ], [ 90.228160651000053, 23.735121781000032 ], [ 90.226128286000062, 23.735592202000078 ], [ 90.224603973000058, 23.736061856000049 ], [ 90.222191735000081, 23.737469904000022 ], [ 90.220922760000064, 23.738641438000059 ], [ 90.220035995000046, 23.740282110000066 ], [ 90.219530153000051, 23.741802555000049 ], [ 90.21851726400007, 23.744143418000078 ], [ 90.21801178000004, 23.745898702000034 ], [ 90.218013923000058, 23.747185837000075 ], [ 90.218142238000041, 23.748005360000036 ], [ 90.218397620000076, 23.74870727800004 ], [ 90.219162408000045, 23.749993332000031 ], [ 90.221710288000054, 23.753381416000025 ], [ 90.223239399000079, 23.755603476000033 ], [ 90.224003971000059, 23.756889503000025 ], [ 90.224007176000043, 23.758761489000051 ], [ 90.225030332000074, 23.762386559000049 ], [ 90.22554062100005, 23.763438102000066 ], [ 90.226050714000053, 23.764372225000045 ], [ 90.227579017000039, 23.76600938100006 ], [ 90.228216919000033, 23.767410738000024 ], [ 90.229491647000032, 23.76939826000006 ], [ 90.231531866000068, 23.772904346000075 ], [ 90.232805562000067, 23.774424406000037 ], [ 90.233953238000083, 23.77629465900003 ], [ 90.234844059000068, 23.776878160000024 ], [ 90.237464159000069, 23.776788345000057 ], [ 90.243296950000058, 23.775471809000067 ], [ 90.244476704000078, 23.774891867000065 ], [ 90.245733462000032, 23.773512418000053 ], [ 90.248087890000079, 23.770033399000056 ], [ 90.251779551000084, 23.766333133000046 ], [ 90.253428342000063, 23.764447160000032 ], [ 90.255155646000048, 23.762271999000063 ], [ 90.25594003100008, 23.760965503000023 ], [ 90.256565781000063, 23.759153450000042 ], [ 90.256482589000086, 23.756764486000066 ], [ 90.256165401000032, 23.755462073000047 ], [ 90.255533536000087, 23.754449220000026 ], [ 90.25505873600008, 23.753144806000023 ], [ 90.25490046200008, 23.752494726000066 ], [ 90.25489949100006, 23.751995681000039 ], [ 90.255919216000052, 23.750318462000052 ], [ 90.257253558000059, 23.748652004000064 ], [ 90.258981451000068, 23.746910359000026 ], [ 90.26141687300003, 23.745095240000069 ], [ 90.263695815000062, 23.743569390000062 ], [ 90.264560263000078, 23.743134351000037 ], [ 90.265856737000036, 23.74284308700004 ] ] ] } },
{ "type": "Feature", "properties": { "matched_key": "U_302638409", "navigation_parent_key": "A_302638", "admin_type": "union", "admin_label": "Union", "map_level": "union", "admin_rank": 3, "displayable": 1, "geometry_status": "EXACT/GEOMETRY", "location_label": "Jinjira Union" }, "geometry": { "type": "Polygon", "coordinates": [ [ [ 90.394608256000083, 23.711464760000069 ], [ 90.394946751000077, 23.711283252000044 ], [ 90.396785941000076, 23.711429839000061 ], [ 90.398341274000074, 23.711394232000032 ], [ 90.39894232100005, 23.711241381000036 ], [ 90.399872504000086, 23.710840308000058 ], [ 90.397277339000084, 23.707294039000033 ], [ 90.396872506000079, 23.706595655000058 ], [ 90.396412943000087, 23.706229835000045 ], [ 90.397277706000068, 23.705312104000029 ], [ 90.398742871000081, 23.704438039000024 ], [ 90.398005242000067, 23.703176751000058 ], [ 90.397735598000054, 23.702558658000044 ], [ 90.397620300000085, 23.702079759000071 ], [ 90.397641657000065, 23.700771084000053 ], [ 90.397416474000067, 23.700663429000031 ], [ 90.397314519000076, 23.700419923000027 ], [ 90.397226575000047, 23.699660171000062 ], [ 90.397006162000082, 23.698864908000076 ], [ 90.396697012000061, 23.698126070000058 ], [ 90.395327829000053, 23.698344120000058 ], [ 90.395198769000046, 23.697836821000067 ], [ 90.393425023000077, 23.698123334000059 ], [ 90.393435258000068, 23.698367053000027 ], [ 90.393582375000051, 23.698371187000077 ], [ 90.393608373000063, 23.698478995000073 ], [ 90.393548684000052, 23.698661835000053 ], [ 90.391937574000053, 23.699014886000043 ], [ 90.391976217000035, 23.699300426000036 ], [ 90.391040951000036, 23.699462862000075 ], [ 90.390769850000083, 23.699588940000069 ], [ 90.390753974000063, 23.699375684000074 ], [ 90.390113574000054, 23.699209486000029 ], [ 90.390036475000045, 23.699486185000069 ], [ 90.39017057500007, 23.699653286000057 ], [ 90.390076049000072, 23.700063252000064 ], [ 90.389835927000036, 23.700168178000069 ], [ 90.389114674000041, 23.700169991000053 ], [ 90.389115076000053, 23.700588985000024 ], [ 90.388555874000076, 23.700614985000072 ], [ 90.388623342000074, 23.700902963000033 ], [ 90.388396625000041, 23.701054721000048 ], [ 90.387988527000061, 23.701022740000042 ], [ 90.388002008000058, 23.701220641000077 ], [ 90.387726496000084, 23.701435464000042 ], [ 90.386044558000037, 23.700632692000056 ], [ 90.385731644000032, 23.700131599000031 ], [ 90.385377855000058, 23.698790326000051 ], [ 90.384686963000036, 23.698605634000046 ], [ 90.384469448000061, 23.698773465000045 ], [ 90.384149634000039, 23.699457763000055 ], [ 90.383900987000061, 23.699630452000065 ], [ 90.383554964000041, 23.700228777000063 ], [ 90.384438289000059, 23.700301358000047 ], [ 90.383347432000051, 23.701067309000052 ], [ 90.382518471000083, 23.701035488000059 ], [ 90.38180251600005, 23.700863382000023 ], [ 90.380407005000052, 23.700381317000051 ], [ 90.37976535100006, 23.700035143000036 ], [ 90.379477654000084, 23.700007732000074 ], [ 90.379236581000043, 23.701176826000051 ], [ 90.378911955000035, 23.702004517000034 ], [ 90.37872608400005, 23.702349113000025 ], [ 90.37856802500005, 23.702456121000068 ], [ 90.378916736000065, 23.70253696900005 ], [ 90.378981234000037, 23.703004241000031 ], [ 90.378791238000076, 23.703237293000029 ], [ 90.378346757000031, 23.703238380000073 ], [ 90.378220528000043, 23.703473535000057 ], [ 90.377522129000056, 23.703651373000071 ], [ 90.377392661000044, 23.70510592200003 ], [ 90.377847446000033, 23.706340007000051 ], [ 90.377926839000054, 23.707509519000041 ], [ 90.381732431000046, 23.707540828000049 ], [ 90.382898228000045, 23.707641821000038 ], [ 90.387433059000045, 23.708382488000041 ], [ 90.389106773000037, 23.708777979000047 ], [ 90.389891889000069, 23.709098913000048 ], [ 90.390595811000082, 23.709742960000028 ], [ 90.391293947000065, 23.71091090300007 ], [ 90.393280940000068, 23.711282973000039 ], [ 90.394036003000053, 23.711597190000077 ], [ 90.394608256000083, 23.711464760000069 ] ] ] } },
{ "type": "Feature", "properties": { "matched_key": "U_302638443", "navigation_parent_key": "A_302638", "admin_type": "union", "admin_label": "Union", "map_level": "union", "admin_rank": 3, "displayable": 1, "geometry_status": "EXACT/GEOMETRY", "location_label": "Kalatia Union" }, "geometry": { "type": "Polygon", "coordinates": [ [ [ 90.289886796000076, 23.746893876000058 ], [ 90.290585028000066, 23.746481589000041 ], [ 90.290838414000063, 23.746248527000034 ], [ 90.29117345800006, 23.745524479000039 ], [ 90.291336565000051, 23.745524099000079 ], [ 90.291428845000041, 23.745134059000065 ], [ 90.291371790000085, 23.745095818000038 ], [ 90.291786885000079, 23.744198616000062 ], [ 90.29273908600004, 23.743553249000058 ], [ 90.29311874800004, 23.743026388000033 ], [ 90.293688040000063, 23.741738174000034 ], [ 90.294150215000059, 23.741095831000052 ], [ 90.291811968000047, 23.735518309000042 ], [ 90.29208574200004, 23.735481677000053 ], [ 90.292085092000036, 23.735190379000073 ], [ 90.29322837400008, 23.735012081000036 ], [ 90.293417774000034, 23.734426868000071 ], [ 90.293416333000039, 23.733783303000052 ], [ 90.293224312000063, 23.733198812000069 ], [ 90.293250795000063, 23.731051274000038 ], [ 90.296204230000058, 23.730327561000024 ], [ 90.296712046000039, 23.73009174200007 ], [ 90.296901826000067, 23.729682656000023 ], [ 90.29648317300007, 23.729513542000063 ], [ 90.296337380000068, 23.729327412000032 ], [ 90.296430838000049, 23.728762370000027 ], [ 90.296839634000037, 23.728197988000034 ], [ 90.296605191000083, 23.727621945000067 ], [ 90.296250744000076, 23.727232378000053 ], [ 90.296131999000067, 23.72658371700004 ], [ 90.296130148000032, 23.725764021000032 ], [ 90.296382766000079, 23.724943834000044 ], [ 90.297015372000033, 23.723772908000058 ], [ 90.297775426000044, 23.722836579000045 ], [ 90.298346979000087, 23.722600634000059 ], [ 90.298855699000057, 23.722775787000046 ], [ 90.29923700900008, 23.723007637000023 ], [ 90.299555246000068, 23.723007021000058 ], [ 90.300125253000033, 23.722364604000063 ], [ 90.30006022200007, 23.721545028000037 ], [ 90.300313399000061, 23.721250983000061 ], [ 90.300185136000039, 23.720666373000029 ], [ 90.300502086000051, 23.720374459000027 ], [ 90.30101012700004, 23.720256047000078 ], [ 90.301327879000041, 23.720314142000063 ], [ 90.301519239000072, 23.720605068000054 ], [ 90.301648319000037, 23.721541940000066 ], [ 90.301585894000084, 23.72212692100004 ], [ 90.303556001000061, 23.722123064000073 ], [ 90.303745813000035, 23.722005270000068 ], [ 90.30450410900005, 23.720073077000052 ], [ 90.304694397000048, 23.71989882500003 ], [ 90.305265449000046, 23.719721565000043 ], [ 90.305645743000071, 23.719253382000034 ], [ 90.305136756000081, 23.718960829000025 ], [ 90.304628317000038, 23.71890312000005 ], [ 90.304245305000052, 23.71820159400005 ], [ 90.303926748000038, 23.71779349600007 ], [ 90.30341790500006, 23.717559652000034 ], [ 90.302528842000072, 23.71756139300004 ], [ 90.302146930000049, 23.717329550000045 ], [ 90.30214638800004, 23.717094705000022 ], [ 90.302463862000081, 23.717035376000069 ], [ 90.304688687000066, 23.717441988000076 ], [ 90.305477933000077, 23.717440431000057 ], [ 90.306595300000083, 23.71784694300004 ], [ 90.30704058300006, 23.717904773000043 ], [ 90.307549291000043, 23.718077636000032 ], [ 90.307595488000061, 23.718456633000073 ], [ 90.307377606000045, 23.718622177000043 ], [ 90.307613900000035, 23.718698207000045 ], [ 90.307614351000041, 23.718890384000076 ], [ 90.307977673000039, 23.718738693000034 ], [ 90.308596651000073, 23.718666937000023 ], [ 90.309414396000079, 23.718707126000027 ], [ 90.310427426000047, 23.719003832000055 ], [ 90.310420116000046, 23.718657314000041 ], [ 90.310204784000064, 23.718155871000079 ], [ 90.31018875400008, 23.716865367000025 ], [ 90.310320259000036, 23.716062366000074 ], [ 90.314150276000078, 23.715433651000069 ], [ 90.314276771000038, 23.715257259000055 ], [ 90.314922050000064, 23.71536433700004 ], [ 90.315174716000058, 23.715131234000069 ], [ 90.315164461000052, 23.714435754000078 ], [ 90.315037266000047, 23.714320845000032 ], [ 90.314907345000051, 23.713325274000056 ], [ 90.314716153000063, 23.712858228000073 ], [ 90.314460867000037, 23.712508737000064 ], [ 90.314459602000056, 23.711980337000057 ], [ 90.314775653000083, 23.711336125000059 ], [ 90.315346009000052, 23.710634945000038 ], [ 90.315471094000031, 23.709873697000035 ], [ 90.31508763000005, 23.708996066000054 ], [ 90.314323161000061, 23.708004041000038 ], [ 90.31432245700006, 23.707710483000028 ], [ 90.316029940000078, 23.705162088000066 ], [ 90.314507350000042, 23.705298422000055 ], [ 90.314125202000071, 23.704962734000048 ], [ 90.313614855000083, 23.704085357000054 ], [ 90.313424045000033, 23.704027029000031 ], [ 90.313106749000042, 23.704145095000058 ], [ 90.313046059000044, 23.705432354000038 ], [ 90.312601709000035, 23.705491965000078 ], [ 90.31203017100006, 23.705434407000041 ], [ 90.311648271000081, 23.705200331000071 ], [ 90.311646609000036, 23.70450031300004 ], [ 90.311519281000074, 23.704324433000068 ], [ 90.309590296000067, 23.703973776000055 ], [ 90.309548063000079, 23.703743531000043 ], [ 90.309229111000036, 23.703159310000046 ], [ 90.308719629000052, 23.702634182000054 ], [ 90.307509116000062, 23.700938471000029 ], [ 90.306362399000079, 23.699771032000058 ], [ 90.306043334000037, 23.699128092000024 ], [ 90.30585110800007, 23.69819360300005 ], [ 90.305469924000079, 23.698253067000053 ], [ 90.305281164000064, 23.699070885000026 ], [ 90.304202308000072, 23.699657867000042 ], [ 90.304013750000081, 23.700301808000063 ], [ 90.303379353000082, 23.700887911000052 ], [ 90.302934745000073, 23.700832326000068 ], [ 90.302934069000059, 23.700538770000037 ], [ 90.303314316000069, 23.700070591000042 ], [ 90.303440543000079, 23.699776787000076 ], [ 90.303501060000031, 23.698374365000063 ], [ 90.303246368000032, 23.698257439000031 ], [ 90.301340587000084, 23.698085026000058 ], [ 90.297082553000052, 23.69739097300004 ], [ 90.297459629000059, 23.695518251000067 ], [ 90.297837677000075, 23.694347810000068 ], [ 90.298026342000071, 23.693471286000033 ], [ 90.299739741000053, 23.692648273000032 ], [ 90.299929588000055, 23.692295637000029 ], [ 90.299929056000053, 23.692063049000069 ], [ 90.29884304400008, 23.689490867000075 ], [ 90.297695394000073, 23.687562365000076 ], [ 90.294838651000077, 23.688328824000052 ], [ 90.294139649000044, 23.687980142000072 ], [ 90.293249651000053, 23.687746982000078 ], [ 90.290708474000041, 23.687634352000032 ], [ 90.284103467000079, 23.68799887800003 ], [ 90.281181749000041, 23.688236801000073 ], [ 90.280546419000075, 23.688120530000049 ], [ 90.280163878000053, 23.687536363000049 ], [ 90.280162630000063, 23.686951506000071 ], [ 90.280033997000032, 23.686134289000051 ], [ 90.27952382400008, 23.685198081000067 ], [ 90.27778180200005, 23.684094723000044 ], [ 90.277708959000051, 23.684433575000071 ], [ 90.275604758000043, 23.689793656000063 ], [ 90.274890664000054, 23.691292076000025 ], [ 90.274099628000045, 23.692650623000077 ], [ 90.272743536000064, 23.694391788000075 ], [ 90.271051667000052, 23.696235148000028 ], [ 90.268086193000045, 23.699164607000057 ], [ 90.265499860000034, 23.701984970000069 ], [ 90.264636009000071, 23.703187783000033 ], [ 90.268202475000066, 23.70896699900004 ], [ 90.269031334000033, 23.710428837000052 ], [ 90.269159821000073, 23.710896049000041 ], [ 90.269160421000038, 23.711189604000026 ], [ 90.268906814000047, 23.711598769000034 ], [ 90.268780978000052, 23.712125133000029 ], [ 90.267460185000061, 23.718680542000072 ], [ 90.267587582000033, 23.718912910000029 ], [ 90.268096128000082, 23.719029452000029 ], [ 90.267654579000066, 23.72049349100007 ], [ 90.267655292000086, 23.720843503000026 ], [ 90.269372954000062, 23.722127655000065 ], [ 90.269119940000053, 23.722536820000073 ], [ 90.266773447000048, 23.724706438000055 ], [ 90.265568936000079, 23.726113071000043 ], [ 90.264237229000059, 23.727400230000057 ], [ 90.263287266000077, 23.728865123000048 ], [ 90.26197529500007, 23.729928674000064 ], [ 90.264434899000037, 23.730852583000058 ], [ 90.269077543000037, 23.732949154000039 ], [ 90.269522861000041, 23.733007088000022 ], [ 90.272253908000039, 23.73259358100006 ], [ 90.273142835000044, 23.732183293000048 ], [ 90.274095407000061, 23.732005472000026 ], [ 90.274678204000054, 23.737094270000057 ], [ 90.274749095000061, 23.740779413000041 ], [ 90.274059093000062, 23.744255900000041 ], [ 90.275877081000033, 23.744370088000039 ], [ 90.276024562000032, 23.74276429400004 ], [ 90.276277346000086, 23.742237700000032 ], [ 90.276805055000068, 23.741685902000029 ], [ 90.276763570000071, 23.741358250000076 ], [ 90.276979296000036, 23.740246570000068 ], [ 90.277830553000058, 23.739783908000049 ], [ 90.278052196000033, 23.739953806000074 ], [ 90.277997429000038, 23.74044391800004 ], [ 90.280227314000058, 23.740358600000036 ], [ 90.280983151000044, 23.740526131000024 ], [ 90.282104729000082, 23.740545596000061 ], [ 90.282812819000071, 23.740255228000024 ], [ 90.28305698500003, 23.740251832000069 ], [ 90.285011670000074, 23.740643414000033 ], [ 90.285631886000033, 23.741021635000038 ], [ 90.286125546000051, 23.741576223000038 ], [ 90.287272740000049, 23.743154784000069 ], [ 90.28855061400003, 23.746135392000042 ], [ 90.28871100200007, 23.746837367000069 ], [ 90.289441906000036, 23.746777292000047 ], [ 90.289886796000076, 23.746893876000058 ] ] ] } },
{ "type": "Feature", "properties": { "matched_key": "U_302638452", "navigation_parent_key": "A_302638", "admin_type": "union", "admin_label": "Union", "map_level": "union", "admin_rank": 3, "displayable": 1, "geometry_status": "EXACT/GEOMETRY", "location_label": "Kalindi Union" }, "geometry": { "type": "Polygon", "coordinates": [ [ [ 90.366402233000031, 23.70744465100006 ], [ 90.36879594100003, 23.707068634000052 ], [ 90.371347813000057, 23.707125758000075 ], [ 90.376129929000058, 23.70753873600006 ], [ 90.377926839000054, 23.707509519000041 ], [ 90.377847446000033, 23.706340007000051 ], [ 90.377392661000044, 23.70510592200003 ], [ 90.377522129000056, 23.703651373000071 ], [ 90.378220528000043, 23.703473535000057 ], [ 90.378346757000031, 23.703238380000073 ], [ 90.378791238000076, 23.703237293000029 ], [ 90.378981234000037, 23.703004241000031 ], [ 90.378916736000065, 23.70253696900005 ], [ 90.37856802500005, 23.702456121000068 ], [ 90.37872608400005, 23.702349113000025 ], [ 90.378911955000035, 23.702004517000034 ], [ 90.379236581000043, 23.701176826000051 ], [ 90.379477654000084, 23.700007732000074 ], [ 90.37976535100006, 23.700035143000036 ], [ 90.380407005000052, 23.700381317000051 ], [ 90.38180251600005, 23.700863382000023 ], [ 90.382518471000083, 23.701035488000059 ], [ 90.383347432000051, 23.701067309000052 ], [ 90.384438289000059, 23.700301358000047 ], [ 90.383554964000041, 23.700228777000063 ], [ 90.383900987000061, 23.699630452000065 ], [ 90.384149634000039, 23.699457763000055 ], [ 90.384469448000061, 23.698773465000045 ], [ 90.384686963000036, 23.698605634000046 ], [ 90.385377855000058, 23.698790326000051 ], [ 90.385731644000032, 23.700131599000031 ], [ 90.386044558000037, 23.700632692000056 ], [ 90.38766006700007, 23.701439454000024 ], [ 90.38778461000004, 23.701427671000033 ], [ 90.388014397000063, 23.701197667000031 ], [ 90.387988527000061, 23.701022740000042 ], [ 90.388396625000041, 23.701054721000048 ], [ 90.388623342000074, 23.700902963000033 ], [ 90.388555874000076, 23.700614985000072 ], [ 90.389115076000053, 23.700588985000024 ], [ 90.389114674000041, 23.700169991000053 ], [ 90.389835927000036, 23.700168178000069 ], [ 90.390076049000072, 23.700063252000064 ], [ 90.39017057500007, 23.699653286000057 ], [ 90.390036475000045, 23.699486185000069 ], [ 90.390113574000054, 23.699209486000029 ], [ 90.390753974000063, 23.699375684000074 ], [ 90.390769850000083, 23.699588940000069 ], [ 90.391040951000036, 23.699462862000075 ], [ 90.391976217000035, 23.699300426000036 ], [ 90.391937574000053, 23.699014886000043 ], [ 90.393548684000052, 23.698661835000053 ], [ 90.393608373000063, 23.698478995000073 ], [ 90.393582375000051, 23.698371187000077 ], [ 90.393435258000068, 23.698367053000027 ], [ 90.393425023000077, 23.698123334000059 ], [ 90.395198769000046, 23.697836821000067 ], [ 90.395327829000053, 23.698344120000058 ], [ 90.39605109200005, 23.698229214000037 ], [ 90.396054130000039, 23.697695555000053 ], [ 90.395926529000064, 23.697463295000034 ], [ 90.39535384900006, 23.697229912000068 ], [ 90.395288684000036, 23.69676264800006 ], [ 90.393383347000054, 23.696767500000078 ], [ 90.392685005000033, 23.696945409000023 ], [ 90.392240548000075, 23.696946535000052 ], [ 90.391922641000065, 23.69682991600007 ], [ 90.391858007000053, 23.696536526000045 ], [ 90.391984387000036, 23.696362330000056 ], [ 90.391982811000048, 23.695833930000049 ], [ 90.391728492000084, 23.69566069900003 ], [ 90.390839493000044, 23.695836822000047 ], [ 90.390267185000084, 23.695723101000056 ], [ 90.388931308000053, 23.695082897000077 ], [ 90.386958787000083, 23.693918131000032 ], [ 90.386894434000055, 23.693507311000076 ], [ 90.387209399000085, 23.692630373000043 ], [ 90.387208014000066, 23.692160685000033 ], [ 90.386380041000052, 23.691404021000039 ], [ 90.386187326000083, 23.690702227000031 ], [ 90.386376600000062, 23.690234321000048 ], [ 90.386375907000058, 23.689999476000025 ], [ 90.38593068800003, 23.689941874000056 ], [ 90.385424735000072, 23.690704126000071 ], [ 90.385234529000059, 23.690645888000063 ], [ 90.384406397000078, 23.689828243000022 ], [ 90.384023222000053, 23.689185627000029 ], [ 90.383705512000063, 23.689127705000033 ], [ 90.383260811000071, 23.689246229000048 ], [ 90.382753653000066, 23.68959975100006 ], [ 90.382245630000057, 23.689657460000035 ], [ 90.381864617000076, 23.689543234000041 ], [ 90.381800181000074, 23.689308549000032 ], [ 90.381926391000036, 23.689073391000022 ], [ 90.383511965000082, 23.688134607000052 ], [ 90.383637662000069, 23.687725574000069 ], [ 90.383636462000084, 23.687314599000047 ], [ 90.383382509000057, 23.687256517000037 ], [ 90.381350652000037, 23.687555090000046 ], [ 90.380842137000059, 23.687438918000055 ], [ 90.380586727000036, 23.687089537000077 ], [ 90.380142303000071, 23.687090627000032 ], [ 90.376777556000036, 23.687742418000028 ], [ 90.375992531000065, 23.688466927000036 ], [ 90.378694761000077, 23.690833638000072 ], [ 90.378502344000083, 23.691071212000054 ], [ 90.378121470000053, 23.691218922000076 ], [ 90.37809085400005, 23.691657071000066 ], [ 90.377869024000063, 23.691686969000045 ], [ 90.376534341000081, 23.691428277000057 ], [ 90.375834491000035, 23.691077709000069 ], [ 90.375390806000041, 23.691342988000031 ], [ 90.374977633000071, 23.691343988000028 ], [ 90.374627961000044, 23.691256767000027 ], [ 90.374373089000073, 23.690878018000035 ], [ 90.37405496000008, 23.690673298000036 ], [ 90.373197517000051, 23.690734078000048 ], [ 90.372910906000072, 23.690617345000078 ], [ 90.372272754000051, 23.689537235000046 ], [ 90.372081941000033, 23.689478984000061 ], [ 90.371923912000057, 23.689741307000077 ], [ 90.37176671800006, 23.69029718400003 ], [ 90.371481218000042, 23.69035658100006 ], [ 90.371036697000079, 23.690328292000061 ], [ 90.370464265000066, 23.690155786000048 ], [ 90.369286730000056, 23.689309541000057 ], [ 90.368905025000061, 23.689163671000074 ], [ 90.368746422000072, 23.689222760000064 ], [ 90.368652963000045, 23.689778483000055 ], [ 90.368303793000052, 23.689867381000056 ], [ 90.368018048000067, 23.689838707000035 ], [ 90.367730953000034, 23.689548088000038 ], [ 90.367445455000052, 23.689607477000038 ], [ 90.366568880000045, 23.690280220000034 ], [ 90.365316066000048, 23.689027660000079 ], [ 90.363979560000075, 23.688093684000023 ], [ 90.363407220000056, 23.687948248000055 ], [ 90.362361742000076, 23.687840049000044 ], [ 90.361883649000049, 23.688304083000048 ], [ 90.361471575000053, 23.688478924000037 ], [ 90.360837951000065, 23.689008804000025 ], [ 90.360394432000078, 23.689565337000033 ], [ 90.360142650000057, 23.690297558000054 ], [ 90.360080179000079, 23.690765135000049 ], [ 90.360684243000037, 23.69085179700005 ], [ 90.36097071100005, 23.69114243000007 ], [ 90.361066778000065, 23.691523829000062 ], [ 90.36094068500006, 23.691815422000047 ], [ 90.360655659000031, 23.692050932000029 ], [ 90.360560666000083, 23.69228374100004 ], [ 90.361356438000087, 23.69275157900006 ], [ 90.36139032400007, 23.693480875000034 ], [ 90.361263865000069, 23.693862793000051 ], [ 90.361051458000077, 23.693978454000046 ], [ 90.360502107000059, 23.693952637000052 ], [ 90.359357120000084, 23.693341085000043 ], [ 90.35865674300004, 23.692784953000057 ], [ 90.356425366000053, 23.691676847000053 ], [ 90.356464460000041, 23.692528071000027 ], [ 90.356084902000077, 23.693172512000046 ], [ 90.353480912000066, 23.693237192000026 ], [ 90.35328947000005, 23.692944071000056 ], [ 90.35303551800007, 23.692885938000074 ], [ 90.35271812700006, 23.692945374000033 ], [ 90.352530307000052, 23.694000349000078 ], [ 90.352341066000065, 23.694526924000058 ], [ 90.352024766000056, 23.694995077000044 ], [ 90.350245889000064, 23.69505782300007 ], [ 90.349550440000087, 23.696111686000052 ], [ 90.34783669400008, 23.696700401000044 ], [ 90.346692896000036, 23.696526834000053 ], [ 90.346377037000082, 23.697171107000031 ], [ 90.346377969000059, 23.697523373000024 ], [ 90.34688680000005, 23.697754824000071 ], [ 90.347778050000045, 23.69863123600004 ], [ 90.34815999500006, 23.698865225000077 ], [ 90.348415508000073, 23.699508216000027 ], [ 90.348417061000077, 23.700093067000068 ], [ 90.348919222000063, 23.700321469000073 ], [ 90.349084075000064, 23.700236405000055 ], [ 90.349061482000081, 23.701974482000026 ], [ 90.349566639000045, 23.702195054000072 ], [ 90.351030094000066, 23.703128868000078 ], [ 90.352364930000078, 23.703417132000027 ], [ 90.352873801000044, 23.703650819000075 ], [ 90.353827153000054, 23.703881229000046 ], [ 90.354907874000048, 23.704054889000076 ], [ 90.355988617000037, 23.704461129000038 ], [ 90.357006858000034, 23.705102350000061 ], [ 90.357960870000056, 23.705569836000052 ], [ 90.35878733800007, 23.705800511000064 ], [ 90.358852698000078, 23.706385214000022 ], [ 90.35879037400008, 23.706911503000072 ], [ 90.358350359000042, 23.708551923000073 ], [ 90.358420352000053, 23.71083247100006 ], [ 90.35835770400007, 23.711241336000057 ], [ 90.358040913000082, 23.711535625000067 ], [ 90.357568606000086, 23.711732210000037 ], [ 90.357522423000034, 23.711934235000058 ], [ 90.357825527000045, 23.712674396000068 ], [ 90.358471854000072, 23.713633630000061 ], [ 90.358155788000033, 23.713766349000025 ], [ 90.357794606000084, 23.714519180000025 ], [ 90.356782792000047, 23.716043493000029 ], [ 90.356721249000032, 23.716861075000054 ], [ 90.356913051000049, 23.717271611000058 ], [ 90.357041726000034, 23.717914883000049 ], [ 90.357045226000082, 23.719199746000072 ], [ 90.355792718000032, 23.725814419000073 ], [ 90.355105245000061, 23.72804476400006 ], [ 90.355612741000073, 23.727960048000057 ], [ 90.357740087000082, 23.726898340000048 ], [ 90.358355151000069, 23.726013990000069 ], [ 90.35964352600007, 23.720898610000063 ], [ 90.359909959000049, 23.720791861000066 ], [ 90.359846424000068, 23.719760044000054 ], [ 90.360113919000071, 23.717361293000067 ], [ 90.360587070000065, 23.714835608000044 ], [ 90.360717719000036, 23.712624598000048 ], [ 90.360994815000083, 23.711944257000027 ], [ 90.361930345000076, 23.710354610000024 ], [ 90.362897577000069, 23.709374575000027 ], [ 90.364309025000068, 23.708296389000054 ], [ 90.365308789000039, 23.70778143900003 ], [ 90.366402233000031, 23.70744465100006 ] ] ] } },
{ "type": "Feature", "properties": { "matched_key": "U_302638461", "navigation_parent_key": "A_302638", "admin_type": "union", "admin_label": "Union", "map_level": "union", "admin_rank": 3, "displayable": 1, "geometry_status": "EXACT/GEOMETRY", "location_label": "Konda Union" }, "geometry": { "type": "Polygon", "coordinates": [ [ [ 90.431057140000064, 23.685442077000062 ], [ 90.432490147000067, 23.684460318000049 ], [ 90.433024315000068, 23.68472302300006 ], [ 90.435190458000079, 23.68263948200007 ], [ 90.434902713000042, 23.682376090000048 ], [ 90.43727603800005, 23.68104840500007 ], [ 90.438546568000049, 23.680816745000072 ], [ 90.43946439900003, 23.680021650000072 ], [ 90.440224339000054, 23.678880114000037 ], [ 90.441780325000082, 23.677361462000079 ], [ 90.443568614000071, 23.675796245000072 ], [ 90.445421629000066, 23.673741377000056 ], [ 90.447029911000072, 23.671828826000024 ], [ 90.448419889000036, 23.669946106000054 ], [ 90.449102236000044, 23.66918714600007 ], [ 90.45061241500008, 23.667691482000066 ], [ 90.45232861900007, 23.665755468000043 ], [ 90.45277434500008, 23.66556412400007 ], [ 90.452986722000048, 23.665284486000076 ], [ 90.453320204000079, 23.664376005000065 ], [ 90.454786455000033, 23.662211267000032 ], [ 90.456584953000061, 23.660102893000044 ], [ 90.462185500000032, 23.653165228000034 ], [ 90.463798516000054, 23.651497061000043 ], [ 90.465681703000087, 23.649942778000025 ], [ 90.468327644000055, 23.646952249000037 ], [ 90.46944201000008, 23.645170814000039 ], [ 90.471219356000063, 23.643081455000072 ], [ 90.47210571100004, 23.641396289000056 ], [ 90.472580834000041, 23.640783034000037 ], [ 90.472714813000039, 23.63908342700006 ], [ 90.472698926000078, 23.638270917000057 ], [ 90.472552650000068, 23.637267616000031 ], [ 90.471690792000061, 23.635645124000064 ], [ 90.471232907000058, 23.634547173000044 ], [ 90.470894662000035, 23.634261417000062 ], [ 90.470300699000063, 23.633978232000061 ], [ 90.466654075000065, 23.633246320000069 ], [ 90.459217241000033, 23.630811668000035 ], [ 90.45419497000006, 23.628954462000024 ], [ 90.453496063000046, 23.628839084000049 ], [ 90.452735257000086, 23.629076151000049 ], [ 90.451594533000048, 23.629664331000072 ], [ 90.451150098000085, 23.629783047000046 ], [ 90.450261242000067, 23.629668207000066 ], [ 90.445938604000048, 23.628276133000043 ], [ 90.444729614000039, 23.627344734000076 ], [ 90.443075610000051, 23.62635363000004 ], [ 90.442120290000048, 23.62559536200007 ], [ 90.440401464000047, 23.624080525000068 ], [ 90.438108089000082, 23.621865010000079 ], [ 90.435941635000063, 23.61947071000003 ], [ 90.435239317000082, 23.618302966000044 ], [ 90.433833792000087, 23.615500033000046 ], [ 90.433578379000039, 23.615148477000048 ], [ 90.430527039000083, 23.613754664000055 ], [ 90.426288901000078, 23.618562654000073 ], [ 90.423820975000069, 23.621026269000026 ], [ 90.421861075000038, 23.623547181000049 ], [ 90.419899238000085, 23.625483211000073 ], [ 90.417681946000073, 23.62706763400007 ], [ 90.415656087000059, 23.628945073000068 ], [ 90.413377965000052, 23.631290593000074 ], [ 90.411543089000077, 23.633343603000071 ], [ 90.410023564000085, 23.634752192000064 ], [ 90.407487506000052, 23.635987301000057 ], [ 90.406473356000049, 23.636574822000057 ], [ 90.404700045000084, 23.637981762000038 ], [ 90.404007842000055, 23.638855207000063 ], [ 90.405139615000053, 23.646809934000032 ], [ 90.405330742000046, 23.646985572000062 ], [ 90.40596606400004, 23.647130685000036 ], [ 90.406220290000078, 23.64710066400005 ], [ 90.406410060000042, 23.646835966000026 ], [ 90.407172418000073, 23.647039456000073 ], [ 90.407425826000065, 23.646745232000058 ], [ 90.407679982000047, 23.64689134300005 ], [ 90.407872014000077, 23.647358272000076 ], [ 90.407872743000041, 23.647593118000032 ], [ 90.407778302000054, 23.647769500000038 ], [ 90.407365988000038, 23.648003172000074 ], [ 90.407208086000082, 23.648267788000055 ], [ 90.407180923000055, 23.649787586000059 ], [ 90.406960440000034, 23.650228500000026 ], [ 90.406929566000031, 23.650549237000064 ], [ 90.406930475000081, 23.650842794000027 ], [ 90.407025728000065, 23.650928351000061 ], [ 90.407661437000058, 23.651190882000037 ], [ 90.407529099000044, 23.651597695000078 ], [ 90.408076390000076, 23.651804004000041 ], [ 90.409030550000068, 23.652386347000061 ], [ 90.409952824000072, 23.652763277000076 ], [ 90.409890460000042, 23.653203779000023 ], [ 90.409764234000079, 23.653407343000026 ], [ 90.409828364000077, 23.653730088000032 ], [ 90.409955926000066, 23.653759105000063 ], [ 90.410114012000065, 23.653553198000054 ], [ 90.410240961000056, 23.653582218000054 ], [ 90.410274106000031, 23.653990852000049 ], [ 90.411387383000033, 23.654690182000024 ], [ 90.411579079000035, 23.655041941000036 ], [ 90.412120280000067, 23.655449225000041 ], [ 90.412247876000038, 23.655683733000046 ], [ 90.412216369000078, 23.655798982000078 ], [ 90.413963453000065, 23.655941104000078 ], [ 90.415614855000058, 23.656638964000024 ], [ 90.41631738600006, 23.657280646000061 ], [ 90.416761707000035, 23.657279453000058 ], [ 90.417332945000055, 23.657101784000076 ], [ 90.417904312000076, 23.657158954000067 ], [ 90.420511278000049, 23.658262904000026 ], [ 90.421021215000053, 23.658846376000042 ], [ 90.42121331900006, 23.659315545000027 ], [ 90.420964078000054, 23.660718521000035 ], [ 90.421917614000051, 23.661068195000041 ], [ 90.421296626000071, 23.663702863000026 ], [ 90.423069846000033, 23.663930618000052 ], [ 90.423833224000077, 23.664222090000067 ], [ 90.42389729000007, 23.664513214000067 ], [ 90.423580949000041, 23.664866347000043 ], [ 90.423392221000086, 23.665451717000053 ], [ 90.42333153800007, 23.666210615000068 ], [ 90.422951825000041, 23.66668134300005 ], [ 90.422954084000082, 23.667383614000073 ], [ 90.423462365000034, 23.667438679000043 ], [ 90.424096582000061, 23.66720435700006 ], [ 90.424541126000065, 23.667261852000024 ], [ 90.42453998600007, 23.666909587000077 ], [ 90.42441161000005, 23.666442506000067 ], [ 90.424665023000045, 23.666150512000058 ], [ 90.426887006000072, 23.666026986000077 ], [ 90.427270323000073, 23.666669495000065 ], [ 90.427400041000055, 23.667545290000078 ], [ 90.428168208000045, 23.669297732000075 ], [ 90.428362068000069, 23.670293031000028 ], [ 90.428617915000075, 23.670935887000041 ], [ 90.42853834400006, 23.671157406000077 ], [ 90.429095008000047, 23.671196512000051 ], [ 90.429127746000063, 23.671460622000041 ], [ 90.429445623000049, 23.671577163000052 ], [ 90.429699121000056, 23.671312261000026 ], [ 90.430016613000078, 23.671311380000077 ], [ 90.430208290000053, 23.671633759000031 ], [ 90.430557560000068, 23.671603434000076 ], [ 90.430652080000073, 23.671456393000028 ], [ 90.430937800000038, 23.671484952000071 ], [ 90.431097597000075, 23.671805160000076 ], [ 90.431100959000048, 23.672830342000054 ], [ 90.43122882800003, 23.672945152000068 ], [ 90.43148267600003, 23.672973799000033 ], [ 90.431591753000077, 23.672779294000065 ], [ 90.431735858000081, 23.672799218000023 ], [ 90.432117294000079, 23.672856865000028 ], [ 90.43230839000006, 23.673000853000076 ], [ 90.432131045000062, 23.677038873000072 ], [ 90.432234939000068, 23.679554133000067 ], [ 90.432012819000079, 23.679672172000039 ], [ 90.430996341000082, 23.679616294000027 ], [ 90.430870221000077, 23.679849231000048 ], [ 90.431001614000081, 23.681224061000023 ], [ 90.431057140000064, 23.685442077000062 ] ] ] } },
{ "type": "Feature", "properties": { "matched_key": "U_302638677", "navigation_parent_key": "A_302638", "admin_type": "union", "admin_label": "Union", "map_level": "union", "admin_rank": 3, "displayable": 1, "geometry_status": "EXACT/GEOMETRY", "location_label": "Ruhitpur Union" }, "geometry": { "type": "Polygon", "coordinates": [ [ [ 90.305469924000079, 23.698253067000053 ], [ 90.30585110800007, 23.69819360300005 ], [ 90.306043334000037, 23.699128092000024 ], [ 90.306362399000079, 23.699771032000058 ], [ 90.306826511000054, 23.700303034000058 ], [ 90.30801351000008, 23.699300320000077 ], [ 90.308519949000072, 23.698538319000079 ], [ 90.308771554000032, 23.697602947000064 ], [ 90.309277156000064, 23.696490934000053 ], [ 90.309339537000085, 23.695905952000032 ], [ 90.309335263000037, 23.694092675000036 ], [ 90.309205409000072, 23.693097095000041 ], [ 90.308949959000074, 23.692395323000028 ], [ 90.308947900000078, 23.69151916900006 ], [ 90.308801772000038, 23.690119414000037 ], [ 90.309386828000072, 23.689178860000027 ], [ 90.310591498000065, 23.688180607000049 ], [ 90.31217655100005, 23.687066414000071 ], [ 90.312811400000044, 23.686715122000066 ], [ 90.314461982000068, 23.686359510000045 ], [ 90.31528755100004, 23.686299119000068 ], [ 90.316430657000069, 23.686238076000052 ], [ 90.321067524000057, 23.686287245000074 ], [ 90.321702448000053, 23.686227216000077 ], [ 90.323542777000057, 23.685521100000074 ], [ 90.323859448000064, 23.68517042600007 ], [ 90.324238707000063, 23.684349929000064 ], [ 90.324549734000072, 23.681718544000034 ], [ 90.324864219000062, 23.680489456000032 ], [ 90.325369762000037, 23.679433842000037 ], [ 90.327588473000048, 23.677615880000076 ], [ 90.331013848000055, 23.675971446000062 ], [ 90.333422155000051, 23.673800724000046 ], [ 90.334435136000081, 23.67251365900006 ], [ 90.337537961000066, 23.66946295300005 ], [ 90.333477443000049, 23.670467587000076 ], [ 90.332080122000036, 23.670529298000076 ], [ 90.331889057000069, 23.670353574000046 ], [ 90.33195162100003, 23.669886005000023 ], [ 90.332330470000045, 23.669182909000028 ], [ 90.33283635500004, 23.668303405000074 ], [ 90.333406574000037, 23.667658609000057 ], [ 90.333596300000067, 23.667308189000039 ], [ 90.333657946000073, 23.666723198000057 ], [ 90.333593035000035, 23.666021055000044 ], [ 90.337201590000063, 23.661625669000045 ], [ 90.337897424000062, 23.660513149000053 ], [ 90.338020980000067, 23.659225736000053 ], [ 90.338398874000063, 23.657937770000046 ], [ 90.338459896000074, 23.657120188000079 ], [ 90.338394511000047, 23.656241913000031 ], [ 90.33648330300008, 23.65396534100006 ], [ 90.336291507000055, 23.65349606500007 ], [ 90.335970321000048, 23.652035742000066 ], [ 90.335501426000064, 23.642633824000029 ], [ 90.334042981000039, 23.643122474000052 ], [ 90.332266712000035, 23.643946001000074 ], [ 90.331125605000068, 23.644650726000066 ], [ 90.32782964200004, 23.646997170000077 ], [ 90.321936535000077, 23.652158101000055 ], [ 90.319591639000066, 23.653858822000075 ], [ 90.315217062000045, 23.656909508000069 ], [ 90.310145658000067, 23.660054047000074 ], [ 90.303073914000038, 23.66429335600003 ], [ 90.295848556000067, 23.665735167000037 ], [ 90.292414223000037, 23.667354868000075 ], [ 90.289693354000065, 23.668973161000054 ], [ 90.287751889000049, 23.671067939000068 ], [ 90.286524795000048, 23.673632608000048 ], [ 90.284377336000034, 23.676036975000045 ], [ 90.280004745000042, 23.680464137000058 ], [ 90.278762110000059, 23.682135148000043 ], [ 90.278234950000069, 23.683005483000045 ], [ 90.277858897000044, 23.683737798000038 ], [ 90.27778180200005, 23.684094723000044 ], [ 90.27952382400008, 23.685198081000067 ], [ 90.280033997000032, 23.686134289000051 ], [ 90.280162630000063, 23.686951506000071 ], [ 90.280163878000053, 23.687536363000049 ], [ 90.280546419000075, 23.688120530000049 ], [ 90.281181749000041, 23.688236801000073 ], [ 90.284103467000079, 23.68799887800003 ], [ 90.290708474000041, 23.687634352000032 ], [ 90.293249651000053, 23.687746982000078 ], [ 90.294139649000044, 23.687980142000072 ], [ 90.294838651000077, 23.688328824000052 ], [ 90.297695394000073, 23.687562365000076 ], [ 90.29884304400008, 23.689490867000075 ], [ 90.299929056000053, 23.692063049000069 ], [ 90.299929588000055, 23.692295637000029 ], [ 90.299739741000053, 23.692648273000032 ], [ 90.298026342000071, 23.693471286000033 ], [ 90.297837677000075, 23.694347810000068 ], [ 90.297459629000059, 23.695518251000067 ], [ 90.297082553000052, 23.69739097300004 ], [ 90.301340587000084, 23.698085026000058 ], [ 90.303246368000032, 23.698257439000031 ], [ 90.303501060000031, 23.698374365000063 ], [ 90.303440543000079, 23.699776787000076 ], [ 90.303314316000069, 23.700070591000042 ], [ 90.302934069000059, 23.700538770000037 ], [ 90.302934745000073, 23.700832326000068 ], [ 90.303379353000082, 23.700887911000052 ], [ 90.304013750000081, 23.700301808000063 ], [ 90.304202308000072, 23.699657867000042 ], [ 90.305281164000064, 23.699070885000026 ], [ 90.305469924000079, 23.698253067000053 ] ] ] } },
{ "type": "Feature", "properties": { "matched_key": "U_302638711", "navigation_parent_key": "A_302638", "admin_type": "union", "admin_label": "Union", "map_level": "union", "admin_rank": 3, "displayable": 1, "geometry_status": "EXACT/GEOMETRY", "location_label": "Shakta Union" }, "geometry": { "type": "Polygon", "coordinates": [ [ [ 90.347055583000042, 23.743032844000027 ], [ 90.349157971000068, 23.74130219400007 ], [ 90.349906714000042, 23.738893338000025 ], [ 90.351830217000042, 23.739941255000076 ], [ 90.354377755000087, 23.736573099000054 ], [ 90.354957415000058, 23.735271092000062 ], [ 90.356420374000038, 23.732986251000057 ], [ 90.357041217000074, 23.731512211000052 ], [ 90.357504550000044, 23.730067660000032 ], [ 90.357942325000067, 23.729101799000034 ], [ 90.356474930000047, 23.728423235000037 ], [ 90.355105245000061, 23.72804476400006 ], [ 90.355792718000032, 23.725814419000073 ], [ 90.357045226000082, 23.719199746000072 ], [ 90.357041726000034, 23.717914883000049 ], [ 90.356913051000049, 23.717271611000058 ], [ 90.356721249000032, 23.716861075000054 ], [ 90.356782792000047, 23.716043493000029 ], [ 90.357794606000084, 23.714519180000025 ], [ 90.358155788000033, 23.713766349000025 ], [ 90.358471854000072, 23.713633630000061 ], [ 90.357825527000045, 23.712674396000068 ], [ 90.357522423000034, 23.711934235000058 ], [ 90.357568606000086, 23.711732210000037 ], [ 90.358040913000082, 23.711535625000067 ], [ 90.35835770400007, 23.711241336000057 ], [ 90.358420352000053, 23.71083247100006 ], [ 90.358350359000042, 23.708551923000073 ], [ 90.35879037400008, 23.706911503000072 ], [ 90.358852698000078, 23.706385214000022 ], [ 90.35878733800007, 23.705800511000064 ], [ 90.357960870000056, 23.705569836000052 ], [ 90.357006858000034, 23.705102350000061 ], [ 90.355988617000037, 23.704461129000038 ], [ 90.354907874000048, 23.704054889000076 ], [ 90.353827153000054, 23.703881229000046 ], [ 90.352873801000044, 23.703650819000075 ], [ 90.352364930000078, 23.703417132000027 ], [ 90.351030094000066, 23.703128868000078 ], [ 90.349566639000045, 23.702195054000072 ], [ 90.348231043000055, 23.701613209000072 ], [ 90.346578054000076, 23.701325620000034 ], [ 90.345054121000032, 23.701387737000061 ], [ 90.342957271000046, 23.701333686000055 ], [ 90.341485641000077, 23.700998218000052 ], [ 90.341049423000072, 23.700400775000048 ], [ 90.34034977500005, 23.700111016000051 ], [ 90.340284499000063, 23.699526302000038 ], [ 90.339775362000069, 23.699175153000056 ], [ 90.339392984000085, 23.698767270000076 ], [ 90.33907496300003, 23.698591832000034 ], [ 90.339011067000058, 23.698300673000062 ], [ 90.338502844000061, 23.698301783000034 ], [ 90.338377147000074, 23.698769493000043 ], [ 90.33621570300005, 23.698130633000062 ], [ 90.335325262000083, 23.697780296000076 ], [ 90.334879757000067, 23.69737254100005 ], [ 90.334877222000046, 23.696378964000075 ], [ 90.335002627000051, 23.695793838000043 ], [ 90.335001287000068, 23.695267694000052 ], [ 90.334810032000064, 23.695033263000028 ], [ 90.33404756200008, 23.695093621000069 ], [ 90.333668941000042, 23.695911883000065 ], [ 90.333223579000048, 23.695797678000076 ], [ 90.333221201000072, 23.694860555000048 ], [ 90.332840503000057, 23.694861374000027 ], [ 90.33201400300004, 23.694571850000045 ], [ 90.331885753000051, 23.694278566000037 ], [ 90.33144085400005, 23.694103385000062 ], [ 90.330869042000074, 23.694163321000076 ], [ 90.33080663700008, 23.694457012000044 ], [ 90.330489528000044, 23.694633821000025 ], [ 90.330044463000036, 23.694634772000029 ], [ 90.329091214000073, 23.694401953000067 ], [ 90.328836829000068, 23.694167649000065 ], [ 90.328708589000087, 23.693876622000062 ], [ 90.328705806000073, 23.69276562400006 ], [ 90.328577734000078, 23.692296204000058 ], [ 90.32832409100007, 23.692355453000062 ], [ 90.328070122000042, 23.692532128000039 ], [ 90.327564840000036, 23.693702911000059 ], [ 90.327184585000055, 23.69387985000003 ], [ 90.326866274000054, 23.693821810000031 ], [ 90.326738791000082, 23.693587232000027 ], [ 90.326738212000066, 23.693354646000046 ], [ 90.326863364000076, 23.692652101000078 ], [ 90.327180939000073, 23.692416584000057 ], [ 90.327369958000077, 23.692007462000049 ], [ 90.32819453500008, 23.691538282000067 ], [ 90.327876403000062, 23.691304110000033 ], [ 90.327496302000043, 23.691539761000058 ], [ 90.327685927000061, 23.69112837800003 ], [ 90.327367336000066, 23.690955176000045 ], [ 90.327113544000042, 23.690955713000051 ], [ 90.326860013000044, 23.691306259000044 ], [ 90.326861176000079, 23.691773691000037 ], [ 90.326608113000077, 23.692067783000027 ], [ 90.326226813000062, 23.692068586000062 ], [ 90.326099626000087, 23.691951431000064 ], [ 90.326099041000077, 23.691716586000041 ], [ 90.326416008000081, 23.69148333000004 ], [ 90.326669391000053, 23.691071815000043 ], [ 90.326668375000054, 23.690663095000048 ], [ 90.326350976000072, 23.69072247400004 ], [ 90.32609700900008, 23.69089914400007 ], [ 90.325907231000031, 23.691249556000059 ], [ 90.323240082000041, 23.69154870400007 ], [ 90.322984272000042, 23.690729536000049 ], [ 90.323872288000075, 23.690377668000053 ], [ 90.323998927000048, 23.690025134000052 ], [ 90.324824225000043, 23.68984726900004 ], [ 90.324887078000074, 23.68973197400004 ], [ 90.324759605000054, 23.689497394000057 ], [ 90.323552145000065, 23.689323787000035 ], [ 90.323107284000059, 23.689150840000025 ], [ 90.323106273000064, 23.688739859000066 ], [ 90.323232449000045, 23.688448296000047 ], [ 90.323613740000042, 23.688447501000041 ], [ 90.323741350000034, 23.688738534000038 ], [ 90.32405889100005, 23.688737868000032 ], [ 90.324121346000084, 23.688211590000037 ], [ 90.325010963000068, 23.688268439000069 ], [ 90.32507337800007, 23.687974750000024 ], [ 90.325581561000035, 23.687973682000063 ], [ 90.325899389000085, 23.688090437000028 ], [ 90.326281701000084, 23.688500613000031 ], [ 90.326854044000072, 23.688908129000026 ], [ 90.327299090000054, 23.688907189000076 ], [ 90.327360626000086, 23.688263490000054 ], [ 90.326978051000083, 23.687503305000064 ], [ 90.326848514000062, 23.686686132000034 ], [ 90.32732648700005, 23.685881227000039 ], [ 90.326275598000052, 23.686043772000062 ], [ 90.326213008000082, 23.686511338000059 ], [ 90.325387442000078, 23.686571786000059 ], [ 90.325195637000036, 23.686102499000071 ], [ 90.324941135000074, 23.685811731000058 ], [ 90.323708450000083, 23.68533784400006 ], [ 90.323542777000057, 23.685521100000074 ], [ 90.321702448000053, 23.686227216000077 ], [ 90.319860528000049, 23.686289746000057 ], [ 90.316430657000069, 23.686238076000052 ], [ 90.314461982000068, 23.686359510000045 ], [ 90.312811400000044, 23.686715122000066 ], [ 90.31217655100005, 23.687066414000071 ], [ 90.310591498000065, 23.688180607000049 ], [ 90.309386828000072, 23.689178860000027 ], [ 90.308801772000038, 23.690119414000037 ], [ 90.308947900000078, 23.69151916900006 ], [ 90.308949959000074, 23.692395323000028 ], [ 90.309205409000072, 23.693097095000041 ], [ 90.309335263000037, 23.694092675000036 ], [ 90.309277156000064, 23.696490934000053 ], [ 90.308771554000032, 23.697602947000064 ], [ 90.308519949000072, 23.698538319000079 ], [ 90.308266494000065, 23.698949805000041 ], [ 90.30801351000008, 23.699300320000077 ], [ 90.306826511000054, 23.700303034000058 ], [ 90.307509116000062, 23.700938471000029 ], [ 90.308719629000052, 23.702634182000054 ], [ 90.309229111000036, 23.703159310000046 ], [ 90.309548063000079, 23.703743531000043 ], [ 90.309590296000067, 23.703973776000055 ], [ 90.311519281000074, 23.704324433000068 ], [ 90.311646609000036, 23.70450031300004 ], [ 90.311648271000081, 23.705200331000071 ], [ 90.31203017100006, 23.705434407000041 ], [ 90.312601709000035, 23.705491965000078 ], [ 90.313046059000044, 23.705432354000038 ], [ 90.313106749000042, 23.704145095000058 ], [ 90.313424045000033, 23.704027029000031 ], [ 90.313614855000083, 23.704085357000054 ], [ 90.314125202000071, 23.704962734000048 ], [ 90.314507350000042, 23.705298422000055 ], [ 90.316029940000078, 23.705162088000066 ], [ 90.31432245700006, 23.707710483000028 ], [ 90.314323161000061, 23.708004041000038 ], [ 90.31508763000005, 23.708996066000054 ], [ 90.315471094000031, 23.709873697000035 ], [ 90.315346009000052, 23.710634945000038 ], [ 90.314775653000083, 23.711336125000059 ], [ 90.314459602000056, 23.711980337000057 ], [ 90.314460867000037, 23.712508737000064 ], [ 90.314716153000063, 23.712858228000073 ], [ 90.314907345000051, 23.713325274000056 ], [ 90.315037266000047, 23.714320845000032 ], [ 90.315164461000052, 23.714435754000078 ], [ 90.315174716000058, 23.715131234000069 ], [ 90.316117409000071, 23.714492522000057 ], [ 90.316942449000067, 23.714140820000068 ], [ 90.318211621000046, 23.713377224000055 ], [ 90.319354393000083, 23.713083571000027 ], [ 90.319416687000057, 23.712731174000055 ], [ 90.320115502000078, 23.712671021000062 ], [ 90.320243280000057, 23.713023023000062 ], [ 90.321260407000068, 23.713253502000043 ], [ 90.321326613000053, 23.71424920100003 ], [ 90.321962820000067, 23.714656600000069 ], [ 90.322090315000082, 23.714891182000031 ], [ 90.322092032000057, 23.715591198000027 ], [ 90.322283294000044, 23.715825644000063 ], [ 90.322538036000083, 23.715942536000057 ], [ 90.324888659000067, 23.715878908000036 ], [ 90.32539723900004, 23.715995263000025 ], [ 90.32584249000007, 23.716285623000033 ], [ 90.326161117000083, 23.716695931000061 ], [ 90.327182807000042, 23.718739639000034 ], [ 90.327311190000046, 23.719324225000037 ], [ 90.327816530000064, 23.719363799000064 ], [ 90.327823006000074, 23.720727697000029 ], [ 90.327633628000058, 23.721254242000043 ], [ 90.327442934000032, 23.721254646000034 ], [ 90.326870740000061, 23.720964557000059 ], [ 90.326426925000078, 23.721256794000055 ], [ 90.326427946000081, 23.721667771000057 ], [ 90.326810611000042, 23.722425693000048 ], [ 90.326748483000074, 23.722836803000064 ], [ 90.326305940000054, 23.723890026000049 ], [ 90.325988460000076, 23.723949406000031 ], [ 90.326563395000051, 23.725088546000052 ], [ 90.327264611000032, 23.72596548100006 ], [ 90.327645835000055, 23.726138545000026 ], [ 90.328758739000079, 23.726371032000031 ], [ 90.32978029700007, 23.727201854000043 ], [ 90.32971335600007, 23.727337207000062 ], [ 90.329033655000046, 23.727792506000071 ], [ 90.32901105500008, 23.728360907000024 ], [ 90.329291056000045, 23.729072806000033 ], [ 90.329265286000066, 23.729526389000057 ], [ 90.329369618000044, 23.729723332000049 ], [ 90.330301573000042, 23.730581078000057 ], [ 90.330718256000068, 23.731288210000059 ], [ 90.331601159000058, 23.730884822000064 ], [ 90.33213825200005, 23.730778515000054 ], [ 90.331988184000068, 23.729949551000061 ], [ 90.33229861600006, 23.729729924000026 ], [ 90.332513302000052, 23.728790490000051 ], [ 90.333659296000064, 23.729722887000037 ], [ 90.334073867000086, 23.730221036000046 ], [ 90.334340416000032, 23.73110790100003 ], [ 90.335156181000059, 23.731182914000044 ], [ 90.338208542000075, 23.732054678000054 ], [ 90.338781272000062, 23.732286011000042 ], [ 90.340560508000067, 23.732399524000073 ], [ 90.34185179900004, 23.732109894000075 ], [ 90.340060201000085, 23.735501028000044 ], [ 90.339808144000074, 23.736203859000057 ], [ 90.33968483600006, 23.737841267000078 ], [ 90.339887877000081, 23.74021853000005 ], [ 90.339396478000083, 23.74219123000006 ], [ 90.339618905000066, 23.742939847000059 ], [ 90.339859520000061, 23.742770364000023 ], [ 90.341278748000036, 23.743997914000033 ], [ 90.344096968000031, 23.745723643000076 ], [ 90.344724291000034, 23.745234491000076 ], [ 90.347055583000042, 23.743032844000027 ] ] ] } },
{ "type": "Feature", "properties": { "matched_key": "U_302638720", "navigation_parent_key": "A_302638", "admin_type": "union", "admin_label": "Union", "map_level": "union", "admin_rank": 3, "displayable": 1, "geometry_status": "EXACT/GEOMETRY", "location_label": "Shubhadhya Union" }, "geometry": { "type": "Polygon", "coordinates": [ [ [ 90.41444167800006, 23.70237441300003 ], [ 90.414604472000065, 23.702357425000059 ], [ 90.417156876000035, 23.699907279000058 ], [ 90.417311619000031, 23.699985900000058 ], [ 90.417500648000043, 23.699858934000076 ], [ 90.417499295000084, 23.699432152000043 ], [ 90.419057396000085, 23.697804355000073 ], [ 90.419262487000083, 23.697331853000037 ], [ 90.42554132500004, 23.691086828000039 ], [ 90.425621506000084, 23.690481433000059 ], [ 90.426765633000059, 23.689234058000068 ], [ 90.430609809000032, 23.686050755000053 ], [ 90.430444902000033, 23.685861533000036 ], [ 90.431057140000064, 23.685442077000062 ], [ 90.431001614000081, 23.681224061000023 ], [ 90.430870221000077, 23.679849231000048 ], [ 90.430996341000082, 23.679616294000027 ], [ 90.432012819000079, 23.679672172000039 ], [ 90.432234939000068, 23.679554133000067 ], [ 90.432131045000062, 23.677038873000072 ], [ 90.432340745000033, 23.673147541000048 ], [ 90.43230839000006, 23.673000853000076 ], [ 90.432117294000079, 23.672856865000028 ], [ 90.431591753000077, 23.672779294000065 ], [ 90.43148267600003, 23.672973799000033 ], [ 90.431387673000074, 23.672974064000073 ], [ 90.431100959000048, 23.672830342000054 ], [ 90.431097597000075, 23.671805160000076 ], [ 90.430937800000038, 23.671484952000071 ], [ 90.430652080000073, 23.671456393000028 ], [ 90.430557560000068, 23.671603434000076 ], [ 90.430208290000053, 23.671633759000031 ], [ 90.430016613000078, 23.671311380000077 ], [ 90.429699121000056, 23.671312261000026 ], [ 90.429445623000049, 23.671577163000052 ], [ 90.429127746000063, 23.671460622000041 ], [ 90.429095008000047, 23.671196512000051 ], [ 90.42853834400006, 23.671157406000077 ], [ 90.427922995000074, 23.672107520000054 ], [ 90.426590786000077, 23.672578626000075 ], [ 90.426401491000036, 23.672987867000074 ], [ 90.426340638000056, 23.67369031100003 ], [ 90.426406619000034, 23.674568540000053 ], [ 90.426282964000052, 23.675562456000023 ], [ 90.426093672000036, 23.675973954000028 ], [ 90.425777491000076, 23.676383544000032 ], [ 90.425651936000065, 23.676792611000053 ], [ 90.424700174000066, 23.677030068000079 ], [ 90.424510679000036, 23.677380596000035 ], [ 90.423811725000064, 23.677323799000078 ], [ 90.423621854000032, 23.677559161000033 ], [ 90.423623172000077, 23.67796787900005 ], [ 90.423929304000069, 23.678050592000034 ], [ 90.423941915000057, 23.678348628000037 ], [ 90.423910419000038, 23.678466138000033 ], [ 90.423720490000051, 23.678493755000034 ], [ 90.423627038000063, 23.679166934000023 ], [ 90.42340533600003, 23.679226251000046 ], [ 90.423214519000055, 23.679168060000052 ], [ 90.423180568000078, 23.678524589000062 ], [ 90.423084579000033, 23.678409686000066 ], [ 90.422703840000054, 23.678381369000078 ], [ 90.421718489000057, 23.678090500000053 ], [ 90.421177355000054, 23.677741963000074 ], [ 90.420986729000049, 23.677742481000053 ], [ 90.420764508000047, 23.677831149000042 ], [ 90.420733619000032, 23.677946400000053 ], [ 90.420893123000042, 23.678180810000072 ], [ 90.421115296000039, 23.678268272000025 ], [ 90.421211479000078, 23.67844414700005 ], [ 90.421149139000079, 23.678882392000048 ], [ 90.420705308000038, 23.679059731000052 ], [ 90.420516174000056, 23.679527678000056 ], [ 90.420357605000049, 23.679586820000054 ], [ 90.420007935000058, 23.679499701000054 ], [ 90.419943904000036, 23.679411807000065 ], [ 90.419969704000039, 23.677510396000059 ], [ 90.419333934000065, 23.677277272000026 ], [ 90.419079654000086, 23.677307317000043 ], [ 90.418919128000084, 23.676752252000028 ], [ 90.418697057000031, 23.676694139000062 ], [ 90.418505783000057, 23.676491428000077 ], [ 90.418345354000053, 23.675965716000064 ], [ 90.418090606000078, 23.675848984000027 ], [ 90.417709969000043, 23.675850010000033 ], [ 90.417426416000069, 23.676697569000055 ], [ 90.417204620000064, 23.676727524000057 ], [ 90.417016406000073, 23.677489019000063 ], [ 90.416921162000051, 23.677606698000034 ], [ 90.415460402000065, 23.677581266000061 ], [ 90.414794067000059, 23.677759187000049 ], [ 90.414734440000075, 23.678870342000039 ], [ 90.41448080400005, 23.679105867000033 ], [ 90.411815038000043, 23.679697834000024 ], [ 90.41114581000005, 23.67974025500007 ], [ 90.410354525000059, 23.679758161000052 ], [ 90.408319584000083, 23.679004810000038 ], [ 90.405266393000034, 23.677608271000054 ], [ 90.40202503900008, 23.676797017000069 ], [ 90.401578788000052, 23.67638945300007 ], [ 90.401190648000068, 23.673933614000077 ], [ 90.400934494000069, 23.673349421000069 ], [ 90.400810808000074, 23.672787466000045 ], [ 90.400995740000042, 23.672529560000044 ], [ 90.401118866000047, 23.671300820000056 ], [ 90.40130823800007, 23.670891608000034 ], [ 90.401782690000061, 23.670305523000025 ], [ 90.401686881000046, 23.670041569000034 ], [ 90.401368777000073, 23.670042394000063 ], [ 90.396798437000086, 23.670727088000035 ], [ 90.395433203000039, 23.670848002000071 ], [ 90.395341187000042, 23.671841814000061 ], [ 90.395214140000064, 23.671988916000032 ], [ 90.394801728000061, 23.672019325000065 ], [ 90.39473851200006, 23.672195621000071 ], [ 90.394772494000051, 23.672897811000041 ], [ 90.395979181000087, 23.672836021000023 ], [ 90.39626833300008, 23.674004995000075 ], [ 90.396205731000066, 23.674181288000057 ], [ 90.394236620000072, 23.674272120000069 ], [ 90.394174545000055, 23.674624547000064 ], [ 90.393602672000043, 23.674626002000025 ], [ 90.393475617000036, 23.674567611000043 ], [ 90.393283506000046, 23.674071310000045 ], [ 90.392966093000041, 23.674101470000039 ], [ 90.392776253000079, 23.674363894000066 ], [ 90.392331871000067, 23.674365021000028 ], [ 90.391949667000063, 23.674045337000052 ], [ 90.391505375000065, 23.674075814000048 ], [ 90.39141045000008, 23.674308641000039 ], [ 90.391411848000075, 23.674778329000048 ], [ 90.390808976000073, 23.674867919000064 ], [ 90.390682613000081, 23.675042114000064 ], [ 90.390715526000065, 23.675597531000051 ], [ 90.390939075000063, 23.675949235000076 ], [ 90.391036171000053, 23.676445777000026 ], [ 90.390877415000034, 23.676651669000023 ], [ 90.390975556000058, 23.677498220000075 ], [ 90.390881326000056, 23.677965891000042 ], [ 90.39094612100007, 23.678317995000043 ], [ 90.390501639000036, 23.678289762000077 ], [ 90.390182566000078, 23.677764423000042 ], [ 90.389769346000037, 23.677736105000065 ], [ 90.389547619000041, 23.677998608000053 ], [ 90.389035404000083, 23.678072154000063 ], [ 90.38869313400005, 23.678820452000025 ], [ 90.388375794000069, 23.678879963000043 ], [ 90.38754917600005, 23.678764611000076 ], [ 90.385199701000033, 23.678770471000064 ], [ 90.384945497000047, 23.67882981300005 ], [ 90.384628497000051, 23.67900673500003 ], [ 90.385457416000065, 23.680115675000025 ], [ 90.385458442000072, 23.680465683000023 ], [ 90.385141440000041, 23.680642607000038 ], [ 90.385015417000034, 23.680936475000067 ], [ 90.384062419000031, 23.680997554000044 ], [ 90.38361784600005, 23.680939943000055 ], [ 90.383301690000053, 23.681408160000046 ], [ 90.38311105400004, 23.681408633000046 ], [ 90.382856598000046, 23.681174415000044 ], [ 90.382093047000069, 23.680826290000027 ], [ 90.38113947100004, 23.680476370000065 ], [ 90.380377047000081, 23.680304368000066 ], [ 90.377835959000038, 23.680193165000048 ], [ 90.376184962000082, 23.68031460800006 ], [ 90.375802690000057, 23.679963266000073 ], [ 90.375612224000065, 23.680022440000073 ], [ 90.375486179000063, 23.680316301000062 ], [ 90.375232134000044, 23.680434341000023 ], [ 90.375103739000053, 23.679906249000055 ], [ 90.374405293000052, 23.680025361000048 ], [ 90.374154195000074, 23.68096309200007 ], [ 90.373836675000064, 23.680963860000077 ], [ 90.373454907000053, 23.680788647000043 ], [ 90.372502350000047, 23.68079093800003 ], [ 90.372310885000047, 23.680497843000069 ], [ 90.372373030000062, 23.68014768200004 ], [ 90.372244987000045, 23.679739267000059 ], [ 90.371038383000041, 23.679857328000026 ], [ 90.370975747000045, 23.680033612000045 ], [ 90.370978060000084, 23.680853309000042 ], [ 90.369708853000077, 23.681382490000033 ], [ 90.369519983000032, 23.681791662000023 ], [ 90.369268397000042, 23.68278809800006 ], [ 90.36927085800005, 23.683664248000071 ], [ 90.369588547000035, 23.683722203000059 ], [ 90.369843434000074, 23.683897728000034 ], [ 90.369971474000067, 23.684306144000061 ], [ 90.369908546000033, 23.684599852000076 ], [ 90.369973781000056, 23.685125840000069 ], [ 90.370355557000039, 23.685301062000065 ], [ 90.371244229000069, 23.685240223000051 ], [ 90.37181697300008, 23.685530148000055 ], [ 90.373664342000041, 23.687397692000047 ], [ 90.374682365000069, 23.687980090000053 ], [ 90.375992531000065, 23.688466927000036 ], [ 90.376777556000036, 23.687742418000028 ], [ 90.380142303000071, 23.687090627000032 ], [ 90.380586727000036, 23.687089537000077 ], [ 90.380842137000059, 23.687438918000055 ], [ 90.381350652000037, 23.687555090000046 ], [ 90.383382509000057, 23.687256517000037 ], [ 90.383636462000084, 23.687314599000047 ], [ 90.383637662000069, 23.687725574000069 ], [ 90.383511965000082, 23.688134607000052 ], [ 90.381926391000036, 23.689073391000022 ], [ 90.381800181000074, 23.689308549000032 ], [ 90.381864617000076, 23.689543234000041 ], [ 90.382245630000057, 23.689657460000035 ], [ 90.382753653000066, 23.68959975100006 ], [ 90.383260811000071, 23.689246229000048 ], [ 90.383705512000063, 23.689127705000033 ], [ 90.384023222000053, 23.689185627000029 ], [ 90.384406397000078, 23.689828243000022 ], [ 90.385234529000059, 23.690645888000063 ], [ 90.385424735000072, 23.690704126000071 ], [ 90.38593068800003, 23.689941874000056 ], [ 90.386375907000058, 23.689999476000025 ], [ 90.386376600000062, 23.690234321000048 ], [ 90.386187326000083, 23.690702227000031 ], [ 90.386380041000052, 23.691404021000039 ], [ 90.387208014000066, 23.692160685000033 ], [ 90.387209399000085, 23.692630373000043 ], [ 90.386894434000055, 23.693507311000076 ], [ 90.386958787000083, 23.693918131000032 ], [ 90.388931308000053, 23.695082897000077 ], [ 90.390267185000084, 23.695723101000056 ], [ 90.390839493000044, 23.695836822000047 ], [ 90.391728492000084, 23.69566069900003 ], [ 90.391982811000048, 23.695833930000049 ], [ 90.391984387000036, 23.696362330000056 ], [ 90.391858007000053, 23.696536526000045 ], [ 90.391922641000065, 23.69682991600007 ], [ 90.392240548000075, 23.696946535000052 ], [ 90.392685005000033, 23.696945409000023 ], [ 90.393383347000054, 23.696767500000078 ], [ 90.395288684000036, 23.69676264800006 ], [ 90.39535384900006, 23.697229912000068 ], [ 90.395926529000064, 23.697463295000034 ], [ 90.396054130000039, 23.697695555000053 ], [ 90.39605571900006, 23.69822169300005 ], [ 90.396697012000061, 23.698126070000058 ], [ 90.396608752000077, 23.697725481000077 ], [ 90.396686646000035, 23.697551252000039 ], [ 90.39875915500005, 23.698038240000074 ], [ 90.39911094100006, 23.698291856000026 ], [ 90.399415743000077, 23.699524245000077 ], [ 90.399824133000038, 23.700679887000035 ], [ 90.400125800000069, 23.700934848000031 ], [ 90.400094004000039, 23.701045547000035 ], [ 90.400625906000073, 23.701249419000078 ], [ 90.401062547000038, 23.701264010000045 ], [ 90.403216451000048, 23.70095232400007 ], [ 90.403615611000077, 23.700993106000055 ], [ 90.403748685000039, 23.701132866000023 ], [ 90.404958414000077, 23.701183902000025 ], [ 90.406039282000052, 23.70158979200005 ], [ 90.408332408000035, 23.703631868000059 ], [ 90.410525889000041, 23.705358044000036 ], [ 90.410714962000043, 23.705240119000052 ], [ 90.410624295000048, 23.705066486000078 ], [ 90.413317971000083, 23.703243787000076 ], [ 90.41444167800006, 23.70237441300003 ] ] ] } },
{ "type": "Feature", "properties": { "matched_key": "U_302638746", "navigation_parent_key": "A_302638", "admin_type": "union", "admin_label": "Union", "map_level": "union", "admin_rank": 3, "displayable": 1, "geometry_status": "EXACT/GEOMETRY", "location_label": "Taranagar Union" }, "geometry": { "type": "Polygon", "coordinates": [ [ [ 90.312777193000045, 23.769516260000046 ], [ 90.313233537000031, 23.768483376000063 ], [ 90.313334346000033, 23.768060904000038 ], [ 90.313357531000065, 23.767241159000037 ], [ 90.313151760000039, 23.766351879000069 ], [ 90.312437505000048, 23.765718794000065 ], [ 90.312360165000086, 23.765438944000039 ], [ 90.312353843000039, 23.76279018300005 ], [ 90.312505840000085, 23.76248503000005 ], [ 90.312504438000076, 23.76189792100007 ], [ 90.31270543800008, 23.760795553000037 ], [ 90.313311785000053, 23.758637820000047 ], [ 90.314930597000057, 23.75413409600003 ], [ 90.316983422000078, 23.750099152000075 ], [ 90.318276920000073, 23.747847402000048 ], [ 90.319139740000082, 23.746556238000039 ], [ 90.321957613000052, 23.743244501000049 ], [ 90.324590314000034, 23.740992165000023 ], [ 90.32561286400005, 23.740845493000052 ], [ 90.326478165000083, 23.740843669000071 ], [ 90.327263489000075, 23.740986528000064 ], [ 90.32773934100004, 23.741708118000076 ], [ 90.328526883000052, 23.741997748000074 ], [ 90.330258475000051, 23.742138576000059 ], [ 90.331437840000035, 23.741919270000039 ], [ 90.332694653000033, 23.741047196000068 ], [ 90.333402409000087, 23.740828889000056 ], [ 90.334110717000044, 23.740827362000061 ], [ 90.334976385000061, 23.740970009000023 ], [ 90.336947801000065, 23.742557701000067 ], [ 90.33757924400004, 23.743425699000056 ], [ 90.33820976800007, 23.743932395000058 ], [ 90.339618905000066, 23.742939847000059 ], [ 90.339396478000083, 23.74219123000006 ], [ 90.339887877000081, 23.74021853000005 ], [ 90.33968483600006, 23.737841267000078 ], [ 90.339808144000074, 23.736203859000057 ], [ 90.340060201000085, 23.735501028000044 ], [ 90.34185179900004, 23.732109894000075 ], [ 90.340560508000067, 23.732399524000073 ], [ 90.338781272000062, 23.732286011000042 ], [ 90.338208542000075, 23.732054678000054 ], [ 90.335156181000059, 23.731182914000044 ], [ 90.334340416000032, 23.73110790100003 ], [ 90.334073867000086, 23.730221036000046 ], [ 90.333659296000064, 23.729722887000037 ], [ 90.332513302000052, 23.728790490000051 ], [ 90.33229861600006, 23.729729924000026 ], [ 90.331988184000068, 23.729949551000061 ], [ 90.33213825200005, 23.730778515000054 ], [ 90.331601159000058, 23.730884822000064 ], [ 90.330718256000068, 23.731288210000059 ], [ 90.330301573000042, 23.730581078000057 ], [ 90.329369618000044, 23.729723332000049 ], [ 90.329265286000066, 23.729526389000057 ], [ 90.329291056000045, 23.729072806000033 ], [ 90.32901105500008, 23.728360907000024 ], [ 90.329033655000046, 23.727792506000071 ], [ 90.32971335600007, 23.727337207000062 ], [ 90.32978029700007, 23.727201854000043 ], [ 90.328758739000079, 23.726371032000031 ], [ 90.327645835000055, 23.726138545000026 ], [ 90.327264611000032, 23.72596548100006 ], [ 90.326563395000051, 23.725088546000052 ], [ 90.325988460000076, 23.723949406000031 ], [ 90.326305940000054, 23.723890026000049 ], [ 90.326748483000074, 23.722836803000064 ], [ 90.326810611000042, 23.722425693000048 ], [ 90.326427946000081, 23.721667771000057 ], [ 90.326426925000078, 23.721256794000055 ], [ 90.326870740000061, 23.720964557000059 ], [ 90.327442934000032, 23.721254646000034 ], [ 90.327633628000058, 23.721254242000043 ], [ 90.327823006000074, 23.720727697000029 ], [ 90.327816530000064, 23.719363799000064 ], [ 90.327311190000046, 23.719324225000037 ], [ 90.327182807000042, 23.718739639000034 ], [ 90.326161117000083, 23.716695931000061 ], [ 90.32584249000007, 23.716285623000033 ], [ 90.32539723900004, 23.715995263000025 ], [ 90.324888659000067, 23.715878908000036 ], [ 90.322538036000083, 23.715942536000057 ], [ 90.322283294000044, 23.715825644000063 ], [ 90.322092032000057, 23.715591198000027 ], [ 90.322090315000082, 23.714891182000031 ], [ 90.321962820000067, 23.714656600000069 ], [ 90.321326613000053, 23.71424920100003 ], [ 90.321260407000068, 23.713253502000043 ], [ 90.320243280000057, 23.713023023000062 ], [ 90.320115502000078, 23.712671021000062 ], [ 90.319416687000057, 23.712731174000055 ], [ 90.319354393000083, 23.713083571000027 ], [ 90.318211621000046, 23.713377224000055 ], [ 90.316942449000067, 23.714140820000068 ], [ 90.316117409000071, 23.714492522000057 ], [ 90.315356415000053, 23.714963764000061 ], [ 90.314922050000064, 23.71536433700004 ], [ 90.314276771000038, 23.715257259000055 ], [ 90.314150276000078, 23.715433651000069 ], [ 90.310320259000036, 23.716062366000074 ], [ 90.31018875400008, 23.716865367000025 ], [ 90.310204784000064, 23.718155871000079 ], [ 90.310420116000046, 23.718657314000041 ], [ 90.310427426000047, 23.719003832000055 ], [ 90.309414396000079, 23.718707126000027 ], [ 90.308596651000073, 23.718666937000023 ], [ 90.307977673000039, 23.718738693000034 ], [ 90.307614351000041, 23.718890384000076 ], [ 90.307613900000035, 23.718698207000045 ], [ 90.307377606000045, 23.718622177000043 ], [ 90.307595488000061, 23.718456633000073 ], [ 90.307549291000043, 23.718077636000032 ], [ 90.30704058300006, 23.717904773000043 ], [ 90.306595300000083, 23.71784694300004 ], [ 90.305477933000077, 23.717440431000057 ], [ 90.304688687000066, 23.717441988000076 ], [ 90.302463862000081, 23.717035376000069 ], [ 90.30214638800004, 23.717094705000022 ], [ 90.302146930000049, 23.717329550000045 ], [ 90.302528842000072, 23.71756139300004 ], [ 90.30341790500006, 23.717559652000034 ], [ 90.303926748000038, 23.71779349600007 ], [ 90.304245305000052, 23.71820159400005 ], [ 90.304628317000038, 23.71890312000005 ], [ 90.305136756000081, 23.718960829000025 ], [ 90.305645743000071, 23.719253382000034 ], [ 90.305265449000046, 23.719721565000043 ], [ 90.304694397000048, 23.71989882500003 ], [ 90.30450410900005, 23.720073077000052 ], [ 90.303745813000035, 23.722005270000068 ], [ 90.303556001000061, 23.722123064000073 ], [ 90.301585894000084, 23.72212692100004 ], [ 90.301648319000037, 23.721541940000066 ], [ 90.301519239000072, 23.720605068000054 ], [ 90.301327879000041, 23.720314142000063 ], [ 90.30101012700004, 23.720256047000078 ], [ 90.300502086000051, 23.720374459000027 ], [ 90.300185136000039, 23.720666373000029 ], [ 90.300313399000061, 23.721250983000061 ], [ 90.30006022200007, 23.721545028000037 ], [ 90.300125253000033, 23.722364604000063 ], [ 90.299555246000068, 23.723007021000058 ], [ 90.29923700900008, 23.723007637000023 ], [ 90.298855699000057, 23.722775787000046 ], [ 90.298346979000087, 23.722600634000059 ], [ 90.297775426000044, 23.722836579000045 ], [ 90.297015372000033, 23.723772908000058 ], [ 90.296382766000079, 23.724943834000044 ], [ 90.296130148000032, 23.725764021000032 ], [ 90.296131999000067, 23.72658371700004 ], [ 90.296250744000076, 23.727232378000053 ], [ 90.296605191000083, 23.727621945000067 ], [ 90.296839634000037, 23.728197988000034 ], [ 90.296430838000049, 23.728762370000027 ], [ 90.296337380000068, 23.729327412000032 ], [ 90.29648317300007, 23.729513542000063 ], [ 90.296901826000067, 23.729682656000023 ], [ 90.296712046000039, 23.73009174200007 ], [ 90.296204230000058, 23.730327561000024 ], [ 90.293250795000063, 23.731051274000038 ], [ 90.293224312000063, 23.733198812000069 ], [ 90.293416333000039, 23.733783303000052 ], [ 90.293417774000034, 23.734426868000071 ], [ 90.29322837400008, 23.735012081000036 ], [ 90.292085092000036, 23.735190379000073 ], [ 90.29208574200004, 23.735481677000053 ], [ 90.291811968000047, 23.735518309000042 ], [ 90.294150215000059, 23.741095831000052 ], [ 90.293688040000063, 23.741738174000034 ], [ 90.29311874800004, 23.743026388000033 ], [ 90.29273908600004, 23.743553249000058 ], [ 90.291786885000079, 23.744198616000062 ], [ 90.291371790000085, 23.745095818000038 ], [ 90.291428845000041, 23.745134059000065 ], [ 90.291336565000051, 23.745524099000079 ], [ 90.29117345800006, 23.745524479000039 ], [ 90.290838414000063, 23.746248527000034 ], [ 90.290585028000066, 23.746481589000041 ], [ 90.289886796000076, 23.746893876000058 ], [ 90.289441906000036, 23.746777292000047 ], [ 90.28871100200007, 23.746837367000069 ], [ 90.28855061400003, 23.746135392000042 ], [ 90.287272740000049, 23.743154784000069 ], [ 90.286125546000051, 23.741576223000038 ], [ 90.285631886000033, 23.741021635000038 ], [ 90.285011670000074, 23.740643414000033 ], [ 90.284407876000046, 23.740481944000067 ], [ 90.28305698500003, 23.740251832000069 ], [ 90.282812819000071, 23.740255228000024 ], [ 90.282104729000082, 23.740545596000061 ], [ 90.280983151000044, 23.740526131000024 ], [ 90.280227314000058, 23.740358600000036 ], [ 90.277997429000038, 23.74044391800004 ], [ 90.278052196000033, 23.739953806000074 ], [ 90.277830553000058, 23.739783908000049 ], [ 90.276979296000036, 23.740246570000068 ], [ 90.276763570000071, 23.741358250000076 ], [ 90.276805055000068, 23.741685902000029 ], [ 90.276277346000086, 23.742237700000032 ], [ 90.276024562000032, 23.74276429400004 ], [ 90.275877081000033, 23.744370088000039 ], [ 90.276642010000046, 23.744452273000036 ], [ 90.277824272000032, 23.744967263000035 ], [ 90.282250545000068, 23.74991809200003 ], [ 90.282527175000041, 23.749933395000028 ], [ 90.282860576000076, 23.74982439300004 ], [ 90.285999436000054, 23.748134053000058 ], [ 90.286774596000043, 23.747834545000046 ], [ 90.287070441000083, 23.747942386000034 ], [ 90.287266614000032, 23.748185900000067 ], [ 90.288140681000073, 23.75102951100007 ], [ 90.289191736000078, 23.757070291000048 ], [ 90.289679707000062, 23.759176206000063 ], [ 90.290196877000085, 23.762551127000052 ], [ 90.290251632000036, 23.764285264000023 ], [ 90.29040634100005, 23.765176931000042 ], [ 90.290611851000051, 23.766018822000035 ], [ 90.290867755000079, 23.766628033000075 ], [ 90.291225474000044, 23.766957045000026 ], [ 90.292193765000036, 23.76740006600005 ], [ 90.294512995000048, 23.767957933000048 ], [ 90.295633802000054, 23.768025794000039 ], [ 90.297596228000032, 23.768654300000037 ], [ 90.298385978000056, 23.768795037000075 ], [ 90.299073207000049, 23.768628865000039 ], [ 90.300168853000059, 23.768954167000061 ], [ 90.302462004000063, 23.76934938100004 ], [ 90.304348093000044, 23.769837944000074 ], [ 90.306973653000057, 23.770722447000026 ], [ 90.309214495000049, 23.770765398000037 ], [ 90.311047821000045, 23.770456871000079 ], [ 90.312243490000071, 23.770009607000077 ], [ 90.312777193000045, 23.769516260000046 ] ] ] } },
{ "type": "Feature", "properties": { "matched_key": "U_302638755", "navigation_parent_key": "A_302638", "admin_type": "union", "admin_label": "Union", "map_level": "union", "admin_rank": 3, "displayable": 1, "geometry_status": "EXACT/GEOMETRY", "location_label": "Tegharia Union" }, "geometry": { "type": "Polygon", "coordinates": [ [ [ 90.415460402000065, 23.677581266000061 ], [ 90.416921162000051, 23.677606698000034 ], [ 90.417016406000073, 23.677489019000063 ], [ 90.417204620000064, 23.676727524000057 ], [ 90.417426416000069, 23.676697569000055 ], [ 90.417709969000043, 23.675850010000033 ], [ 90.418249452000055, 23.675877908000075 ], [ 90.418345354000053, 23.675965716000064 ], [ 90.418505783000057, 23.676491428000077 ], [ 90.418697057000031, 23.676694139000062 ], [ 90.418919128000084, 23.676752252000028 ], [ 90.419079654000086, 23.677307317000043 ], [ 90.419333934000065, 23.677277272000026 ], [ 90.419969704000039, 23.677510396000059 ], [ 90.419943904000036, 23.679411807000065 ], [ 90.420007935000058, 23.679499701000054 ], [ 90.420357605000049, 23.679586820000054 ], [ 90.420516174000056, 23.679527678000056 ], [ 90.420705308000038, 23.679059731000052 ], [ 90.421149139000079, 23.678882392000048 ], [ 90.421211479000078, 23.67844414700005 ], [ 90.421115296000039, 23.678268272000025 ], [ 90.420893123000042, 23.678180810000072 ], [ 90.420733619000032, 23.677946400000053 ], [ 90.420764508000047, 23.677831149000042 ], [ 90.420986729000049, 23.677742481000053 ], [ 90.421177355000054, 23.677741963000074 ], [ 90.421718489000057, 23.678090500000053 ], [ 90.422703840000054, 23.678381369000078 ], [ 90.423084579000033, 23.678409686000066 ], [ 90.423180568000078, 23.678524589000062 ], [ 90.423214519000055, 23.679168060000052 ], [ 90.42340533600003, 23.679226251000046 ], [ 90.423627038000063, 23.679166934000023 ], [ 90.423720490000051, 23.678493755000034 ], [ 90.423910419000038, 23.678466138000033 ], [ 90.423941915000057, 23.678348628000037 ], [ 90.423929304000069, 23.678050592000034 ], [ 90.423623172000077, 23.67796787900005 ], [ 90.423621854000032, 23.677559161000033 ], [ 90.423811725000064, 23.677323799000078 ], [ 90.424510679000036, 23.677380596000035 ], [ 90.424700174000066, 23.677030068000079 ], [ 90.425651936000065, 23.676792611000053 ], [ 90.425777491000076, 23.676383544000032 ], [ 90.426093672000036, 23.675973954000028 ], [ 90.426282964000052, 23.675562456000023 ], [ 90.426406619000034, 23.674568540000053 ], [ 90.426340638000056, 23.67369031100003 ], [ 90.426401491000036, 23.672987867000074 ], [ 90.426590786000077, 23.672578626000075 ], [ 90.427922995000074, 23.672107520000054 ], [ 90.428492180000035, 23.671286247000069 ], [ 90.428617915000075, 23.670935887000041 ], [ 90.428362068000069, 23.670293031000028 ], [ 90.428168208000045, 23.669297732000075 ], [ 90.427400041000055, 23.667545290000078 ], [ 90.427270323000073, 23.666669495000065 ], [ 90.426887006000072, 23.666026986000077 ], [ 90.424665023000045, 23.666150512000058 ], [ 90.42441161000005, 23.666442506000067 ], [ 90.42453998600007, 23.666909587000077 ], [ 90.424541126000065, 23.667261852000024 ], [ 90.424096582000061, 23.66720435700006 ], [ 90.423462365000034, 23.667438679000043 ], [ 90.422954084000082, 23.667383614000073 ], [ 90.422951825000041, 23.66668134300005 ], [ 90.42333153800007, 23.666210615000068 ], [ 90.423392221000086, 23.665451717000053 ], [ 90.423580949000041, 23.664866347000043 ], [ 90.42389729000007, 23.664513214000067 ], [ 90.423833224000077, 23.664222090000067 ], [ 90.423069846000033, 23.663930618000052 ], [ 90.421296626000071, 23.663702863000026 ], [ 90.421917614000051, 23.661068195000041 ], [ 90.420964078000054, 23.660718521000035 ], [ 90.42121331900006, 23.659315545000027 ], [ 90.421021215000053, 23.658846376000042 ], [ 90.420511278000049, 23.658262904000026 ], [ 90.417904312000076, 23.657158954000067 ], [ 90.417332945000055, 23.657101784000076 ], [ 90.416761707000035, 23.657279453000058 ], [ 90.41631738600006, 23.657280646000061 ], [ 90.415614855000058, 23.656638964000024 ], [ 90.413963453000065, 23.655941104000078 ], [ 90.412216369000078, 23.655798982000078 ], [ 90.412247876000038, 23.655683733000046 ], [ 90.412120280000067, 23.655449225000041 ], [ 90.411579079000035, 23.655041941000036 ], [ 90.411387383000033, 23.654690182000024 ], [ 90.410274106000031, 23.653990852000049 ], [ 90.410240961000056, 23.653582218000054 ], [ 90.410114012000065, 23.653553198000054 ], [ 90.409955926000066, 23.653759105000063 ], [ 90.409828364000077, 23.653730088000032 ], [ 90.409764234000079, 23.653407343000026 ], [ 90.409890460000042, 23.653203779000023 ], [ 90.409952824000072, 23.652763277000076 ], [ 90.409030550000068, 23.652386347000061 ], [ 90.408076390000076, 23.651804004000041 ], [ 90.407529099000044, 23.651597695000078 ], [ 90.407661437000058, 23.651190882000037 ], [ 90.407025728000065, 23.650928351000061 ], [ 90.406930475000081, 23.650842794000027 ], [ 90.406929566000031, 23.650549237000064 ], [ 90.406960440000034, 23.650228500000026 ], [ 90.407180923000055, 23.649787586000059 ], [ 90.407208086000082, 23.648267788000055 ], [ 90.407365988000038, 23.648003172000074 ], [ 90.407778302000054, 23.647769500000038 ], [ 90.407872743000041, 23.647593118000032 ], [ 90.407872014000077, 23.647358272000076 ], [ 90.407679982000047, 23.64689134300005 ], [ 90.407425826000065, 23.646745232000058 ], [ 90.407172418000073, 23.647039456000073 ], [ 90.406410060000042, 23.646835966000026 ], [ 90.406220290000078, 23.64710066400005 ], [ 90.40596606400004, 23.647130685000036 ], [ 90.405330742000046, 23.646985572000062 ], [ 90.405139615000053, 23.646809934000032 ], [ 90.404007842000055, 23.638855207000063 ], [ 90.403372045000083, 23.639742054000067 ], [ 90.402485406000039, 23.640561803000026 ], [ 90.399507202000052, 23.642558923000024 ], [ 90.397035331000041, 23.644028548000051 ], [ 90.396592463000047, 23.644497115000036 ], [ 90.395833128000049, 23.645492635000039 ], [ 90.395201952000036, 23.646722675000035 ], [ 90.394130596000082, 23.649534526000025 ], [ 90.393625976000067, 23.650470677000044 ], [ 90.391915642000072, 23.651938285000028 ], [ 90.391217879000067, 23.652231345000075 ], [ 90.39039273700007, 23.652350849000072 ], [ 90.387979733000066, 23.652474328000039 ], [ 90.383726437000064, 23.652834925000036 ], [ 90.374774192000075, 23.653326519000075 ], [ 90.373758594000037, 23.653502848000073 ], [ 90.371411103000071, 23.654269481000028 ], [ 90.370585929000072, 23.654388881000045 ], [ 90.369061614000032, 23.654333804000032 ], [ 90.36866715900004, 23.654194740000037 ], [ 90.36788996100006, 23.655472435000036 ], [ 90.367575909000038, 23.655793539000058 ], [ 90.367624221000085, 23.65635738900005 ], [ 90.365503868000076, 23.657423515000062 ], [ 90.36463358900005, 23.657953251000038 ], [ 90.363673751000078, 23.657997953000063 ], [ 90.362720232000072, 23.657591464000063 ], [ 90.362465894000081, 23.65759206000007 ], [ 90.362085703000048, 23.65773746900004 ], [ 90.360437700000034, 23.658854575000078 ], [ 90.359042035000073, 23.659472027000049 ], [ 90.358027566000032, 23.660088589000054 ], [ 90.357489054000041, 23.660615979000056 ], [ 90.355999785000051, 23.661759767000035 ], [ 90.355699644000083, 23.662119764000067 ], [ 90.354199107000056, 23.663374672000032 ], [ 90.352305974000046, 23.664818736000029 ], [ 90.352878259000079, 23.668428550000044 ], [ 90.352950443000054, 23.668295027000056 ], [ 90.354932648000045, 23.668008835000023 ], [ 90.356120992000058, 23.667507165000075 ], [ 90.35678484500005, 23.667364157000065 ], [ 90.357476166000083, 23.667372363000027 ], [ 90.357921003000058, 23.66754747300007 ], [ 90.358368713000061, 23.668774866000035 ], [ 90.358687158000066, 23.669124139000076 ], [ 90.359039726000049, 23.671579491000045 ], [ 90.359092663000069, 23.672720777000052 ], [ 90.359027388000072, 23.673083671000029 ], [ 90.359142526000085, 23.672925788000043 ], [ 90.359174951000057, 23.672679578000043 ], [ 90.359618132000037, 23.672689840000032 ], [ 90.359872690000032, 23.67298280600005 ], [ 90.360634940000068, 23.672892968000042 ], [ 90.360761898000078, 23.672922028000073 ], [ 90.361462575000076, 23.673622674000057 ], [ 90.361843372000067, 23.673680498000067 ], [ 90.362923365000086, 23.673677971000075 ], [ 90.363050082000086, 23.673618963000024 ], [ 90.363176392000071, 23.673413176000054 ], [ 90.363175824000052, 23.673207686000069 ], [ 90.364192314000036, 23.673293368000031 ], [ 90.364287689000037, 23.673205078000024 ], [ 90.364318754000067, 23.672913703000063 ], [ 90.364794842000038, 23.672853872000076 ], [ 90.365017779000084, 23.673232714000051 ], [ 90.366034106000086, 23.673259673000075 ], [ 90.366068670000061, 23.674226073000057 ], [ 90.366228724000052, 23.674693130000037 ], [ 90.366230682000037, 23.675395403000039 ], [ 90.365820363000068, 23.676184464000073 ], [ 90.365821263000043, 23.676507373000049 ], [ 90.367504587000042, 23.676562104000027 ], [ 90.367343297000048, 23.675654715000064 ], [ 90.367469364000044, 23.675363117000074 ], [ 90.367659497000034, 23.67518652900003 ], [ 90.368230026000049, 23.674923231000037 ], [ 90.368383034000033, 23.672874739000065 ], [ 90.368573824000066, 23.672932995000053 ], [ 90.369242589000066, 23.673604328000067 ], [ 90.37096335800004, 23.675646087000075 ], [ 90.371946925000032, 23.675352430000032 ], [ 90.371468267000068, 23.674504519000038 ], [ 90.371307780000052, 23.673890692000043 ], [ 90.371338995000031, 23.673658031000059 ], [ 90.371528672000068, 23.673540151000054 ], [ 90.37216561300005, 23.674006059000078 ], [ 90.372516315000041, 23.674472648000062 ], [ 90.373023167000042, 23.674238841000033 ], [ 90.373213794000037, 23.674238381000066 ], [ 90.373501198000042, 23.674646411000026 ], [ 90.373756618000073, 23.675230652000039 ], [ 90.373471652000035, 23.675466185000062 ], [ 90.373663356000066, 23.675845090000053 ], [ 90.373822612000083, 23.676020839000046 ], [ 90.374013405000085, 23.676079091000076 ], [ 90.374616380000077, 23.676018921000036 ], [ 90.375123758000086, 23.675753493000059 ], [ 90.375216676000036, 23.675021633000028 ], [ 90.375469126000041, 23.674348095000028 ], [ 90.376135758000032, 23.674260670000024 ], [ 90.37642147300005, 23.674289333000047 ], [ 90.376676257000042, 23.674433232000069 ], [ 90.376803640000048, 23.674609059000034 ], [ 90.37696440700006, 23.675310947000071 ], [ 90.377187656000046, 23.67557234800006 ], [ 90.377219592000074, 23.675807115000055 ], [ 90.377664927000069, 23.675923453000053 ], [ 90.377918434000037, 23.675834768000072 ], [ 90.378043970000078, 23.675367028000039 ], [ 90.378329708000081, 23.675190196000074 ], [ 90.378231481000057, 23.674284924000062 ], [ 90.378294466000057, 23.674020569000049 ], [ 90.379405894000058, 23.674076561000049 ], [ 90.379564815000037, 23.674134885000058 ], [ 90.379597528000033, 23.674426102000041 ], [ 90.379915881000045, 23.674718880000057 ], [ 90.380519966000065, 23.674834821000047 ], [ 90.380614632000061, 23.674717165000061 ], [ 90.380897379000032, 23.673720634000063 ], [ 90.38102436500003, 23.673546447000035 ], [ 90.381309907000059, 23.673516387000063 ], [ 90.382803594000052, 23.67392142500006 ], [ 90.383026433000055, 23.674038296000049 ], [ 90.38305854400005, 23.674329518000036 ], [ 90.383186463000072, 23.674475979000078 ], [ 90.384266367000066, 23.674649441000042 ], [ 90.38439341600008, 23.67470783400006 ], [ 90.384522190000041, 23.675145593000025 ], [ 90.38471254600006, 23.675262544000077 ], [ 90.385157716000037, 23.675320149000072 ], [ 90.385348936000071, 23.675522905000037 ], [ 90.385540836000075, 23.676165995000076 ], [ 90.385096793000059, 23.676284523000049 ], [ 90.385066209000058, 23.676724936000028 ], [ 90.38582888600007, 23.676779491000048 ], [ 90.385987389000036, 23.676693286000045 ], [ 90.385985924000067, 23.676194243000054 ], [ 90.385889190000057, 23.67581511800006 ], [ 90.38595130300007, 23.675259463000032 ], [ 90.386586744000056, 23.675404656000069 ], [ 90.38671413600008, 23.67557821500003 ], [ 90.386621108000043, 23.676251371000035 ], [ 90.387319696000077, 23.676190914000074 ], [ 90.387446751000084, 23.676249308000024 ], [ 90.38808522100004, 23.67741742100003 ], [ 90.388816814000052, 23.677738500000032 ], [ 90.388976006000064, 23.677884879000032 ], [ 90.389035404000083, 23.678072154000063 ], [ 90.389547619000041, 23.677998608000053 ], [ 90.389769346000037, 23.677736105000065 ], [ 90.390182566000078, 23.677764423000042 ], [ 90.390501639000036, 23.678289762000077 ], [ 90.39094612100007, 23.678317995000043 ], [ 90.390881326000056, 23.677965891000042 ], [ 90.390975556000058, 23.677498220000075 ], [ 90.390877415000034, 23.676651669000023 ], [ 90.391036171000053, 23.676445777000026 ], [ 90.390939075000063, 23.675949235000076 ], [ 90.390715526000065, 23.675597531000051 ], [ 90.390682613000081, 23.675042114000064 ], [ 90.390808976000073, 23.674867919000064 ], [ 90.391411848000075, 23.674778329000048 ], [ 90.39141045000008, 23.674308641000039 ], [ 90.391505375000065, 23.674075814000048 ], [ 90.391949667000063, 23.674045337000052 ], [ 90.392331871000067, 23.674365021000028 ], [ 90.392776253000079, 23.674363894000066 ], [ 90.392966093000041, 23.674101470000039 ], [ 90.393283506000046, 23.674071310000045 ], [ 90.393475617000036, 23.674567611000043 ], [ 90.393602672000043, 23.674626002000025 ], [ 90.394174545000055, 23.674624547000064 ], [ 90.394236620000072, 23.674272120000069 ], [ 90.396205731000066, 23.674181288000057 ], [ 90.39626833300008, 23.674004995000075 ], [ 90.395979181000087, 23.672836021000023 ], [ 90.394772494000051, 23.672897811000041 ], [ 90.39473851200006, 23.672195621000071 ], [ 90.394801728000061, 23.672019325000065 ], [ 90.395214140000064, 23.671988916000032 ], [ 90.395341187000042, 23.671841814000061 ], [ 90.395433203000039, 23.670848002000071 ], [ 90.396798437000086, 23.670727088000035 ], [ 90.400067386000046, 23.670192537000048 ], [ 90.401686881000046, 23.670041569000034 ], [ 90.401782690000061, 23.670305523000025 ], [ 90.40130823800007, 23.670891608000034 ], [ 90.401118866000047, 23.671300820000056 ], [ 90.400995740000042, 23.672529560000044 ], [ 90.400810808000074, 23.672787466000045 ], [ 90.400934494000069, 23.673349421000069 ], [ 90.401190648000068, 23.673933614000077 ], [ 90.401578788000052, 23.67638945300007 ], [ 90.40202503900008, 23.676797017000069 ], [ 90.405266393000034, 23.677608271000054 ], [ 90.408319584000083, 23.679004810000038 ], [ 90.410354525000059, 23.679758161000052 ], [ 90.411815038000043, 23.679697834000024 ], [ 90.41448080400005, 23.679105867000033 ], [ 90.414734440000075, 23.678870342000039 ], [ 90.414794067000059, 23.677759187000049 ], [ 90.415460402000065, 23.677581266000061 ] ] ] } },
{ "type": "Feature", "properties": { "matched_key": "U_302662109", "navigation_parent_key": "A_302662", "admin_type": "union", "admin_label": "Union", "map_level": "union", "admin_rank": 3, "displayable": 1, "geometry_status": "EXACT/GEOMETRY", "location_label": "Agla Union" }, "geometry": { "type": "Polygon", "coordinates": [ [ [ 90.221014230000037, 23.662056205000056 ], [ 90.223023796000064, 23.66108683300007 ], [ 90.223353806000034, 23.661251202000074 ], [ 90.225265146000083, 23.661456189000035 ], [ 90.225865025000076, 23.661730810000051 ], [ 90.226277482000057, 23.662075707000042 ], [ 90.226503659000059, 23.662800243000049 ], [ 90.226617970000063, 23.663870446000033 ], [ 90.226993404000041, 23.664420885000027 ], [ 90.227817754000057, 23.664419677000069 ], [ 90.228716528000064, 23.664212861000067 ], [ 90.229952268000034, 23.663761660000034 ], [ 90.230588341000043, 23.663345212000024 ], [ 90.231899029000033, 23.663000017000059 ], [ 90.232011127000078, 23.662792098000068 ], [ 90.232422813000085, 23.662515987000063 ], [ 90.232383168000069, 23.661411807000036 ], [ 90.232080481000082, 23.659720900000025 ], [ 90.232078715000057, 23.658720538000068 ], [ 90.232153001000086, 23.658271053000078 ], [ 90.232377065000037, 23.657959088000041 ], [ 90.234475232000079, 23.65795593200005 ], [ 90.236048475000075, 23.657781922000026 ], [ 90.236235458000067, 23.657643890000031 ], [ 90.236347546000047, 23.657435969000062 ], [ 90.236271480000084, 23.656885095000064 ], [ 90.237094540000044, 23.656192839000028 ], [ 90.237729807000051, 23.655363123000029 ], [ 90.238216037000086, 23.654983007000055 ], [ 90.239938068000072, 23.654255481000064 ], [ 90.241174242000056, 23.653944195000065 ], [ 90.242709668000032, 23.653734048000047 ], [ 90.246565719000046, 23.652415971000039 ], [ 90.247090190000051, 23.65234739300007 ], [ 90.247239074000049, 23.652001657000028 ], [ 90.248377515000072, 23.651882413000067 ], [ 90.247951320000084, 23.649139430000048 ], [ 90.247599609000076, 23.647739895000029 ], [ 90.248000054000045, 23.646432116000028 ], [ 90.248178273000065, 23.644639397000049 ], [ 90.248121702000049, 23.642153979000057 ], [ 90.248222060000046, 23.64130850600003 ], [ 90.248609834000035, 23.640590911000061 ], [ 90.249742630000071, 23.639453881000065 ], [ 90.249771883000051, 23.637780895000049 ], [ 90.24967330000004, 23.637093953000033 ], [ 90.24938016200008, 23.63640732500005 ], [ 90.249171241000056, 23.636132385000053 ], [ 90.248849977000077, 23.636000758000023 ], [ 90.248599565000063, 23.635540616000071 ], [ 90.248511733000043, 23.635185138000054 ], [ 90.248622930000067, 23.634726095000076 ], [ 90.249181422000049, 23.633761585000059 ], [ 90.24918096600004, 23.633520682000039 ], [ 90.249018686000056, 23.633302983000078 ], [ 90.247447621000049, 23.632135394000045 ], [ 90.246747966000044, 23.630863160000047 ], [ 90.246371389000046, 23.630371788000048 ], [ 90.246160179000071, 23.629464907000056 ], [ 90.245731217000071, 23.628697400000078 ], [ 90.245498073000078, 23.628865063000035 ], [ 90.244047481000052, 23.631231587000059 ], [ 90.242450089000044, 23.633040263000055 ], [ 90.241983298000036, 23.63311268800004 ], [ 90.241282866000063, 23.633089878000078 ], [ 90.240478064000058, 23.632732642000065 ], [ 90.239838740000039, 23.632035310000049 ], [ 90.239459536000084, 23.631410385000038 ], [ 90.239080499000067, 23.630539315000078 ], [ 90.23879050000005, 23.62886856700004 ], [ 90.238399221000066, 23.627865197000062 ], [ 90.237198019000061, 23.625289862000045 ], [ 90.236913635000064, 23.623948005000045 ], [ 90.236573503000045, 23.621638449000045 ], [ 90.236102134000078, 23.620672667000065 ], [ 90.235749664000082, 23.620289102000072 ], [ 90.235479731000055, 23.620444035000048 ], [ 90.234745414000031, 23.620445148000044 ], [ 90.233097926000084, 23.620653124000057 ], [ 90.229130834000046, 23.622316528000056 ], [ 90.227558544000033, 23.62280209100004 ], [ 90.224787195000033, 23.622943877000068 ], [ 90.216247661000068, 23.623016985000049 ], [ 90.206082142000071, 23.623782789000074 ], [ 90.205765276000079, 23.623920958000042 ], [ 90.205913468000062, 23.625040814000045 ], [ 90.206214385000067, 23.625869163000061 ], [ 90.20658983800007, 23.626557407000064 ], [ 90.209405666000066, 23.630627369000024 ], [ 90.210307705000048, 23.632593017000033 ], [ 90.210685353000031, 23.634627113000079 ], [ 90.21072530400005, 23.636042930000031 ], [ 90.21057713600004, 23.637077375000047 ], [ 90.210204795000038, 23.638563753000028 ], [ 90.209494809000034, 23.639668956000037 ], [ 90.205829677000054, 23.643365968000069 ], [ 90.204034009000054, 23.644851955000036 ], [ 90.201629375000039, 23.646613072000036 ], [ 90.203845115000036, 23.648116110000046 ], [ 90.204068540000037, 23.648436696000033 ], [ 90.204567120000036, 23.648737168000025 ], [ 90.205300021000085, 23.649567891000061 ], [ 90.20548840400005, 23.650585744000068 ], [ 90.205799909000064, 23.650700046000054 ], [ 90.206018821000043, 23.650629375000051 ], [ 90.205889944000035, 23.651691166000035 ], [ 90.206170903000043, 23.652178336000077 ], [ 90.206185508000033, 23.652440986000045 ], [ 90.206410083000037, 23.652493488000061 ], [ 90.206617440000059, 23.652368935000027 ], [ 90.206824980000079, 23.652359099000023 ], [ 90.207209027000033, 23.652406385000063 ], [ 90.207994850000034, 23.652670770000043 ], [ 90.207957431000068, 23.652924201000076 ], [ 90.208844262000071, 23.652905525000051 ], [ 90.20885241700006, 23.658042542000032 ], [ 90.21129138200007, 23.657912486000043 ], [ 90.215619519000086, 23.665588790000072 ], [ 90.217061858000079, 23.664387693000037 ], [ 90.218407165000031, 23.663455443000032 ], [ 90.220005047000086, 23.662755410000045 ], [ 90.221014230000037, 23.662056205000056 ] ] ] } },
{ "type": "Feature", "properties": { "matched_key": "U_302662143", "navigation_parent_key": "A_302662", "admin_type": "union", "admin_label": "Union", "map_level": "union", "admin_rank": 3, "displayable": 1, "geometry_status": "EXACT/GEOMETRY", "location_label": "Bahra Union" }, "geometry": { "type": "Polygon", "coordinates": [ [ [ 90.201696290000086, 23.689103660000058 ], [ 90.202509798000051, 23.689125180000076 ], [ 90.203927189000069, 23.688590396000052 ], [ 90.204609106000078, 23.68815593100004 ], [ 90.205186192000042, 23.687719346000051 ], [ 90.20560572800008, 23.687282967000044 ], [ 90.206391322000059, 23.685735082000065 ], [ 90.20681138100008, 23.685637421000024 ], [ 90.209122553000043, 23.685923363000029 ], [ 90.210173624000049, 23.686163562000047 ], [ 90.210856748000083, 23.686501358000044 ], [ 90.211750212000084, 23.686694339000042 ], [ 90.212065531000064, 23.686838427000055 ], [ 90.21416662200005, 23.687029739000025 ], [ 90.215024098000072, 23.687328885000056 ], [ 90.215427628000043, 23.687244770000063 ], [ 90.217161514000054, 23.687605912000038 ], [ 90.217424068000071, 23.68753328300005 ], [ 90.218263540000066, 23.686951758000077 ], [ 90.219101889000058, 23.68588472600004 ], [ 90.219626707000032, 23.685570100000064 ], [ 90.220248010000034, 23.685402113000066 ], [ 90.219887272000051, 23.684311938000064 ], [ 90.218095933000086, 23.68107402000004 ], [ 90.218042079000043, 23.68020470600004 ], [ 90.218198327000039, 23.67942994200007 ], [ 90.218145435000054, 23.679138712000054 ], [ 90.217934868000043, 23.678947064000056 ], [ 90.21735706000004, 23.678898197000024 ], [ 90.216621489000033, 23.678707284000041 ], [ 90.215308506000042, 23.678709115000061 ], [ 90.214258498000049, 23.678902515000061 ], [ 90.213576280000041, 23.679291859000045 ], [ 90.212946456000054, 23.679484671000068 ], [ 90.212053741000034, 23.679535573000067 ], [ 90.210844096000073, 23.678618155000038 ], [ 90.210213730000078, 23.678472231000057 ], [ 90.209478474000036, 23.67847322800003 ], [ 90.206851303000064, 23.677704469000048 ], [ 90.205397281000046, 23.676877660000059 ], [ 90.206306259000087, 23.676458693000029 ], [ 90.208662223000033, 23.675719380000032 ], [ 90.209839822000049, 23.675020018000055 ], [ 90.212363805000052, 23.674162996000064 ], [ 90.213541821000035, 23.673928785000044 ], [ 90.214130538000063, 23.673539571000049 ], [ 90.214803151000069, 23.672919903000036 ], [ 90.214886235000051, 23.672375573000068 ], [ 90.214632817000052, 23.671833966000065 ], [ 90.21404328300008, 23.67152541400003 ], [ 90.213705967000067, 23.671214255000052 ], [ 90.213705211000047, 23.67074907600005 ], [ 90.214125738000064, 23.670594942000037 ], [ 90.21404037700006, 23.669741474000034 ], [ 90.213534264000032, 23.66927699300004 ], [ 90.213196890000063, 23.668735500000025 ], [ 90.213784897000039, 23.668113694000056 ], [ 90.214373715000079, 23.66780351400007 ], [ 90.214709880000044, 23.667414645000065 ], [ 90.214960878000056, 23.666483936000077 ], [ 90.215380499000048, 23.665785581000023 ], [ 90.215619519000086, 23.665588790000072 ], [ 90.21129138200007, 23.657912486000043 ], [ 90.20885241700006, 23.658042542000032 ], [ 90.208844262000071, 23.652905525000051 ], [ 90.207957431000068, 23.652924201000076 ], [ 90.207994850000034, 23.652670770000043 ], [ 90.207209027000033, 23.652406385000063 ], [ 90.206824980000079, 23.652359099000023 ], [ 90.206617440000059, 23.652368935000027 ], [ 90.206410083000037, 23.652493488000061 ], [ 90.206185508000033, 23.652440986000045 ], [ 90.206170903000043, 23.652178336000077 ], [ 90.205889944000035, 23.651691166000035 ], [ 90.206018821000043, 23.650629375000051 ], [ 90.205799909000064, 23.650700046000054 ], [ 90.20548840400005, 23.650585744000068 ], [ 90.205300021000085, 23.649567891000061 ], [ 90.204567120000036, 23.648737168000025 ], [ 90.204068540000037, 23.648436696000033 ], [ 90.203845115000036, 23.648116110000046 ], [ 90.201629375000039, 23.646613072000036 ], [ 90.201003202000038, 23.647168276000059 ], [ 90.200367326000048, 23.647927844000037 ], [ 90.199881590000075, 23.648687214000063 ], [ 90.198830659000066, 23.651574500000038 ], [ 90.198987005000049, 23.651621721000026 ], [ 90.199512655000035, 23.652519794000057 ], [ 90.199984313000073, 23.65417893800003 ], [ 90.198415239000042, 23.655899417000057 ], [ 90.197051808000083, 23.657256054000072 ], [ 90.196789645000081, 23.657353488000069 ], [ 90.196159378000061, 23.657401707000076 ], [ 90.194321541000079, 23.657306923000078 ], [ 90.189031917000079, 23.656142659000068 ], [ 90.186092258000031, 23.655925536000041 ], [ 90.183851645000061, 23.655168168000046 ], [ 90.183922685000084, 23.654704653000067 ], [ 90.182520597000064, 23.654139511000039 ], [ 90.181101223000042, 23.65302790100003 ], [ 90.178892483000084, 23.650756493000074 ], [ 90.176735825000037, 23.648195945000055 ], [ 90.174632660000043, 23.646165978000056 ], [ 90.17342420500006, 23.64548988100006 ], [ 90.172163011000066, 23.645008039000061 ], [ 90.171112640000047, 23.644767576000049 ], [ 90.170219710000083, 23.644718881000074 ], [ 90.169170088000044, 23.645058755000036 ], [ 90.168068137000034, 23.645689982000079 ], [ 90.167229255000052, 23.646707066000033 ], [ 90.166705232000083, 23.647626703000071 ], [ 90.166286543000069, 23.648738171000048 ], [ 90.165973320000035, 23.650143089000039 ], [ 90.16581874600007, 23.652464652000049 ], [ 90.16562443600003, 23.653837341000042 ], [ 90.16617838500008, 23.653770467000072 ], [ 90.166005964000078, 23.654712586000073 ], [ 90.167606747000036, 23.654639601000042 ], [ 90.167921940000042, 23.654542158000027 ], [ 90.16839377000008, 23.654008717000067 ], [ 90.169286079000074, 23.653524499000071 ], [ 90.170440994000046, 23.653281612000058 ], [ 90.171130669000036, 23.653445697000052 ], [ 90.17118387000005, 23.653592419000063 ], [ 90.171230266000066, 23.654394017000072 ], [ 90.170969038000067, 23.65545790300007 ], [ 90.169606698000052, 23.65787789500007 ], [ 90.169451003000063, 23.659282642000051 ], [ 90.169557051000083, 23.660249021000027 ], [ 90.169788358000062, 23.660680079000031 ], [ 90.169908550000059, 23.661206100000072 ], [ 90.169962140000052, 23.662125112000069 ], [ 90.170225831000039, 23.662946796000028 ], [ 90.170331819000069, 23.663624127000048 ], [ 90.170438438000076, 23.664784706000034 ], [ 90.170337521000079, 23.668025281000041 ], [ 90.171022391000065, 23.669621048000067 ], [ 90.17144287900004, 23.670103829000027 ], [ 90.17207568200007, 23.671941272000026 ], [ 90.172340420000069, 23.673537496000051 ], [ 90.172550800000067, 23.673875987000031 ], [ 90.172919016000037, 23.674214300000074 ], [ 90.174022158000071, 23.674551790000066 ], [ 90.175913455000057, 23.675032901000066 ], [ 90.176491162000048, 23.675032243000032 ], [ 90.17675414100006, 23.675273567000033 ], [ 90.176912254000058, 23.675709212000072 ], [ 90.176912776000052, 23.67609535400004 ], [ 90.176441224000087, 23.676870442000052 ], [ 90.173975004000056, 23.678517170000077 ], [ 90.173502616000064, 23.679143211000053 ], [ 90.173556921000056, 23.680114158000038 ], [ 90.173978463000083, 23.68112985700003 ], [ 90.175031385000068, 23.683063912000023 ], [ 90.175505942000086, 23.684515370000042 ], [ 90.175959946000035, 23.685262303000059 ], [ 90.177974679000044, 23.684657074000029 ], [ 90.178447539000047, 23.684606851000069 ], [ 90.17986624100007, 23.684993613000074 ], [ 90.182596818000036, 23.684748795000075 ], [ 90.183752389000063, 23.68479484900007 ], [ 90.184277932000043, 23.684938745000068 ], [ 90.184698687000036, 23.685326649000046 ], [ 90.185276849000047, 23.685615001000031 ], [ 90.186275159000047, 23.685855429000071 ], [ 90.188794289000043, 23.688191828000072 ], [ 90.189114353000036, 23.688028848000044 ], [ 90.190270098000042, 23.688174213000025 ], [ 90.191584159000058, 23.68884778100005 ], [ 90.19200438200005, 23.688847260000045 ], [ 90.19237240700005, 23.688993584000059 ], [ 90.192844971000056, 23.688943317000053 ], [ 90.193264912000075, 23.688750852000055 ], [ 90.193947814000069, 23.68874999600007 ], [ 90.194262260000073, 23.688313778000065 ], [ 90.194840097000053, 23.688360473000046 ], [ 90.194945805000032, 23.688748743000076 ], [ 90.195156266000083, 23.689087200000074 ], [ 90.197047991000034, 23.689665150000053 ], [ 90.199044502000049, 23.690001320000079 ], [ 90.199358859000085, 23.689515411000059 ], [ 90.199831129000074, 23.689273182000022 ], [ 90.201696290000086, 23.689103660000058 ] ] ] } },
{ "type": "Feature", "properties": { "matched_key": "U_302662152", "navigation_parent_key": "A_302662", "admin_type": "union", "admin_label": "Union", "map_level": "union", "admin_rank": 3, "displayable": 1, "geometry_status": "EXACT/GEOMETRY", "location_label": "Baksnagar Union" }, "geometry": { "type": "Polygon", "coordinates": [ [ [ 90.19343794100007, 23.648453763000077 ], [ 90.192912246000049, 23.647695675000023 ], [ 90.192947103000051, 23.647643693000077 ], [ 90.192163469000036, 23.647972100000061 ], [ 90.191339218000053, 23.647973121000064 ], [ 90.188490852000086, 23.646942365000029 ], [ 90.185942859000079, 23.646599945000048 ], [ 90.185268062000034, 23.646325255000079 ], [ 90.184968006000076, 23.646050118000062 ], [ 90.184967131000064, 23.645426865000047 ], [ 90.185190871000032, 23.644600107000031 ], [ 90.18676387000005, 23.644320467000057 ], [ 90.187286854000035, 23.643423342000062 ], [ 90.187583072000052, 23.641006744000038 ], [ 90.187580614000069, 23.639281507000078 ], [ 90.187729750000074, 23.638798077000047 ], [ 90.187954249000086, 23.638522310000042 ], [ 90.18832896400005, 23.638521854000032 ], [ 90.188627529000087, 23.637762746000078 ], [ 90.188625846000036, 23.636588501000062 ], [ 90.188849637000033, 23.63603723500006 ], [ 90.189223948000063, 23.635759021000069 ], [ 90.189223157000072, 23.635208031000047 ], [ 90.188698526000053, 23.635138667000035 ], [ 90.188696510000057, 23.633731829000055 ], [ 90.187198054000078, 23.633552991000045 ], [ 90.183976682000036, 23.633489100000077 ], [ 90.18337682400005, 23.633074308000062 ], [ 90.183300704000033, 23.632315649000077 ], [ 90.183899692000068, 23.632109448000051 ], [ 90.184198747000039, 23.631693590000054 ], [ 90.18434779100005, 23.631142418000024 ], [ 90.184872111000061, 23.631001789000038 ], [ 90.184870851000085, 23.630105297000057 ], [ 90.18427149200005, 23.630038262000028 ], [ 90.184120805000077, 23.629415187000063 ], [ 90.182996848000073, 23.629278768000063 ], [ 90.182322526000064, 23.629279560000043 ], [ 90.182023282000046, 23.629557667000029 ], [ 90.180974763000052, 23.629696645000024 ], [ 90.180750003000071, 23.629559156000028 ], [ 90.180973909000045, 23.629075648000025 ], [ 90.180823714000041, 23.628798066000058 ], [ 90.180374082000071, 23.628660841000055 ], [ 90.179924828000082, 23.628799112000024 ], [ 90.17895003700005, 23.628179241000055 ], [ 90.178725750000069, 23.62838724900007 ], [ 90.178425936000053, 23.628249847000063 ], [ 90.178050131000077, 23.627421531000039 ], [ 90.177675445000034, 23.62742195900006 ], [ 90.177300413000069, 23.626939140000047 ], [ 90.176326575000076, 23.627010253000037 ], [ 90.175727232000042, 23.626940929000057 ], [ 90.175651805000086, 23.626665517000049 ], [ 90.175951091000059, 23.626181927000061 ], [ 90.175873912000043, 23.624594519000027 ], [ 90.173774753000032, 23.62321713800003 ], [ 90.173175577000052, 23.623493308000036 ], [ 90.172201797000071, 23.623356641000044 ], [ 90.171227529000078, 23.62308222300004 ], [ 90.171002524000073, 23.622736971000052 ], [ 90.17055270600008, 23.622667462000038 ], [ 90.16942974300008, 23.623014193000074 ], [ 90.169280204000074, 23.62322210800005 ], [ 90.169356462000053, 23.624394017000043 ], [ 90.169132257000058, 23.624672018000069 ], [ 90.168757578000054, 23.624672425000028 ], [ 90.168307884000058, 23.624465161000046 ], [ 90.16778260600006, 23.623844731000077 ], [ 90.167557345000034, 23.623291723000023 ], [ 90.168156314000043, 23.623085584000023 ], [ 90.168530325000063, 23.622807420000072 ], [ 90.168529885000055, 23.622461918000056 ], [ 90.168304798000065, 23.622048917000029 ], [ 90.167929953000055, 23.62191157500007 ], [ 90.16605730200007, 23.621983594000028 ], [ 90.165383063000036, 23.621776561000047 ], [ 90.164984704000062, 23.621205668000073 ], [ 90.164795865000031, 23.621348132000037 ], [ 90.163512680000053, 23.621697249000079 ], [ 90.163097570000048, 23.621941568000068 ], [ 90.162909324000054, 23.622323398000049 ], [ 90.162532326000075, 23.622671551000053 ], [ 90.161967503000085, 23.623995433000061 ], [ 90.161628180000037, 23.624343546000034 ], [ 90.161666371000081, 23.624761271000068 ], [ 90.16333009300007, 23.626638330000048 ], [ 90.163859564000063, 23.62743716600005 ], [ 90.163935800000047, 23.627888718000065 ], [ 90.163671882000074, 23.628272887000037 ], [ 90.163219067000057, 23.628517247000048 ], [ 90.160274916000049, 23.629319708000025 ], [ 90.159633111000062, 23.629354247000038 ], [ 90.159595039000067, 23.629286540000066 ], [ 90.159708016000081, 23.628972537000038 ], [ 90.16080213500004, 23.628275889000065 ], [ 90.161745581000048, 23.627891018000071 ], [ 90.162122817000068, 23.627472862000047 ], [ 90.162045392000039, 23.626048032000028 ], [ 90.161893843000087, 23.625630429000068 ], [ 90.161516107000068, 23.625386941000045 ], [ 90.161289483000076, 23.625457179000023 ], [ 90.161102593000066, 23.626952285000073 ], [ 90.160687375000066, 23.627126597000029 ], [ 90.16034766000007, 23.627163078000024 ], [ 90.159933676000037, 23.628102905000048 ], [ 90.159707130000072, 23.628240887000061 ], [ 90.158235003000073, 23.628730163000057 ], [ 90.157555478000063, 23.628730852000047 ], [ 90.157140772000048, 23.628573201000052 ], [ 90.157205131000069, 23.629616414000054 ], [ 90.157048922000058, 23.630680171000051 ], [ 90.156891935000033, 23.631091320000053 ], [ 90.156944703000079, 23.631407412000044 ], [ 90.157207698000036, 23.631768451000028 ], [ 90.157471332000057, 23.632662421000077 ], [ 90.157602725000061, 23.632881330000032 ], [ 90.157917988000065, 23.632881011000052 ], [ 90.158022537000079, 23.632686701000068 ], [ 90.158679075000066, 23.632661191000068 ], [ 90.159099178000076, 23.632710440000039 ], [ 90.159256895000055, 23.632904481000025 ], [ 90.159598403000075, 23.63307349300004 ], [ 90.161199728000042, 23.632974736000051 ], [ 90.16117554200008, 23.634740653000051 ], [ 90.161097067000071, 23.634957518000078 ], [ 90.160782489000042, 23.635271731000046 ], [ 90.160390022000058, 23.636288314000069 ], [ 90.160074867000048, 23.636385741000026 ], [ 90.159602889000041, 23.636772377000057 ], [ 90.15876294800006, 23.636920019000058 ], [ 90.158605904000069, 23.637281487000052 ], [ 90.158685024000079, 23.637597551000056 ], [ 90.158911270000033, 23.637691091000079 ], [ 90.156405628000073, 23.641590056000041 ], [ 90.156616607000046, 23.642508918000033 ], [ 90.156670575000078, 23.643572462000066 ], [ 90.157207577000065, 23.644752942000025 ], [ 90.156934704000037, 23.645121300000028 ], [ 90.156804020000038, 23.645507577000046 ], [ 90.156752804000064, 23.64649896700007 ], [ 90.156805923000036, 23.647104101000025 ], [ 90.157016843000065, 23.647709079000037 ], [ 90.157437281000057, 23.64799769800004 ], [ 90.157857464000074, 23.648071791000064 ], [ 90.158907456000065, 23.647996199000033 ], [ 90.160167883000042, 23.648116841000046 ], [ 90.160798679000038, 23.648527177000062 ], [ 90.162951642000053, 23.648597192000068 ], [ 90.163814421000041, 23.648524019000035 ], [ 90.163974992000078, 23.648040600000058 ], [ 90.164630423000062, 23.647071152000024 ], [ 90.165286149000053, 23.646587206000049 ], [ 90.16573204000008, 23.646392529000025 ], [ 90.166204650000054, 23.646247500000072 ], [ 90.166572372000076, 23.64627194600007 ], [ 90.167373661000056, 23.646533031000047 ], [ 90.168068137000034, 23.645689982000079 ], [ 90.169170088000044, 23.645058755000036 ], [ 90.170219710000083, 23.644718881000074 ], [ 90.171112640000047, 23.644767576000049 ], [ 90.172163011000066, 23.645008039000061 ], [ 90.17342420500006, 23.64548988100006 ], [ 90.174632660000043, 23.646165978000056 ], [ 90.176735825000037, 23.648195945000055 ], [ 90.178892483000084, 23.650756493000074 ], [ 90.180207105000079, 23.652157291000037 ], [ 90.181101223000042, 23.65302790100003 ], [ 90.182520597000064, 23.654139511000039 ], [ 90.183922685000084, 23.654704653000067 ], [ 90.183851645000061, 23.655168168000046 ], [ 90.186092258000031, 23.655925536000041 ], [ 90.189031917000079, 23.656142659000068 ], [ 90.194321541000079, 23.657306923000078 ], [ 90.196159378000061, 23.657401707000076 ], [ 90.196789645000081, 23.657353488000069 ], [ 90.197051808000083, 23.657256054000072 ], [ 90.198415239000042, 23.655899417000057 ], [ 90.199984313000073, 23.65417893800003 ], [ 90.199512655000035, 23.652519794000057 ], [ 90.198987005000049, 23.651621721000026 ], [ 90.19831226000008, 23.651417093000077 ], [ 90.196512428000062, 23.650245138000059 ], [ 90.195912662000069, 23.649970401000076 ], [ 90.195313104000036, 23.649833408000063 ], [ 90.195012709000082, 23.649556032000078 ], [ 90.195012301000077, 23.64928053400007 ], [ 90.19343794100007, 23.648453763000077 ] ] ] } },
{ "type": "Feature", "properties": { "matched_key": "U_302662161", "navigation_parent_key": "A_302662", "admin_type": "union", "admin_label": "Union", "map_level": "union", "admin_rank": 3, "displayable": 1, "geometry_status": "EXACT/GEOMETRY", "location_label": "Bandura Union" }, "geometry": { "type": "Polygon", "coordinates": [ [ [ 90.128623033000054, 23.660337380000044 ], [ 90.129441002000078, 23.659413803000064 ], [ 90.129907097000057, 23.659101786000065 ], [ 90.130761711000048, 23.658744278000029 ], [ 90.131461288000082, 23.658718844000077 ], [ 90.134026710000057, 23.658931176000067 ], [ 90.136151601000051, 23.659263532000068 ], [ 90.139676631000043, 23.660168179000038 ], [ 90.140765296000041, 23.660621083000024 ], [ 90.141578841000069, 23.660846161000052 ], [ 90.141827517000081, 23.660132351000073 ], [ 90.141878973000075, 23.658971607000069 ], [ 90.142193469000063, 23.658485812000038 ], [ 90.142508173000067, 23.658196477000047 ], [ 90.142980322000085, 23.657566016000033 ], [ 90.142821931000071, 23.657035493000024 ], [ 90.142506655000034, 23.656794159000071 ], [ 90.142093750000072, 23.656668078000052 ], [ 90.142201413000066, 23.656198281000059 ], [ 90.143556423000064, 23.656163160000062 ], [ 90.144501878000085, 23.656259383000076 ], [ 90.146130139000036, 23.656693683000071 ], [ 90.146445349000032, 23.656596286000024 ], [ 90.146382753000069, 23.655973090000032 ], [ 90.145655898000086, 23.655145026000071 ], [ 90.145077264000065, 23.654226495000046 ], [ 90.144919334000065, 23.653840495000054 ], [ 90.144551463000084, 23.653696317000026 ], [ 90.143239041000072, 23.653986582000073 ], [ 90.142556058000082, 23.65374558600007 ], [ 90.141116546000035, 23.653541411000049 ], [ 90.143495804000054, 23.648907721000057 ], [ 90.143653437000069, 23.648471749000066 ], [ 90.144020366000063, 23.648326883000038 ], [ 90.144807998000033, 23.648179369000047 ], [ 90.144912886000043, 23.647987326000077 ], [ 90.144911767000053, 23.64697115000007 ], [ 90.145173026000066, 23.645760528000039 ], [ 90.145801985000048, 23.644840861000034 ], [ 90.145434244000057, 23.644793785000047 ], [ 90.144541840000045, 23.644939142000055 ], [ 90.144540780000057, 23.643972647000055 ], [ 90.144908092000037, 23.643633580000028 ], [ 90.144907879000073, 23.64343937600006 ], [ 90.144592374000069, 23.643245468000032 ], [ 90.144591898000044, 23.642809641000042 ], [ 90.14469678100005, 23.642617599000062 ], [ 90.145431410000072, 23.642228506000038 ], [ 90.146218308000073, 23.641455470000039 ], [ 90.146428065000066, 23.641066866000074 ], [ 90.146532156000035, 23.640438997000047 ], [ 90.146321037000064, 23.639325918000054 ], [ 90.146245663000059, 23.638221739000073 ], [ 90.146162613000058, 23.638206014000048 ], [ 90.146049207000033, 23.637892233000059 ], [ 90.146010480000086, 23.637230626000076 ], [ 90.145820625000056, 23.636221401000057 ], [ 90.145517761000065, 23.635526167000023 ], [ 90.145328874000086, 23.635388596000041 ], [ 90.14487573100007, 23.635389020000048 ], [ 90.143441270000039, 23.635701983000047 ], [ 90.143290334000085, 23.635805997000034 ], [ 90.143404, 23.636363660000029 ], [ 90.144423962000076, 23.636640471000078 ], [ 90.144688565000081, 23.636814102000073 ], [ 90.144688719000044, 23.636954108000054 ], [ 90.144386848000067, 23.637162141000033 ], [ 90.14261201100004, 23.637233786000024 ], [ 90.142310024000039, 23.637337941000055 ], [ 90.142045837000069, 23.637548195000022 ], [ 90.140837808000072, 23.637897054000064 ], [ 90.140498280000031, 23.638141244000053 ], [ 90.140122176000034, 23.639428743000053 ], [ 90.139933658000075, 23.639636665000069 ], [ 90.139669389000062, 23.639776910000023 ], [ 90.138687427000036, 23.639811664000035 ], [ 90.138536263000049, 23.639707922000071 ], [ 90.138536118000047, 23.639567916000033 ], [ 90.138875813000084, 23.639185983000061 ], [ 90.139252517000045, 23.638453996000067 ], [ 90.139176520000035, 23.637862423000058 ], [ 90.138761052000064, 23.637862796000036 ], [ 90.138609636000069, 23.637515170000029 ], [ 90.138420791000044, 23.637411464000024 ], [ 90.137212497000064, 23.637516413000071 ], [ 90.137099063000051, 23.637448769000059 ], [ 90.13679613000005, 23.636647383000025 ], [ 90.136947, 23.636473371000022 ], [ 90.138533043000052, 23.636645844000043 ], [ 90.138683835000052, 23.636401825000064 ], [ 90.138608172000033, 23.636124138000071 ], [ 90.13845701300005, 23.636020398000028 ], [ 90.137625985000057, 23.635917259000053 ], [ 90.136720001000072, 23.635918061000041 ], [ 90.136417760000086, 23.635778321000032 ], [ 90.136152882000033, 23.635326918000032 ], [ 90.135624024000037, 23.635291250000023 ], [ 90.135549155000035, 23.635779083000045 ], [ 90.134982757000046, 23.635883453000076 ], [ 90.134945780000066, 23.636579003000065 ], [ 90.135059395000042, 23.636822785000049 ], [ 90.135285961000079, 23.636962596000046 ], [ 90.135814821000054, 23.636996006000061 ], [ 90.135928060000083, 23.637169785000026 ], [ 90.135928454000066, 23.63755367400006 ], [ 90.136835515000087, 23.638282267000022 ], [ 90.136420606000058, 23.638526518000049 ], [ 90.13642075000007, 23.63866652300004 ], [ 90.13687430400006, 23.639047753000057 ], [ 90.136912170000073, 23.639221599000052 ], [ 90.13664797000007, 23.639431843000068 ], [ 90.135590817000036, 23.639640523000025 ], [ 90.13544022800005, 23.640092288000062 ], [ 90.135402794000072, 23.64033620400005 ], [ 90.135516915000039, 23.641067753000073 ], [ 90.13612203100007, 23.641936619000035 ], [ 90.13627355400007, 23.642388121000067 ], [ 90.13638730100007, 23.643049665000035 ], [ 90.13635199600003, 23.643280029000039 ], [ 90.136085655000045, 23.643501566000054 ], [ 90.135405302000038, 23.642772770000079 ], [ 90.135216521000075, 23.642736805000027 ], [ 90.134801538000033, 23.643224931000077 ], [ 90.134424026000033, 23.643503012000053 ], [ 90.133782004000068, 23.64339969200006 ], [ 90.133706489000076, 23.643259752000063 ], [ 90.133743891000051, 23.642981964000057 ], [ 90.134649875000036, 23.642633419000049 ], [ 90.134725002000039, 23.642389474000026 ], [ 90.134609272000034, 23.639781385000049 ], [ 90.13453344900006, 23.639641444000063 ], [ 90.133778079000081, 23.639538221000066 ], [ 90.132834112000069, 23.639572904000033 ], [ 90.132494358000031, 23.639609325000038 ], [ 90.132381165000083, 23.639783302000069 ], [ 90.132457091000049, 23.64002712000007 ], [ 90.133665655000073, 23.640163833000031 ], [ 90.13381699200005, 23.640441456000076 ], [ 90.133855316000052, 23.641069196000046 ], [ 90.133817806000081, 23.641243106000047 ], [ 90.133553490000054, 23.641347212000028 ], [ 90.133024542000044, 23.641243790000033 ], [ 90.133024188000036, 23.640896033000047 ], [ 90.132835168000042, 23.640618437000057 ], [ 90.132419552000044, 23.640478788000053 ], [ 90.131928182000081, 23.639957568000057 ], [ 90.131588320000048, 23.639887852000072 ], [ 90.131361863000052, 23.640165799000044 ], [ 90.130984658000045, 23.640443875000074 ], [ 90.13026645900004, 23.639818966000064 ], [ 90.129964218000055, 23.639681470000028 ], [ 90.129473408000081, 23.639715752000029 ], [ 90.128567598000075, 23.640238145000069 ], [ 90.128227839000033, 23.640272300000049 ], [ 90.12796325100004, 23.640098637000051 ], [ 90.127917443000058, 23.639973096000062 ], [ 90.128005425000083, 23.639765411000042 ], [ 90.128013058000079, 23.639077106000059 ], [ 90.127721295000072, 23.637823113000024 ], [ 90.126781318000042, 23.635871611000027 ], [ 90.122413370000061, 23.636340999000026 ], [ 90.122150975000068, 23.636533151000037 ], [ 90.121522156000083, 23.637744028000043 ], [ 90.121891079000079, 23.639096383000037 ], [ 90.122153624000077, 23.639387481000028 ], [ 90.123309229000085, 23.639919496000061 ], [ 90.123519689000034, 23.640208376000032 ], [ 90.12357303400006, 23.641224512000065 ], [ 90.123468303000038, 23.641610741000022 ], [ 90.123468846000037, 23.642191093000065 ], [ 90.123784409000052, 23.642482144000041 ], [ 90.124572134000061, 23.642770560000031 ], [ 90.124625126000069, 23.643400548000045 ], [ 90.124520790000076, 23.643883880000033 ], [ 90.123995749000073, 23.644028825000078 ], [ 90.123890881000079, 23.644270532000064 ], [ 90.123787361000041, 23.645623261000026 ], [ 90.119324038000059, 23.645437074000029 ], [ 90.11685587900007, 23.645050544000071 ], [ 90.11591031100005, 23.644712531000039 ], [ 90.115280298000073, 23.644665578000058 ], [ 90.113075628000047, 23.64529497500007 ], [ 90.111500426000077, 23.645345793000047 ], [ 90.103151163000064, 23.645039945000065 ], [ 90.102845955000078, 23.645399196000028 ], [ 90.101810366000052, 23.646282826000061 ], [ 90.101317814000083, 23.646091204000072 ], [ 90.100126532000047, 23.646545870000068 ], [ 90.099848001000055, 23.64654605000004 ], [ 90.098996266000086, 23.647474706000025 ], [ 90.098884069000064, 23.647818018000066 ], [ 90.098285523000072, 23.648888774000056 ], [ 90.097798805000082, 23.649130705000061 ], [ 90.097386696000058, 23.649164838000047 ], [ 90.09686208800008, 23.649131293000039 ], [ 90.096412371000042, 23.648856077000062 ], [ 90.095862452000063, 23.64815186800007 ], [ 90.093082122000055, 23.647832900000026 ], [ 90.092819388000066, 23.647638855000025 ], [ 90.09245162600007, 23.64710840500004 ], [ 90.092188925000073, 23.646961780000026 ], [ 90.091558603000067, 23.646914731000038 ], [ 90.091138845000046, 23.647398226000064 ], [ 90.090351396000074, 23.647448370000063 ], [ 90.088775659000078, 23.647207654000056 ], [ 90.087094999000044, 23.64677277800007 ], [ 90.086885137000081, 23.646820320000074 ], [ 90.086570096000059, 23.647208902000045 ], [ 90.085887532000072, 23.647401226000056 ], [ 90.084837518000086, 23.647498905000077 ], [ 90.08468020600003, 23.647790297000029 ], [ 90.084417734000056, 23.647982384000045 ], [ 90.082264586000065, 23.648033221000048 ], [ 90.081739903000084, 23.648855472000037 ], [ 90.081478209000068, 23.64982210900007 ], [ 90.081215728000075, 23.650016450000066 ], [ 90.07766130400006, 23.650095049000072 ], [ 90.077635934000057, 23.651237696000067 ], [ 90.077480635000086, 23.651332617000037 ], [ 90.076055838000059, 23.651453007000043 ], [ 90.075200734000077, 23.651667950000046 ], [ 90.074916331000054, 23.652670716000046 ], [ 90.073881019000055, 23.654484525000044 ], [ 90.07346638000007, 23.654414719000044 ], [ 90.072481438000068, 23.653721924000024 ], [ 90.072170694000079, 23.653674644000034 ], [ 90.07162655500008, 23.653817165000078 ], [ 90.068984666000063, 23.655250043000024 ], [ 90.068777587000056, 23.655968235000046 ], [ 90.068544479000082, 23.65613544200005 ], [ 90.068052407000039, 23.656253083000024 ], [ 90.067948882000053, 23.656350231000033 ], [ 90.067948956000066, 23.656492495000066 ], [ 90.068104380000079, 23.656612111000072 ], [ 90.068182325000066, 23.656826604000059 ], [ 90.068182450000052, 23.65706596800004 ], [ 90.068467708000071, 23.657589739000059 ], [ 90.068493921000083, 23.658497511000064 ], [ 90.067846355000086, 23.658974271000034 ], [ 90.067769244000033, 23.659787245000075 ], [ 90.067691590000038, 23.660144071000047 ], [ 90.067611333000059, 23.660205076000068 ], [ 90.067665109000075, 23.661090253000054 ], [ 90.067512915000066, 23.661302590000048 ], [ 90.067665486000067, 23.661817385000063 ], [ 90.067928210000048, 23.662009215000069 ], [ 90.068190836000042, 23.66200910200007 ], [ 90.068820740000035, 23.661719776000041 ], [ 90.068872839000051, 23.66113940300005 ], [ 90.071025767000037, 23.660847128000057 ], [ 90.071551015000068, 23.660846885000069 ], [ 90.071657125000058, 23.662684988000024 ], [ 90.072444834000066, 23.66292624600004 ], [ 90.073205710000082, 23.662855883000077 ], [ 90.07341647700008, 23.663280321000059 ], [ 90.073710998000081, 23.663320829000043 ], [ 90.074005650000061, 23.663047448000043 ], [ 90.07438400500007, 23.662311105000072 ], [ 90.074425834000067, 23.662040103000038 ], [ 90.07434147500004, 23.661884330000078 ], [ 90.07358385100008, 23.661731137000061 ], [ 90.07337349900007, 23.661498646000041 ], [ 90.073247070000036, 23.661187078000069 ], [ 90.073204543000031, 23.66076256100007 ], [ 90.073330669000086, 23.660529909000047 ], [ 90.07362549000004, 23.660568159000036 ], [ 90.073920114000032, 23.66080061100007 ], [ 90.074088721000066, 23.661459915000023 ], [ 90.074509869000053, 23.661613269000043 ], [ 90.074804316000041, 23.661536351000052 ], [ 90.074383152000053, 23.66080038900003 ], [ 90.074340709000069, 23.660529430000054 ], [ 90.074677468000061, 23.660488620000024 ], [ 90.075519449000069, 23.660799840000038 ], [ 90.075645682000072, 23.660761388000026 ], [ 90.075855678000039, 23.660372882000047 ], [ 90.077038929000082, 23.660489723000069 ], [ 90.077055958000074, 23.66026841300004 ], [ 90.078590978000079, 23.659829557000023 ], [ 90.079600919000086, 23.659169655000028 ], [ 90.079937154000049, 23.658781078000061 ], [ 90.080357588000084, 23.657773716000065 ], [ 90.081324168000037, 23.65591248000004 ], [ 90.081618789000061, 23.655641345000049 ], [ 90.081786802000067, 23.655291240000054 ], [ 90.082249455000067, 23.654708385000049 ], [ 90.082628180000086, 23.654669797000054 ], [ 90.083638250000035, 23.654786680000029 ], [ 90.084564101000069, 23.65498038100003 ], [ 90.084900993000076, 23.655172141000037 ], [ 90.085027393000075, 23.65540466300007 ], [ 90.08506957700007, 23.655716267000059 ], [ 90.084902346000035, 23.657267722000029 ], [ 90.084945228000038, 23.658663249000028 ], [ 90.085029900000052, 23.659281942000064 ], [ 90.08532479400003, 23.659902776000024 ], [ 90.085747364000042, 23.662228456000037 ], [ 90.085748678000073, 23.664245 ], [ 90.085454781000067, 23.665175529000066 ], [ 90.08516172700007, 23.667887749000045 ], [ 90.085244806000048, 23.668402567000044 ], [ 90.085524386000031, 23.668531128000041 ], [ 90.085577631000035, 23.669353072000035 ], [ 90.085484743000052, 23.66977991400006 ], [ 90.086892636000073, 23.668839736000052 ], [ 90.086972123000066, 23.668546130000038 ], [ 90.086803339000085, 23.668198465000046 ], [ 90.086971764000054, 23.668004168000039 ], [ 90.087013569000078, 23.667733166000062 ], [ 90.087223852000079, 23.667344643000035 ], [ 90.089074948000075, 23.666103856000063 ], [ 90.08924298200003, 23.665792131000046 ], [ 90.089368899000078, 23.665288487000055 ], [ 90.089704185000073, 23.663079806000042 ], [ 90.090208578000045, 23.662149148000026 ], [ 90.090502969000056, 23.661993162000044 ], [ 90.091176312000073, 23.662107934000062 ], [ 90.091597318000083, 23.662030908000077 ], [ 90.091723413000068, 23.661798242000032 ], [ 90.092775388000064, 23.661720836000029 ], [ 90.093996050000044, 23.661835268000061 ], [ 90.094627443000036, 23.661990697000078 ], [ 90.095132804000059, 23.662455572000056 ], [ 90.095259231000057, 23.66268808500007 ], [ 90.095259621000082, 23.663230046000024 ], [ 90.095007219000081, 23.663386014000025 ], [ 90.093912552000063, 23.662921499000049 ], [ 90.09370238200006, 23.662998404000064 ], [ 90.093744642000047, 23.663386783000078 ], [ 90.095260408000058, 23.664316224000061 ], [ 90.095886548000067, 23.664814892000038 ], [ 90.096287439000037, 23.664462369000034 ], [ 90.097180064000042, 23.664364712000065 ], [ 90.100698858000044, 23.664895393000052 ], [ 90.103272381000068, 23.665182745000038 ], [ 90.104269890000069, 23.664795929000036 ], [ 90.105424601000038, 23.664020598000036 ], [ 90.106106560000057, 23.66339010300004 ], [ 90.106736340000054, 23.662664798000037 ], [ 90.107575673000042, 23.661503521000043 ], [ 90.108509797000067, 23.660479919000068 ], [ 90.109438813000054, 23.660334743000078 ], [ 90.109931307000068, 23.66038181600004 ], [ 90.110346065000044, 23.660548625000047 ], [ 90.111071761000062, 23.66095457800003 ], [ 90.112264646000085, 23.661908923000055 ], [ 90.113327819000062, 23.663100462000045 ], [ 90.114832464000074, 23.665176869000049 ], [ 90.116337344000044, 23.667465525000068 ], [ 90.117323067000086, 23.668659353000066 ], [ 90.117997641000045, 23.669399521000059 ], [ 90.118541937000032, 23.669755896000026 ], [ 90.118826972000079, 23.66978051600006 ], [ 90.120537046000038, 23.669444987000077 ], [ 90.122298708000073, 23.668894872000067 ], [ 90.123567777000062, 23.668248031000076 ], [ 90.124603238000077, 23.667197155000053 ], [ 90.126621485000044, 23.664237319000051 ], [ 90.127888470000073, 23.661515189000056 ], [ 90.128623033000054, 23.660337380000044 ] ] ] } },
{ "type": "Feature", "properties": { "matched_key": "U_302662170", "navigation_parent_key": "A_302662", "admin_type": "union", "admin_label": "Union", "map_level": "union", "admin_rank": 3, "displayable": 1, "geometry_status": "EXACT/GEOMETRY", "location_label": "Baruakhali Union" }, "geometry": { "type": "Polygon", "coordinates": [ [ [ 90.075020205000044, 23.694455937000043 ], [ 90.076820915000042, 23.692770306000057 ], [ 90.078028733000053, 23.692478399000038 ], [ 90.079971927000031, 23.69175253800006 ], [ 90.080444249000038, 23.691219367000031 ], [ 90.080496526000047, 23.690494470000033 ], [ 90.080180768000048, 23.689914288000068 ], [ 90.079392623000047, 23.689237243000036 ], [ 90.078867, 23.688801688000069 ], [ 90.077973877000034, 23.688366314000064 ], [ 90.075610165000057, 23.687981342000057 ], [ 90.072984218000045, 23.688368747000027 ], [ 90.071513586000037, 23.688369433000048 ], [ 90.07041035900005, 23.688177994000057 ], [ 90.069622118000041, 23.687789947000056 ], [ 90.06914928100008, 23.687404013000048 ], [ 90.068781548000061, 23.686968351000075 ], [ 90.068465905000039, 23.686485244000039 ], [ 90.068203083000071, 23.685613709000052 ], [ 90.067991871000061, 23.683775658000059 ], [ 90.067465797000068, 23.681745799000055 ], [ 90.067254553000055, 23.679810642000064 ], [ 90.067359355000065, 23.679182828000023 ], [ 90.067883976000076, 23.677827700000023 ], [ 90.068723720000037, 23.677197300000046 ], [ 90.069406384000047, 23.67685827300005 ], [ 90.070824348000031, 23.676616007000064 ], [ 90.071979785000053, 23.676615474000073 ], [ 90.072715113000072, 23.676759653000033 ], [ 90.077338371000053, 23.67932268900006 ], [ 90.079702226000052, 23.680190884000069 ], [ 90.082748852000066, 23.680866734000062 ], [ 90.084009764000086, 23.681349305000026 ], [ 90.085008048000077, 23.681881686000054 ], [ 90.087477193000041, 23.682846805000054 ], [ 90.088580358000058, 23.683428784000057 ], [ 90.089210987000058, 23.683670046000032 ], [ 90.090208978000078, 23.683716889000038 ], [ 90.092047250000064, 23.684007110000039 ], [ 90.093465695000077, 23.684392407000075 ], [ 90.094043723000084, 23.684778203000064 ], [ 90.095988280000086, 23.686615154000037 ], [ 90.097197664000078, 23.688163497000062 ], [ 90.098721979000061, 23.689853895000056 ], [ 90.099931133000041, 23.691013818000044 ], [ 90.100298757000076, 23.691160356000069 ], [ 90.100929296000061, 23.69120736900004 ], [ 90.101274568000065, 23.690985845000057 ], [ 90.10163711000007, 23.690509134000024 ], [ 90.102077247000068, 23.689695908000033 ], [ 90.10212847400004, 23.688957457000072 ], [ 90.101998115000072, 23.688049761000059 ], [ 90.101271552000071, 23.687072453000042 ], [ 90.100467592000086, 23.686284878000038 ], [ 90.100545429000078, 23.686262246000069 ], [ 90.096300446000043, 23.682213801000046 ], [ 90.095774550000044, 23.681439577000049 ], [ 90.093828932000065, 23.678006101000051 ], [ 90.09251503400003, 23.676701673000025 ], [ 90.091148514000054, 23.675494364000031 ], [ 90.090780276000032, 23.674381304000065 ], [ 90.090463447000047, 23.672252040000046 ], [ 90.090777970000033, 23.671043737000048 ], [ 90.091302246000055, 23.670027253000057 ], [ 90.093400802000076, 23.666832953000039 ], [ 90.095886548000067, 23.664814892000038 ], [ 90.095260408000058, 23.664316224000061 ], [ 90.09378668100004, 23.663463535000062 ], [ 90.093702576000055, 23.663269383000056 ], [ 90.09370238200006, 23.662998404000064 ], [ 90.093912552000063, 23.662921499000049 ], [ 90.095007219000081, 23.663386014000025 ], [ 90.095259621000082, 23.663230046000024 ], [ 90.095259231000057, 23.66268808500007 ], [ 90.095132804000059, 23.662455572000056 ], [ 90.094627443000036, 23.661990697000078 ], [ 90.093996050000044, 23.661835268000061 ], [ 90.092228383000077, 23.661721163000038 ], [ 90.091723413000068, 23.661798242000032 ], [ 90.091597318000083, 23.662030908000077 ], [ 90.091176312000073, 23.662107934000062 ], [ 90.090502969000056, 23.661993162000044 ], [ 90.090208578000045, 23.662149148000026 ], [ 90.089704185000073, 23.663079806000042 ], [ 90.089368899000078, 23.665288487000055 ], [ 90.08924298200003, 23.665792131000046 ], [ 90.089074948000075, 23.666103856000063 ], [ 90.087223852000079, 23.667344643000035 ], [ 90.087013569000078, 23.667733166000062 ], [ 90.086971764000054, 23.668004168000039 ], [ 90.086803339000085, 23.668198465000046 ], [ 90.086972123000066, 23.668546130000038 ], [ 90.086892636000073, 23.668839736000052 ], [ 90.085484743000052, 23.66977991400006 ], [ 90.085577631000035, 23.669353072000035 ], [ 90.085524386000031, 23.668531128000041 ], [ 90.085244806000048, 23.668402567000044 ], [ 90.08516172700007, 23.667887749000045 ], [ 90.085454781000067, 23.665175529000066 ], [ 90.085748678000073, 23.664245 ], [ 90.085747364000042, 23.662228456000037 ], [ 90.08532479400003, 23.659902776000024 ], [ 90.085029900000052, 23.659281942000064 ], [ 90.084945228000038, 23.658663249000028 ], [ 90.084902346000035, 23.657267722000029 ], [ 90.08506957700007, 23.655716267000059 ], [ 90.085027393000075, 23.65540466300007 ], [ 90.084900993000076, 23.655172141000037 ], [ 90.084564101000069, 23.65498038100003 ], [ 90.083638250000035, 23.654786680000029 ], [ 90.082628180000086, 23.654669797000054 ], [ 90.082249455000067, 23.654708385000049 ], [ 90.081786802000067, 23.655291240000054 ], [ 90.081618789000061, 23.655641345000049 ], [ 90.081324168000037, 23.65591248000004 ], [ 90.080357588000084, 23.657773716000065 ], [ 90.079937154000049, 23.658781078000061 ], [ 90.079600919000086, 23.659169655000028 ], [ 90.078590978000079, 23.659829557000023 ], [ 90.077055958000074, 23.66026841300004 ], [ 90.077038929000082, 23.660489723000069 ], [ 90.075855678000039, 23.660372882000047 ], [ 90.075645682000072, 23.660761388000026 ], [ 90.075519449000069, 23.660799840000038 ], [ 90.074677468000061, 23.660488620000024 ], [ 90.074340709000069, 23.660529430000054 ], [ 90.074383152000053, 23.66080038900003 ], [ 90.074804316000041, 23.661536351000052 ], [ 90.074509869000053, 23.661613269000043 ], [ 90.074088721000066, 23.661459915000023 ], [ 90.073920114000032, 23.66080061100007 ], [ 90.07362549000004, 23.660568159000036 ], [ 90.073330669000086, 23.660529909000047 ], [ 90.073204543000031, 23.66076256100007 ], [ 90.073247070000036, 23.661187078000069 ], [ 90.07337349900007, 23.661498646000041 ], [ 90.07358385100008, 23.661731137000061 ], [ 90.07434147500004, 23.661884330000078 ], [ 90.074425834000067, 23.662040103000038 ], [ 90.07438400500007, 23.662311105000072 ], [ 90.074005650000061, 23.663047448000043 ], [ 90.073710998000081, 23.663320829000043 ], [ 90.07341647700008, 23.663280321000059 ], [ 90.073205710000082, 23.662855883000077 ], [ 90.072444834000066, 23.66292624600004 ], [ 90.071657125000058, 23.662684988000024 ], [ 90.071551015000068, 23.660846885000069 ], [ 90.071025767000037, 23.660847128000057 ], [ 90.068872839000051, 23.66113940300005 ], [ 90.068820740000035, 23.661719776000041 ], [ 90.068190836000042, 23.66200910200007 ], [ 90.067928210000048, 23.662009215000069 ], [ 90.067665486000067, 23.661817385000063 ], [ 90.067512915000066, 23.661302590000048 ], [ 90.067665109000075, 23.661090253000054 ], [ 90.067611333000059, 23.660205076000068 ], [ 90.067691590000038, 23.660144071000047 ], [ 90.067769244000033, 23.659787245000075 ], [ 90.067846355000086, 23.658974271000034 ], [ 90.068493921000083, 23.658497511000064 ], [ 90.068519781000077, 23.65813845100007 ], [ 90.068467708000071, 23.657589739000059 ], [ 90.068182450000052, 23.65706596800004 ], [ 90.068182325000066, 23.656826604000059 ], [ 90.068104380000079, 23.656612111000072 ], [ 90.067948956000066, 23.656492495000066 ], [ 90.067948882000053, 23.656350231000033 ], [ 90.068052407000039, 23.656253083000024 ], [ 90.068544479000082, 23.65613544200005 ], [ 90.068777587000056, 23.655968235000046 ], [ 90.068984666000063, 23.655250043000024 ], [ 90.070031429000039, 23.654657933000067 ], [ 90.068742720000046, 23.654333334000057 ], [ 90.067999154000063, 23.654008482000052 ], [ 90.062890037000045, 23.651393420000034 ], [ 90.059832526000037, 23.649994561000028 ], [ 90.059101834000046, 23.649581596000075 ], [ 90.057623194000087, 23.648478669000042 ], [ 90.057191580000051, 23.648876594000058 ], [ 90.055504863000067, 23.649359436000054 ], [ 90.056016265000039, 23.651174753000078 ], [ 90.056193320000034, 23.652475398000036 ], [ 90.055840692000061, 23.652638114000069 ], [ 90.055135335000045, 23.652719661000049 ], [ 90.055135471000085, 23.653044836000049 ], [ 90.05522355100004, 23.653369982000072 ], [ 90.055841175000069, 23.653773974000046 ], [ 90.055664809000064, 23.654099215000031 ], [ 90.054783212000075, 23.654099528000074 ], [ 90.054685261000031, 23.655095417000041 ], [ 90.053775495000082, 23.65516122300005 ], [ 90.053568375000054, 23.655233554000063 ], [ 90.053438811000035, 23.655375863000074 ], [ 90.053336225000066, 23.657810207000068 ], [ 90.053180652000037, 23.65804963000005 ], [ 90.052827099000069, 23.658246212000051 ], [ 90.053051709000044, 23.658980041000063 ], [ 90.053207116000067, 23.65907708900005 ], [ 90.053777072000059, 23.659027210000033 ], [ 90.053829185000041, 23.659815293000065 ], [ 90.053414606000047, 23.659910282000055 ], [ 90.053181577000032, 23.660341672000072 ], [ 90.052974451000068, 23.660411745000033 ], [ 90.05230079200004, 23.660174869000059 ], [ 90.051600939000082, 23.65955410600003 ], [ 90.051523186000054, 23.659768658000075 ], [ 90.051212157000066, 23.659793599000068 ], [ 90.05113470200007, 23.659983314000044 ], [ 90.051083255000037, 23.660866274000057 ], [ 90.051316619000033, 23.661272668000038 ], [ 90.051446136000038, 23.661773938000067 ], [ 90.051109405000034, 23.661916315000042 ], [ 90.051187550000066, 23.662704390000044 ], [ 90.050954388000036, 23.662824151000052 ], [ 90.050384336000036, 23.662679814000057 ], [ 90.049969866000083, 23.663086418000034 ], [ 90.049788608000085, 23.663515530000041 ], [ 90.049892281000041, 23.663754862000076 ], [ 90.050073718000078, 23.66380222500004 ], [ 90.050306900000066, 23.663732146000029 ], [ 90.05069530600008, 23.663278129000048 ], [ 90.050928515000066, 23.663278051000077 ], [ 90.051084230000072, 23.663372842000058 ], [ 90.051472677000049, 23.663038507000067 ], [ 90.052016550000076, 23.66284637900003 ], [ 90.052353845000084, 23.66334758000005 ], [ 90.052872869000055, 23.665377497000065 ], [ 90.053106275000061, 23.66585389100004 ], [ 90.053158587000041, 23.667143289000023 ], [ 90.053055060000077, 23.667285588000027 ], [ 90.052407188000075, 23.667238388000044 ], [ 90.051422652000042, 23.667550345000052 ], [ 90.051267045000031, 23.667740081000034 ], [ 90.051241461000075, 23.668146561000071 ], [ 90.051837680000062, 23.668527994000044 ], [ 90.051915308000048, 23.668767331000026 ], [ 90.051863734000051, 23.669316085000048 ], [ 90.051345605000051, 23.66957820600004 ], [ 90.051345781000066, 23.670032096000057 ], [ 90.051527321000037, 23.670318825000038 ], [ 90.052382450000039, 23.67053306300005 ], [ 90.055392235000056, 23.669728110000051 ], [ 90.055958660000044, 23.670624398000029 ], [ 90.058426585000063, 23.669801513000039 ], [ 90.058479146000082, 23.669462769000063 ], [ 90.058741373000032, 23.669221045000029 ], [ 90.059949346000053, 23.668978958000025 ], [ 90.062680154000077, 23.668783677000079 ], [ 90.062859059000061, 23.669282657000053 ], [ 90.062627857000052, 23.669655350000028 ], [ 90.06178761700005, 23.669847630000049 ], [ 90.060422311000082, 23.669848171000069 ], [ 90.06026485600006, 23.669995013000062 ], [ 90.060264987000039, 23.67028405800005 ], [ 90.060685579000051, 23.671202967000056 ], [ 90.060685689000081, 23.671444592000057 ], [ 90.060423179000054, 23.671735997000042 ], [ 90.059582903000035, 23.671880845000032 ], [ 90.059478068000033, 23.672510914000043 ], [ 90.059110674000067, 23.672655579000036 ], [ 90.058427853000069, 23.672655839000072 ], [ 90.057955229000072, 23.672558913000046 ], [ 90.057745191000038, 23.672317368000051 ], [ 90.057377362000068, 23.672172981000074 ], [ 90.056694270000037, 23.671543203000056 ], [ 90.056011823000063, 23.671687975000054 ], [ 90.055801689000077, 23.671929676000047 ], [ 90.055750088000082, 23.674553685000035 ], [ 90.057273315000032, 23.674638939000033 ], [ 90.057693348000043, 23.674300059000075 ], [ 90.058060904000058, 23.673816672000044 ], [ 90.058165527000085, 23.673380807000058 ], [ 90.058690975000047, 23.673719336000033 ], [ 90.059321088000047, 23.673719095000024 ], [ 90.059951287000047, 23.673235606000048 ], [ 90.060476254000037, 23.673185720000049 ], [ 90.060686560000079, 23.673332419000076 ], [ 90.060581573000036, 23.673621506000075 ], [ 90.060161598000036, 23.674057495000056 ], [ 90.060161797000035, 23.674493322000046 ], [ 90.06047794300008, 23.67686201500004 ], [ 90.060425672000065, 23.677153338000039 ], [ 90.060478190000083, 23.677394941000045 ], [ 90.060740914000064, 23.677539362000061 ], [ 90.060898558000076, 23.677780923000057 ], [ 90.060951790000047, 23.678894178000064 ], [ 90.060374484000079, 23.679813477000039 ], [ 90.060297512000034, 23.683053975000064 ], [ 90.059956097000054, 23.683778977000031 ], [ 90.059220963000087, 23.684117982000032 ], [ 90.056647412000075, 23.684410250000042 ], [ 90.056227535000062, 23.685184952000043 ], [ 90.055859811000062, 23.685377029000051 ], [ 90.054179283000053, 23.685427307000054 ], [ 90.054333880000058, 23.687942848000034 ], [ 90.055703193000056, 23.687553955000055 ], [ 90.057541646000061, 23.687602963000074 ], [ 90.05916998500004, 23.687988497000049 ], [ 90.060640834000083, 23.688471173000039 ], [ 90.06322747300004, 23.689757289000056 ], [ 90.06363514700007, 23.68914742100003 ], [ 90.064212847000078, 23.689002658000049 ], [ 90.064633099000048, 23.689049905000047 ], [ 90.065105858000038, 23.689291332000039 ], [ 90.065602409000064, 23.689300155000069 ], [ 90.066103955000074, 23.689485110000078 ], [ 90.066156870000043, 23.689871233000076 ], [ 90.066104248000045, 23.69006545700006 ], [ 90.065841664000061, 23.690259771000058 ], [ 90.065841738000074, 23.690404292000039 ], [ 90.066314759000079, 23.690548615000068 ], [ 90.066367296000067, 23.690790216000039 ], [ 90.066209968000067, 23.691226108000023 ], [ 90.066210163000051, 23.691614512000058 ], [ 90.067051026000058, 23.692386440000064 ], [ 90.067524051000078, 23.693113362000076 ], [ 90.068154657000036, 23.693885378000061 ], [ 90.068469862000086, 23.694079441000042 ], [ 90.068732706000048, 23.694368367000038 ], [ 90.069205824000051, 23.694659460000025 ], [ 90.069941148000055, 23.694611708000025 ], [ 90.070308900000043, 23.695045109000034 ], [ 90.070729201000063, 23.69514201800007 ], [ 90.071254373000045, 23.694755631000078 ], [ 90.071411769000065, 23.69446425600006 ], [ 90.072514560000059, 23.694319221000057 ], [ 90.072934435000036, 23.696967845000074 ], [ 90.073093622000044, 23.696592916000043 ], [ 90.075020205000044, 23.694455937000043 ] ] ] } },
{ "type": "Feature", "properties": { "matched_key": "U_302662180", "navigation_parent_key": "A_302662", "admin_type": "union", "admin_label": "Union", "map_level": "union", "admin_rank": 3, "displayable": 1, "geometry_status": "EXACT/GEOMETRY", "location_label": "Churain Union" }, "geometry": { "type": "Polygon", "coordinates": [ [ [ 90.199324374000071, 23.625507394000067 ], [ 90.19992086600007, 23.625116398000046 ], [ 90.20022059300004, 23.625186011000039 ], [ 90.200295973000038, 23.625599160000036 ], [ 90.199922123000078, 23.625945143000024 ], [ 90.200072356000078, 23.626222706000078 ], [ 90.200671601000067, 23.626221931000032 ], [ 90.201120719000073, 23.626013598000043 ], [ 90.201419075000047, 23.625184460000071 ], [ 90.201718482000047, 23.625046324000039 ], [ 90.204713914000081, 23.624351401000069 ], [ 90.206082142000071, 23.623782789000074 ], [ 90.216247661000068, 23.623016985000049 ], [ 90.224787195000033, 23.622943877000068 ], [ 90.227558544000033, 23.62280209100004 ], [ 90.229130834000046, 23.622316528000056 ], [ 90.233097926000084, 23.620653124000057 ], [ 90.234745414000031, 23.620445148000044 ], [ 90.235479731000055, 23.620444035000048 ], [ 90.235749664000082, 23.620289102000072 ], [ 90.234678299000052, 23.619578917000069 ], [ 90.233840366000038, 23.61856868700005 ], [ 90.233336471000086, 23.618312183000057 ], [ 90.232308147000083, 23.618287215000066 ], [ 90.231431128000054, 23.61788935800007 ], [ 90.229253475000064, 23.615992253000059 ], [ 90.229051722000065, 23.615691243000072 ], [ 90.22872411700007, 23.615437077000024 ], [ 90.228065312000069, 23.614692253000044 ], [ 90.226363560000038, 23.613233709000042 ], [ 90.225834187000032, 23.612678966000033 ], [ 90.225758355000039, 23.612401322000039 ], [ 90.225762294000049, 23.610974336000027 ], [ 90.226092667000046, 23.608333180000045 ], [ 90.225974652000048, 23.606520720000049 ], [ 90.225732089000076, 23.604902640000034 ], [ 90.22583508300005, 23.604152964000036 ], [ 90.224965700000041, 23.602934274000063 ], [ 90.224721809000073, 23.602383303000067 ], [ 90.224796684000069, 23.602103181000075 ], [ 90.225023255000053, 23.601797887000032 ], [ 90.225741984000081, 23.601760494000075 ], [ 90.225959561000082, 23.601602442000058 ], [ 90.225946443000055, 23.601003869000067 ], [ 90.22605227400004, 23.600665400000025 ], [ 90.226491310000085, 23.600150186000064 ], [ 90.22640072300004, 23.599848696000038 ], [ 90.225881064000077, 23.599721447000036 ], [ 90.225552910000033, 23.599816563000047 ], [ 90.225105055000085, 23.599713443000041 ], [ 90.224063164000086, 23.59882830500004 ], [ 90.223876563000033, 23.598413709000056 ], [ 90.22370002200006, 23.598299247000057 ], [ 90.223169327000051, 23.598331714000039 ], [ 90.222433602000081, 23.597907878000058 ], [ 90.222061778000068, 23.597242048000055 ], [ 90.222179835000077, 23.596471938000036 ], [ 90.222038998000073, 23.595998933000033 ], [ 90.22163415600005, 23.595827436000036 ], [ 90.220684157000051, 23.595615426000052 ], [ 90.220514369000057, 23.595362704000024 ], [ 90.220497644000034, 23.594665156000076 ], [ 90.219999376000032, 23.594450770000037 ], [ 90.219765958000039, 23.594436761000054 ], [ 90.219003942000086, 23.594681610000066 ], [ 90.218700844000068, 23.594680892000042 ], [ 90.215948652000066, 23.59327948400005 ], [ 90.212017173000049, 23.590772446000074 ], [ 90.211753054000042, 23.589981542000032 ], [ 90.211526379000077, 23.589771839000036 ], [ 90.210846638000078, 23.589705019000064 ], [ 90.209865602000036, 23.589880226000048 ], [ 90.208959631000084, 23.589881447000039 ], [ 90.208468700000083, 23.589708226000027 ], [ 90.208317426000065, 23.589532294000037 ], [ 90.208127524000076, 23.588943161000032 ], [ 90.208124119000047, 23.586784343000033 ], [ 90.207820439000045, 23.585707597000066 ], [ 90.207290048000061, 23.584385010000062 ], [ 90.206947730000081, 23.582682795000039 ], [ 90.206417760000079, 23.581811841000047 ], [ 90.205964046000076, 23.58132693400006 ], [ 90.205585758000041, 23.58069966000005 ], [ 90.205434127000046, 23.58028435500006 ], [ 90.205395752000072, 23.579830509000033 ], [ 90.205507675000035, 23.579134839000062 ], [ 90.206107918000043, 23.576769727000055 ], [ 90.206217804000062, 23.574576881000041 ], [ 90.20598747400004, 23.572002852000026 ], [ 90.205683141000065, 23.570472205000044 ], [ 90.205266212000083, 23.569393343000058 ], [ 90.204850801000077, 23.569290016000025 ], [ 90.203379557000062, 23.569813589000034 ], [ 90.20258713700008, 23.569884628000068 ], [ 90.20239865700006, 23.569988748000071 ], [ 90.201908979000052, 23.570581030000028 ], [ 90.201154642000063, 23.570929769000031 ], [ 90.200777795000079, 23.57141802600006 ], [ 90.200100623000083, 23.572776070000032 ], [ 90.199836916000038, 23.573158042000045 ], [ 90.199648643000046, 23.573402169000076 ], [ 90.199007592000044, 23.573750751000034 ], [ 90.198819316000083, 23.573994877000075 ], [ 90.198782652000034, 23.574864326000068 ], [ 90.198068554000031, 23.576744047000034 ], [ 90.197766908000062, 23.576954444000023 ], [ 90.196483472000068, 23.576989945000037 ], [ 90.195690644000081, 23.576817064000068 ], [ 90.194068193000078, 23.57727073500007 ], [ 90.192105852000054, 23.577343178000035 ], [ 90.19180409300003, 23.57748355800004 ], [ 90.191464607000057, 23.577795609000077 ], [ 90.191123361000052, 23.580275515000039 ], [ 90.191015489000051, 23.580440496000051 ], [ 90.190525016000038, 23.580544975000066 ], [ 90.187920563000034, 23.580514273000063 ], [ 90.185505589000059, 23.581072690000042 ], [ 90.184373353000069, 23.581074035000029 ], [ 90.183844463000071, 23.580866909000065 ], [ 90.183165138000049, 23.580833840000025 ], [ 90.181693196000083, 23.581009446000053 ], [ 90.18097672500005, 23.581358044000069 ], [ 90.180939126000055, 23.581635848000076 ], [ 90.181090544000085, 23.581949556000041 ], [ 90.182035587000087, 23.58278172200005 ], [ 90.182602474000078, 23.583442709000053 ], [ 90.182829735000041, 23.583894076000036 ], [ 90.183095395000066, 23.584869300000037 ], [ 90.18317208600007, 23.585842488000026 ], [ 90.182684865000056, 23.588313515000038 ], [ 90.182121972000061, 23.59078463000003 ], [ 90.181971408000038, 23.591096436000043 ], [ 90.180539472000078, 23.592839166000033 ], [ 90.179483, 23.593222024000056 ], [ 90.178353270000059, 23.595379890000061 ], [ 90.177901861000066, 23.596563695000043 ], [ 90.177261670000064, 23.597677711000074 ], [ 90.177337560000069, 23.597851505000051 ], [ 90.178017210000064, 23.598060738000072 ], [ 90.180322236000052, 23.599726874000055 ], [ 90.180511202000048, 23.599934408000024 ], [ 90.180474576000051, 23.600699975000055 ], [ 90.178252659000066, 23.604564030000063 ], [ 90.177611193000075, 23.60498252900004 ], [ 90.176705935000086, 23.605367453000042 ], [ 90.176555435000068, 23.605749256000024 ], [ 90.176253545000066, 23.60585347600005 ], [ 90.17622459100005, 23.606648387000064 ], [ 90.175625770000067, 23.607132317000037 ], [ 90.175177226000073, 23.607753824000042 ], [ 90.174878652000075, 23.608512906000044 ], [ 90.174580623000054, 23.609687496000049 ], [ 90.174432111000044, 23.61065416200006 ], [ 90.174507981000033, 23.611275080000041 ], [ 90.174807846000078, 23.61148249300004 ], [ 90.175107618000084, 23.611619904000065 ], [ 90.176605847000076, 23.611825958000054 ], [ 90.176831063000066, 23.612101200000041 ], [ 90.177205767000032, 23.612376270000027 ], [ 90.178404628000067, 23.612512646000027 ], [ 90.178779245000044, 23.612719966000043 ], [ 90.18020283900006, 23.612993819000053 ], [ 90.18117733400004, 23.613475936000043 ], [ 90.183274875000052, 23.613748971000064 ], [ 90.183576005000077, 23.614852862000077 ], [ 90.183951137000065, 23.615197920000071 ], [ 90.185299522000037, 23.615334066000059 ], [ 90.185375143000044, 23.615954974000033 ], [ 90.185300881000046, 23.61630056100006 ], [ 90.185076418000051, 23.61657858600006 ], [ 90.184852547000048, 23.617059844000039 ], [ 90.184853222000072, 23.617543093000052 ], [ 90.18522815700004, 23.617958150000049 ], [ 90.186053193000077, 23.618645909000065 ], [ 90.186653970000066, 23.619749434000028 ], [ 90.187852908000082, 23.619887996000045 ], [ 90.188079134000077, 23.621059712000033 ], [ 90.192048835000037, 23.620849358000044 ], [ 90.194077356000037, 23.624918320000063 ], [ 90.194452952000063, 23.625538849000066 ], [ 90.195202104000032, 23.625605652000047 ], [ 90.196091684000066, 23.625437079000051 ], [ 90.19631662200004, 23.626104901000076 ], [ 90.19646190900005, 23.626310369000066 ], [ 90.198062552000067, 23.626512121000076 ], [ 90.199220236000031, 23.626448499000048 ], [ 90.199324374000071, 23.625507394000067 ] ] ] } },
{ "type": "Feature", "properties": { "matched_key": "U_302662313", "navigation_parent_key": "A_302662", "admin_type": "union", "admin_label": "Union", "map_level": "union", "admin_rank": 3, "displayable": 1, "geometry_status": "EXACT/GEOMETRY", "location_label": "Galimpur Union" }, "geometry": { "type": "Polygon", "coordinates": [ [ [ 90.199881590000075, 23.648687214000063 ], [ 90.201003202000038, 23.647168276000059 ], [ 90.201900992000049, 23.646372237000037 ], [ 90.204034009000054, 23.644851955000036 ], [ 90.205829677000054, 23.643365968000069 ], [ 90.209494809000034, 23.639668956000037 ], [ 90.210204795000038, 23.638563753000028 ], [ 90.210428528000079, 23.637838579000061 ], [ 90.21072530400005, 23.636042930000031 ], [ 90.21072441900003, 23.63548968300006 ], [ 90.210609659000056, 23.634042352000051 ], [ 90.210307705000048, 23.632593017000033 ], [ 90.209405666000066, 23.630627369000024 ], [ 90.20658983800007, 23.626557407000064 ], [ 90.206214385000067, 23.625869163000061 ], [ 90.205913468000062, 23.625040814000045 ], [ 90.205765276000079, 23.623920958000042 ], [ 90.204713914000081, 23.624351401000069 ], [ 90.201718482000047, 23.625046324000039 ], [ 90.201419075000047, 23.625184460000071 ], [ 90.201120719000073, 23.626013598000043 ], [ 90.200671601000067, 23.626221931000032 ], [ 90.200072356000078, 23.626222706000078 ], [ 90.199922123000078, 23.625945143000024 ], [ 90.200295973000038, 23.625599160000036 ], [ 90.20022059300004, 23.625186011000039 ], [ 90.19992086600007, 23.625116398000046 ], [ 90.199324374000071, 23.625507394000067 ], [ 90.199220236000031, 23.626448499000048 ], [ 90.198062552000067, 23.626512121000076 ], [ 90.19646190900005, 23.626310369000066 ], [ 90.19631662200004, 23.626104901000076 ], [ 90.196091684000066, 23.625437079000051 ], [ 90.195202104000032, 23.625605652000047 ], [ 90.194452952000063, 23.625538849000066 ], [ 90.194077356000037, 23.624918320000063 ], [ 90.192048835000037, 23.620849358000044 ], [ 90.188079134000077, 23.621059712000033 ], [ 90.187852908000082, 23.619887996000045 ], [ 90.186653970000066, 23.619749434000028 ], [ 90.186053193000077, 23.618645909000065 ], [ 90.18522815700004, 23.617958150000049 ], [ 90.184853222000072, 23.617543093000052 ], [ 90.184852547000048, 23.617059844000039 ], [ 90.185076418000051, 23.61657858600006 ], [ 90.185300881000046, 23.61630056100006 ], [ 90.185375143000044, 23.615954974000033 ], [ 90.185299522000037, 23.615334066000059 ], [ 90.183951137000065, 23.615197920000071 ], [ 90.183576005000077, 23.614852862000077 ], [ 90.183274875000052, 23.613748971000064 ], [ 90.18117733400004, 23.613475936000043 ], [ 90.18020283900006, 23.612993819000053 ], [ 90.178779245000044, 23.612719966000043 ], [ 90.178404628000067, 23.612512646000027 ], [ 90.177205767000032, 23.612376270000027 ], [ 90.176831063000066, 23.612101200000041 ], [ 90.176605847000076, 23.611825958000054 ], [ 90.175107618000084, 23.611619904000065 ], [ 90.174507981000033, 23.611275080000041 ], [ 90.174432111000044, 23.61065416200006 ], [ 90.174580623000054, 23.609687496000049 ], [ 90.174878652000075, 23.608512906000044 ], [ 90.175177226000073, 23.607753824000042 ], [ 90.175625770000067, 23.607132317000037 ], [ 90.17622459100005, 23.606648387000064 ], [ 90.176253545000066, 23.60585347600005 ], [ 90.175422450000042, 23.605576660000054 ], [ 90.173798799000053, 23.605440738000027 ], [ 90.173647921000054, 23.605544783000028 ], [ 90.173573024000063, 23.605892625000024 ], [ 90.173422192000032, 23.606030544000077 ], [ 90.172667077000085, 23.605997512000044 ], [ 90.172214172000054, 23.606101891000037 ], [ 90.172063340000079, 23.606242068000029 ], [ 90.171950954000067, 23.606971582000028 ], [ 90.171724812000036, 23.607145711000044 ], [ 90.171347258000083, 23.607252265000056 ], [ 90.170705609000038, 23.607320716000061 ], [ 90.170517146000066, 23.607497060000071 ], [ 90.170518494000078, 23.608540338000068 ], [ 90.170594477000066, 23.609025764000023 ], [ 90.170559862000061, 23.611392374000047 ], [ 90.170183230000077, 23.611984430000064 ], [ 90.169089787000075, 23.613062776000049 ], [ 90.168976892000046, 23.613412917000062 ], [ 90.168977605000066, 23.613968429000067 ], [ 90.168827340000064, 23.614560235000056 ], [ 90.168602966000037, 23.616369279000025 ], [ 90.168716625000059, 23.616613036000047 ], [ 90.168905550000034, 23.616786711000032 ], [ 90.169660682000085, 23.616785889000028 ], [ 90.169811978000041, 23.616993475000072 ], [ 90.169813144000045, 23.617899004000037 ], [ 90.169059122000078, 23.61876922600004 ], [ 90.168191516000036, 23.619221805000052 ], [ 90.167436416000044, 23.619258749000039 ], [ 90.166265557000031, 23.619016126000076 ], [ 90.165661482000075, 23.619050645000073 ], [ 90.164869095000086, 23.619399248000036 ], [ 90.16471824100006, 23.61953941400003 ], [ 90.164718674000085, 23.619887172000062 ], [ 90.164984704000062, 23.621205668000073 ], [ 90.165383063000036, 23.621776561000047 ], [ 90.16605730200007, 23.621983594000028 ], [ 90.167929953000055, 23.62191157500007 ], [ 90.168304798000065, 23.622048917000029 ], [ 90.168529885000055, 23.622461918000056 ], [ 90.168530325000063, 23.622807420000072 ], [ 90.168156314000043, 23.623085584000023 ], [ 90.167557345000034, 23.623291723000023 ], [ 90.16778260600006, 23.623844731000077 ], [ 90.168307884000058, 23.624465161000046 ], [ 90.168757578000054, 23.624672425000028 ], [ 90.169132257000058, 23.624672018000069 ], [ 90.169356462000053, 23.624394017000043 ], [ 90.169280204000074, 23.62322210800005 ], [ 90.16942974300008, 23.623014193000074 ], [ 90.17055270600008, 23.622667462000038 ], [ 90.171002524000073, 23.622736971000052 ], [ 90.171227529000078, 23.62308222300004 ], [ 90.172201797000071, 23.623356641000044 ], [ 90.173175577000052, 23.623493308000036 ], [ 90.173774753000032, 23.62321713800003 ], [ 90.175873912000043, 23.624594519000027 ], [ 90.175951091000059, 23.626181927000061 ], [ 90.175651805000086, 23.626665517000049 ], [ 90.175727232000042, 23.626940929000057 ], [ 90.176326575000076, 23.627010253000037 ], [ 90.177300413000069, 23.626939140000047 ], [ 90.177675445000034, 23.62742195900006 ], [ 90.178050131000077, 23.627421531000039 ], [ 90.178425936000053, 23.628249847000063 ], [ 90.178725750000069, 23.62838724900007 ], [ 90.17895003700005, 23.628179241000055 ], [ 90.179924828000082, 23.628799112000024 ], [ 90.180374082000071, 23.628660841000055 ], [ 90.180823714000041, 23.628798066000058 ], [ 90.180973909000045, 23.629075648000025 ], [ 90.180750003000071, 23.629559156000028 ], [ 90.180974763000052, 23.629696645000024 ], [ 90.182023282000046, 23.629557667000029 ], [ 90.182322526000064, 23.629279560000043 ], [ 90.182996848000073, 23.629278768000063 ], [ 90.184120805000077, 23.629415187000063 ], [ 90.18427149200005, 23.630038262000028 ], [ 90.184870851000085, 23.630105297000057 ], [ 90.184872111000061, 23.631001789000038 ], [ 90.18434779100005, 23.631142418000024 ], [ 90.184198747000039, 23.631693590000054 ], [ 90.183899692000068, 23.632109448000051 ], [ 90.183300704000033, 23.632315649000077 ], [ 90.18337682400005, 23.633074308000062 ], [ 90.183976682000036, 23.633489100000077 ], [ 90.187198054000078, 23.633552991000045 ], [ 90.188696510000057, 23.633731829000055 ], [ 90.188698526000053, 23.635138667000035 ], [ 90.189223157000072, 23.635208031000047 ], [ 90.189223948000063, 23.635759021000069 ], [ 90.188849637000033, 23.63603723500006 ], [ 90.188625846000036, 23.636588501000062 ], [ 90.188627529000087, 23.637762746000078 ], [ 90.18832896400005, 23.638521854000032 ], [ 90.187954249000086, 23.638522310000042 ], [ 90.187729750000074, 23.638798077000047 ], [ 90.187580614000069, 23.639281507000078 ], [ 90.187583072000052, 23.641006744000038 ], [ 90.187286854000035, 23.643423342000062 ], [ 90.18676387000005, 23.644320467000057 ], [ 90.185190871000032, 23.644600107000031 ], [ 90.184967131000064, 23.645426865000047 ], [ 90.184968006000076, 23.646050118000062 ], [ 90.185268062000034, 23.646325255000079 ], [ 90.185942859000079, 23.646599945000048 ], [ 90.188490852000086, 23.646942365000029 ], [ 90.191339218000053, 23.647973121000064 ], [ 90.192163469000036, 23.647972100000061 ], [ 90.192947103000051, 23.647643693000077 ], [ 90.192912246000049, 23.647695675000023 ], [ 90.193421425000054, 23.648474107000027 ], [ 90.195012301000077, 23.64928053400007 ], [ 90.195012709000082, 23.649556032000078 ], [ 90.195313104000036, 23.649833408000063 ], [ 90.195912662000069, 23.649970401000076 ], [ 90.196512428000062, 23.650245138000059 ], [ 90.19831226000008, 23.651417093000077 ], [ 90.198830659000066, 23.651574500000038 ], [ 90.199881590000075, 23.648687214000063 ] ] ] } },
{ "type": "Feature", "properties": { "matched_key": "U_302662413", "navigation_parent_key": "A_302662", "admin_type": "union", "admin_label": "Union", "map_level": "union", "admin_rank": 3, "displayable": 1, "geometry_status": "EXACT/GEOMETRY", "location_label": "Jantrail Union" }, "geometry": { "type": "Polygon", "coordinates": [ [ [ 90.137815556000078, 23.704240109000068 ], [ 90.139863633000061, 23.703705346000049 ], [ 90.140966884000079, 23.703704345000062 ], [ 90.141807586000084, 23.703848098000037 ], [ 90.142175395000038, 23.704089385000032 ], [ 90.14270091800006, 23.704186002000029 ], [ 90.14385648700005, 23.704087832000027 ], [ 90.144591303000084, 23.703556481000078 ], [ 90.145168389000048, 23.702878494000061 ], [ 90.145377944000074, 23.702492154000026 ], [ 90.145640435000075, 23.702297705000035 ], [ 90.146060592000083, 23.702200210000058 ], [ 90.14621799400004, 23.702055539000071 ], [ 90.146165307000047, 23.701813965000042 ], [ 90.145744449000063, 23.70128143900007 ], [ 90.145586192000053, 23.70065382000007 ], [ 90.149998485000083, 23.700649605000024 ], [ 90.150470885000061, 23.700405265000029 ], [ 90.150575694000054, 23.700116122000054 ], [ 90.150574973000062, 23.699486098000023 ], [ 90.151730160000056, 23.699098825000078 ], [ 90.152412498000047, 23.698565231000032 ], [ 90.153514947000076, 23.698177997000073 ], [ 90.154302812000083, 23.697983012000066 ], [ 90.155248093000068, 23.697934646000078 ], [ 90.156404237000061, 23.698369305000028 ], [ 90.157848949000083, 23.698650109000027 ], [ 90.159973529000069, 23.696139118000076 ], [ 90.160602447000031, 23.695074875000046 ], [ 90.160653870000033, 23.694011231000047 ], [ 90.160390590000077, 23.693528258000072 ], [ 90.160118860000068, 23.693404342000065 ], [ 90.161492388000056, 23.692413843000054 ], [ 90.162279181000031, 23.691638472000022 ], [ 90.162751406000041, 23.691299253000068 ], [ 90.163380887000073, 23.690476622000062 ], [ 90.164008358000046, 23.688299096000037 ], [ 90.165162859000077, 23.687475898000059 ], [ 90.165688026000055, 23.687330815000053 ], [ 90.167105984000045, 23.687376714000038 ], [ 90.168682536000063, 23.688005031000046 ], [ 90.16931345900008, 23.688343069000041 ], [ 90.169944264000037, 23.688825620000046 ], [ 90.17052228600005, 23.689019185000063 ], [ 90.17141577700005, 23.68950144400003 ], [ 90.173726995000038, 23.689595970000028 ], [ 90.174500341000055, 23.688456989000031 ], [ 90.175560272000041, 23.685723422000024 ], [ 90.175959946000035, 23.685262303000059 ], [ 90.175505942000086, 23.684515370000042 ], [ 90.175031385000068, 23.683063912000023 ], [ 90.173978463000083, 23.68112985700003 ], [ 90.173556921000056, 23.680114158000038 ], [ 90.173502616000064, 23.679143211000053 ], [ 90.173975004000056, 23.678517170000077 ], [ 90.176441224000087, 23.676870442000052 ], [ 90.176912776000052, 23.67609535400004 ], [ 90.176912254000058, 23.675709212000072 ], [ 90.17675414100006, 23.675273567000033 ], [ 90.176491162000048, 23.675032243000032 ], [ 90.175913455000057, 23.675032901000066 ], [ 90.174022158000071, 23.674551790000066 ], [ 90.172919016000037, 23.674214300000074 ], [ 90.172550800000067, 23.673875987000031 ], [ 90.172340420000069, 23.673537496000051 ], [ 90.17207568200007, 23.671941272000026 ], [ 90.17144287900004, 23.670103829000027 ], [ 90.171022391000065, 23.669621048000067 ], [ 90.170337521000079, 23.668025281000041 ], [ 90.170438438000076, 23.664784706000034 ], [ 90.170331819000069, 23.663624127000048 ], [ 90.170225831000039, 23.662946796000028 ], [ 90.169962140000052, 23.662125112000069 ], [ 90.169908550000059, 23.661206100000072 ], [ 90.169788358000062, 23.660680079000031 ], [ 90.169557051000083, 23.660249021000027 ], [ 90.169451003000063, 23.659282642000051 ], [ 90.169606698000052, 23.65787789500007 ], [ 90.170969038000067, 23.65545790300007 ], [ 90.171230266000066, 23.654394017000072 ], [ 90.171130669000036, 23.653445697000052 ], [ 90.170440994000046, 23.653281612000058 ], [ 90.169286079000074, 23.653524499000071 ], [ 90.16839377000008, 23.654008717000067 ], [ 90.167921940000042, 23.654542158000027 ], [ 90.167606747000036, 23.654639601000042 ], [ 90.166008172000033, 23.654712486000051 ], [ 90.165078707000077, 23.658969554000066 ], [ 90.164201691000073, 23.661417759000074 ], [ 90.161731039000074, 23.664311198000064 ], [ 90.159428115000082, 23.665677191000043 ], [ 90.159320408000042, 23.66562754000006 ], [ 90.158325264000041, 23.666066643000079 ], [ 90.156172905000062, 23.666746277000072 ], [ 90.154492747000063, 23.667134108000027 ], [ 90.153494497000054, 23.667037999000058 ], [ 90.152128834000052, 23.666700619000039 ], [ 90.151025450000077, 23.666315553000061 ], [ 90.148491607000039, 23.66490890700004 ], [ 90.14418700300007, 23.661977356000023 ], [ 90.143020223000065, 23.661287436000066 ], [ 90.140765296000041, 23.660621083000024 ], [ 90.139676631000043, 23.660168179000038 ], [ 90.136151601000051, 23.659263532000068 ], [ 90.134026710000057, 23.658931176000067 ], [ 90.131461288000082, 23.658718844000077 ], [ 90.130761711000048, 23.658744278000029 ], [ 90.130295453000031, 23.658886935000055 ], [ 90.129441002000078, 23.659413803000064 ], [ 90.128664709000077, 23.660272554000073 ], [ 90.128250717000071, 23.660916476000068 ], [ 90.128100189000065, 23.661164998000061 ], [ 90.128491460000077, 23.661652576000051 ], [ 90.128958140000066, 23.662948133000043 ], [ 90.129189610000083, 23.66403200600007 ], [ 90.129177453000068, 23.664336014000071 ], [ 90.129049831000032, 23.665015289000053 ], [ 90.128585033000036, 23.665599637000071 ], [ 90.128269830000079, 23.665744420000067 ], [ 90.127744778000078, 23.665647752000041 ], [ 90.12737717300007, 23.665794836000032 ], [ 90.127325332000055, 23.66637522700006 ], [ 90.127430726000057, 23.666664185000059 ], [ 90.127851019000047, 23.66680836200004 ], [ 90.128270301000043, 23.666227667000044 ], [ 90.128533030000085, 23.666324549000024 ], [ 90.128585979000036, 23.666566130000035 ], [ 90.128533552000079, 23.666857476000075 ], [ 90.127903755000034, 23.667147043000057 ], [ 90.127589277000084, 23.667727649000028 ], [ 90.127800568000055, 23.669132056000024 ], [ 90.128431245000058, 23.669420578000029 ], [ 90.12853487700005, 23.668212375000053 ], [ 90.12883948800004, 23.668118208000067 ], [ 90.128780886000072, 23.668999549000034 ], [ 90.129001738000056, 23.671947566000028 ], [ 90.129258297000035, 23.673197756000036 ], [ 90.129554129000041, 23.673866707000059 ], [ 90.128382220000049, 23.673194013000057 ], [ 90.127226863000033, 23.673242387000073 ], [ 90.126860055000066, 23.673920136000049 ], [ 90.126650747000042, 23.674889061000044 ], [ 90.12659940900005, 23.676000119000037 ], [ 90.126442110000085, 23.676241870000069 ], [ 90.125601791000065, 23.676292232000037 ], [ 90.124708875000067, 23.676146173000063 ], [ 90.124288830000069, 23.676293292000025 ], [ 90.123938326000086, 23.676616673000069 ], [ 90.124069313000064, 23.677626731000032 ], [ 90.124601596000048, 23.678698356000041 ], [ 90.125078785000085, 23.678711150000026 ], [ 90.125603869000031, 23.678469102000065 ], [ 90.125866620000068, 23.678563731000054 ], [ 90.125919215000067, 23.678757889000053 ], [ 90.12597244300008, 23.679290773000048 ], [ 90.125920839000059, 23.680451511000058 ], [ 90.125712558000032, 23.682192722000025 ], [ 90.125766543000054, 23.683836620000022 ], [ 90.125452758000051, 23.685191770000074 ], [ 90.125400900000045, 23.685772161000045 ], [ 90.12503328300005, 23.68596665900003 ], [ 90.124035402000061, 23.686064563000059 ], [ 90.12345786800006, 23.686306647000038 ], [ 90.123195602000067, 23.686742680000066 ], [ 90.122670785000082, 23.686984720000055 ], [ 90.122355392000031, 23.686984970000026 ], [ 90.122197936000077, 23.687079938000068 ], [ 90.122146470000075, 23.688096149000046 ], [ 90.122258651000038, 23.691058767000072 ], [ 90.121775442000057, 23.691567233000058 ], [ 90.121111100000064, 23.691768729000046 ], [ 90.119855662000077, 23.691828419000046 ], [ 90.118474498000069, 23.69182948100007 ], [ 90.117469886000038, 23.691656368000054 ], [ 90.117595922000078, 23.692060484000024 ], [ 90.11734509200005, 23.692293263000067 ], [ 90.115493263000076, 23.692118521000054 ], [ 90.115504181000063, 23.692335297000056 ], [ 90.115893920000076, 23.693552151000063 ], [ 90.115913511000031, 23.693870537000066 ], [ 90.117529482000066, 23.693855771000074 ], [ 90.117634447000057, 23.693663749000052 ], [ 90.117634141000053, 23.693325023000057 ], [ 90.120470286000057, 23.693225744000074 ], [ 90.120628231000069, 23.693322721000072 ], [ 90.12068140100007, 23.69414464700003 ], [ 90.120891904000075, 23.69472483100003 ], [ 90.121207449000053, 23.694869108000034 ], [ 90.121942846000081, 23.694918209000036 ], [ 90.122362918000078, 23.695062397000072 ], [ 90.123518695000087, 23.695253425000033 ], [ 90.125042816000075, 23.695979327000032 ], [ 90.125726264000036, 23.696509442000036 ], [ 90.127566060000049, 23.698104454000031 ], [ 90.12803965300003, 23.698734086000059 ], [ 90.12846066700007, 23.69950602800003 ], [ 90.12882839100007, 23.699699924000072 ], [ 90.12898642600004, 23.700183039000024 ], [ 90.12903976900003, 23.700813020000055 ], [ 90.126840012000059, 23.70108807400004 ], [ 90.12741169700007, 23.70139471400006 ], [ 90.128358032000051, 23.702071378000028 ], [ 90.12893605000005, 23.702262842000039 ], [ 90.12935665200007, 23.702601213000037 ], [ 90.129777924000052, 23.703617032000068 ], [ 90.130285900000047, 23.704264694000074 ], [ 90.131248965000054, 23.703857413000037 ], [ 90.131826705000037, 23.703759822000052 ], [ 90.132246976000033, 23.70375946300004 ], [ 90.133297800000037, 23.704049863000023 ], [ 90.133981080000069, 23.70434057500006 ], [ 90.135451786000033, 23.704242195000063 ], [ 90.137815556000078, 23.704240109000068 ] ] ] } },
{ "type": "Feature", "properties": { "matched_key": "U_302662422", "navigation_parent_key": "A_302662", "admin_type": "union", "admin_label": "Union", "map_level": "union", "admin_rank": 3, "displayable": 1, "geometry_status": "EXACT/GEOMETRY", "location_label": "Joykrishnapur Union" }, "geometry": { "type": "Polygon", "coordinates": [ [ [ 90.057080137000071, 23.713190334000046 ], [ 90.059022161000087, 23.70961042600004 ], [ 90.059861842000032, 23.707627444000025 ], [ 90.060754251000048, 23.706369304000077 ], [ 90.061751925000067, 23.705400157000042 ], [ 90.064167479000048, 23.703416514000025 ], [ 90.064902498000038, 23.70264166000004 ], [ 90.066372260000037, 23.700610952000034 ], [ 90.069785961000036, 23.699060354000039 ], [ 90.071098916000039, 23.698623931000043 ], [ 90.072096749000082, 23.69818990400006 ], [ 90.072621569000034, 23.697704154000064 ], [ 90.072934435000036, 23.696967845000074 ], [ 90.072514560000059, 23.694319221000057 ], [ 90.071411769000065, 23.69446425600006 ], [ 90.071254373000045, 23.694755631000078 ], [ 90.070729201000063, 23.69514201800007 ], [ 90.070308900000043, 23.695045109000034 ], [ 90.069941148000055, 23.694611708000025 ], [ 90.069205824000051, 23.694659460000025 ], [ 90.068732706000048, 23.694368367000038 ], [ 90.068469862000086, 23.694079441000042 ], [ 90.068154657000036, 23.693885378000061 ], [ 90.067524051000078, 23.693113362000076 ], [ 90.067051026000058, 23.692386440000064 ], [ 90.066210163000051, 23.691614512000058 ], [ 90.066209968000067, 23.691226108000023 ], [ 90.066367296000067, 23.690790216000039 ], [ 90.066314759000079, 23.690548615000068 ], [ 90.065841738000074, 23.690404292000039 ], [ 90.065841664000061, 23.690259771000058 ], [ 90.066104248000045, 23.69006545700006 ], [ 90.066156870000043, 23.689871233000076 ], [ 90.066103955000074, 23.689485110000078 ], [ 90.065602409000064, 23.689300155000069 ], [ 90.065105858000038, 23.689291332000039 ], [ 90.064633099000048, 23.689049905000047 ], [ 90.064212847000078, 23.689002658000049 ], [ 90.06363514700007, 23.68914742100003 ], [ 90.06322747300004, 23.689757289000056 ], [ 90.060640834000083, 23.688471173000039 ], [ 90.05916998500004, 23.687988497000049 ], [ 90.057541646000061, 23.687602963000074 ], [ 90.055703193000056, 23.687553955000055 ], [ 90.054333880000058, 23.687942848000034 ], [ 90.054179283000053, 23.685427307000054 ], [ 90.055859811000062, 23.685377029000051 ], [ 90.056227535000062, 23.685184952000043 ], [ 90.056647412000075, 23.684410250000042 ], [ 90.059220963000087, 23.684117982000032 ], [ 90.059956097000054, 23.683778977000031 ], [ 90.060297512000034, 23.683053975000064 ], [ 90.060374484000079, 23.679813477000039 ], [ 90.060951790000047, 23.678894178000064 ], [ 90.060898558000076, 23.677780923000057 ], [ 90.060740914000064, 23.677539362000061 ], [ 90.060478190000083, 23.677394941000045 ], [ 90.060425672000065, 23.677153338000039 ], [ 90.06047794300008, 23.67686201500004 ], [ 90.060161797000035, 23.674493322000046 ], [ 90.060161598000036, 23.674057495000056 ], [ 90.060581573000036, 23.673621506000075 ], [ 90.060686560000079, 23.673332419000076 ], [ 90.060476254000037, 23.673185720000049 ], [ 90.059951287000047, 23.673235606000048 ], [ 90.059321088000047, 23.673719095000024 ], [ 90.058690975000047, 23.673719336000033 ], [ 90.058165527000085, 23.673380807000058 ], [ 90.058060904000058, 23.673816672000044 ], [ 90.057693348000043, 23.674300059000075 ], [ 90.057273315000032, 23.674638939000033 ], [ 90.055750088000082, 23.674553685000035 ], [ 90.055801689000077, 23.671929676000047 ], [ 90.056011823000063, 23.671687975000054 ], [ 90.056694270000037, 23.671543203000056 ], [ 90.057377362000068, 23.672172981000074 ], [ 90.057745191000038, 23.672317368000051 ], [ 90.057955229000072, 23.672558913000046 ], [ 90.058427853000069, 23.672655839000072 ], [ 90.059110674000067, 23.672655579000036 ], [ 90.059478068000033, 23.672510914000043 ], [ 90.059582903000035, 23.671880845000032 ], [ 90.060423179000054, 23.671735997000042 ], [ 90.060685689000081, 23.671444592000057 ], [ 90.060685579000051, 23.671202967000056 ], [ 90.060264987000039, 23.67028405800005 ], [ 90.06026485600006, 23.669995013000062 ], [ 90.060422311000082, 23.669848171000069 ], [ 90.06178761700005, 23.669847630000049 ], [ 90.062627857000052, 23.669655350000028 ], [ 90.062859059000061, 23.669282657000053 ], [ 90.062680154000077, 23.668783677000079 ], [ 90.059949346000053, 23.668978958000025 ], [ 90.058741373000032, 23.669221045000029 ], [ 90.058479146000082, 23.669462769000063 ], [ 90.058426585000063, 23.669801513000039 ], [ 90.055958660000044, 23.670624398000029 ], [ 90.055392235000056, 23.669728110000051 ], [ 90.052382450000039, 23.67053306300005 ], [ 90.051527321000037, 23.670318825000038 ], [ 90.051345781000066, 23.670032096000057 ], [ 90.051345605000051, 23.66957820600004 ], [ 90.051863734000051, 23.669316085000048 ], [ 90.051915308000048, 23.668767331000026 ], [ 90.051837680000062, 23.668527994000044 ], [ 90.051241461000075, 23.668146561000071 ], [ 90.051267045000031, 23.667740081000034 ], [ 90.051422652000042, 23.667550345000052 ], [ 90.052407188000075, 23.667238388000044 ], [ 90.053055060000077, 23.667285588000027 ], [ 90.053158587000041, 23.667143289000023 ], [ 90.053106275000061, 23.66585389100004 ], [ 90.052872869000055, 23.665377497000065 ], [ 90.052353845000084, 23.66334758000005 ], [ 90.052016550000076, 23.66284637900003 ], [ 90.051472677000049, 23.663038507000067 ], [ 90.051084230000072, 23.663372842000058 ], [ 90.050928515000066, 23.663278051000077 ], [ 90.05069530600008, 23.663278129000048 ], [ 90.050306900000066, 23.663732146000029 ], [ 90.050073718000078, 23.66380222500004 ], [ 90.049892281000041, 23.663754862000076 ], [ 90.049788608000085, 23.663515530000041 ], [ 90.049969866000083, 23.663086418000034 ], [ 90.050384336000036, 23.662679814000057 ], [ 90.050954388000036, 23.662824151000052 ], [ 90.051187550000066, 23.662704390000044 ], [ 90.051109405000034, 23.661916315000042 ], [ 90.051446136000038, 23.661773938000067 ], [ 90.051316619000033, 23.661272668000038 ], [ 90.051083255000037, 23.660866274000057 ], [ 90.05113470200007, 23.659983314000044 ], [ 90.051212157000066, 23.659793599000068 ], [ 90.051523186000054, 23.659768658000075 ], [ 90.051600939000082, 23.65955410600003 ], [ 90.05230079200004, 23.660174869000059 ], [ 90.052974451000068, 23.660411745000033 ], [ 90.053181577000032, 23.660341672000072 ], [ 90.053414606000047, 23.659910282000055 ], [ 90.053829185000041, 23.659815293000065 ], [ 90.053777072000059, 23.659027210000033 ], [ 90.053207116000067, 23.65907708900005 ], [ 90.053051709000044, 23.658980041000063 ], [ 90.052827099000069, 23.658246212000051 ], [ 90.051393002000054, 23.658337019000044 ], [ 90.049968162000084, 23.658599434000052 ], [ 90.045718917000045, 23.659054638000043 ], [ 90.045718793000049, 23.658695586000078 ], [ 90.045977867000033, 23.658194197000057 ], [ 90.046003533000032, 23.657979663000049 ], [ 90.045200225000031, 23.657598269000061 ], [ 90.045174136000071, 23.657478592000075 ], [ 90.044992984000032, 23.65733638200004 ], [ 90.044940829000041, 23.656261505000032 ], [ 90.044577679000042, 23.655283823000048 ], [ 90.044654379000065, 23.65284949100004 ], [ 90.04444710000007, 23.652443079000022 ], [ 90.042114398000081, 23.649939416000052 ], [ 90.041751690000069, 23.650224043000037 ], [ 90.040974712000036, 23.65055846100006 ], [ 90.040819653000085, 23.651513709000028 ], [ 90.04061226400006, 23.651705709000055 ], [ 90.040716277000058, 23.653137361000063 ], [ 90.04045744900003, 23.653471640000078 ], [ 90.039991092000037, 23.653566603000058 ], [ 90.040095337000082, 23.655761520000055 ], [ 90.039525487000049, 23.656145557000059 ], [ 90.039629276000085, 23.656861371000048 ], [ 90.039525772000047, 23.657098506000068 ], [ 90.039007574000038, 23.65705121600007 ], [ 90.038074617000063, 23.656477873000028 ], [ 90.036250707000079, 23.656439921000072 ], [ 90.035225345000072, 23.65632499000003 ], [ 90.035172705000036, 23.656575660000044 ], [ 90.035224749000065, 23.657530854000072 ], [ 90.035743038000078, 23.657912365000072 ], [ 90.035639500000059, 23.658054655000058 ], [ 90.034188426000071, 23.657720773000051 ], [ 90.032840972000031, 23.657531378000044 ], [ 90.032582068000067, 23.657673696000074 ], [ 90.032478646000072, 23.658294715000068 ], [ 90.032479023000064, 23.659821240000042 ], [ 90.032686368000043, 23.660584458000073 ], [ 90.032531025000083, 23.660681591000071 ], [ 90.031909254000084, 23.661968879000028 ], [ 90.031339306000064, 23.662160939000046 ], [ 90.031235785000035, 23.662400326000068 ], [ 90.031443046000049, 23.662829334000037 ], [ 90.031339592000052, 23.663353253000025 ], [ 90.031236033000084, 23.663450376000071 ], [ 90.030355020000059, 23.663592815000072 ], [ 90.029733294000039, 23.663879723000036 ], [ 90.029578062000041, 23.664500751000048 ], [ 90.029474465000078, 23.665787927000054 ], [ 90.029268272000081, 23.66602507500005 ], [ 90.02797163200006, 23.66593272800003 ], [ 90.027764447000038, 23.665837923000026 ], [ 90.02771249400007, 23.665072412000029 ], [ 90.027764155000057, 23.664453664000064 ], [ 90.027504855000075, 23.664261766000038 ], [ 90.025017293000076, 23.663833135000061 ], [ 90.024343720000047, 23.663880663000043 ], [ 90.024395786000071, 23.665359756000043 ], [ 90.024344013000075, 23.665454608000061 ], [ 90.023670447000086, 23.665599237000038 ], [ 90.023411228000043, 23.66583864100005 ], [ 90.023255948000042, 23.666362559000049 ], [ 90.023204275000069, 23.667030986000043 ], [ 90.023359837000044, 23.668081012000073 ], [ 90.023308078000071, 23.66827296200006 ], [ 90.022893443000044, 23.668320447000042 ], [ 90.022375166000074, 23.668033734000062 ], [ 90.021441931000084, 23.665789245000042 ], [ 90.020975390000046, 23.665073471000028 ], [ 90.02052483500006, 23.664660286000071 ], [ 90.019815274000052, 23.665895597000031 ], [ 90.018909230000077, 23.666938985000058 ], [ 90.018040588000076, 23.668156242000066 ], [ 90.017927286000031, 23.668817898000043 ], [ 90.018078426000045, 23.669199510000055 ], [ 90.01917392200005, 23.670522666000068 ], [ 90.02038275600006, 23.671321903000035 ], [ 90.021516227000063, 23.672227276000058 ], [ 90.021931578000078, 23.672712721000039 ], [ 90.022120742000084, 23.67313045800006 ], [ 90.022498405000078, 23.673652040000036 ], [ 90.023216225000056, 23.673965819000045 ], [ 90.024311576000059, 23.673999523000077 ], [ 90.024651438000035, 23.673895593000054 ], [ 90.025897736000047, 23.673199877000059 ], [ 90.02619982300007, 23.672712060000038 ], [ 90.026378478000083, 23.672612671000024 ], [ 90.02665307500007, 23.672608108000077 ], [ 90.027370899000061, 23.67292186800006 ], [ 90.028541956000083, 23.673025530000075 ], [ 90.029826253000067, 23.673790808000035 ], [ 90.030166261000034, 23.674346252000078 ], [ 90.030619890000082, 23.675843328000042 ], [ 90.030544746000032, 23.676920488000064 ], [ 90.030318054000077, 23.67737442300006 ], [ 90.030204799000046, 23.677999959000033 ], [ 90.030394045000037, 23.678625432000047 ], [ 90.030658348000031, 23.679113145000031 ], [ 90.030998649000082, 23.679530837000073 ], [ 90.031565132000082, 23.679912354000066 ], [ 90.032094183000083, 23.680122254000025 ], [ 90.03364293900006, 23.680365807000044 ], [ 90.035229242000071, 23.680017698000029 ], [ 90.035456053000075, 23.680051520000063 ], [ 90.035531506000041, 23.680259252000042 ], [ 90.035154199000033, 23.681338742000037 ], [ 90.035229718000039, 23.681790356000079 ], [ 90.035380896000049, 23.68207033300007 ], [ 90.035607710000079, 23.682104156000037 ], [ 90.036173967000082, 23.681582390000074 ], [ 90.036438433000058, 23.681442321000077 ], [ 90.037382878000074, 23.681929857000057 ], [ 90.037685149000083, 23.68217366600004 ], [ 90.038101120000078, 23.683424589000026 ], [ 90.038101231000041, 23.683808475000035 ], [ 90.03798789700005, 23.68405238400004 ], [ 90.035797267000078, 23.684886169000038 ], [ 90.035344017000057, 23.685130156000071 ], [ 90.035192969000036, 23.685340200000041 ], [ 90.035155326000051, 23.685547960000065 ], [ 90.035155430000032, 23.685931849000042 ], [ 90.035609084000043, 23.687182766000035 ], [ 90.036364605000074, 23.687112589000037 ], [ 90.036553500000082, 23.687426427000048 ], [ 90.037535748000039, 23.688121709000029 ], [ 90.037951515000032, 23.688609369000062 ], [ 90.03908504900005, 23.688816839000026 ], [ 90.03923592600006, 23.689060682000047 ], [ 90.039236008000046, 23.689338435000025 ], [ 90.038971817000061, 23.689408504000028 ], [ 90.038140546000079, 23.689374839000038 ], [ 90.037951756000041, 23.689444889000072 ], [ 90.037914224000076, 23.690034277000052 ], [ 90.038027696000086, 23.690244260000043 ], [ 90.038443063000045, 23.690384165000069 ], [ 90.038594215000046, 23.690521874000069 ], [ 90.038632293000035, 23.690765747000057 ], [ 90.038443284000039, 23.691147424000064 ], [ 90.037272792000067, 23.692540993000023 ], [ 90.037121796000065, 23.692958791000024 ], [ 90.037121875000082, 23.693236545000047 ], [ 90.037046223000061, 23.693444315000079 ], [ 90.036744088000034, 23.693792144000042 ], [ 90.036744148000082, 23.694002151000063 ], [ 90.036933044000079, 23.694279861000041 ], [ 90.037424430000044, 23.694383618000074 ], [ 90.038141991000032, 23.694349570000043 ], [ 90.039086624000049, 23.694105453000077 ], [ 90.039652994000051, 23.693827555000041 ], [ 90.040861905000042, 23.693791110000063 ], [ 90.041693336000037, 23.69424477900003 ], [ 90.042222077000076, 23.694208505000063 ], [ 90.042524262000086, 23.694070674000045 ], [ 90.042713081000045, 23.694070622000027 ], [ 90.04293995200004, 23.694208308000043 ], [ 90.043015494000031, 23.694626046000053 ], [ 90.042977918000076, 23.695009944000049 ], [ 90.042789142000061, 23.695147744000053 ], [ 90.039955647000056, 23.695218505000071 ], [ 90.039653456000053, 23.695358589000023 ], [ 90.039653581000039, 23.695774089000054 ], [ 90.040031888000044, 23.696957268000062 ], [ 90.039994112000045, 23.697722794000072 ], [ 90.03965422400006, 23.697896760000049 ], [ 90.038558690000059, 23.697933168000077 ], [ 90.037878833000036, 23.698037210000052 ], [ 90.037500960000045, 23.698315056000069 ], [ 90.03757683200007, 23.698872805000065 ], [ 90.03693439500006, 23.699080709000043 ], [ 90.036934484000085, 23.699394593000022 ], [ 90.037047979000079, 23.699672320000047 ], [ 90.037312561000078, 23.699812263000069 ], [ 90.038068130000056, 23.699672073000045 ], [ 90.039768166000044, 23.699635514000079 ], [ 90.040183743000057, 23.699357656000075 ], [ 90.040599076000035, 23.699287543000025 ], [ 90.040712558000052, 23.699497524000037 ], [ 90.040712709000047, 23.699985284000036 ], [ 90.040486694000037, 23.701654125000061 ], [ 90.040638939000075, 23.705271653000068 ], [ 90.040827859000046, 23.705549357000052 ], [ 90.041205560000037, 23.705655390000061 ], [ 90.043397095000046, 23.705688663000046 ], [ 90.043699398000058, 23.705828583000027 ], [ 90.043850714000087, 23.706384048000075 ], [ 90.043699839000055, 23.707149607000076 ], [ 90.043587028000047, 23.708994552000036 ], [ 90.04320944300008, 23.710211804000039 ], [ 90.042529776000038, 23.711081382000032 ], [ 90.041472147000036, 23.712091066000028 ], [ 90.041170072000057, 23.712716657000044 ], [ 90.041207866000036, 23.712994400000071 ], [ 90.041359003000082, 23.712994357000071 ], [ 90.042114524000056, 23.712472522000041 ], [ 90.044948200000078, 23.711846215000037 ], [ 90.047555270000032, 23.711985440000035 ], [ 90.04865071200004, 23.711393464000025 ], [ 90.049141800000086, 23.711323305000064 ], [ 90.050351017000082, 23.711670673000071 ], [ 90.050577996000072, 23.711984483000037 ], [ 90.050578219000045, 23.712567088000071 ], [ 90.055293953000046, 23.713626807000026 ], [ 90.056554845000051, 23.713576670000066 ], [ 90.057080137000071, 23.713190334000046 ] ] ] } },
{ "type": "Feature", "properties": { "matched_key": "U_302662448", "navigation_parent_key": "A_302662", "admin_type": "union", "admin_label": "Union", "map_level": "union", "admin_rank": 3, "displayable": 1, "geometry_status": "EXACT/GEOMETRY", "location_label": "Kailail Union" }, "geometry": { "type": "Polygon", "coordinates": [ [ [ 90.257229661000054, 23.713980635000041 ], [ 90.261105844000042, 23.708102976000077 ], [ 90.265499860000034, 23.701984970000069 ], [ 90.268086193000045, 23.699164607000057 ], [ 90.271051667000052, 23.696235148000028 ], [ 90.272743536000064, 23.694391788000075 ], [ 90.274099628000045, 23.692650623000077 ], [ 90.274890664000054, 23.691292076000025 ], [ 90.275604758000043, 23.689793656000063 ], [ 90.277708959000051, 23.684433575000071 ], [ 90.277858897000044, 23.683737798000038 ], [ 90.278762110000059, 23.682135148000043 ], [ 90.280004745000042, 23.680464137000058 ], [ 90.284377336000034, 23.676036975000045 ], [ 90.286524795000048, 23.673632608000048 ], [ 90.285769046000041, 23.67335625100003 ], [ 90.285050231000071, 23.672869817000048 ], [ 90.283459897000057, 23.670993955000029 ], [ 90.281348847000061, 23.667786438000064 ], [ 90.278051441000059, 23.664359853000065 ], [ 90.271478769000055, 23.660619346000033 ], [ 90.271153833000085, 23.660321178000061 ], [ 90.270990934000054, 23.659962977000077 ], [ 90.271147881000047, 23.656805041000041 ], [ 90.270919736000053, 23.654834024000024 ], [ 90.270204, 23.653693082000075 ], [ 90.270014815000081, 23.653485660000058 ], [ 90.269636942000034, 23.653312441000026 ], [ 90.26891930000005, 23.653313687000036 ], [ 90.26744782600008, 23.653907868000033 ], [ 90.266353998000056, 23.654569134000042 ], [ 90.265712151000059, 23.654780244000051 ], [ 90.26480594700007, 23.654885671000045 ], [ 90.263673106000056, 23.65474759600005 ], [ 90.26272807600003, 23.654437574000042 ], [ 90.261896700000079, 23.654265103000057 ], [ 90.261066350000078, 23.654300376000037 ], [ 90.259480703000065, 23.654824672000075 ], [ 90.258235178000064, 23.655036758000051 ], [ 90.257555384000057, 23.654967889000034 ], [ 90.256610357000056, 23.65465557300007 ], [ 90.255022942000039, 23.653962678000028 ], [ 90.253851781000037, 23.653964601000041 ], [ 90.252531204000036, 23.654348386000038 ], [ 90.251436904000059, 23.654804054000067 ], [ 90.250191015000041, 23.655153829000028 ], [ 90.249575763000053, 23.655185304000042 ], [ 90.249284464000084, 23.655085283000062 ], [ 90.248959084000035, 23.654655935000051 ], [ 90.248377515000072, 23.651882413000067 ], [ 90.247239074000049, 23.652001657000028 ], [ 90.247090190000051, 23.65234739300007 ], [ 90.246565719000046, 23.652415971000039 ], [ 90.242709668000032, 23.653734048000047 ], [ 90.241174242000056, 23.653944195000065 ], [ 90.239938068000072, 23.654255481000064 ], [ 90.238216037000086, 23.654983007000055 ], [ 90.237729807000051, 23.655363123000029 ], [ 90.237094540000044, 23.656192839000028 ], [ 90.236271480000084, 23.656885095000064 ], [ 90.236347546000047, 23.657435969000062 ], [ 90.236235458000067, 23.657643890000031 ], [ 90.236048475000075, 23.657781922000026 ], [ 90.234475232000079, 23.65795593200005 ], [ 90.232377065000037, 23.657959088000041 ], [ 90.232153001000086, 23.658271053000078 ], [ 90.232078715000057, 23.658720538000068 ], [ 90.232080481000082, 23.659720900000025 ], [ 90.232383168000069, 23.661411807000036 ], [ 90.232422813000085, 23.662515987000063 ], [ 90.232011127000078, 23.662792098000068 ], [ 90.231899029000033, 23.663000017000059 ], [ 90.231674585000064, 23.663104228000066 ], [ 90.230588341000043, 23.663345212000024 ], [ 90.229952268000034, 23.663761660000034 ], [ 90.228716528000064, 23.664212861000067 ], [ 90.227817754000057, 23.664419677000069 ], [ 90.226993404000041, 23.664420885000027 ], [ 90.226617970000063, 23.663870446000033 ], [ 90.226503659000059, 23.662800243000049 ], [ 90.226277482000057, 23.662075707000042 ], [ 90.225865025000076, 23.661730810000051 ], [ 90.225265146000083, 23.661456189000035 ], [ 90.223353806000034, 23.661251202000074 ], [ 90.223023796000064, 23.66108683300007 ], [ 90.221014230000037, 23.662056205000056 ], [ 90.220005047000086, 23.662755410000045 ], [ 90.218407165000031, 23.663455443000032 ], [ 90.217061858000079, 23.664387693000037 ], [ 90.215380499000048, 23.665785581000023 ], [ 90.214960878000056, 23.666483936000077 ], [ 90.214709880000044, 23.667414645000065 ], [ 90.214373715000079, 23.66780351400007 ], [ 90.213784897000039, 23.668113694000056 ], [ 90.213196890000063, 23.668735500000025 ], [ 90.213534264000032, 23.66927699300004 ], [ 90.21404037700006, 23.669741474000034 ], [ 90.214125738000064, 23.670594942000037 ], [ 90.213705211000047, 23.67074907600005 ], [ 90.213705967000067, 23.671214255000052 ], [ 90.21404328300008, 23.67152541400003 ], [ 90.214632817000052, 23.671833966000065 ], [ 90.214886235000051, 23.672375573000068 ], [ 90.214803151000069, 23.672919903000036 ], [ 90.214130538000063, 23.673539571000049 ], [ 90.213541821000035, 23.673928785000044 ], [ 90.212363805000052, 23.674162996000064 ], [ 90.209839822000049, 23.675020018000055 ], [ 90.208662223000033, 23.675719380000032 ], [ 90.206306259000087, 23.676458693000029 ], [ 90.205397281000046, 23.676877660000059 ], [ 90.206851303000064, 23.677704469000048 ], [ 90.209478474000036, 23.67847322800003 ], [ 90.210213730000078, 23.678472231000057 ], [ 90.210844096000073, 23.678618155000038 ], [ 90.212053741000034, 23.679535573000067 ], [ 90.212946456000054, 23.679484671000068 ], [ 90.213576280000041, 23.679291859000045 ], [ 90.214258498000049, 23.678902515000061 ], [ 90.215938865000055, 23.678658559000041 ], [ 90.217934868000043, 23.678947064000056 ], [ 90.218145435000054, 23.679138712000054 ], [ 90.218198327000039, 23.67942994200007 ], [ 90.218042079000043, 23.68020470600004 ], [ 90.218095933000086, 23.68107402000004 ], [ 90.219887272000051, 23.684311938000064 ], [ 90.220248010000034, 23.685402113000066 ], [ 90.219626707000032, 23.685570100000064 ], [ 90.219101889000058, 23.68588472600004 ], [ 90.218263540000066, 23.686951758000077 ], [ 90.217424068000071, 23.68753328300005 ], [ 90.217161514000054, 23.687605912000038 ], [ 90.21681998400004, 23.68755671100007 ], [ 90.216110681000032, 23.687340921000043 ], [ 90.215427628000043, 23.687244770000063 ], [ 90.214955158000066, 23.68734253100007 ], [ 90.21432515500004, 23.687634703000072 ], [ 90.213958049000041, 23.687876834000065 ], [ 90.213643510000054, 23.688215993000028 ], [ 90.213486395000075, 23.688480412000047 ], [ 90.213408449000042, 23.688988606000066 ], [ 90.213566468000067, 23.689279686000077 ], [ 90.213908007000043, 23.689520839000068 ], [ 90.215720765000071, 23.689929306000067 ], [ 90.215983885000071, 23.690195402000029 ], [ 90.216248315000087, 23.691258624000056 ], [ 90.216773763000049, 23.691307565000045 ], [ 90.217010366000068, 23.691476597000076 ], [ 90.217143671000031, 23.69275678200006 ], [ 90.217380955000067, 23.693336794000061 ], [ 90.217381357000079, 23.693578416000037 ], [ 90.217145429000084, 23.693820369000036 ], [ 90.217145749000053, 23.694014569000046 ], [ 90.219116014000065, 23.694350516000043 ], [ 90.219772908000039, 23.694543785000064 ], [ 90.219747174000076, 23.694735766000065 ], [ 90.21953710400004, 23.694858003000036 ], [ 90.219143345000077, 23.694930824000039 ], [ 90.216700776000039, 23.694814578000035 ], [ 90.216543623000064, 23.695056419000025 ], [ 90.216570114000035, 23.695320587000026 ], [ 90.217280249000055, 23.695827675000032 ], [ 90.218227905000049, 23.697230912000066 ], [ 90.219490028000052, 23.69805109400005 ], [ 90.219884644000047, 23.698484098000051 ], [ 90.220463148000078, 23.698896517000037 ], [ 90.220700134000083, 23.699282322000045 ], [ 90.221017448000055, 23.700587079000059 ], [ 90.221439341000064, 23.70155522500005 ], [ 90.221860542000059, 23.702110123000068 ], [ 90.223017964000064, 23.70314946600007 ], [ 90.223176020000039, 23.703438280000057 ], [ 90.223586579000084, 23.704216749000068 ], [ 90.223914629000035, 23.705322765000062 ], [ 90.223789614000054, 23.708590485000059 ], [ 90.225905788000034, 23.707537375000072 ], [ 90.226164329000085, 23.70725021100003 ], [ 90.226786710000056, 23.707296721000034 ], [ 90.230107973000031, 23.709439317000033 ], [ 90.232737836000069, 23.710600584000076 ], [ 90.235295822000069, 23.711484166000048 ], [ 90.236022358000071, 23.711817265000036 ], [ 90.236230024000065, 23.712056312000072 ], [ 90.236750663000066, 23.713297495000063 ], [ 90.237166220000063, 23.713725907000025 ], [ 90.238358762000075, 23.713724074000027 ], [ 90.243852491000041, 23.713094526000077 ], [ 90.248155156000053, 23.71294541900005 ], [ 90.252769491000038, 23.713222478000034 ], [ 90.257229661000054, 23.713980635000041 ] ] ] } },
{ "type": "Feature", "properties": { "matched_key": "U_302662457", "navigation_parent_key": "A_302662", "admin_type": "union", "admin_label": "Union", "map_level": "union", "admin_rank": 3, "displayable": 1, "geometry_status": "EXACT/GEOMETRY", "location_label": "Kalakopa Union" }, "geometry": { "type": "Polygon", "coordinates": [ [ [ 90.158325264000041, 23.666066643000079 ], [ 90.159320408000042, 23.66562754000006 ], [ 90.159428115000082, 23.665677191000043 ], [ 90.161731039000074, 23.664311198000064 ], [ 90.164201691000073, 23.661417759000074 ], [ 90.165078707000077, 23.658969554000066 ], [ 90.16617838500008, 23.653770467000072 ], [ 90.16562443600003, 23.653837341000042 ], [ 90.16581874600007, 23.652464652000049 ], [ 90.165973320000035, 23.650143089000039 ], [ 90.166286543000069, 23.648738171000048 ], [ 90.166705232000083, 23.647626703000071 ], [ 90.167373661000056, 23.646533031000047 ], [ 90.166572372000076, 23.64627194600007 ], [ 90.166204650000054, 23.646247500000072 ], [ 90.165286149000053, 23.646587206000049 ], [ 90.164630423000062, 23.647071152000024 ], [ 90.164315642000076, 23.647482475000061 ], [ 90.163974992000078, 23.648040600000058 ], [ 90.163814421000041, 23.648524019000035 ], [ 90.162951642000053, 23.648597192000068 ], [ 90.160798679000038, 23.648527177000062 ], [ 90.160167883000042, 23.648116841000046 ], [ 90.158907456000065, 23.647996199000033 ], [ 90.157857464000074, 23.648071791000064 ], [ 90.157437281000057, 23.64799769800004 ], [ 90.157016843000065, 23.647709079000037 ], [ 90.156805923000036, 23.647104101000025 ], [ 90.156752804000064, 23.64649896700007 ], [ 90.156804020000038, 23.645507577000046 ], [ 90.156934704000037, 23.645121300000028 ], [ 90.157207577000065, 23.644752942000025 ], [ 90.156670575000078, 23.643572462000066 ], [ 90.156616607000046, 23.642508918000033 ], [ 90.156405628000073, 23.641590056000041 ], [ 90.158911270000033, 23.637691091000079 ], [ 90.158685024000079, 23.637597551000056 ], [ 90.158605904000069, 23.637281487000052 ], [ 90.15876294800006, 23.636920019000058 ], [ 90.159602889000041, 23.636772377000057 ], [ 90.160074867000048, 23.636385741000026 ], [ 90.160390022000058, 23.636288314000069 ], [ 90.160782489000042, 23.635271731000046 ], [ 90.161097067000071, 23.634957518000078 ], [ 90.16117554200008, 23.634740653000051 ], [ 90.161199728000042, 23.632974736000051 ], [ 90.159598403000075, 23.63307349300004 ], [ 90.159256895000055, 23.632904481000025 ], [ 90.159099178000076, 23.632710440000039 ], [ 90.158679075000066, 23.632661191000068 ], [ 90.158022537000079, 23.632686701000068 ], [ 90.157917988000065, 23.632881011000052 ], [ 90.157602725000061, 23.632881330000032 ], [ 90.157471332000057, 23.632662421000077 ], [ 90.157207698000036, 23.631768451000028 ], [ 90.156944703000079, 23.631407412000044 ], [ 90.156891935000033, 23.631091320000053 ], [ 90.157048922000058, 23.630680171000051 ], [ 90.157205131000069, 23.629616414000054 ], [ 90.157140772000048, 23.628573201000052 ], [ 90.156648784000083, 23.628350140000066 ], [ 90.155553576000045, 23.628141232000075 ], [ 90.154459108000083, 23.628560089000075 ], [ 90.154119324000078, 23.628804310000078 ], [ 90.154044242000055, 23.629048265000051 ], [ 90.153591849000065, 23.629674229000045 ], [ 90.153138890000037, 23.629814684000053 ], [ 90.152610399000082, 23.629815205000057 ], [ 90.152459032000081, 23.629535340000075 ], [ 90.152949314000068, 23.629083223000066 ], [ 90.152949154000055, 23.628945475000023 ], [ 90.152722398000037, 23.628909566000061 ], [ 90.151325632000066, 23.629154819000064 ], [ 90.150948305000043, 23.629259060000038 ], [ 90.15079750600006, 23.629469219000043 ], [ 90.150646540000082, 23.629537110000058 ], [ 90.150231103000067, 23.62953751200007 ], [ 90.150004813000066, 23.629643866000038 ], [ 90.149478108000039, 23.631487044000039 ], [ 90.148702932000049, 23.632262343000036 ], [ 90.148085617000049, 23.632019052000032 ], [ 90.146939549000081, 23.632101436000028 ], [ 90.146058247000042, 23.632508739000059 ], [ 90.145676614000081, 23.632858780000049 ], [ 90.145442100000082, 23.633322262000036 ], [ 90.145354488000066, 23.633889145000069 ], [ 90.145620100000031, 23.634701840000048 ], [ 90.146591071000046, 23.635839042000043 ], [ 90.14738488200004, 23.636082174000023 ], [ 90.148178423000047, 23.63608141800006 ], [ 90.148883541000032, 23.635918152000045 ], [ 90.149323508000066, 23.635104788000035 ], [ 90.15002908200006, 23.63534799200005 ], [ 90.149941952000063, 23.636321347000035 ], [ 90.149149885000043, 23.637622820000047 ], [ 90.147739995000052, 23.638274522000074 ], [ 90.147563878000085, 23.638599868000028 ], [ 90.147211580000032, 23.638923119000026 ], [ 90.146859103000054, 23.639086042000031 ], [ 90.146245663000059, 23.638221739000073 ], [ 90.146321037000064, 23.639325918000054 ], [ 90.146532156000035, 23.640438997000047 ], [ 90.146428065000066, 23.641066866000074 ], [ 90.146218308000073, 23.641455470000039 ], [ 90.145851058000062, 23.641841964000037 ], [ 90.145431410000072, 23.642228506000038 ], [ 90.14469678100005, 23.642617599000062 ], [ 90.144591898000044, 23.642809641000042 ], [ 90.144592374000069, 23.643245468000032 ], [ 90.144907879000073, 23.64343937600006 ], [ 90.144908092000037, 23.643633580000028 ], [ 90.144540780000057, 23.643972647000055 ], [ 90.144541840000045, 23.644939142000055 ], [ 90.145434244000057, 23.644793785000047 ], [ 90.145801985000048, 23.644840861000034 ], [ 90.145173026000066, 23.645760528000039 ], [ 90.144911767000053, 23.64697115000007 ], [ 90.144912886000043, 23.647987326000077 ], [ 90.144807998000033, 23.648179369000047 ], [ 90.144020366000063, 23.648326883000038 ], [ 90.143653437000069, 23.648471749000066 ], [ 90.143495804000054, 23.648907721000057 ], [ 90.141116546000035, 23.653541411000049 ], [ 90.142556058000082, 23.65374558600007 ], [ 90.143239041000072, 23.653986582000073 ], [ 90.144551463000084, 23.653696317000026 ], [ 90.144919334000065, 23.653840495000054 ], [ 90.145077264000065, 23.654226495000046 ], [ 90.145655898000086, 23.655145026000071 ], [ 90.146382753000069, 23.655973090000032 ], [ 90.146445349000032, 23.656596286000024 ], [ 90.146130139000036, 23.656693683000071 ], [ 90.144501878000085, 23.656259383000076 ], [ 90.143556423000064, 23.656163160000062 ], [ 90.142201413000066, 23.656198281000059 ], [ 90.142093750000072, 23.656668078000052 ], [ 90.142506655000034, 23.656794159000071 ], [ 90.142821931000071, 23.657035493000024 ], [ 90.142980322000085, 23.657566016000033 ], [ 90.142508173000067, 23.658196477000047 ], [ 90.142193469000063, 23.658485812000038 ], [ 90.141878973000075, 23.658971607000069 ], [ 90.141827517000081, 23.660132351000073 ], [ 90.141578841000069, 23.660846161000052 ], [ 90.143020223000065, 23.661287436000066 ], [ 90.14418700300007, 23.661977356000023 ], [ 90.148491607000039, 23.66490890700004 ], [ 90.151025450000077, 23.666315553000061 ], [ 90.152128834000052, 23.666700619000039 ], [ 90.153494497000054, 23.667037999000058 ], [ 90.154492747000063, 23.667134108000027 ], [ 90.156172905000062, 23.666746277000072 ], [ 90.158325264000041, 23.666066643000079 ] ] ] } },
{ "type": "Feature", "properties": { "matched_key": "U_302662549", "navigation_parent_key": "A_302662", "admin_type": "union", "admin_label": "Union", "map_level": "union", "admin_rank": 3, "displayable": 1, "geometry_status": "EXACT/GEOMETRY", "location_label": "Nayansree Union" }, "geometry": { "type": "Polygon", "coordinates": [ [ [ 90.103579321000041, 23.727570942000057 ], [ 90.105341390000035, 23.726853920000053 ], [ 90.105600465000066, 23.726472116000025 ], [ 90.10565009000004, 23.723751008000079 ], [ 90.105959579000057, 23.721650717000045 ], [ 90.105748364000078, 23.717116495000027 ], [ 90.10574809600007, 23.716782287000058 ], [ 90.105851563000044, 23.71659253100006 ], [ 90.106473754000035, 23.716400164000049 ], [ 90.110309865000033, 23.715968424000039 ], [ 90.111605299000075, 23.71544134800007 ], [ 90.112486573000069, 23.715298447000066 ], [ 90.113212124000086, 23.714821445000041 ], [ 90.114663261000032, 23.714628437000044 ], [ 90.115544648000082, 23.714627779000068 ], [ 90.115855943000042, 23.714769810000064 ], [ 90.116168170000037, 23.71596414000004 ], [ 90.116427646000034, 23.716440413000043 ], [ 90.117361671000083, 23.717347486000051 ], [ 90.117776597000045, 23.717489432000036 ], [ 90.117822686000068, 23.71760230700005 ], [ 90.118811353000069, 23.717217664000032 ], [ 90.119441632000076, 23.717169758000068 ], [ 90.119756659000075, 23.717024992000063 ], [ 90.121121866000067, 23.716055182000048 ], [ 90.121541506000085, 23.715329987000075 ], [ 90.121540474000085, 23.714216719000035 ], [ 90.121224830000074, 23.713686300000063 ], [ 90.121224472000051, 23.713297899000054 ], [ 90.12127649200005, 23.712862036000047 ], [ 90.121590924000031, 23.712089501000037 ], [ 90.122325741000054, 23.711411475000034 ], [ 90.123638507000067, 23.710830087000033 ], [ 90.124058712000078, 23.710732649000079 ], [ 90.124583696000059, 23.710248981000063 ], [ 90.124845727000036, 23.709521646000042 ], [ 90.125158517000045, 23.707055489000027 ], [ 90.126155672000039, 23.706038510000042 ], [ 90.126627064000047, 23.704683231000047 ], [ 90.126784395000072, 23.70444148100006 ], [ 90.127782462000084, 23.704393239000069 ], [ 90.129463351000084, 23.704488943000058 ], [ 90.130285900000047, 23.704264694000074 ], [ 90.129777924000052, 23.703617032000068 ], [ 90.12935665200007, 23.702601213000037 ], [ 90.12893605000005, 23.702262842000039 ], [ 90.128358032000051, 23.702071378000028 ], [ 90.12741169700007, 23.70139471400006 ], [ 90.126840012000059, 23.70108807400004 ], [ 90.12903976900003, 23.700813020000055 ], [ 90.12898642600004, 23.700183039000024 ], [ 90.12882839100007, 23.699699924000072 ], [ 90.12846066700007, 23.69950602800003 ], [ 90.12803965300003, 23.698734086000059 ], [ 90.127566060000049, 23.698104454000031 ], [ 90.125726264000036, 23.696509442000036 ], [ 90.125042816000075, 23.695979327000032 ], [ 90.123518695000087, 23.695253425000033 ], [ 90.122362918000078, 23.695062397000072 ], [ 90.121942846000081, 23.694918209000036 ], [ 90.121207449000053, 23.694869108000034 ], [ 90.120891904000075, 23.69472483100003 ], [ 90.12068140100007, 23.69414464700003 ], [ 90.120628231000069, 23.693322721000072 ], [ 90.120470286000057, 23.693225744000074 ], [ 90.117634141000053, 23.693325023000057 ], [ 90.117634447000057, 23.693663749000052 ], [ 90.117529482000066, 23.693855771000074 ], [ 90.115913511000031, 23.693870537000066 ], [ 90.115893920000076, 23.693552151000063 ], [ 90.115504181000063, 23.692335297000056 ], [ 90.115493263000076, 23.692118521000054 ], [ 90.11734509200005, 23.692293263000067 ], [ 90.117595922000078, 23.692060484000024 ], [ 90.117469886000038, 23.691656368000054 ], [ 90.118474498000069, 23.69182948100007 ], [ 90.119855662000077, 23.691828419000046 ], [ 90.121111100000064, 23.691768729000046 ], [ 90.121775442000057, 23.691567233000058 ], [ 90.122258651000038, 23.691058767000072 ], [ 90.122146470000075, 23.688096149000046 ], [ 90.122197936000077, 23.687079938000068 ], [ 90.122355392000031, 23.686984970000026 ], [ 90.122670785000082, 23.686984720000055 ], [ 90.123195602000067, 23.686742680000066 ], [ 90.12345786800006, 23.686306647000038 ], [ 90.124035402000061, 23.686064563000059 ], [ 90.12503328300005, 23.68596665900003 ], [ 90.125400900000045, 23.685772161000045 ], [ 90.125452758000051, 23.685191770000074 ], [ 90.125766543000054, 23.683836620000022 ], [ 90.125712558000032, 23.682192722000025 ], [ 90.125920839000059, 23.680451511000058 ], [ 90.12597244300008, 23.679290773000048 ], [ 90.125919215000067, 23.678757889000053 ], [ 90.125866620000068, 23.678563731000054 ], [ 90.125603869000031, 23.678469102000065 ], [ 90.125078785000085, 23.678711150000026 ], [ 90.124601596000048, 23.678698356000041 ], [ 90.124069313000064, 23.677626731000032 ], [ 90.123938326000086, 23.676616673000069 ], [ 90.124288830000069, 23.676293292000025 ], [ 90.124708875000067, 23.676146173000063 ], [ 90.125601791000065, 23.676292232000037 ], [ 90.126442110000085, 23.676241870000069 ], [ 90.12659940900005, 23.676000119000037 ], [ 90.126650747000042, 23.674889061000044 ], [ 90.126860055000066, 23.673920136000049 ], [ 90.127226863000033, 23.673242387000073 ], [ 90.128382220000049, 23.673194013000057 ], [ 90.129554129000041, 23.673866707000059 ], [ 90.129258297000035, 23.673197756000036 ], [ 90.129001738000056, 23.671947566000028 ], [ 90.128780886000072, 23.668999549000034 ], [ 90.12883948800004, 23.668118208000067 ], [ 90.12853487700005, 23.668212375000053 ], [ 90.128431245000058, 23.669420578000029 ], [ 90.127800568000055, 23.669132056000024 ], [ 90.127589277000084, 23.667727649000028 ], [ 90.127903755000034, 23.667147043000057 ], [ 90.128533552000079, 23.666857476000075 ], [ 90.128585979000036, 23.666566130000035 ], [ 90.128533030000085, 23.666324549000024 ], [ 90.128270301000043, 23.666227667000044 ], [ 90.127851019000047, 23.66680836200004 ], [ 90.127430726000057, 23.666664185000059 ], [ 90.127325332000055, 23.66637522700006 ], [ 90.12737717300007, 23.665794836000032 ], [ 90.127744778000078, 23.665647752000041 ], [ 90.128269830000079, 23.665744420000067 ], [ 90.128585033000036, 23.665599637000071 ], [ 90.129049831000032, 23.665015289000053 ], [ 90.129177453000068, 23.664336014000071 ], [ 90.129189610000083, 23.66403200600007 ], [ 90.128958140000066, 23.662948133000043 ], [ 90.128491460000077, 23.661652576000051 ], [ 90.128100189000065, 23.661164998000061 ], [ 90.126621485000044, 23.664237319000051 ], [ 90.124603238000077, 23.667197155000053 ], [ 90.123567777000062, 23.668248031000076 ], [ 90.122816736000061, 23.66867768000003 ], [ 90.120537046000038, 23.669444987000077 ], [ 90.118826972000079, 23.66978051600006 ], [ 90.118541937000032, 23.669755896000026 ], [ 90.117997641000045, 23.669399521000059 ], [ 90.116337344000044, 23.667465525000068 ], [ 90.114054342000031, 23.66407997400006 ], [ 90.113327819000062, 23.663100462000045 ], [ 90.112264646000085, 23.661908923000055 ], [ 90.111071761000062, 23.66095457800003 ], [ 90.110346065000044, 23.660548625000047 ], [ 90.109931307000068, 23.66038181600004 ], [ 90.109438813000054, 23.660334743000078 ], [ 90.108509797000067, 23.660479919000068 ], [ 90.107575673000042, 23.661503521000043 ], [ 90.106736340000054, 23.662664798000037 ], [ 90.106106560000057, 23.66339010300004 ], [ 90.105424601000038, 23.664020598000036 ], [ 90.104269890000069, 23.664795929000036 ], [ 90.103272381000068, 23.665182745000038 ], [ 90.100698858000044, 23.664895393000052 ], [ 90.097180064000042, 23.664364712000065 ], [ 90.096287439000037, 23.664462369000034 ], [ 90.093400802000076, 23.666832953000039 ], [ 90.091302246000055, 23.670027253000057 ], [ 90.090777970000033, 23.671043737000048 ], [ 90.090463447000047, 23.672252040000046 ], [ 90.090780276000032, 23.674381304000065 ], [ 90.091148514000054, 23.675494364000031 ], [ 90.09251503400003, 23.676701673000025 ], [ 90.093828932000065, 23.678006101000051 ], [ 90.095774550000044, 23.681439577000049 ], [ 90.096300446000043, 23.682213801000046 ], [ 90.100545429000078, 23.686262246000069 ], [ 90.100467592000086, 23.686284878000038 ], [ 90.101271552000071, 23.687072453000042 ], [ 90.101998115000072, 23.688049761000059 ], [ 90.10212847400004, 23.688957457000072 ], [ 90.102077247000068, 23.689695908000033 ], [ 90.101481892000038, 23.690746346000026 ], [ 90.101274568000065, 23.690985845000057 ], [ 90.100929296000061, 23.69120736900004 ], [ 90.100298757000076, 23.691160356000069 ], [ 90.099931133000041, 23.691013818000044 ], [ 90.097947701000066, 23.688996287000066 ], [ 90.096883934000061, 23.690001838000057 ], [ 90.096613624000042, 23.690469445000076 ], [ 90.095833734000053, 23.690305086000023 ], [ 90.095412943000042, 23.689953071000048 ], [ 90.094835401000068, 23.68985632600004 ], [ 90.094533523000052, 23.689906189000055 ], [ 90.094481003000055, 23.690183976000071 ], [ 90.094835558000057, 23.690497641000036 ], [ 90.094809625000039, 23.690667018000056 ], [ 90.094468196000037, 23.690703362000079 ], [ 90.094100154000046, 23.690389700000026 ], [ 90.092713514000081, 23.694220746000042 ], [ 90.093105917000059, 23.695274699000038 ], [ 90.093368371000054, 23.695371644000033 ], [ 90.093893721000086, 23.695323905000066 ], [ 90.094050615000072, 23.694404739000049 ], [ 90.094470755000032, 23.694259963000036 ], [ 90.094576312000072, 23.694840243000044 ], [ 90.09473396900006, 23.694984670000053 ], [ 90.094996519000063, 23.694790307000062 ], [ 90.095101071000045, 23.694404095000039 ], [ 90.095363901000042, 23.694598135000035 ], [ 90.095363550000059, 23.694112633000032 ], [ 90.095783722000078, 23.694017533000078 ], [ 90.095941519000064, 23.694353897000042 ], [ 90.095889708000072, 23.695178161000058 ], [ 90.095627013000069, 23.695178322000061 ], [ 90.094683756000052, 23.696337337000045 ], [ 90.092155823000041, 23.696338863000051 ], [ 90.091429882000057, 23.696219610000071 ], [ 90.09114461300004, 23.695932992000053 ], [ 90.090937400000087, 23.695933116000049 ], [ 90.090522719000035, 23.696005618000072 ], [ 90.090237880000075, 23.696339991000059 ], [ 90.089615951000042, 23.696362934000035 ], [ 90.089304922000053, 23.69650537800004 ], [ 90.088916470000072, 23.69683980800005 ], [ 90.088735457000041, 23.697508328000026 ], [ 90.088761447000081, 23.697867361000078 ], [ 90.089176623000071, 23.698510697000074 ], [ 90.08928067100004, 23.699156473000073 ], [ 90.089221634000069, 23.699341674000038 ], [ 90.089064208000082, 23.699533707000057 ], [ 90.087646517000053, 23.700503267000045 ], [ 90.086911708000059, 23.70137307300007 ], [ 90.086964450000039, 23.70185854500005 ], [ 90.087384974000031, 23.702244454000038 ], [ 90.087753145000079, 23.702727492000065 ], [ 90.087753371000076, 23.703066215000035 ], [ 90.08743806800004, 23.703260595000074 ], [ 90.085757732000047, 23.703938982000068 ], [ 90.085389816000031, 23.703842086000066 ], [ 90.085389594000048, 23.70350336000007 ], [ 90.085599567000031, 23.70302 ], [ 90.085651576000032, 23.702389946000039 ], [ 90.085336357000074, 23.702245597000058 ], [ 90.084706108000034, 23.702245943000037 ], [ 90.084338383000045, 23.702440347000049 ], [ 90.083709058000068, 23.703890425000054 ], [ 90.083341480000058, 23.704326446000039 ], [ 90.083236489000058, 23.704568129000052 ], [ 90.08444735300003, 23.708388272000036 ], [ 90.084763652000049, 23.710178815000063 ], [ 90.083975733000045, 23.710565392000035 ], [ 90.083292868000058, 23.710324136000054 ], [ 90.082872972000075, 23.710954387000072 ], [ 90.082662674000062, 23.710954499000024 ], [ 90.08224225400005, 23.710760522000044 ], [ 90.082143316000042, 23.709913767000046 ], [ 90.081027715000062, 23.709860159000073 ], [ 90.080774083000051, 23.715162440000029 ], [ 90.080826961000071, 23.715404036000052 ], [ 90.081037052000056, 23.715550704000066 ], [ 90.081147496000085, 23.716666174000068 ], [ 90.081187662000048, 23.720633728000053 ], [ 90.081376625000075, 23.720807505000039 ], [ 90.081867816000056, 23.720874990000027 ], [ 90.082056806000082, 23.721084899000061 ], [ 90.08200835100007, 23.724004715000035 ], [ 90.082423709000068, 23.724864851000063 ], [ 90.085743109000077, 23.727057970000033 ], [ 90.086779996000075, 23.72700997000004 ], [ 90.088750266000034, 23.72710369400005 ], [ 90.093468558000041, 23.727148334000049 ], [ 90.095128014000068, 23.727339267000048 ], [ 90.097046560000081, 23.727959066000039 ], [ 90.09891394400006, 23.729007922000051 ], [ 90.10015800900004, 23.728433550000034 ], [ 90.102490844000044, 23.727905874000044 ], [ 90.103579321000041, 23.727570942000057 ] ] ] } },
{ "type": "Feature", "properties": { "matched_key": "U_302662715", "navigation_parent_key": "A_302662", "admin_type": "union", "admin_label": "Union", "map_level": "union", "admin_rank": 3, "displayable": 1, "geometry_status": "EXACT/GEOMETRY", "location_label": "Shikaripara Union" }, "geometry": { "type": "Polygon", "coordinates": [ [ [ 90.05889521000006, 23.723181985000053 ], [ 90.059235172000058, 23.723077979000038 ], [ 90.059650938000061, 23.723147823000033 ], [ 90.060217999000031, 23.723529230000054 ], [ 90.063165411000057, 23.723841939000067 ], [ 90.06671736800007, 23.724014326000031 ], [ 90.06701981100008, 23.724291946000051 ], [ 90.067168726000034, 23.724600342000031 ], [ 90.06751124200008, 23.724813366000035 ], [ 90.069854142000054, 23.724638448000064 ], [ 90.070231697000054, 23.724326650000023 ], [ 90.070307204000073, 23.72390886200003 ], [ 90.070343999000045, 23.722203939000053 ], [ 90.070683818000077, 23.721856028000047 ], [ 90.071288443000071, 23.72192575300005 ], [ 90.074877940000079, 23.721332422000046 ], [ 90.075293203000058, 23.721054466000055 ], [ 90.075444048000065, 23.720530502000031 ], [ 90.075556744000039, 23.719243300000073 ], [ 90.075858530000062, 23.718373764000034 ], [ 90.076047306000078, 23.718235924000055 ], [ 90.07944791500006, 23.71830195800004 ], [ 90.079598975000067, 23.718164134000062 ], [ 90.079749908000053, 23.717816301000028 ], [ 90.079635555000038, 23.715797571000053 ], [ 90.080240095000079, 23.715763385000059 ], [ 90.081037362000075, 23.716048851000039 ], [ 90.081037052000056, 23.715550704000066 ], [ 90.080826961000071, 23.715404036000052 ], [ 90.080774083000051, 23.715162440000029 ], [ 90.081027715000062, 23.709860159000073 ], [ 90.082143316000042, 23.709913767000046 ], [ 90.08224225400005, 23.710760522000044 ], [ 90.082662674000062, 23.710954499000024 ], [ 90.082872972000075, 23.710954387000072 ], [ 90.083292868000058, 23.710324136000054 ], [ 90.083975733000045, 23.710565392000035 ], [ 90.084763652000049, 23.710178815000063 ], [ 90.08444735300003, 23.708388272000036 ], [ 90.083236489000058, 23.704568129000052 ], [ 90.083341480000058, 23.704326446000039 ], [ 90.083709058000068, 23.703890425000054 ], [ 90.084338383000045, 23.702440347000049 ], [ 90.084706108000034, 23.702245943000037 ], [ 90.085336357000074, 23.702245597000058 ], [ 90.085651576000032, 23.702389946000039 ], [ 90.085599567000031, 23.70302 ], [ 90.085389594000048, 23.70350336000007 ], [ 90.085389816000031, 23.703842086000066 ], [ 90.085757732000047, 23.703938982000068 ], [ 90.08743806800004, 23.703260595000074 ], [ 90.087753371000076, 23.703066215000035 ], [ 90.087753145000079, 23.702727492000065 ], [ 90.087384974000031, 23.702244454000038 ], [ 90.086964450000039, 23.70185854500005 ], [ 90.086911708000059, 23.70137307300007 ], [ 90.087646517000053, 23.700503267000045 ], [ 90.089064208000082, 23.699533707000057 ], [ 90.089221634000069, 23.699341674000038 ], [ 90.08928067100004, 23.699156473000073 ], [ 90.089176623000071, 23.698510697000074 ], [ 90.088761447000081, 23.697867361000078 ], [ 90.088735457000041, 23.697508328000026 ], [ 90.088916470000072, 23.69683980800005 ], [ 90.089304922000053, 23.69650537800004 ], [ 90.089615951000042, 23.696362934000035 ], [ 90.090237880000075, 23.696339991000059 ], [ 90.090522719000035, 23.696005618000072 ], [ 90.090937400000087, 23.695933116000049 ], [ 90.09114461300004, 23.695932992000053 ], [ 90.091429882000057, 23.696219610000071 ], [ 90.092155823000041, 23.696338863000051 ], [ 90.094683756000052, 23.696337337000045 ], [ 90.095627013000069, 23.695178322000061 ], [ 90.095889708000072, 23.695178161000058 ], [ 90.095941519000064, 23.694353897000042 ], [ 90.095783722000078, 23.694017533000078 ], [ 90.095363550000059, 23.694112633000032 ], [ 90.095363901000042, 23.694598135000035 ], [ 90.095101071000045, 23.694404095000039 ], [ 90.094996519000063, 23.694790307000062 ], [ 90.09473396900006, 23.694984670000053 ], [ 90.094576312000072, 23.694840243000044 ], [ 90.094470755000032, 23.694259963000036 ], [ 90.094050615000072, 23.694404739000049 ], [ 90.093893721000086, 23.695323905000066 ], [ 90.093368371000054, 23.695371644000033 ], [ 90.093105917000059, 23.695274699000038 ], [ 90.092713514000081, 23.694220746000042 ], [ 90.094100154000046, 23.690389700000026 ], [ 90.094468196000037, 23.690703362000079 ], [ 90.094809625000039, 23.690667018000056 ], [ 90.094835558000057, 23.690497641000036 ], [ 90.094481003000055, 23.690183976000071 ], [ 90.094533523000052, 23.689906189000055 ], [ 90.094835401000068, 23.68985632600004 ], [ 90.095412943000042, 23.689953071000048 ], [ 90.095833734000053, 23.690305086000023 ], [ 90.096613624000042, 23.690469445000076 ], [ 90.096883934000061, 23.690001838000057 ], [ 90.097947701000066, 23.688996287000066 ], [ 90.095988280000086, 23.686615154000037 ], [ 90.094043723000084, 23.684778203000064 ], [ 90.093465695000077, 23.684392407000075 ], [ 90.092047250000064, 23.684007110000039 ], [ 90.090208978000078, 23.683716889000038 ], [ 90.089210987000058, 23.683670046000032 ], [ 90.088580358000058, 23.683428784000057 ], [ 90.087477193000041, 23.682846805000054 ], [ 90.085008048000077, 23.681881686000054 ], [ 90.084009764000086, 23.681349305000026 ], [ 90.082748852000066, 23.680866734000062 ], [ 90.079702226000052, 23.680190884000069 ], [ 90.077338371000053, 23.67932268900006 ], [ 90.072715113000072, 23.676759653000033 ], [ 90.071979785000053, 23.676615474000073 ], [ 90.07024665800003, 23.676665949000039 ], [ 90.069406384000047, 23.67685827300005 ], [ 90.068723720000037, 23.677197300000046 ], [ 90.067883976000076, 23.677827700000023 ], [ 90.067359355000065, 23.679182828000023 ], [ 90.067254553000055, 23.679810642000064 ], [ 90.06736029800004, 23.68101871500005 ], [ 90.067465797000068, 23.681745799000055 ], [ 90.067991871000061, 23.683775658000059 ], [ 90.068203083000071, 23.685613709000052 ], [ 90.068465905000039, 23.686485244000039 ], [ 90.06914928100008, 23.687404013000048 ], [ 90.069622118000041, 23.687789947000056 ], [ 90.07041035900005, 23.688177994000057 ], [ 90.071513586000037, 23.688369433000048 ], [ 90.072984218000045, 23.688368747000027 ], [ 90.075610165000057, 23.687981342000057 ], [ 90.077973877000034, 23.688366314000064 ], [ 90.078867, 23.688801688000069 ], [ 90.080180768000048, 23.689914288000068 ], [ 90.080496526000047, 23.690494470000033 ], [ 90.080444249000038, 23.691219367000031 ], [ 90.079971927000031, 23.69175253800006 ], [ 90.078028733000053, 23.692478399000038 ], [ 90.076820915000042, 23.692770306000057 ], [ 90.075403372000039, 23.694028798000033 ], [ 90.073093622000044, 23.696592916000043 ], [ 90.072621569000034, 23.697704154000064 ], [ 90.072096749000082, 23.69818990400006 ], [ 90.071098916000039, 23.698623931000043 ], [ 90.069785961000036, 23.699060354000039 ], [ 90.066372260000037, 23.700610952000034 ], [ 90.064902498000038, 23.70264166000004 ], [ 90.064167479000048, 23.703416514000025 ], [ 90.061751925000067, 23.705400157000042 ], [ 90.060754251000048, 23.706369304000077 ], [ 90.059861842000032, 23.707627444000025 ], [ 90.059022161000087, 23.70961042600004 ], [ 90.057080137000071, 23.713190334000046 ], [ 90.056554845000051, 23.713576670000066 ], [ 90.055293953000046, 23.713626807000026 ], [ 90.050578219000045, 23.712567088000071 ], [ 90.050653910000051, 23.713271607000024 ], [ 90.050956708000058, 23.714626401000032 ], [ 90.051826482000081, 23.716263274000028 ], [ 90.052469341000062, 23.717724083000064 ], [ 90.052393878000032, 23.718383489000075 ], [ 90.052129705000084, 23.718627457000025 ], [ 90.051789777000067, 23.718801452000037 ], [ 90.051789997000071, 23.719359215000054 ], [ 90.052205510000078, 23.719600700000058 ], [ 90.05224370600007, 23.720820088000039 ], [ 90.052093294000031, 23.721897277000039 ], [ 90.051791123000044, 23.722211264000066 ], [ 90.051450892000048, 23.722419126000034 ], [ 90.050657493000074, 23.72255939300004 ], [ 90.050544110000033, 23.722699436000028 ], [ 90.050506520000056, 23.723011074000055 ], [ 90.050997988000063, 23.723812556000041 ], [ 90.051224923000063, 23.723950228000035 ], [ 90.052320793000035, 23.724227614000029 ], [ 90.05375678200005, 23.724751015000038 ], [ 90.055570771000077, 23.725165874000027 ], [ 90.056175047000067, 23.724400142000036 ], [ 90.057195362000073, 23.724332022000056 ], [ 90.05889521000006, 23.723181985000053 ] ] ] } },
{ "type": "Feature", "properties": { "matched_key": "U_302662724", "navigation_parent_key": "A_302662", "admin_type": "union", "admin_label": "Union", "map_level": "union", "admin_rank": 3, "displayable": 1, "geometry_status": "EXACT/GEOMETRY", "location_label": "Sholla Union" }, "geometry": { "type": "Polygon", "coordinates": [ [ [ 90.149743492000084, 23.744717614000024 ], [ 90.150469616000066, 23.744716909000033 ], [ 90.151974206000034, 23.745431266000026 ], [ 90.152752017000068, 23.745575023000072 ], [ 90.154618742000082, 23.745476068000073 ], [ 90.155862720000073, 23.744903506000071 ], [ 90.156587908000063, 23.744376626000076 ], [ 90.157467431000043, 23.742657288000032 ], [ 90.157310590000066, 23.741512571000044 ], [ 90.157308871000055, 23.740080908000039 ], [ 90.157618933000037, 23.739364763000026 ], [ 90.158498695000048, 23.737882519000038 ], [ 90.158859943000039, 23.736403065000047 ], [ 90.158807374000048, 23.735782131000065 ], [ 90.156367404000036, 23.733302918000049 ], [ 90.155536858000062, 23.732587924000029 ], [ 90.155484190000038, 23.731872144000079 ], [ 90.155639022000059, 23.731348097000023 ], [ 90.156519094000032, 23.730152650000036 ], [ 90.156829154000036, 23.729197143000079 ], [ 90.157241164000084, 23.727096650000078 ], [ 90.157913536000081, 23.725569457000063 ], [ 90.158431354000072, 23.725042778000045 ], [ 90.159260241000084, 23.724420938000037 ], [ 90.16008916800007, 23.724088134000056 ], [ 90.160763070000087, 23.723848071000077 ], [ 90.161592217000077, 23.723702686000024 ], [ 90.164599868000039, 23.72393887800007 ], [ 90.166570628000045, 23.724413237000078 ], [ 90.168489650000083, 23.725176672000032 ], [ 90.170149123000044, 23.725317117000031 ], [ 90.174296033000076, 23.724788612000054 ], [ 90.176110305000066, 23.724452348000057 ], [ 90.177768627000034, 23.723971726000059 ], [ 90.179115599000056, 23.72315949800003 ], [ 90.180411398000047, 23.722823786000049 ], [ 90.181084818000045, 23.722488794000071 ], [ 90.182741010000086, 23.720291927000062 ], [ 90.183362532000046, 23.719909567000059 ], [ 90.184036728000081, 23.720145871000057 ], [ 90.186058842000079, 23.720287972000051 ], [ 90.186577137000086, 23.720190248000051 ], [ 90.187250696000035, 23.719760390000033 ], [ 90.187767963000056, 23.718949087000055 ], [ 90.188284814000042, 23.717850999000063 ], [ 90.188334637000082, 23.716466695000065 ], [ 90.188281112000084, 23.715272198000036 ], [ 90.188591046000056, 23.714413728000068 ], [ 90.188850027000058, 23.71436372900007 ], [ 90.189109592000079, 23.714507935000029 ], [ 90.189680911000039, 23.715270489000034 ], [ 90.190048387000047, 23.718372731000045 ], [ 90.190257226000085, 23.719469934000074 ], [ 90.190517469000042, 23.720282545000032 ], [ 90.191191779000064, 23.720376557000066 ], [ 90.191762373000074, 23.720615213000031 ], [ 90.192229061000035, 23.720662057000027 ], [ 90.193109574000061, 23.720039969000027 ], [ 90.194094053000072, 23.719657110000071 ], [ 90.195131122000078, 23.719798067000056 ], [ 90.195857797000031, 23.720465562000072 ], [ 90.196325276000039, 23.721038539000062 ], [ 90.196948284000086, 23.721466793000047 ], [ 90.197726286000034, 23.721800004000045 ], [ 90.198815044000071, 23.721846031000041 ], [ 90.200110561000031, 23.721367894000025 ], [ 90.201302879000082, 23.721174405000056 ], [ 90.201975650000065, 23.72045769500005 ], [ 90.202805407000085, 23.720551451000063 ], [ 90.203377058000058, 23.721458475000077 ], [ 90.203947234000054, 23.721410304000074 ], [ 90.204466039000067, 23.721648981000044 ], [ 90.204830080000079, 23.722316911000064 ], [ 90.204882339000051, 23.722601368000028 ], [ 90.204727719000061, 23.723127721000026 ], [ 90.204780055000072, 23.723461857000075 ], [ 90.206594676000066, 23.723601704000032 ], [ 90.207838216000084, 23.723028728000031 ], [ 90.209392622000053, 23.722453063000046 ], [ 90.210738998000068, 23.721401202000038 ], [ 90.212084423000078, 23.719775756000047 ], [ 90.213377076000086, 23.717768747000036 ], [ 90.214823790000082, 23.71476115400003 ], [ 90.215598021000062, 23.712610323000035 ], [ 90.21585620500008, 23.712086074000069 ], [ 90.21621854700004, 23.711703942000042 ], [ 90.217771911000057, 23.710604305000061 ], [ 90.221915550000062, 23.70835382100006 ], [ 90.222537547000059, 23.708352928000068 ], [ 90.223471105000044, 23.708590947000062 ], [ 90.223789614000054, 23.708590485000059 ], [ 90.223914629000035, 23.705322765000062 ], [ 90.223586579000084, 23.704216749000068 ], [ 90.223176020000039, 23.703438280000057 ], [ 90.223017964000064, 23.70314946600007 ], [ 90.221860542000059, 23.702110123000068 ], [ 90.221439341000064, 23.70155522500005 ], [ 90.221017448000055, 23.700587079000059 ], [ 90.220700134000083, 23.699282322000045 ], [ 90.220463148000078, 23.698896517000037 ], [ 90.219884644000047, 23.698484098000051 ], [ 90.219490028000052, 23.69805109400005 ], [ 90.218227905000049, 23.697230912000066 ], [ 90.217280249000055, 23.695827675000032 ], [ 90.216570114000035, 23.695320587000026 ], [ 90.216543623000064, 23.695056419000025 ], [ 90.216700776000039, 23.694814578000035 ], [ 90.219143345000077, 23.694930824000039 ], [ 90.21953710400004, 23.694858003000036 ], [ 90.219747174000076, 23.694735766000065 ], [ 90.219772908000039, 23.694543785000064 ], [ 90.219116014000065, 23.694350516000043 ], [ 90.217145749000053, 23.694014569000046 ], [ 90.217145429000084, 23.693820369000036 ], [ 90.217381357000079, 23.693578416000037 ], [ 90.217380955000067, 23.693336794000061 ], [ 90.217143671000031, 23.69275678200006 ], [ 90.217010366000068, 23.691476597000076 ], [ 90.216773763000049, 23.691307565000045 ], [ 90.216248315000087, 23.691258624000056 ], [ 90.215983885000071, 23.690195402000029 ], [ 90.215720765000071, 23.689929306000067 ], [ 90.213908007000043, 23.689520839000068 ], [ 90.213461137000081, 23.689157890000047 ], [ 90.213408055000059, 23.688746984000034 ], [ 90.213486395000075, 23.688480412000047 ], [ 90.213800738000032, 23.688021574000061 ], [ 90.21432515500004, 23.687634703000072 ], [ 90.215024098000072, 23.687328885000056 ], [ 90.21416662200005, 23.687029739000025 ], [ 90.212065531000064, 23.686838427000055 ], [ 90.211750212000084, 23.686694339000042 ], [ 90.210856748000083, 23.686501358000044 ], [ 90.210173624000049, 23.686163562000047 ], [ 90.209122553000043, 23.685923363000029 ], [ 90.20681138100008, 23.685637421000024 ], [ 90.206391322000059, 23.685735082000065 ], [ 90.20560572800008, 23.687282967000044 ], [ 90.205186192000042, 23.687719346000051 ], [ 90.203927189000069, 23.688590396000052 ], [ 90.202509798000051, 23.689125180000076 ], [ 90.201879237000071, 23.689078580000057 ], [ 90.199831129000074, 23.689273182000022 ], [ 90.199358859000085, 23.689515411000059 ], [ 90.199044502000049, 23.690001320000079 ], [ 90.197047991000034, 23.689665150000053 ], [ 90.195156266000083, 23.689087200000074 ], [ 90.194945805000032, 23.688748743000076 ], [ 90.194840097000053, 23.688360473000046 ], [ 90.194262260000073, 23.688313778000065 ], [ 90.193947814000069, 23.68874999600007 ], [ 90.193264912000075, 23.688750852000055 ], [ 90.192844971000056, 23.688943317000053 ], [ 90.19237240700005, 23.688993584000059 ], [ 90.19200438200005, 23.688847260000045 ], [ 90.191584159000058, 23.68884778100005 ], [ 90.190270098000042, 23.688174213000025 ], [ 90.189114353000036, 23.688028848000044 ], [ 90.188794289000043, 23.688191828000072 ], [ 90.186275159000047, 23.685855429000071 ], [ 90.185276849000047, 23.685615001000031 ], [ 90.184698687000036, 23.685326649000046 ], [ 90.184277932000043, 23.684938745000068 ], [ 90.183752389000063, 23.68479484900007 ], [ 90.182596818000036, 23.684748795000075 ], [ 90.17986624100007, 23.684993613000074 ], [ 90.178447539000047, 23.684606851000069 ], [ 90.177974679000044, 23.684657074000029 ], [ 90.175979839000036, 23.685239700000068 ], [ 90.175560272000041, 23.685723422000024 ], [ 90.174500341000055, 23.688456989000031 ], [ 90.173726995000038, 23.689595970000028 ], [ 90.17141577700005, 23.68950144400003 ], [ 90.17052228600005, 23.689019185000063 ], [ 90.169944264000037, 23.688825620000046 ], [ 90.16931345900008, 23.688343069000041 ], [ 90.168682536000063, 23.688005031000046 ], [ 90.167105984000045, 23.687376714000038 ], [ 90.165688026000055, 23.687330815000053 ], [ 90.165162859000077, 23.687475898000059 ], [ 90.164008358000046, 23.688299096000037 ], [ 90.163380887000073, 23.690476622000062 ], [ 90.162751406000041, 23.691299253000068 ], [ 90.162279181000031, 23.691638472000022 ], [ 90.161492388000056, 23.692413843000054 ], [ 90.160118860000068, 23.693404342000065 ], [ 90.160390590000077, 23.693528258000072 ], [ 90.160653870000033, 23.694011231000047 ], [ 90.160602447000031, 23.695074875000046 ], [ 90.159973529000069, 23.696139118000076 ], [ 90.157848949000083, 23.698650109000027 ], [ 90.156404237000061, 23.698369305000028 ], [ 90.155248093000068, 23.697934646000078 ], [ 90.154302812000083, 23.697983012000066 ], [ 90.152884945000039, 23.698372822000067 ], [ 90.152412498000047, 23.698565231000032 ], [ 90.151730160000056, 23.699098825000078 ], [ 90.150574973000062, 23.699486098000023 ], [ 90.150575694000054, 23.700116122000054 ], [ 90.150470885000061, 23.700405265000029 ], [ 90.149998485000083, 23.700649605000024 ], [ 90.145586192000053, 23.70065382000007 ], [ 90.145744449000063, 23.70128143900007 ], [ 90.146165307000047, 23.701813965000042 ], [ 90.14621799400004, 23.702055539000071 ], [ 90.146060592000083, 23.702200210000058 ], [ 90.145640435000075, 23.702297705000035 ], [ 90.145377944000074, 23.702492154000026 ], [ 90.145168389000048, 23.702878494000061 ], [ 90.144591303000084, 23.703556481000078 ], [ 90.14385648700005, 23.704087832000027 ], [ 90.14270091800006, 23.704186002000029 ], [ 90.142175395000038, 23.704089385000032 ], [ 90.141807586000084, 23.703848098000037 ], [ 90.140966884000079, 23.703704345000062 ], [ 90.139863633000061, 23.703705346000049 ], [ 90.137815556000078, 23.704240109000068 ], [ 90.135451786000033, 23.704242195000063 ], [ 90.133981080000069, 23.70434057500006 ], [ 90.133297800000037, 23.704049863000023 ], [ 90.132246976000033, 23.70375946300004 ], [ 90.131826705000037, 23.703759822000052 ], [ 90.131248965000054, 23.703857413000037 ], [ 90.130093772000066, 23.704343891000065 ], [ 90.129463351000084, 23.704488943000058 ], [ 90.127782462000084, 23.704393239000069 ], [ 90.126784395000072, 23.70444148100006 ], [ 90.126627064000047, 23.704683231000047 ], [ 90.126155672000039, 23.706038510000042 ], [ 90.125158517000045, 23.707055489000027 ], [ 90.124845727000036, 23.709521646000042 ], [ 90.124583696000059, 23.710248981000063 ], [ 90.124058712000078, 23.710732649000079 ], [ 90.123638507000067, 23.710830087000033 ], [ 90.122325741000054, 23.711411475000034 ], [ 90.121590924000031, 23.712089501000037 ], [ 90.12127649200005, 23.712862036000047 ], [ 90.121224472000051, 23.713297899000054 ], [ 90.121224830000074, 23.713686300000063 ], [ 90.121540474000085, 23.714216719000035 ], [ 90.121541506000085, 23.715329987000075 ], [ 90.121121866000067, 23.716055182000048 ], [ 90.119756659000075, 23.717024992000063 ], [ 90.119441632000076, 23.717169758000068 ], [ 90.118811353000069, 23.717217664000032 ], [ 90.117822686000068, 23.71760230700005 ], [ 90.117932375000066, 23.717870943000037 ], [ 90.11772650000006, 23.71939986700005 ], [ 90.117260866000038, 23.72049768200003 ], [ 90.116846569000074, 23.72107156900006 ], [ 90.116535934000069, 23.72169053500005 ], [ 90.116847248000056, 23.721834821000073 ], [ 90.118247426000039, 23.722167962000071 ], [ 90.119751671000074, 23.722977481000044 ], [ 90.121048021000036, 23.723071317000063 ], [ 90.121410892000085, 23.723262976000058 ], [ 90.121411909000074, 23.724360435000051 ], [ 90.121258542000078, 23.726605155000073 ], [ 90.121725982000044, 23.727462884000033 ], [ 90.12302416700004, 23.72946709200005 ], [ 90.123698897000054, 23.730326906000073 ], [ 90.123908192000044, 23.732474237000076 ], [ 90.124064312000087, 23.732855739000058 ], [ 90.124323627000081, 23.733094895000079 ], [ 90.125101685000061, 23.733283951000033 ], [ 90.128938553000069, 23.733185958000035 ], [ 90.129457083000034, 23.733232944000065 ], [ 90.130079487000046, 23.73351920600004 ], [ 90.130391174000067, 23.733995415000038 ], [ 90.130599017000065, 23.734568808000063 ], [ 90.131015157000036, 23.735857858000031 ], [ 90.131223532000035, 23.736955139000031 ], [ 90.131431545000055, 23.737384009000039 ], [ 90.132105792000061, 23.73767022100003 ], [ 90.13480400900005, 23.739386338000031 ], [ 90.135271384000077, 23.740054343000054 ], [ 90.13553147500005, 23.741007049000075 ], [ 90.136519019000048, 23.743250775000035 ], [ 90.137090362000038, 23.744205466000039 ], [ 90.137973156000044, 23.745349557000054 ], [ 90.138751358000036, 23.745588225000063 ], [ 90.139373536000051, 23.745587662000048 ], [ 90.140306646000056, 23.745300035000071 ], [ 90.141550327000061, 23.744677913000032 ], [ 90.142172237000068, 23.744153451000045 ], [ 90.142638838000039, 23.74405592200003 ], [ 90.143001903000084, 23.744342371000073 ], [ 90.144403754000052, 23.745917252000027 ], [ 90.145338074000051, 23.746727048000025 ], [ 90.146064423000041, 23.746918306000055 ], [ 90.146582959000057, 23.746917816000064 ], [ 90.147308627000086, 23.746772605000046 ], [ 90.147775074000037, 23.746535053000059 ], [ 90.148344781000048, 23.745960940000032 ], [ 90.148810784000034, 23.745339505000061 ], [ 90.149380596000071, 23.744862486000045 ], [ 90.149743492000084, 23.744717614000024 ] ] ] } },
{ "type": "Feature", "properties": { "matched_key": "U_302672109", "navigation_parent_key": "A_302672", "admin_type": "union", "admin_label": "Union", "map_level": "union", "admin_rank": 3, "displayable": 1, "geometry_status": "EXACT/GEOMETRY", "location_label": "Amin Bazar Union" }, "geometry": { "type": "Polygon", "coordinates": [ [ [ 90.327205826000068, 23.791507472000035 ], [ 90.328276595000034, 23.791351644000031 ], [ 90.328626436000036, 23.791411870000047 ], [ 90.32894789900007, 23.791165051000064 ], [ 90.329178153000043, 23.791241339000067 ], [ 90.329672069000083, 23.791738789000078 ], [ 90.331185423000079, 23.791268833000061 ], [ 90.332010457000081, 23.79069193600003 ], [ 90.332507034000059, 23.790243159000056 ], [ 90.332224447000044, 23.790153175000057 ], [ 90.332151228000043, 23.789828166000063 ], [ 90.332166089000054, 23.789882328000033 ], [ 90.332433432000073, 23.789827559000059 ], [ 90.333709648000081, 23.78821025700006 ], [ 90.336207475000037, 23.785486074000062 ], [ 90.33553151600006, 23.784322361000022 ], [ 90.335376457000052, 23.784379152000042 ], [ 90.335150114000044, 23.783909957000049 ], [ 90.334916111000041, 23.783083996000073 ], [ 90.335036936000051, 23.782212636000054 ], [ 90.333001451000086, 23.782361829000024 ], [ 90.332967824000036, 23.781114876000061 ], [ 90.332225831000073, 23.780960219000065 ], [ 90.332125758000075, 23.781438918000049 ], [ 90.331673984000076, 23.781548605000069 ], [ 90.330839038000079, 23.781299417000071 ], [ 90.330176876000053, 23.781232476000071 ], [ 90.328635082000062, 23.780453245000047 ], [ 90.326933244000031, 23.782331056000032 ], [ 90.327844679000066, 23.782464128000072 ], [ 90.327784201000043, 23.783377264000023 ], [ 90.32754959600004, 23.784421952000059 ], [ 90.327085176000082, 23.784243316000072 ], [ 90.327127131000054, 23.784144647000062 ], [ 90.326815246000081, 23.784046726000042 ], [ 90.32659854700006, 23.784366828000032 ], [ 90.326991925000073, 23.784599007000054 ], [ 90.326791531000083, 23.784948948000078 ], [ 90.327561388000049, 23.785144479000053 ], [ 90.327576342000043, 23.785930113000063 ], [ 90.32784588100003, 23.785968377000074 ], [ 90.32776934900005, 23.786518206000039 ], [ 90.328035575000058, 23.786529590000043 ], [ 90.328311977000055, 23.786714217000053 ], [ 90.328446966000058, 23.786934840000072 ], [ 90.325830580000058, 23.789021041000069 ], [ 90.324906390000081, 23.789577223000038 ], [ 90.325171855000065, 23.787511195000036 ], [ 90.325062761000083, 23.787504256000034 ], [ 90.325039101000073, 23.787389593000057 ], [ 90.32521592300003, 23.785701428000039 ], [ 90.324138068000082, 23.785187837000024 ], [ 90.321806550000076, 23.782838409000078 ], [ 90.319388893000053, 23.780105172000049 ], [ 90.317333794000035, 23.782589914000027 ], [ 90.317293593000045, 23.783306615000072 ], [ 90.317135293000035, 23.783650214000033 ], [ 90.317116603000045, 23.784109202000025 ], [ 90.318063478000056, 23.784932899000069 ], [ 90.319252979000055, 23.784930444000054 ], [ 90.319610469000054, 23.785367778000023 ], [ 90.319792869000082, 23.786954852000065 ], [ 90.319912685000077, 23.787282029000039 ], [ 90.320210140000086, 23.787500450000039 ], [ 90.32056744700003, 23.787608098000078 ], [ 90.321282759000042, 23.787606607000043 ], [ 90.321460784000067, 23.788401094000051 ], [ 90.322237132000055, 23.789765632000069 ], [ 90.323456195000063, 23.789792439000053 ], [ 90.324092791000055, 23.789958202000037 ], [ 90.32400978000004, 23.790376125000023 ], [ 90.325142353000047, 23.790897624000024 ], [ 90.325213308000059, 23.791060912000034 ], [ 90.325770281000075, 23.790974769000059 ], [ 90.326021280000077, 23.791648905000045 ], [ 90.326403415000073, 23.791807544000051 ], [ 90.327205826000068, 23.791507472000035 ] ] ] } },
{ "type": "Feature", "properties": { "matched_key": "U_302672118", "navigation_parent_key": "A_302672", "admin_type": "union", "admin_label": "Union", "map_level": "union", "admin_rank": 3, "displayable": 1, "geometry_status": "EXACT/GEOMETRY", "location_label": "Ashulia Union" }, "geometry": { "type": "Polygon", "coordinates": [ [ [ 90.296435151000082, 23.930149004000043 ], [ 90.296457862000068, 23.929940405000025 ], [ 90.297485484000049, 23.929941076000034 ], [ 90.29764765200008, 23.929769796000073 ], [ 90.298300723000068, 23.929816080000023 ], [ 90.298620711000069, 23.928318939000064 ], [ 90.298156954000035, 23.928204441000048 ], [ 90.299217707000082, 23.924760407000065 ], [ 90.299797918000081, 23.924867169000038 ], [ 90.30055479300006, 23.922070414000075 ], [ 90.300806579000039, 23.921539272000075 ], [ 90.301419530000032, 23.921305490000066 ], [ 90.302031703000068, 23.920473317000074 ], [ 90.303290717000039, 23.918413734000069 ], [ 90.303468312000064, 23.917151119000039 ], [ 90.303972152000085, 23.916486251000038 ], [ 90.304007916000046, 23.916287468000064 ], [ 90.303826833000073, 23.916055244000063 ], [ 90.303466065000066, 23.916189185000064 ], [ 90.302858289000085, 23.916260383000065 ], [ 90.303124956000033, 23.916063405000045 ], [ 90.303480203000049, 23.915405604000057 ], [ 90.304252398000074, 23.91474697700005 ], [ 90.30555697300008, 23.912775349000071 ], [ 90.30662725500008, 23.912499990000072 ], [ 90.307102506000035, 23.912225814000067 ], [ 90.307518290000075, 23.911732724000046 ], [ 90.307694165000044, 23.910802044000036 ], [ 90.308524971000054, 23.90976166400003 ], [ 90.310071200000039, 23.909266292000041 ], [ 90.310486478000087, 23.908827390000056 ], [ 90.311555795000061, 23.908168125000032 ], [ 90.31209014600006, 23.907455747000029 ], [ 90.312625326000045, 23.907346274000076 ], [ 90.314350904000037, 23.907396950000077 ], [ 90.314707390000081, 23.907285577000039 ], [ 90.31494484500007, 23.906957668000075 ], [ 90.31565790500008, 23.90651813900007 ], [ 90.317144240000061, 23.905914433000078 ], [ 90.317737498000042, 23.905201913000042 ], [ 90.318034688000068, 23.905201300000044 ], [ 90.318332893000047, 23.905365521000078 ], [ 90.318571193000082, 23.905638256000032 ], [ 90.318868995000059, 23.905637640000066 ], [ 90.319106487000056, 23.905580694000037 ], [ 90.319403488000034, 23.905252657000062 ], [ 90.320010283000045, 23.905057200000044 ], [ 90.320147614000064, 23.905470144000049 ], [ 90.320922437000036, 23.905933692000076 ], [ 90.321428808000064, 23.906097472000056 ], [ 90.321637642000042, 23.906370265000078 ], [ 90.322322553000049, 23.906723348000071 ], [ 90.322858670000073, 23.906749321000063 ], [ 90.324406178000061, 23.907048645000032 ], [ 90.324704188000055, 23.907129309000027 ], [ 90.324787388000061, 23.907251068000051 ], [ 90.325756866000063, 23.907215145000066 ], [ 90.326044632000048, 23.906882599000028 ], [ 90.326622187000055, 23.906782018000058 ], [ 90.327344962000041, 23.907046935000039 ], [ 90.32810371100004, 23.907210157000065 ], [ 90.328465605000076, 23.907541320000064 ], [ 90.328574765000042, 23.907972381000036 ], [ 90.328755714000067, 23.908139093000045 ], [ 90.329116094000085, 23.907871868000029 ], [ 90.329982757000039, 23.907969365000042 ], [ 90.33041551000008, 23.907670371000052 ], [ 90.331065331000048, 23.907734457000061 ], [ 90.331389991000037, 23.90766827300007 ], [ 90.332111419000057, 23.907400265000035 ], [ 90.332400034000045, 23.907167059000074 ], [ 90.332543061000081, 23.906669974000067 ], [ 90.332542215000046, 23.906338038000058 ], [ 90.332249611000066, 23.905010923000077 ], [ 90.332248677000052, 23.90464511700003 ], [ 90.33235701600006, 23.904511657000057 ], [ 90.33282553500004, 23.90427806200006 ], [ 90.332861255000068, 23.904079275000072 ], [ 90.332462713000041, 23.903583361000074 ], [ 90.332389850000084, 23.903183838000075 ], [ 90.332497409000041, 23.902984895000031 ], [ 90.33296643400007, 23.902952268000035 ], [ 90.333697404000077, 23.902584878000027 ], [ 90.333976779000068, 23.902584270000034 ], [ 90.335205392000034, 23.903046759000063 ], [ 90.335386252000035, 23.903177333000031 ], [ 90.335567805000039, 23.903576617000056 ], [ 90.33578523500006, 23.903840335000041 ], [ 90.336219150000034, 23.904239069000027 ], [ 90.336328078000065, 23.904570765000074 ], [ 90.336473329000057, 23.904703674000075 ], [ 90.337015763000068, 23.905034423000075 ], [ 90.337954768000031, 23.90533042900006 ], [ 90.339063143000033, 23.906055091000042 ], [ 90.339603546000035, 23.905841639000073 ], [ 90.341264495000075, 23.905837962000078 ], [ 90.341849922000051, 23.905701175000047 ], [ 90.343117739000036, 23.904711575000078 ], [ 90.343889261000072, 23.904362111000069 ], [ 90.343847400000072, 23.902928326000051 ], [ 90.344715806000067, 23.900218954000024 ], [ 90.345411425000066, 23.899275777000071 ], [ 90.345952121000039, 23.898262945000056 ], [ 90.348681172000056, 23.895454513000061 ], [ 90.349066056000083, 23.894737832000033 ], [ 90.34893782100005, 23.894083280000075 ], [ 90.348399976000053, 23.892937394000057 ], [ 90.348219680000057, 23.892328124000073 ], [ 90.348038374000055, 23.89111143100007 ], [ 90.348564674000045, 23.888181515000042 ], [ 90.348797934000061, 23.887250660000063 ], [ 90.349373687000082, 23.885603213000024 ], [ 90.349522354000044, 23.884268353000039 ], [ 90.349852364000071, 23.883705343000031 ], [ 90.349978251000039, 23.883260214000074 ], [ 90.350113491000059, 23.881956996000042 ], [ 90.350182820000043, 23.881941030000064 ], [ 90.349876932000086, 23.88074042900007 ], [ 90.349693324000043, 23.879580194000027 ], [ 90.349378439000077, 23.875938627000039 ], [ 90.34968342500008, 23.875895029000048 ], [ 90.350188372000048, 23.875561945000072 ], [ 90.350258595000071, 23.874965652000071 ], [ 90.350149658000078, 23.87463396000004 ], [ 90.349317030000066, 23.873872623000068 ], [ 90.348847402000047, 23.873641103000068 ], [ 90.34787291400005, 23.873543956000049 ], [ 90.347763995000037, 23.873444845000051 ], [ 90.347977676000085, 23.872315322000077 ], [ 90.347470333000047, 23.87151936500004 ], [ 90.34674648400005, 23.870791635000046 ], [ 90.346096398000043, 23.870560517000058 ], [ 90.345519016000083, 23.870661166000048 ], [ 90.344366188000038, 23.871594080000023 ], [ 90.343720216000065, 23.872921020000035 ], [ 90.34365023600003, 23.873851504000072 ], [ 90.343832380000038, 23.87448110400004 ], [ 90.344231316000048, 23.875144087000024 ], [ 90.344412239000064, 23.875310779000074 ], [ 90.344557816000076, 23.875807233000046 ], [ 90.34490955800004, 23.876032252000073 ], [ 90.344812235000063, 23.87637118300006 ], [ 90.344632194000042, 23.87653868600006 ], [ 90.343909995000047, 23.876440944000024 ], [ 90.343585332000032, 23.876473283000053 ], [ 90.343116318000057, 23.876706910000053 ], [ 90.342286427000033, 23.876742630000024 ], [ 90.340877904000081, 23.876413817000071 ], [ 90.340445023000086, 23.87638090400003 ], [ 90.34011905300008, 23.876149043000055 ], [ 90.33997323300008, 23.875553229000047 ], [ 90.338671658000067, 23.874560282000061 ], [ 90.338274222000052, 23.874461803000031 ], [ 90.337443722000046, 23.874495239000055 ], [ 90.337227296000037, 23.874364746000026 ], [ 90.337009047000038, 23.873766830000022 ], [ 90.337076663000062, 23.872140864000073 ], [ 90.336439767000059, 23.872259677000045 ], [ 90.335365377000073, 23.872216860000037 ], [ 90.335071714000037, 23.872127176000049 ], [ 90.334689482000044, 23.871730585000023 ], [ 90.334431840000036, 23.872042760000056 ], [ 90.333659974000057, 23.872672181000041 ], [ 90.332621071000062, 23.873304436000069 ], [ 90.330095567000058, 23.874513429000046 ], [ 90.329859253000052, 23.875252330000023 ], [ 90.32977321900006, 23.876428977000046 ], [ 90.329626179000059, 23.877029940000057 ], [ 90.329091553000069, 23.877304312000035 ], [ 90.328674861000081, 23.877361654000026 ], [ 90.325463033000062, 23.877641707000066 ], [ 90.324719394000056, 23.877559728000051 ], [ 90.324481476000074, 23.877670875000035 ], [ 90.32421491100007, 23.878109507000033 ], [ 90.323918329000037, 23.878329164000036 ], [ 90.323353604000033, 23.87860358000006 ], [ 90.323057152000047, 23.878877431000035 ], [ 90.322344270000031, 23.879316996000057 ], [ 90.321631041000046, 23.879618811000057 ], [ 90.320321788000058, 23.879456701000038 ], [ 90.319547463000049, 23.879130889000066 ], [ 90.318504475000054, 23.878394657000058 ], [ 90.31814779900003, 23.878395394000052 ], [ 90.317077755000071, 23.878643732000057 ], [ 90.316482934000078, 23.878918187000068 ], [ 90.316125988000067, 23.87880827400005 ], [ 90.314995662000058, 23.878756398000064 ], [ 90.31243588600006, 23.878077414000074 ], [ 90.311006587000065, 23.877506756000059 ], [ 90.310382124000057, 23.877453822000064 ], [ 90.309192756000073, 23.877867188000039 ], [ 90.30874725700005, 23.877949372000046 ], [ 90.308181792000084, 23.877923409000061 ], [ 90.306960297000046, 23.877214553000044 ], [ 90.306573960000037, 23.877131773000031 ], [ 90.304343196000048, 23.877192652000076 ], [ 90.303510454000048, 23.877329782000061 ], [ 90.302797387000055, 23.87771506100006 ], [ 90.302535307000085, 23.878004610000062 ], [ 90.301637563000043, 23.877909273000057 ], [ 90.301459719000036, 23.877990915000055 ], [ 90.301281708000033, 23.878264491000039 ], [ 90.299853963000032, 23.878348569000025 ], [ 90.299645599000087, 23.878240590000075 ], [ 90.299585609000076, 23.878048767000053 ], [ 90.299583910000081, 23.877310377000072 ], [ 90.299879762000046, 23.876490114000035 ], [ 90.300354393000077, 23.875996927000074 ], [ 90.300471652000056, 23.875201850000053 ], [ 90.30094678200004, 23.874927693000075 ], [ 90.30127208600004, 23.874107371000036 ], [ 90.301835440000048, 23.873230128000046 ], [ 90.302545080000073, 23.871643560000052 ], [ 90.302543875000083, 23.871124199000064 ], [ 90.302454354000076, 23.870905342000071 ], [ 90.302226960000041, 23.870526429000051 ], [ 90.300222174000055, 23.870306801000027 ], [ 90.29930033800008, 23.870389888000034 ], [ 90.298528125000075, 23.870940102000077 ], [ 90.298171719000038, 23.871049181000046 ], [ 90.297695971000053, 23.871050103000073 ], [ 90.297338330000059, 23.870888210000032 ], [ 90.295942284000034, 23.870841222000024 ], [ 90.296330154000032, 23.872147910000024 ], [ 90.296302876000084, 23.87337862000004 ], [ 90.295709889000079, 23.874199447000024 ], [ 90.295235246000061, 23.874692622000055 ], [ 90.294909290000078, 23.875241962000075 ], [ 90.294731764000062, 23.875734566000062 ], [ 90.293517081000061, 23.877733038000031 ], [ 90.292952478000075, 23.878088632000072 ], [ 90.292448099000069, 23.878746695000075 ], [ 90.292181911000057, 23.879404303000058 ], [ 90.291681572000073, 23.881593338000073 ], [ 90.291447291000054, 23.883343800000034 ], [ 90.290616968000052, 23.887886382000033 ], [ 90.289910255000052, 23.887860617000058 ], [ 90.289731843000084, 23.887696113000061 ], [ 90.289404671000057, 23.887723827000059 ], [ 90.287112776000072, 23.887156824000044 ], [ 90.286667519000048, 23.887647658000049 ], [ 90.286610015000065, 23.88857809700005 ], [ 90.285955841000032, 23.88871479900007 ], [ 90.285661695000044, 23.890083743000048 ], [ 90.285572294000076, 23.890192300000024 ], [ 90.285007518000043, 23.890222702000074 ], [ 90.284889126000053, 23.890550343000029 ], [ 90.284026990000086, 23.890770971000052 ], [ 90.283878036000033, 23.890879634000044 ], [ 90.283908773000064, 23.891179902000033 ], [ 90.284713518000046, 23.891946166000025 ], [ 90.284864675000051, 23.89312234700003 ], [ 90.284806227000047, 23.893628266000064 ], [ 90.284657853000056, 23.89372338000004 ], [ 90.284494418000065, 23.893669488000057 ], [ 90.284389025000053, 23.893204517000072 ], [ 90.284180291000041, 23.892931675000057 ], [ 90.28394207000008, 23.892932115000065 ], [ 90.283764373000054, 23.893095026000026 ], [ 90.283433511000055, 23.893127247000052 ], [ 90.283460340000033, 23.89332365100006 ], [ 90.283105287000069, 23.894089797000049 ], [ 90.282958612000073, 23.89496620400007 ], [ 90.283229524000035, 23.896442491000073 ], [ 90.28314024000008, 23.896607496000058 ], [ 90.282426844000042, 23.896635906000029 ], [ 90.282308029000035, 23.896773866000046 ], [ 90.282219274000056, 23.897182742000041 ], [ 90.281863319000081, 23.89754017100006 ], [ 90.282015225000066, 23.899070874000074 ], [ 90.282194490000052, 23.899343772000066 ], [ 90.282195502000036, 23.899808938000035 ], [ 90.281900143000087, 23.900931745000037 ], [ 90.281692944000042, 23.901370193000048 ], [ 90.281069259000049, 23.901725854000063 ], [ 90.280861442000059, 23.902164301000028 ], [ 90.280594029000042, 23.902302535000047 ], [ 90.279731808000065, 23.90252313700006 ], [ 90.279553950000036, 23.902905076000025 ], [ 90.27970404000007, 23.903315772000042 ], [ 90.280388945000084, 23.903725498000028 ], [ 90.280864690000044, 23.903668175000064 ], [ 90.281073874000072, 23.903859732000058 ], [ 90.28116349700008, 23.904132796000056 ], [ 90.281104294000045, 23.904297744000075 ], [ 90.280955934000076, 23.904406403000053 ], [ 90.281315527000061, 23.905719951000037 ], [ 90.281078253000032, 23.905885223000041 ], [ 90.280989014000056, 23.906075066000028 ], [ 90.280871312000045, 23.90673238200003 ], [ 90.280336170000055, 23.906871102000025 ], [ 90.278402973000084, 23.90706429100004 ], [ 90.277598963000059, 23.906957359000046 ], [ 90.277539871000045, 23.907176499000059 ], [ 90.27716341200005, 23.907654747000038 ], [ 90.27911163300007, 23.907850191000023 ], [ 90.280676991000064, 23.910476152000058 ], [ 90.27886604300005, 23.914542151000035 ], [ 90.278190545000086, 23.918472884000039 ], [ 90.280184160000033, 23.918957330000069 ], [ 90.280181335000066, 23.919362639000042 ], [ 90.282299204000083, 23.920133723000049 ], [ 90.282448829000032, 23.920598613000038 ], [ 90.283847377000086, 23.920704425000054 ], [ 90.284325121000052, 23.921252253000034 ], [ 90.284534137000037, 23.921633482000061 ], [ 90.284823820000042, 23.921871030000034 ], [ 90.284693581000056, 23.923776152000073 ], [ 90.284226975000081, 23.924087751000059 ], [ 90.284172160000082, 23.925475341000038 ], [ 90.285383204000084, 23.925644385000055 ], [ 90.285711020000065, 23.92562183800004 ], [ 90.285766479000074, 23.926074135000079 ], [ 90.286930804000065, 23.925956984000038 ], [ 90.289804260000039, 23.926239141000053 ], [ 90.29088758100005, 23.926237094000044 ], [ 90.291408904000036, 23.926173047000077 ], [ 90.291414534000069, 23.925962780000077 ], [ 90.292190986000037, 23.926322921000065 ], [ 90.292941986000073, 23.926558321000073 ], [ 90.294079286000056, 23.926891720000071 ], [ 90.295046423000031, 23.927027684000052 ], [ 90.294940287000031, 23.930047111000079 ], [ 90.295879039000056, 23.929972660000033 ], [ 90.295897939000042, 23.930105058000038 ], [ 90.296435151000082, 23.930149004000043 ] ] ] } },
{ "type": "Feature", "properties": { "matched_key": "U_302672144", "navigation_parent_key": "A_302672", "admin_type": "union", "admin_label": "Union", "map_level": "union", "admin_rank": 3, "displayable": 1, "geometry_status": "EXACT/GEOMETRY", "location_label": "Bangaon Union" }, "geometry": { "type": "Polygon", "coordinates": [ [ [ 90.290444406000063, 23.839972246000059 ], [ 90.290115470000046, 23.838048964000052 ], [ 90.290106457000036, 23.833997948000047 ], [ 90.290354107000041, 23.831940351000071 ], [ 90.290370777000078, 23.831159016000072 ], [ 90.29031334900003, 23.830998802000067 ], [ 90.289776939000035, 23.830699483000046 ], [ 90.289121244000057, 23.830016507000039 ], [ 90.288882536000074, 23.829468236000025 ], [ 90.288881750000087, 23.829113716000052 ], [ 90.28896988300005, 23.828729674000044 ], [ 90.289918888000045, 23.827470128000073 ], [ 90.290215413000055, 23.827250535000076 ], [ 90.290869087000033, 23.827030268000044 ], [ 90.291136642000083, 23.827029762000052 ], [ 90.291404508000085, 23.827167 ], [ 90.291642300000035, 23.827028806000044 ], [ 90.291671144000077, 23.826755521000052 ], [ 90.29116476300004, 23.826155823000079 ], [ 90.291193607000082, 23.82588253800003 ], [ 90.291400779000071, 23.825498267000057 ], [ 90.291609362000031, 23.825470774000053 ], [ 90.291787502000034, 23.825551731000076 ], [ 90.29205591200008, 23.825935100000038 ], [ 90.292562360000034, 23.826288663000071 ], [ 90.292711478000058, 23.826561610000056 ], [ 90.292980200000045, 23.826807233000068 ], [ 90.293217564000031, 23.826752588000033 ], [ 90.293276473000049, 23.826479244000041 ], [ 90.29315576700003, 23.825741075000053 ], [ 90.292947124000079, 23.825468240000077 ], [ 90.291876244000036, 23.825169946000074 ], [ 90.291697054000053, 23.824894795000034 ], [ 90.291666375000034, 23.824621623000041 ], [ 90.291725657000086, 23.824513121000052 ], [ 90.292142322000075, 23.82451233200004 ], [ 90.292558747000044, 23.824676382000064 ], [ 90.293243026000084, 23.824702183000056 ], [ 90.293600354000034, 23.825056022000069 ], [ 90.293927862000032, 23.825247340000033 ], [ 90.294403503000069, 23.825273528000025 ], [ 90.294641478000074, 23.825218879000033 ], [ 90.295055552000065, 23.824341943000036 ], [ 90.294966017000036, 23.824095981000028 ], [ 90.294543094000062, 23.823771624000074 ], [ 90.295618430000047, 23.823329237000053 ], [ 90.297461689000045, 23.823271494000039 ], [ 90.29764050600005, 23.823379540000076 ], [ 90.297051119000059, 23.825679424000043 ], [ 90.29699283900004, 23.826225996000062 ], [ 90.297052609000048, 23.826334272000054 ], [ 90.297885472000075, 23.82638911500004 ], [ 90.298306532000083, 23.828576406000025 ], [ 90.298545510000054, 23.828957561000038 ], [ 90.298664691000056, 23.829013782000061 ], [ 90.30037212600007, 23.828567877000069 ], [ 90.300777413000048, 23.829748073000076 ], [ 90.301519623000047, 23.829335649000029 ], [ 90.302350976000071, 23.828731109000046 ], [ 90.303064607000067, 23.828702609000061 ], [ 90.304015198000059, 23.828181376000032 ], [ 90.304371036000077, 23.82788034400005 ], [ 90.304788375000044, 23.828425981000066 ], [ 90.305354846000057, 23.828973580000024 ], [ 90.305981673000076, 23.829873318000068 ], [ 90.307738971000049, 23.831319520000022 ], [ 90.30842283800007, 23.831155569000032 ], [ 90.309048147000055, 23.831400451000036 ], [ 90.309226113000079, 23.831400095000049 ], [ 90.310561292000045, 23.830029 ], [ 90.311363847000052, 23.829973189000043 ], [ 90.311987842000065, 23.829669341000056 ], [ 90.312582491000057, 23.829668137000056 ], [ 90.312938515000042, 23.829450638000026 ], [ 90.313085575000059, 23.828847426000038 ], [ 90.313441287000046, 23.82824604800004 ], [ 90.313500020000049, 23.827916246000029 ], [ 90.313618677000079, 23.827753422000058 ], [ 90.314331112000048, 23.827230352000072 ], [ 90.314478895000036, 23.826929721000056 ], [ 90.31471646500006, 23.826710200000036 ], [ 90.315339365000057, 23.826216662000036 ], [ 90.315814549000038, 23.826050849000069 ], [ 90.315992597000047, 23.825833705000036 ], [ 90.31631748500007, 23.824929800000064 ], [ 90.316316757000038, 23.824629474000062 ], [ 90.316553723000084, 23.824163817000056 ], [ 90.316821071000049, 23.824079721000032 ], [ 90.317088684000055, 23.824106268000037 ], [ 90.318130495000048, 23.82454219300007 ], [ 90.318487090000076, 23.824568555000042 ], [ 90.319170037000049, 23.824047778000079 ], [ 90.320387600000061, 23.823333953000031 ], [ 90.320654138000066, 23.822922425000058 ], [ 90.320593811000037, 23.822595125000078 ], [ 90.319760774000031, 23.822461365000038 ], [ 90.319610460000035, 23.821721022000077 ], [ 90.319252258000063, 23.821285953000029 ], [ 90.318508412000085, 23.820984904000056 ], [ 90.318448426000032, 23.820795347000058 ], [ 90.318685312000071, 23.820302593000065 ], [ 90.318652770000085, 23.81928877100006 ], [ 90.318563332000053, 23.819099275000042 ], [ 90.31841408300005, 23.819043132000047 ], [ 90.317968662000055, 23.819071146000056 ], [ 90.317818886000055, 23.818798226000069 ], [ 90.317817555000033, 23.818251769000028 ], [ 90.318025850000083, 23.818113596000046 ], [ 90.319571482000072, 23.818083303000037 ], [ 90.31968945400007, 23.817644990000076 ], [ 90.320193798000048, 23.817124577000072 ], [ 90.322362185000031, 23.816327466000075 ], [ 90.32262924500003, 23.816134971000054 ], [ 90.322807129000068, 23.815861366000036 ], [ 90.322835499000064, 23.815423234000036 ], [ 90.322567357000082, 23.815177662000053 ], [ 90.322062229000039, 23.815124522000076 ], [ 90.321526688000063, 23.815179836000027 ], [ 90.319388115000038, 23.815868485000067 ], [ 90.318317971000056, 23.816116829000066 ], [ 90.317010956000047, 23.816611789000035 ], [ 90.316237808000039, 23.816613377000067 ], [ 90.315791387000047, 23.816478804000042 ], [ 90.315433952000035, 23.816095658000052 ], [ 90.31534438400007, 23.81584970800003 ], [ 90.315373176000037, 23.815576419000024 ], [ 90.315550810000047, 23.815192178000075 ], [ 90.316410137000048, 23.814041044000078 ], [ 90.317179681000084, 23.812562662000062 ], [ 90.317947944000082, 23.810564919000058 ], [ 90.318182801000034, 23.809498607000023 ], [ 90.318179336000071, 23.808076011000026 ], [ 90.317970870000067, 23.807884500000057 ], [ 90.316186893000065, 23.807750425000052 ], [ 90.315353751000032, 23.807533094000064 ], [ 90.315143113000033, 23.806440599000041 ], [ 90.314814897000076, 23.805949001000045 ], [ 90.313625885000079, 23.805978523000078 ], [ 90.313329488000079, 23.806471391000059 ], [ 90.313151136000045, 23.806553046000033 ], [ 90.312615915000038, 23.806472839000037 ], [ 90.31207984200006, 23.806035851000047 ], [ 90.311543386000039, 23.805436278000059 ], [ 90.311186160000034, 23.805380547000027 ], [ 90.310622337000041, 23.805654915000048 ], [ 90.310266092000063, 23.806012414000065 ], [ 90.309523329000058, 23.806122294000033 ], [ 90.309260603000041, 23.805553778000046 ], [ 90.309491577000074, 23.805411052000068 ], [ 90.309669346000078, 23.805083269000079 ], [ 90.309606852000059, 23.803825631000052 ], [ 90.308710612000084, 23.802077393000047 ], [ 90.308053738000069, 23.800875135000069 ], [ 90.306205413000043, 23.798634253000046 ], [ 90.304834676000041, 23.797270813000068 ], [ 90.304773630000057, 23.796613820000061 ], [ 90.304891886000064, 23.796283905000053 ], [ 90.305188422000072, 23.795847503000061 ], [ 90.305601055000068, 23.794424076000041 ], [ 90.305599007000069, 23.793547932000024 ], [ 90.305179989000067, 23.792236800000069 ], [ 90.305219608000073, 23.792126074000066 ], [ 90.301641828000072, 23.792187303000048 ], [ 90.301404154000068, 23.792079376000061 ], [ 90.301255182000034, 23.791860630000031 ], [ 90.300065865000079, 23.791971338000053 ], [ 90.299827376000053, 23.791506629000025 ], [ 90.299113821000049, 23.791480916000069 ], [ 90.298341759000039, 23.791893388000062 ], [ 90.298044277000031, 23.79192106000005 ], [ 90.297597644000064, 23.791648689000056 ], [ 90.297330160000058, 23.791649207000034 ], [ 90.296885322000037, 23.791896195000049 ], [ 90.29623282700004, 23.792554561000031 ], [ 90.296113808000086, 23.792554789000064 ], [ 90.293999621000069, 23.791163316000052 ], [ 90.293167606000054, 23.79111070600004 ], [ 90.292900797000073, 23.79141154000007 ], [ 90.292514786000083, 23.791631307000046 ], [ 90.29129589300004, 23.791687809000052 ], [ 90.291088897000066, 23.792126274000054 ], [ 90.290643370000055, 23.792346151000061 ], [ 90.290316982000036, 23.792619996000042 ], [ 90.289930659000049, 23.792702017000067 ], [ 90.289871576000053, 23.792894064000052 ], [ 90.289495773000056, 23.793294456000069 ], [ 90.288980516000038, 23.793333809000046 ], [ 90.288950039000042, 23.792868696000028 ], [ 90.289156867000031, 23.792348942000046 ], [ 90.289008219000038, 23.792267928000058 ], [ 90.288503302000038, 23.792542105000052 ], [ 90.288265264000074, 23.792542550000064 ], [ 90.287969477000047, 23.793062470000052 ], [ 90.28785178000004, 23.793663345000027 ], [ 90.287703496000063, 23.793747172000053 ], [ 90.287584231000039, 23.793636746000061 ], [ 90.287583874000063, 23.793474162000052 ], [ 90.287315781000075, 23.793199172000072 ], [ 90.28707750500007, 23.793091227000048 ], [ 90.286840199000039, 23.793145863000063 ], [ 90.286721599000032, 23.793338023000047 ], [ 90.286751648000063, 23.793611198000065 ], [ 90.286900419000062, 23.793748668000035 ], [ 90.286901855000053, 23.794403517000035 ], [ 90.286665331000052, 23.794814933000055 ], [ 90.285241592000034, 23.796321477000049 ], [ 90.285301225000069, 23.796377817000064 ], [ 90.285302241000068, 23.796842987000048 ], [ 90.285094437000055, 23.796924663000027 ], [ 90.285035161000053, 23.797033162000048 ], [ 90.285097540000038, 23.798347268000043 ], [ 90.285246552000046, 23.798593127000061 ], [ 90.286467249000054, 23.799329268000065 ], [ 90.286925289000067, 23.799766490000025 ], [ 90.28685473400003, 23.79976662100006 ], [ 90.286440363000054, 23.800779025000054 ], [ 90.286292189000051, 23.800917045000062 ], [ 90.285578645000044, 23.800918369000044 ], [ 90.285340889000054, 23.801054295000029 ], [ 90.284035740000036, 23.802398021000045 ], [ 90.283798298000079, 23.802398458000027 ], [ 90.283678853000083, 23.802206737000063 ], [ 90.283588088000045, 23.801660440000035 ], [ 90.28323126500004, 23.801496256000064 ], [ 90.282636861000071, 23.801551541000038 ], [ 90.282429643000057, 23.80190870000007 ], [ 90.280705032000071, 23.801938945000074 ], [ 90.27969511200007, 23.802214010000057 ], [ 90.279487411000048, 23.802349874000072 ], [ 90.278119882000055, 23.802381700000069 ], [ 90.277970381000046, 23.802190031000066 ], [ 90.27796980100004, 23.801916800000072 ], [ 90.277791228000069, 23.801614536000045 ], [ 90.277166299000044, 23.80145307600003 ], [ 90.277106379000031, 23.801261242000066 ], [ 90.277370511000072, 23.799673313000028 ], [ 90.277369759000067, 23.799318790000029 ], [ 90.277280503000043, 23.799181207000061 ], [ 90.275852335000081, 23.798664400000064 ], [ 90.275376678000043, 23.798583958000052 ], [ 90.274632393000047, 23.798255600000061 ], [ 90.273265016000039, 23.798341576000041 ], [ 90.27302792200004, 23.798504583000067 ], [ 90.272938861000057, 23.798750874000064 ], [ 90.272642144000031, 23.798862046000067 ], [ 90.270626422000078, 23.79873010700004 ], [ 90.270709642000043, 23.798919642000044 ], [ 90.270741743000031, 23.799904125000069 ], [ 90.270682970000053, 23.800261008000064 ], [ 90.270178548000047, 23.800808356000061 ], [ 90.269703508000077, 23.801028224000049 ], [ 90.269614383000032, 23.801247416000024 ], [ 90.269498002000034, 23.802232158000038 ], [ 90.268935684000041, 23.803572201000065 ], [ 90.268163679000054, 23.80409516900005 ], [ 90.267390770000077, 23.804177802000027 ], [ 90.267453196000076, 23.805600305000041 ], [ 90.267691819000049, 23.805873123000026 ], [ 90.268227404000072, 23.806145423000032 ], [ 90.26894143100003, 23.806363218000058 ], [ 90.270788777000064, 23.808385512000029 ], [ 90.271069712000042, 23.808935997000049 ], [ 90.269586811000067, 23.809290861000022 ], [ 90.269009298000071, 23.80952445500003 ], [ 90.266737409000086, 23.810824556000057 ], [ 90.266521623000074, 23.811222357000076 ], [ 90.266307469000083, 23.812419523000074 ], [ 90.266308958000081, 23.813148894000051 ], [ 90.26658780200006, 23.814265285000033 ], [ 90.267589429000054, 23.813954780000074 ], [ 90.267644853000036, 23.813792399000079 ], [ 90.267572453000071, 23.813196384000037 ], [ 90.26773114100007, 23.812443858000051 ], [ 90.271591474000047, 23.811746071000073 ], [ 90.271415887000046, 23.812641733000078 ], [ 90.271287666000035, 23.812814028000048 ], [ 90.268901208000045, 23.813796855000078 ], [ 90.267150038000068, 23.814878917000044 ], [ 90.266586921000055, 23.815376783000033 ], [ 90.266639963000046, 23.816289352000069 ], [ 90.266785557000048, 23.816670721000037 ], [ 90.266786234000051, 23.81700266200005 ], [ 90.266621678000035, 23.81751072000003 ], [ 90.271546319000038, 23.820333794000078 ], [ 90.271474325000042, 23.820532634000074 ], [ 90.271511083000064, 23.820799027000078 ], [ 90.271873004000042, 23.821329043000048 ], [ 90.271982451000042, 23.821728536000023 ], [ 90.271766527000068, 23.822060856000064 ], [ 90.271586326000033, 23.822160533000044 ], [ 90.27151432900007, 23.82235937300004 ], [ 90.271623151000085, 23.822458538000035 ], [ 90.272091622000062, 23.822290613000064 ], [ 90.272849468000061, 23.82228927400007 ], [ 90.273355121000066, 23.822588705000044 ], [ 90.273500230000082, 23.823019746000057 ], [ 90.27296115200005, 23.824050398000054 ], [ 90.272745992000068, 23.824748533000047 ], [ 90.272314684000037, 23.825379310000073 ], [ 90.272419914000068, 23.82610849100007 ], [ 90.272568840000076, 23.826309200000026 ], [ 90.272569669000063, 23.826706624000053 ], [ 90.272066082000038, 23.827405269000053 ], [ 90.270881985000074, 23.830494182000052 ], [ 90.270810395000069, 23.830891736000069 ], [ 90.270522932000063, 23.831357408000031 ], [ 90.269801928000049, 23.831690613000035 ], [ 90.26987224100003, 23.832453730000054 ], [ 90.269947928000079, 23.83255295400005 ], [ 90.270236494000073, 23.832319865000045 ], [ 90.270452375000048, 23.832254 ], [ 90.270561133000058, 23.832319294000058 ], [ 90.270633489000033, 23.832585623000057 ], [ 90.270491337000067, 23.833581699000035 ], [ 90.270491706000087, 23.834351709000032 ], [ 90.270565898000086, 23.834319966000066 ], [ 90.270774947000064, 23.834509280000077 ], [ 90.270823368000038, 23.83477565000004 ], [ 90.270507216000055, 23.83532040800003 ], [ 90.270591978000084, 23.836241566000069 ], [ 90.270390896000038, 23.837233226000023 ], [ 90.270694289000062, 23.837043011000048 ], [ 90.27098871700008, 23.836674425000069 ], [ 90.271123470000077, 23.836251923000077 ], [ 90.271598065000035, 23.835758819000034 ], [ 90.272163398000032, 23.835812019000059 ], [ 90.272579319000045, 23.835729991000051 ], [ 90.272638503000053, 23.835565046000056 ], [ 90.272459520000041, 23.835375683000052 ], [ 90.271596415000033, 23.834966229000031 ], [ 90.271535748000076, 23.834419874000048 ], [ 90.271623936000083, 23.83403584000007 ], [ 90.271742934000031, 23.834008535000066 ], [ 90.272308604000045, 23.834226572000034 ], [ 90.272546660000046, 23.834199055000056 ], [ 90.272575430000074, 23.833869320000076 ], [ 90.272039319000044, 23.83340510000005 ], [ 90.27197927900005, 23.833159071000068 ], [ 90.272097195000072, 23.832612403000041 ], [ 90.272006, 23.831847068000059 ], [ 90.272124309000048, 23.831490076000023 ], [ 90.272123170000043, 23.830943618000049 ], [ 90.272181957000043, 23.83058899200006 ], [ 90.272360363000075, 23.830505127000038 ], [ 90.273162882000065, 23.830422414000054 ], [ 90.274443743000063, 23.831350479000037 ], [ 90.275367800000083, 23.832441753000069 ], [ 90.275725975000057, 23.833208868000042 ], [ 90.275786658000072, 23.833755219000068 ], [ 90.275520418000042, 23.834385707000024 ], [ 90.275580349000052, 23.834575280000024 ], [ 90.275848096000061, 23.834658352000076 ], [ 90.276322899000036, 23.834273623000058 ], [ 90.276679897000065, 23.834191692000047 ], [ 90.277484066000056, 23.834874451000076 ], [ 90.278437136000036, 23.835446291000039 ], [ 90.279510238000057, 23.836756305000051 ], [ 90.279986746000077, 23.837166414000023 ], [ 90.281893187000037, 23.838420704000043 ], [ 90.282369883000058, 23.838912096000058 ], [ 90.282516194000038, 23.838971394000055 ], [ 90.282572388000062, 23.838909299000022 ], [ 90.283283680000068, 23.839217819000055 ], [ 90.28530827700007, 23.840309263000051 ], [ 90.286885884000071, 23.841017635000071 ], [ 90.287898016000042, 23.841616404000035 ], [ 90.28861353700006, 23.842407656000034 ], [ 90.289464744000043, 23.842941231000054 ], [ 90.289908273000037, 23.842296839000028 ], [ 90.290338073000044, 23.841002139000068 ], [ 90.290445521000038, 23.840471284000046 ], [ 90.290444406000063, 23.839972246000059 ] ] ] } },
{ "type": "Feature", "properties": { "matched_key": "U_302672153", "navigation_parent_key": "A_302672", "admin_type": "union", "admin_label": "Union", "map_level": "union", "admin_rank": 3, "displayable": 1, "geometry_status": "EXACT/GEOMETRY", "location_label": "Bhakurta Union" }, "geometry": { "type": "Polygon", "coordinates": [ [ [ 90.271491723000054, 23.788797396000064 ], [ 90.272086131000037, 23.788769252000066 ], [ 90.272680936000086, 23.788933043000043 ], [ 90.27276966200003, 23.788822241000048 ], [ 90.273036970000078, 23.788740475000054 ], [ 90.273512646000086, 23.788848022000025 ], [ 90.274344107000047, 23.788354278000043 ], [ 90.274699600000076, 23.787615241000026 ], [ 90.274491, 23.787315283000055 ], [ 90.274875092000059, 23.786465547000034 ], [ 90.274845183000082, 23.786246563000077 ], [ 90.274488360000078, 23.786057517000074 ], [ 90.274279203000049, 23.785782398000038 ], [ 90.273774494000065, 23.785866844000054 ], [ 90.273685268000065, 23.78602958700003 ], [ 90.273685902000068, 23.786332174000052 ], [ 90.273239966000062, 23.786360061000039 ], [ 90.273091219000037, 23.786222579000025 ], [ 90.27291178300004, 23.785784822000039 ], [ 90.272554677000073, 23.785458024000036 ], [ 90.272342609000077, 23.783489320000058 ], [ 90.271836835000045, 23.783352467000043 ], [ 90.27168701800008, 23.782697876000043 ], [ 90.270496453000078, 23.782178342000066 ], [ 90.27046587500007, 23.781631932000039 ], [ 90.270524928000043, 23.781412789000058 ], [ 90.270910945000082, 23.781193075000033 ], [ 90.270909926000058, 23.780700808000063 ], [ 90.270700778000048, 23.780127611000069 ], [ 90.270729997000046, 23.780016913000054 ], [ 90.270997345000069, 23.779962248000061 ], [ 90.271384210000065, 23.780153509000058 ], [ 90.271591941000054, 23.780044754000073 ], [ 90.271888717000081, 23.77968744900005 ], [ 90.273463114000037, 23.779246593000039 ], [ 90.273670555000081, 23.779000091000057 ], [ 90.273650347000057, 23.778724636000049 ], [ 90.274293997000086, 23.778506716000038 ], [ 90.274442104000059, 23.778341610000041 ], [ 90.274560308000048, 23.777959777000035 ], [ 90.275213303000044, 23.777520538000033 ], [ 90.275598669000033, 23.777000483000052 ], [ 90.276608057000033, 23.776560603000064 ], [ 90.276546934000066, 23.775795212000048 ], [ 90.276931535000074, 23.774918368000044 ], [ 90.277347814000052, 23.774809233000042 ], [ 90.278000727000062, 23.774342888000035 ], [ 90.278950411000039, 23.773821806000058 ], [ 90.279485624000074, 23.773683094000035 ], [ 90.280080018000035, 23.773682018000045 ], [ 90.280436704000067, 23.773819116000027 ], [ 90.281003359000067, 23.774610683000049 ], [ 90.281330543000081, 23.774718480000047 ], [ 90.28162726100004, 23.774636646000033 ], [ 90.281745790000059, 23.774417393000078 ], [ 90.283349970000074, 23.773895089000064 ], [ 90.283735708000052, 23.773566955000035 ], [ 90.284151479000059, 23.77350973700004 ], [ 90.284597549000068, 23.773565369000039 ], [ 90.28537211400004, 23.774329443000056 ], [ 90.285907666000071, 23.774628779000068 ], [ 90.286650752000071, 23.774738052000032 ], [ 90.287602821000064, 23.775036610000029 ], [ 90.288643236000041, 23.775061766000078 ], [ 90.288880806000066, 23.77514261500005 ], [ 90.289299075000031, 23.775936689000048 ], [ 90.289626327000065, 23.776071564000063 ], [ 90.289954918000035, 23.776809351000054 ], [ 90.290282724000065, 23.777192615000047 ], [ 90.290788676000034, 23.777410701000065 ], [ 90.291323156000033, 23.777217753000059 ], [ 90.292243363000068, 23.776696647000051 ], [ 90.293015906000051, 23.776530343000047 ], [ 90.294293546000063, 23.776473717000044 ], [ 90.295007076000047, 23.776526549000039 ], [ 90.296820976000049, 23.776796307000041 ], [ 90.299021091000043, 23.776956904000031 ], [ 90.301875942000038, 23.777470717000028 ], [ 90.302827511000032, 23.777796281000064 ], [ 90.304197068000065, 23.778751029000034 ], [ 90.305149078000056, 23.778995283000029 ], [ 90.30598096500006, 23.779022994000059 ], [ 90.306634559000031, 23.778883952000058 ], [ 90.306978146000063, 23.778648426000075 ], [ 90.310319383000035, 23.778330126000071 ], [ 90.311032934000082, 23.778382887000078 ], [ 90.310756178000076, 23.779374755000049 ], [ 90.312445945000036, 23.779267473000061 ], [ 90.312699680000037, 23.778146935000052 ], [ 90.312756344000036, 23.778241660000049 ], [ 90.313469828000052, 23.778267310000047 ], [ 90.313886280000077, 23.778239368000072 ], [ 90.314004348000083, 23.77810364100003 ], [ 90.313974248000079, 23.777830470000026 ], [ 90.313617256000043, 23.777585061000025 ], [ 90.313378324000041, 23.777201667000043 ], [ 90.313376360000063, 23.776381975000049 ], [ 90.313523041000053, 23.775643273000071 ], [ 90.31408760100004, 23.775477285000022 ], [ 90.315930306000041, 23.775473526000042 ], [ 90.316108544000031, 23.775362514000051 ], [ 90.316047720000086, 23.774816175000069 ], [ 90.314827617000049, 23.774299299000063 ], [ 90.314886194000053, 23.773915301000045 ], [ 90.315718264000054, 23.773778115000027 ], [ 90.315925941000046, 23.773667042000056 ], [ 90.316310805000057, 23.773011402000066 ], [ 90.317201105000038, 23.772352464000051 ], [ 90.317881707000083, 23.771228782000037 ], [ 90.318059874000085, 23.771092929000076 ], [ 90.318713223000032, 23.770872544000042 ], [ 90.318861327000036, 23.770734493000077 ], [ 90.318860662000077, 23.770461262000026 ], [ 90.31868156400003, 23.770215497000038 ], [ 90.318681162000075, 23.770050656000024 ], [ 90.319035755000073, 23.769065385000033 ], [ 90.319004633000077, 23.768627375000051 ], [ 90.319120293000083, 23.767260975000056 ], [ 90.319387663000043, 23.767233325000063 ], [ 90.319565753000063, 23.76706811400004 ], [ 90.320546207000064, 23.766928338000071 ], [ 90.320694443000036, 23.766846736000048 ], [ 90.32143153700008, 23.764273211000045 ], [ 90.321609758000079, 23.764164451000056 ], [ 90.324075752000056, 23.764021550000052 ], [ 90.324521398000059, 23.763912227000048 ], [ 90.324669490000076, 23.763774170000033 ], [ 90.324668945000042, 23.763555134000057 ], [ 90.324251192000077, 23.76279050900007 ], [ 90.323860173000071, 23.760930643000052 ], [ 90.323710728000037, 23.760522234000064 ], [ 90.323591202000046, 23.760303447000069 ], [ 90.322876258000065, 23.759647831000052 ], [ 90.322874438000042, 23.758909432000053 ], [ 90.323081685000034, 23.758635765000065 ], [ 90.323556685000085, 23.758250890000056 ], [ 90.324209823000047, 23.757976289000055 ], [ 90.32489131400007, 23.757263550000062 ], [ 90.32500955200004, 23.756962974000032 ], [ 90.325067347000072, 23.756278640000062 ], [ 90.325274246000049, 23.755867228000056 ], [ 90.326665669000079, 23.753813921000074 ], [ 90.326992085000086, 23.753621289000023 ], [ 90.329924050000045, 23.752770522000048 ], [ 90.329369191000069, 23.751870715000052 ], [ 90.328907523000055, 23.750467148000041 ], [ 90.329160630000047, 23.749904337000032 ], [ 90.329464987000051, 23.749481421000041 ], [ 90.330023607000044, 23.74920022200007 ], [ 90.330888251000033, 23.74891610800006 ], [ 90.33210871700004, 23.748678647000077 ], [ 90.33363496000004, 23.748582775000045 ], [ 90.335772511000073, 23.748670730000072 ], [ 90.337486052000031, 23.748908617000041 ], [ 90.33814661100007, 23.748925237000037 ], [ 90.339317332000064, 23.748902349000048 ], [ 90.340346047000082, 23.748751051000056 ], [ 90.341494850000061, 23.748321732000022 ], [ 90.341856034000045, 23.748068025000066 ], [ 90.343197114000077, 23.746827604000032 ], [ 90.344096968000031, 23.745723643000076 ], [ 90.341278748000036, 23.743997914000033 ], [ 90.339859520000061, 23.742770364000023 ], [ 90.33820976800007, 23.743932395000058 ], [ 90.33757924400004, 23.743425699000056 ], [ 90.336947801000065, 23.742557701000067 ], [ 90.334976385000061, 23.740970009000023 ], [ 90.334110717000044, 23.740827362000061 ], [ 90.333402409000087, 23.740828889000056 ], [ 90.332694653000033, 23.741047196000068 ], [ 90.331437840000035, 23.741919270000039 ], [ 90.330258475000051, 23.742138576000059 ], [ 90.328526883000052, 23.741997748000074 ], [ 90.32773934100004, 23.741708118000076 ], [ 90.327263489000075, 23.740986528000064 ], [ 90.326478165000083, 23.740843669000071 ], [ 90.32561286400005, 23.740845493000052 ], [ 90.324590314000034, 23.740992165000023 ], [ 90.321957613000052, 23.743244501000049 ], [ 90.319139740000082, 23.746556238000039 ], [ 90.318276920000073, 23.747847402000048 ], [ 90.316983422000078, 23.750099152000075 ], [ 90.314930597000057, 23.75413409600003 ], [ 90.313311785000053, 23.758637820000047 ], [ 90.312579597000081, 23.761265496000078 ], [ 90.312505840000085, 23.76248503000005 ], [ 90.312353843000039, 23.76279018300005 ], [ 90.312360165000086, 23.765438944000039 ], [ 90.312437505000048, 23.765718794000065 ], [ 90.313151760000039, 23.766351879000069 ], [ 90.313384246000055, 23.76763853500006 ], [ 90.313233537000031, 23.768483376000063 ], [ 90.312777193000045, 23.769516260000046 ], [ 90.312243490000071, 23.770009607000077 ], [ 90.311047821000045, 23.770456871000079 ], [ 90.309214495000049, 23.770765398000037 ], [ 90.307814116000031, 23.770768196000063 ], [ 90.306973653000057, 23.770722447000026 ], [ 90.304348093000044, 23.769837944000074 ], [ 90.302462004000063, 23.76934938100004 ], [ 90.300168853000059, 23.768954167000061 ], [ 90.299073207000049, 23.768628865000039 ], [ 90.298385978000056, 23.768795037000075 ], [ 90.297596228000032, 23.768654300000037 ], [ 90.295633802000054, 23.768025794000039 ], [ 90.294512995000048, 23.767957933000048 ], [ 90.293111296000063, 23.767633170000067 ], [ 90.292193765000036, 23.76740006600005 ], [ 90.291225474000044, 23.766957045000026 ], [ 90.290867755000079, 23.766628033000075 ], [ 90.290611851000051, 23.766018822000035 ], [ 90.29040634100005, 23.765176931000042 ], [ 90.290251632000036, 23.764285264000023 ], [ 90.290196877000085, 23.762551127000052 ], [ 90.289990025000066, 23.761099544000047 ], [ 90.289679707000062, 23.759176206000063 ], [ 90.289191736000078, 23.757070291000048 ], [ 90.288140681000073, 23.75102951100007 ], [ 90.287266614000032, 23.748185900000067 ], [ 90.287070441000083, 23.747942386000034 ], [ 90.286774596000043, 23.747834545000046 ], [ 90.285999436000054, 23.748134053000058 ], [ 90.282860576000076, 23.74982439300004 ], [ 90.282527175000041, 23.749933395000028 ], [ 90.282250545000068, 23.74991809200003 ], [ 90.277824272000032, 23.744967263000035 ], [ 90.276642010000046, 23.744452273000036 ], [ 90.273139076000064, 23.744205591000025 ], [ 90.271328710000034, 23.743919737000056 ], [ 90.269518199000061, 23.74355934600004 ], [ 90.266841644000067, 23.742841388000045 ], [ 90.265818714000034, 23.742843150000056 ], [ 90.264560263000078, 23.743134351000037 ], [ 90.263695815000062, 23.743569390000062 ], [ 90.26141687300003, 23.745095240000069 ], [ 90.258981451000068, 23.746910359000026 ], [ 90.257253558000059, 23.748652004000064 ], [ 90.255919216000052, 23.750318462000052 ], [ 90.25489949100006, 23.751995681000039 ], [ 90.25490046200008, 23.752494726000066 ], [ 90.255533536000087, 23.754449220000026 ], [ 90.256165401000032, 23.755462073000047 ], [ 90.256482589000086, 23.756764486000066 ], [ 90.256565781000063, 23.759153450000042 ], [ 90.25594003100008, 23.760965503000023 ], [ 90.255155646000048, 23.762271999000063 ], [ 90.253428342000063, 23.764447160000032 ], [ 90.251779551000084, 23.766333133000046 ], [ 90.248087890000079, 23.770033399000056 ], [ 90.245733462000032, 23.773512418000053 ], [ 90.244476704000078, 23.774891867000065 ], [ 90.243741911000086, 23.775252643000044 ], [ 90.246056573000033, 23.777129755000033 ], [ 90.246938149000073, 23.778608157000065 ], [ 90.247592424000061, 23.778687605000073 ], [ 90.247744457000067, 23.77881353600003 ], [ 90.249650963000079, 23.773962277000066 ], [ 90.249674059000085, 23.774172242000077 ], [ 90.249852367000074, 23.774390993000054 ], [ 90.250150292000058, 23.774609549000047 ], [ 90.250566397000057, 23.77471726400006 ], [ 90.251993731000084, 23.774988177000068 ], [ 90.253301327000031, 23.77487764600005 ], [ 90.253539229000069, 23.774823062000053 ], [ 90.254013985000086, 23.774492593000048 ], [ 90.254786146000072, 23.774109700000054 ], [ 90.25555776300007, 23.773451311000031 ], [ 90.257339978000061, 23.772956079000039 ], [ 90.259004769000057, 23.772953296000026 ], [ 90.25930143800008, 23.772842152000067 ], [ 90.259538684000063, 23.77246013000007 ], [ 90.259538249000059, 23.772241093000048 ], [ 90.259894311000039, 23.772075651000023 ], [ 90.260587755000074, 23.771916414000032 ], [ 90.260574916000053, 23.771838899000045 ], [ 90.261136406000048, 23.77191545200003 ], [ 90.261434167000061, 23.773803263000048 ], [ 90.261514250000062, 23.774892909000073 ], [ 90.261128346000078, 23.777190104000056 ], [ 90.261114354000085, 23.778956294000068 ], [ 90.261045467000031, 23.779290523000043 ], [ 90.26243530000005, 23.779238633000034 ], [ 90.262910935000036, 23.779348472000038 ], [ 90.263863700000059, 23.780001703000039 ], [ 90.264844981000067, 23.78019196200006 ], [ 90.265915659000086, 23.780601101000059 ], [ 90.266124561000083, 23.780763324000077 ], [ 90.266511983000044, 23.781530414000031 ], [ 90.267797464000068, 23.784974082000076 ], [ 90.26845417100003, 23.786314264000055 ], [ 90.26964748100005, 23.788446105000048 ], [ 90.269826510000087, 23.788691925000023 ], [ 90.270481213000039, 23.789045304000069 ], [ 90.270660304000046, 23.78931822100003 ], [ 90.271143261000077, 23.789387375000047 ], [ 90.271491723000054, 23.788797396000064 ] ] ] } },
{ "type": "Feature", "properties": { "matched_key": "U_302672162", "navigation_parent_key": "A_302672", "admin_type": "union", "admin_label": "Union", "map_level": "union", "admin_rank": 3, "displayable": 1, "geometry_status": "EXACT/GEOMETRY", "location_label": "Birulia Union" }, "geometry": { "type": "Polygon", "coordinates": [ [ [ 90.351886666000041, 23.882248760000039 ], [ 90.352689114000043, 23.881135950000044 ], [ 90.352688304000083, 23.880837885000062 ], [ 90.352646986000082, 23.880542171000059 ], [ 90.35195897300008, 23.87924760900006 ], [ 90.351635086000044, 23.878433182000038 ], [ 90.351674391000074, 23.878211801000077 ], [ 90.351794926000082, 23.878062493000073 ], [ 90.352559242000041, 23.877839453000036 ], [ 90.353040061000058, 23.87757266400007 ], [ 90.352432204000081, 23.877083519000053 ], [ 90.352043590000051, 23.876483501000052 ], [ 90.351894581000067, 23.87536162300006 ], [ 90.351712449000047, 23.869188299000029 ], [ 90.351131870000074, 23.867111355000077 ], [ 90.350476268000079, 23.864904648000049 ], [ 90.349579388000052, 23.86380258500003 ], [ 90.348682075000056, 23.862533230000054 ], [ 90.34712096100003, 23.859841027000073 ], [ 90.346333534000053, 23.85883429200004 ], [ 90.344883744000072, 23.857776380000075 ], [ 90.345962689000032, 23.857178650000037 ], [ 90.350285018000079, 23.855602612000041 ], [ 90.350132726000083, 23.855587308000054 ], [ 90.350089245000049, 23.854672642000025 ], [ 90.349846334000063, 23.854043189000038 ], [ 90.348925610000038, 23.852652037000041 ], [ 90.347732603000054, 23.852720219000048 ], [ 90.347007828000073, 23.852988308000079 ], [ 90.345487517000038, 23.853926572000034 ], [ 90.344617266000057, 23.854194977000077 ], [ 90.343819262000068, 23.854165149000039 ], [ 90.343164695000041, 23.853364987000077 ], [ 90.342367043000081, 23.85346611600005 ], [ 90.341386048000061, 23.852935383000045 ], [ 90.340584559000035, 23.851568756000063 ], [ 90.340436339000064, 23.851219083000046 ], [ 90.340531103000046, 23.851076611000053 ], [ 90.339725848000057, 23.850141284000074 ], [ 90.337893354000073, 23.848806267000043 ], [ 90.337165905000063, 23.848040109000067 ], [ 90.336873530000048, 23.847241385000075 ], [ 90.336799556000074, 23.846640895000064 ], [ 90.336964908000084, 23.846026331000076 ], [ 90.338311984000086, 23.845038853000062 ], [ 90.339912518000062, 23.843583378000062 ], [ 90.340978704000065, 23.842456494000032 ], [ 90.341212357000074, 23.842153392000057 ], [ 90.341356694000069, 23.841726293000079 ], [ 90.341137076000052, 23.841060640000023 ], [ 90.338957350000044, 23.839496078000025 ], [ 90.337902245000066, 23.83826547700005 ], [ 90.337683868000056, 23.837832400000025 ], [ 90.337551641000061, 23.836538804000043 ], [ 90.338420430000042, 23.834563324000044 ], [ 90.338436828000056, 23.83426070400003 ], [ 90.338072311000076, 23.833794079000029 ], [ 90.336909586000047, 23.832929515000046 ], [ 90.336696740000036, 23.832494169000029 ], [ 90.336085997000055, 23.832445823000057 ], [ 90.336065274000077, 23.83250232000006 ], [ 90.334351869000045, 23.83178571600007 ], [ 90.333484603000045, 23.831254684000044 ], [ 90.332399537000072, 23.830261206000046 ], [ 90.330230744000062, 23.82854068000006 ], [ 90.328280351000046, 23.827747739000074 ], [ 90.327413861000082, 23.827749582000024 ], [ 90.326692864000051, 23.828017564000049 ], [ 90.325502751000045, 23.828670414000044 ], [ 90.325393354000084, 23.827620630000069 ], [ 90.325459110000054, 23.825197554000056 ], [ 90.325747564000039, 23.824966619000065 ], [ 90.326107059000037, 23.824432947000048 ], [ 90.326032495000049, 23.823570509000035 ], [ 90.325308697000082, 23.822709444000054 ], [ 90.323717263000049, 23.82111857600006 ], [ 90.322343792000083, 23.82006014500007 ], [ 90.319814525000083, 23.818604420000042 ], [ 90.319529759000034, 23.818083390000027 ], [ 90.318025850000083, 23.818113596000046 ], [ 90.317817555000033, 23.818251769000028 ], [ 90.317818886000055, 23.818798226000069 ], [ 90.317968662000055, 23.819071146000056 ], [ 90.31841408300005, 23.819043132000047 ], [ 90.318563332000053, 23.819099275000042 ], [ 90.318652770000085, 23.81928877100006 ], [ 90.318685312000071, 23.820302593000065 ], [ 90.318448426000032, 23.820795347000058 ], [ 90.318508412000085, 23.820984904000056 ], [ 90.319252258000063, 23.821285953000029 ], [ 90.319490884000061, 23.821504491000042 ], [ 90.319610460000035, 23.821721022000077 ], [ 90.319760774000031, 23.822461365000038 ], [ 90.320593811000037, 23.822595125000078 ], [ 90.320654138000066, 23.822922425000058 ], [ 90.32056502000006, 23.823114547000046 ], [ 90.320387600000061, 23.823333953000031 ], [ 90.319170037000049, 23.824047778000079 ], [ 90.318487090000076, 23.824568555000042 ], [ 90.318130495000048, 23.82454219300007 ], [ 90.317088684000055, 23.824106268000037 ], [ 90.316821071000049, 23.824079721000032 ], [ 90.316553723000084, 23.824163817000056 ], [ 90.316316757000038, 23.824629474000062 ], [ 90.31631748500007, 23.824929800000064 ], [ 90.315992597000047, 23.825833705000036 ], [ 90.315814549000038, 23.826050849000069 ], [ 90.315339365000057, 23.826216662000036 ], [ 90.31471646500006, 23.826710200000036 ], [ 90.314478895000036, 23.826929721000056 ], [ 90.314331112000048, 23.827230352000072 ], [ 90.313618677000079, 23.827753422000058 ], [ 90.313500020000049, 23.827916246000029 ], [ 90.313441287000046, 23.82824604800004 ], [ 90.313085575000059, 23.828847426000038 ], [ 90.312938515000042, 23.829450638000026 ], [ 90.312582491000057, 23.829668137000056 ], [ 90.311987842000065, 23.829669341000056 ], [ 90.311363847000052, 23.829973189000043 ], [ 90.310561292000045, 23.830029 ], [ 90.309226113000079, 23.831400095000049 ], [ 90.309048147000055, 23.831400451000036 ], [ 90.30842283800007, 23.831155569000032 ], [ 90.307738971000049, 23.831319520000022 ], [ 90.305981673000076, 23.829873318000068 ], [ 90.305354846000057, 23.828973580000024 ], [ 90.304788375000044, 23.828425981000066 ], [ 90.304371036000077, 23.82788034400005 ], [ 90.304015198000059, 23.828181376000032 ], [ 90.303064607000067, 23.828702609000061 ], [ 90.302350976000071, 23.828731109000046 ], [ 90.301519623000047, 23.829335649000029 ], [ 90.300777413000048, 23.829748073000076 ], [ 90.30037212600007, 23.828567877000069 ], [ 90.298664691000056, 23.829013782000061 ], [ 90.298545510000054, 23.828957561000038 ], [ 90.298306532000083, 23.828576406000025 ], [ 90.297885472000075, 23.82638911500004 ], [ 90.297052609000048, 23.826334272000054 ], [ 90.29699283900004, 23.826225996000062 ], [ 90.297051119000059, 23.825679424000043 ], [ 90.29764050600005, 23.823379540000076 ], [ 90.297461689000045, 23.823271494000039 ], [ 90.295618430000047, 23.823329237000053 ], [ 90.294543094000062, 23.823771624000074 ], [ 90.294966017000036, 23.824095981000028 ], [ 90.295055552000065, 23.824341943000036 ], [ 90.294641478000074, 23.825218879000033 ], [ 90.294403503000069, 23.825273528000025 ], [ 90.293927862000032, 23.825247340000033 ], [ 90.293600354000034, 23.825056022000069 ], [ 90.293243026000084, 23.824702183000056 ], [ 90.292558747000044, 23.824676382000064 ], [ 90.292142322000075, 23.82451233200004 ], [ 90.291725657000086, 23.824513121000052 ], [ 90.291666375000034, 23.824621623000041 ], [ 90.291697054000053, 23.824894795000034 ], [ 90.291876244000036, 23.825169946000074 ], [ 90.292947124000079, 23.825468240000077 ], [ 90.29315576700003, 23.825741075000053 ], [ 90.293276473000049, 23.826479244000041 ], [ 90.293217564000031, 23.826752588000033 ], [ 90.292980200000045, 23.826807233000068 ], [ 90.292711478000058, 23.826561610000056 ], [ 90.292562360000034, 23.826288663000071 ], [ 90.29205591200008, 23.825935100000038 ], [ 90.291787502000034, 23.825551731000076 ], [ 90.291609362000031, 23.825470774000053 ], [ 90.291400779000071, 23.825498267000057 ], [ 90.291193607000082, 23.82588253800003 ], [ 90.29116476300004, 23.826155823000079 ], [ 90.291671144000077, 23.826755521000052 ], [ 90.291642300000035, 23.827028806000044 ], [ 90.291404508000085, 23.827167 ], [ 90.291136642000083, 23.827029762000052 ], [ 90.290869087000033, 23.827030268000044 ], [ 90.290215413000055, 23.827250535000076 ], [ 90.289918888000045, 23.827470128000073 ], [ 90.28896988300005, 23.828729674000044 ], [ 90.288882536000074, 23.829468236000025 ], [ 90.289121244000057, 23.830016507000039 ], [ 90.289449177000051, 23.830397512000047 ], [ 90.289776939000035, 23.830699483000046 ], [ 90.29031334900003, 23.830998802000067 ], [ 90.290370777000078, 23.831159016000072 ], [ 90.290354107000041, 23.831940351000071 ], [ 90.290106457000036, 23.833997948000047 ], [ 90.290115470000046, 23.838048964000052 ], [ 90.290299149000077, 23.839507350000076 ], [ 90.290444406000063, 23.839972246000059 ], [ 90.290445521000038, 23.840471284000046 ], [ 90.289908273000037, 23.842296839000028 ], [ 90.289464744000043, 23.842941231000054 ], [ 90.290102683000043, 23.84333520000007 ], [ 90.290639326000075, 23.843991294000034 ], [ 90.291206720000048, 23.844947654000066 ], [ 90.292458141000054, 23.84603820500007 ], [ 90.292227865000086, 23.846806394000055 ], [ 90.291904083000077, 23.847206692000043 ], [ 90.29096757800005, 23.848071056000038 ], [ 90.290608610000049, 23.848934327000052 ], [ 90.29057313900006, 23.84926633300006 ], [ 90.290647265000075, 23.850029430000063 ], [ 90.29104800500005, 23.851654504000066 ], [ 90.291268880000075, 23.853812825000034 ], [ 90.291236025000046, 23.855041291000077 ], [ 90.29149059000008, 23.856068243000038 ], [ 90.291744219000066, 23.856399703000022 ], [ 90.291925940000056, 23.85696388100007 ], [ 90.291782366000064, 23.857262222000031 ], [ 90.291091824000034, 23.857532242000048 ], [ 90.291212043000087, 23.858042342000033 ], [ 90.291688542000031, 23.858398222000062 ], [ 90.291719169000032, 23.858644294000044 ], [ 90.291511147000051, 23.858671786000059 ], [ 90.29139243700007, 23.858836851000035 ], [ 90.290149546000066, 23.861627944000077 ], [ 90.28994292200008, 23.862285439000061 ], [ 90.289825604000043, 23.863078249000068 ], [ 90.289411066000071, 23.863817426000026 ], [ 90.289085777000082, 23.86466708100005 ], [ 90.288850518000061, 23.86597947100006 ], [ 90.28849610900005, 23.867264990000024 ], [ 90.287902799000051, 23.867950301000064 ], [ 90.287488422000081, 23.868773022000028 ], [ 90.287102593000043, 23.869182458000068 ], [ 90.286420859000032, 23.870141157000035 ], [ 90.286005992000071, 23.871027100000049 ], [ 90.286006691000068, 23.871345490000067 ], [ 90.286096559000043, 23.871455968000078 ], [ 90.290111212000056, 23.871148131000041 ], [ 90.290557066000076, 23.870955353000056 ], [ 90.291059527000073, 23.869723743000065 ], [ 90.292304989000058, 23.868052655000042 ], [ 90.292631433000054, 23.867722354000023 ], [ 90.293106862000059, 23.867312737000077 ], [ 90.293997919000049, 23.866927159000056 ], [ 90.294840368000052, 23.866765226000041 ], [ 90.295099976000074, 23.867555061000076 ], [ 90.29510145900008, 23.868209903000036 ], [ 90.295191026000055, 23.868455864000055 ], [ 90.295637488000068, 23.868538557000022 ], [ 90.295727296000052, 23.868619676000037 ], [ 90.295761050000067, 23.870507374000056 ], [ 90.295880885000031, 23.870834566000042 ], [ 90.297338330000059, 23.870888210000032 ], [ 90.297695971000053, 23.871050103000073 ], [ 90.298171719000038, 23.871049181000046 ], [ 90.298528125000075, 23.870940102000077 ], [ 90.29930033800008, 23.870389888000034 ], [ 90.300222174000055, 23.870306801000027 ], [ 90.302226960000041, 23.870526429000051 ], [ 90.302454354000076, 23.870905342000071 ], [ 90.302543875000083, 23.871124199000064 ], [ 90.302545080000073, 23.871643560000052 ], [ 90.301835440000048, 23.873230128000046 ], [ 90.30127208600004, 23.874107371000036 ], [ 90.30094678200004, 23.874927693000075 ], [ 90.300471652000056, 23.875201850000053 ], [ 90.300354393000077, 23.875996927000074 ], [ 90.299879762000046, 23.876490114000035 ], [ 90.299583910000081, 23.877310377000072 ], [ 90.299585609000076, 23.878048767000053 ], [ 90.299645599000087, 23.878240590000075 ], [ 90.299853963000032, 23.878348569000025 ], [ 90.301281708000033, 23.878264491000039 ], [ 90.301459719000036, 23.877990915000055 ], [ 90.301637563000043, 23.877909273000057 ], [ 90.302535307000085, 23.878004610000062 ], [ 90.302797387000055, 23.87771506100006 ], [ 90.303510454000048, 23.877329782000061 ], [ 90.304343196000048, 23.877192652000076 ], [ 90.306573960000037, 23.877131773000031 ], [ 90.306960297000046, 23.877214553000044 ], [ 90.308181792000084, 23.877923409000061 ], [ 90.30874725700005, 23.877949372000046 ], [ 90.309192756000073, 23.877867188000039 ], [ 90.310382124000057, 23.877453822000064 ], [ 90.311006587000065, 23.877506756000059 ], [ 90.31243588600006, 23.878077414000074 ], [ 90.314995662000058, 23.878756398000064 ], [ 90.316125988000067, 23.87880827400005 ], [ 90.316482934000078, 23.878918187000068 ], [ 90.317077755000071, 23.878643732000057 ], [ 90.31814779900003, 23.878395394000052 ], [ 90.318504475000054, 23.878394657000058 ], [ 90.319547463000049, 23.879130889000066 ], [ 90.320321788000058, 23.879456701000038 ], [ 90.321631041000046, 23.879618811000057 ], [ 90.322344270000031, 23.879316996000057 ], [ 90.323057152000047, 23.878877431000035 ], [ 90.323353604000033, 23.87860358000006 ], [ 90.323918329000037, 23.878329164000036 ], [ 90.32421491100007, 23.878109507000033 ], [ 90.324481476000074, 23.877670875000035 ], [ 90.324719394000056, 23.877559728000051 ], [ 90.325463033000062, 23.877641707000066 ], [ 90.328674861000081, 23.877361654000026 ], [ 90.329091553000069, 23.877304312000035 ], [ 90.329626179000059, 23.877029940000057 ], [ 90.32977321900006, 23.876428977000046 ], [ 90.329859253000052, 23.875252330000023 ], [ 90.330095567000058, 23.874513429000046 ], [ 90.332621071000062, 23.873304436000069 ], [ 90.333659974000057, 23.872672181000041 ], [ 90.334431840000036, 23.872042760000056 ], [ 90.334689482000044, 23.871730585000023 ], [ 90.335071714000037, 23.872127176000049 ], [ 90.335365377000073, 23.872216860000037 ], [ 90.336439767000059, 23.872259677000045 ], [ 90.337076663000062, 23.872140864000073 ], [ 90.337009047000038, 23.873766830000022 ], [ 90.337227296000037, 23.874364746000026 ], [ 90.337443722000046, 23.874495239000055 ], [ 90.338274222000052, 23.874461803000031 ], [ 90.338671658000067, 23.874560282000061 ], [ 90.33997323300008, 23.875553229000047 ], [ 90.34011905300008, 23.876149043000055 ], [ 90.340445023000086, 23.87638090400003 ], [ 90.340877904000081, 23.876413817000071 ], [ 90.342286427000033, 23.876742630000024 ], [ 90.343116318000057, 23.876706910000053 ], [ 90.343585332000032, 23.876473283000053 ], [ 90.343909995000047, 23.876440944000024 ], [ 90.344632194000042, 23.87653868600006 ], [ 90.344812235000063, 23.87637118300006 ], [ 90.34490955800004, 23.876032252000073 ], [ 90.344557816000076, 23.875807233000046 ], [ 90.344412239000064, 23.875310779000074 ], [ 90.344231316000048, 23.875144087000024 ], [ 90.343832380000038, 23.87448110400004 ], [ 90.34365023600003, 23.873851504000072 ], [ 90.343720216000065, 23.872921020000035 ], [ 90.344366188000038, 23.871594080000023 ], [ 90.345519016000083, 23.870661166000048 ], [ 90.346096398000043, 23.870560517000058 ], [ 90.34674648400005, 23.870791635000046 ], [ 90.347470333000047, 23.87151936500004 ], [ 90.34783270500003, 23.872049195000045 ], [ 90.347977676000085, 23.872315322000077 ], [ 90.347763995000037, 23.873444845000051 ], [ 90.34787291400005, 23.873543956000049 ], [ 90.348847402000047, 23.873641103000068 ], [ 90.349317030000066, 23.873872623000068 ], [ 90.350149658000078, 23.87463396000004 ], [ 90.350258595000071, 23.874965652000071 ], [ 90.350188372000048, 23.875561945000072 ], [ 90.34968342500008, 23.875895029000048 ], [ 90.349378439000077, 23.875938627000039 ], [ 90.349693324000043, 23.879580194000027 ], [ 90.349876932000086, 23.88074042900007 ], [ 90.350182820000043, 23.881941030000064 ], [ 90.350596952000046, 23.881842992000031 ], [ 90.35079851900008, 23.881917048000048 ], [ 90.350961477000055, 23.882472164000035 ], [ 90.351323886000046, 23.882545853000067 ], [ 90.351605574000075, 23.882506824000075 ], [ 90.351886666000041, 23.882248760000039 ] ] ] } },
{ "type": "Feature", "properties": { "matched_key": "U_302672213", "navigation_parent_key": "A_302672", "admin_type": "union", "admin_label": "Union", "map_level": "union", "admin_rank": 3, "displayable": 1, "geometry_status": "EXACT/GEOMETRY", "location_label": "Dhamsona Union" }, "geometry": { "type": "Polygon", "coordinates": [ [ [ 90.261888455000076, 23.968302925000046 ], [ 90.262393432000067, 23.968302062000078 ], [ 90.263909418000082, 23.968814303000045 ], [ 90.264414503000069, 23.968865369000071 ], [ 90.264919168000063, 23.968710951000048 ], [ 90.265927224000052, 23.967781141000046 ], [ 90.267104845000063, 23.967162648000055 ], [ 90.268900512000073, 23.967159512000023 ], [ 90.268899126000065, 23.96649112800003 ], [ 90.26856004800004, 23.965615591000073 ], [ 90.268110639000042, 23.965153471000065 ], [ 90.267715460000034, 23.964176419000069 ], [ 90.268219888000033, 23.963918120000073 ], [ 90.268499881000082, 23.963556341000071 ], [ 90.268723331000047, 23.96288756000007 ], [ 90.269170060000079, 23.962062586000059 ], [ 90.269562250000035, 23.961598993000052 ], [ 90.270066880000059, 23.96144455700005 ], [ 90.271022389000052, 23.962163195000073 ], [ 90.271640545000082, 23.962830491000034 ], [ 90.27293336300005, 23.963857877000066 ], [ 90.27450650600008, 23.964679265000029 ], [ 90.275124324000046, 23.964883643000064 ], [ 90.275797610000041, 23.964882433000071 ], [ 90.276752515000055, 23.965291684000078 ], [ 90.27748170600006, 23.965290367000023 ], [ 90.27967317100007, 23.966521552000074 ], [ 90.28051501200008, 23.966623886000036 ], [ 90.281130898000072, 23.96621179300007 ], [ 90.281242309000049, 23.965746425000077 ], [ 90.280621689000043, 23.964254981000067 ], [ 90.281295367000041, 23.964152136000052 ], [ 90.28208045100007, 23.964150696000047 ], [ 90.283201105000046, 23.963376375000053 ], [ 90.283987138000043, 23.963528469000039 ], [ 90.284604513000033, 23.963527328000055 ], [ 90.285109248000083, 23.963424779000036 ], [ 90.285612616000037, 23.962701262000053 ], [ 90.286229878000086, 23.962650433000078 ], [ 90.287071586000081, 23.962700797000025 ], [ 90.288698413000077, 23.962492263000058 ], [ 90.289987902000064, 23.961974994000059 ], [ 90.292736799000068, 23.961660423000069 ], [ 90.293744952000054, 23.960886241000026 ], [ 90.294698481000069, 23.960678930000029 ], [ 90.296549954000056, 23.960675364000053 ], [ 90.297276637000039, 23.959592347000068 ], [ 90.297443795000049, 23.958819766000033 ], [ 90.297778648000076, 23.958046859000035 ], [ 90.297911069000065, 23.956863377000047 ], [ 90.298892839000075, 23.954799855000033 ], [ 90.299681977000034, 23.951259929000059 ], [ 90.299723702000051, 23.949911782000072 ], [ 90.299544296000079, 23.949625357000059 ], [ 90.297064936000083, 23.948964044000036 ], [ 90.295070199000065, 23.948830147000024 ], [ 90.294743185000073, 23.948995613000022 ], [ 90.294534715000054, 23.948887626000044 ], [ 90.291909090000047, 23.945993279000049 ], [ 90.291104396000037, 23.945419 ], [ 90.289404202000071, 23.943753500000071 ], [ 90.288361227000053, 23.943181912000057 ], [ 90.287229488000037, 23.943019192000065 ], [ 90.286966986000039, 23.942913553000039 ], [ 90.286546893000036, 23.943758856000045 ], [ 90.285923193000031, 23.94447131000004 ], [ 90.285685853000075, 23.944636593000041 ], [ 90.284908114000075, 23.944820794000066 ], [ 90.285434174000045, 23.941688817000056 ], [ 90.285172647000081, 23.941410763000079 ], [ 90.28490353400008, 23.940808358000027 ], [ 90.284873511000058, 23.940562284000066 ], [ 90.284604207000086, 23.940151814000046 ], [ 90.284246644000063, 23.939825056000075 ], [ 90.284156331000077, 23.939251671000022 ], [ 90.284184549000031, 23.938675812000042 ], [ 90.284213071000067, 23.938237694000065 ], [ 90.284389102000034, 23.937557792000064 ], [ 90.284240339000064, 23.937297004000072 ], [ 90.284798446000082, 23.933744490000038 ], [ 90.284847220000074, 23.932834080000077 ], [ 90.285049035000043, 23.932422252000038 ], [ 90.285346469000046, 23.93100551200007 ], [ 90.28554663500006, 23.930521352000028 ], [ 90.28549262000007, 23.930275847000075 ], [ 90.286101221000081, 23.928612547000057 ], [ 90.286256820000062, 23.927255548000062 ], [ 90.286464620000061, 23.92716974800004 ], [ 90.286512920000064, 23.927015248000032 ], [ 90.286553422000054, 23.925964218000047 ], [ 90.285766479000074, 23.926074135000079 ], [ 90.285711020000065, 23.92562183800004 ], [ 90.285383204000084, 23.925644385000055 ], [ 90.284172160000082, 23.925475341000038 ], [ 90.284226975000081, 23.924087751000059 ], [ 90.284693581000056, 23.923776152000073 ], [ 90.284823820000042, 23.921871030000034 ], [ 90.284534137000037, 23.921633482000061 ], [ 90.284325121000052, 23.921252253000034 ], [ 90.283847377000086, 23.920704425000054 ], [ 90.282448829000032, 23.920598613000038 ], [ 90.282299204000083, 23.920133723000049 ], [ 90.280181335000066, 23.919362639000042 ], [ 90.280184160000033, 23.918957330000069 ], [ 90.278651377000074, 23.918568389000029 ], [ 90.277742643000067, 23.918446208000034 ], [ 90.277116358000058, 23.91762539900003 ], [ 90.276521102000061, 23.917818406000038 ], [ 90.276437042000055, 23.917421796000042 ], [ 90.275518152000075, 23.917307971000071 ], [ 90.275336379000066, 23.917403888000024 ], [ 90.274988130000054, 23.918683069000053 ], [ 90.274957303000065, 23.919471765000026 ], [ 90.275048336000054, 23.920575549000034 ], [ 90.275563559000034, 23.920974630000046 ], [ 90.277580561000036, 23.920889731000045 ], [ 90.277713703000074, 23.921007784000039 ], [ 90.277832903000046, 23.922339005000026 ], [ 90.277853622000066, 23.925091844000065 ], [ 90.276720443000045, 23.925175168000067 ], [ 90.274936672000081, 23.92515435200005 ], [ 90.274443173000066, 23.925409352000031 ], [ 90.273750045000043, 23.925572104000025 ], [ 90.273206620000053, 23.925323548000051 ], [ 90.273156011000083, 23.924875664000069 ], [ 90.272945510000056, 23.92469486400006 ], [ 90.27299381000006, 23.923672465000038 ], [ 90.273206461000086, 23.923362097000052 ], [ 90.273271829000066, 23.922954648000029 ], [ 90.273119362000045, 23.922789103000071 ], [ 90.273344610000038, 23.922280176000072 ], [ 90.273130612000045, 23.921936664000043 ], [ 90.273841471000082, 23.921241253000062 ], [ 90.271826621000059, 23.921602978000067 ], [ 90.270768590000046, 23.921655547000057 ], [ 90.269480817000044, 23.921906767000053 ], [ 90.26936995300008, 23.921849980000047 ], [ 90.26868113200004, 23.921911187000035 ], [ 90.263623627000072, 23.922448209000038 ], [ 90.263417009000079, 23.921940599000038 ], [ 90.262386064000054, 23.922159532000023 ], [ 90.262600389000056, 23.922632666000027 ], [ 90.260220511000057, 23.922715481000068 ], [ 90.25936190200008, 23.921028936000027 ], [ 90.258152966000068, 23.921037805000026 ], [ 90.257800865000036, 23.920906504000072 ], [ 90.256312266000066, 23.920815805000075 ], [ 90.255796175000057, 23.919597988000078 ], [ 90.254892589000065, 23.919908384000053 ], [ 90.253583326000069, 23.919910551000044 ], [ 90.253375304000031, 23.919992183000033 ], [ 90.252602868000054, 23.920677652000052 ], [ 90.252276350000045, 23.921089159000076 ], [ 90.251801105000084, 23.921444457000064 ], [ 90.251325385000086, 23.921555882000064 ], [ 90.249747321000086, 23.921339422000074 ], [ 90.247245767000038, 23.920221198000036 ], [ 90.24703753700004, 23.920194436000031 ], [ 90.246948541000052, 23.92022167500005 ], [ 90.246859870000037, 23.920741177000025 ], [ 90.246623409000051, 23.921371561000058 ], [ 90.246206635000078, 23.921480619000079 ], [ 90.245523399000035, 23.92194687500006 ], [ 90.245165988000053, 23.921947446000047 ], [ 90.244958013000087, 23.922058422000077 ], [ 90.244932966000079, 23.924409124000078 ], [ 90.244310829000085, 23.926024642000073 ], [ 90.243956693000086, 23.927447795000035 ], [ 90.243748554000035, 23.927804901000059 ], [ 90.243690059000073, 23.928378546000033 ], [ 90.241993445000048, 23.928189291000024 ], [ 90.241696408000053, 23.928300405000073 ], [ 90.241429252000046, 23.928628246000073 ], [ 90.24089417600004, 23.928875216000051 ], [ 90.240359297000055, 23.929560254000023 ], [ 90.240151961000038, 23.93002573900003 ], [ 90.240034281000078, 23.930818509000062 ], [ 90.23985708500004, 23.931311049000044 ], [ 90.239648980000084, 23.931695246000061 ], [ 90.239055070000063, 23.932351013000073 ], [ 90.237776831000076, 23.932928807000053 ], [ 90.236735512000052, 23.933095255000069 ], [ 90.235872249000067, 23.933067225000059 ], [ 90.235634115000039, 23.932986302000074 ], [ 90.233875564000073, 23.931512205000047 ], [ 90.233429282000031, 23.931458691000046 ], [ 90.233043344000066, 23.932005731000061 ], [ 90.232894659000067, 23.932143699000051 ], [ 90.232716245000063, 23.932143969000037 ], [ 90.232596995000051, 23.932087697000043 ], [ 90.23253679000004, 23.931733269000063 ], [ 90.232208851000053, 23.931404087000033 ], [ 90.23113634200007, 23.930777957000032 ], [ 90.231017454000039, 23.930751038000039 ], [ 90.230720869000038, 23.931297940000036 ], [ 90.23042345500005, 23.931379675000073 ], [ 90.230006361000051, 23.931161268000039 ], [ 90.228160757000069, 23.930949502000033 ], [ 90.228161885000077, 23.931590794000044 ], [ 90.227501650000079, 23.93280887800006 ], [ 90.226943296000059, 23.934169069000063 ], [ 90.227199239000072, 23.934776113000055 ], [ 90.227454370000032, 23.934917996000024 ], [ 90.227760389000082, 23.935010125000076 ], [ 90.228473751000081, 23.935009064000042 ], [ 90.229696986000079, 23.935242081000069 ], [ 90.230767935000074, 23.93566273700003 ], [ 90.231126020000033, 23.93636446000005 ], [ 90.231127853000032, 23.937394140000038 ], [ 90.230517875000032, 23.93837958000006 ], [ 90.230265121000059, 23.939409644000023 ], [ 90.230318512000053, 23.940768925000043 ], [ 90.23067846500004, 23.942687750000061 ], [ 90.230628068000044, 23.943015246000073 ], [ 90.226303946000087, 23.947377509000034 ], [ 90.225896893000083, 23.947660365000047 ], [ 90.22523446200006, 23.947848758000077 ], [ 90.223374136000075, 23.947781476000046 ], [ 90.222098533000064, 23.948593973000072 ], [ 90.22100217600007, 23.949711045000072 ], [ 90.219845802000066, 23.950582065000049 ], [ 90.218103317000043, 23.951029389000041 ], [ 90.217649827000059, 23.951291971000046 ], [ 90.216720383000052, 23.952162641000029 ], [ 90.215241725000055, 23.95392602000004 ], [ 90.214678109000033, 23.954281327000047 ], [ 90.213775130000045, 23.954648396000039 ], [ 90.212974947000077, 23.955148542000074 ], [ 90.211166541000068, 23.956659434000073 ], [ 90.210086871000044, 23.957182530000068 ], [ 90.208523722000052, 23.957302083000059 ], [ 90.209198895000043, 23.959064720000072 ], [ 90.210346093000055, 23.959261860000026 ], [ 90.210707616000036, 23.959460078000063 ], [ 90.211176934000036, 23.959459430000038 ], [ 90.211609993000081, 23.959260125000071 ], [ 90.211862285000052, 23.95896171000004 ], [ 90.212657605000061, 23.959224808000045 ], [ 90.212875016000055, 23.959757410000066 ], [ 90.213055725000061, 23.959822644000042 ], [ 90.214031074000047, 23.959920644000078 ], [ 90.215657041000043, 23.960250304000056 ], [ 90.216306855000084, 23.960183906000054 ], [ 90.216667837000045, 23.960050170000045 ], [ 90.217064785000048, 23.959751544000028 ], [ 90.217930151000076, 23.958919347000062 ], [ 90.218507800000054, 23.958685944000024 ], [ 90.218506518000083, 23.957922717000031 ], [ 90.218180136000058, 23.957259308000062 ], [ 90.217673472000058, 23.956596153000078 ], [ 90.217476942000076, 23.955521589000057 ], [ 90.219118473000037, 23.956727325000031 ], [ 90.219516389000034, 23.957191919000024 ], [ 90.21980669900006, 23.957954731000029 ], [ 90.21984429400004, 23.958751778000078 ], [ 90.219447749000039, 23.959282995000024 ], [ 90.218942636000065, 23.959547909000037 ], [ 90.218835115000047, 23.960080969000046 ], [ 90.219160859000056, 23.960543408000035 ], [ 90.219197662000056, 23.960875291000036 ], [ 90.219415215000083, 23.961473369000032 ], [ 90.219741046000081, 23.961804842000049 ], [ 90.219742115000031, 23.962434841000061 ], [ 90.219923173000041, 23.962701035000066 ], [ 90.219771924000042, 23.963893511000038 ], [ 90.22057598400005, 23.964391391000049 ], [ 90.22090126300003, 23.964390925000032 ], [ 90.22104534500005, 23.964225879000026 ], [ 90.221442634000084, 23.964125951000028 ], [ 90.221948492000081, 23.964290061000042 ], [ 90.222418022000056, 23.964223896000078 ], [ 90.223285388000079, 23.964554575000022 ], [ 90.22415654100007, 23.96458717400003 ], [ 90.224479875000043, 23.965946062000057 ], [ 90.224228269000037, 23.966809012000056 ], [ 90.223867563000056, 23.967109862000029 ], [ 90.223867848000054, 23.967274699000029 ], [ 90.224012982000033, 23.967540941000038 ], [ 90.224157634000051, 23.967705569000032 ], [ 90.224916732000054, 23.967937039000049 ], [ 90.225133976000052, 23.968336400000055 ], [ 90.226399659000037, 23.969129378000048 ], [ 90.226977442000077, 23.969128525000031 ], [ 90.227230725000084, 23.969229762000055 ], [ 90.227375441000049, 23.96942825900004 ], [ 90.227520802000072, 23.969992559000048 ], [ 90.227665710000053, 23.970123312000055 ], [ 90.228893774000085, 23.970121488000075 ], [ 90.22950733600004, 23.969856376000052 ], [ 90.230229974000054, 23.969954651000023 ], [ 90.232107184000085, 23.969321821000051 ], [ 90.232504648000031, 23.96948605800003 ], [ 90.232901410000068, 23.969088037000063 ], [ 90.233117242000048, 23.968688029000077 ], [ 90.233153013000049, 23.968423782000059 ], [ 90.233079693000036, 23.967791635000026 ], [ 90.232680254000059, 23.966697076000059 ], [ 90.232679659000041, 23.966365143000075 ], [ 90.232824038000047, 23.966200082000057 ], [ 90.233689885000047, 23.965668121000078 ], [ 90.233782646000066, 23.965496368000061 ], [ 90.235388212000032, 23.966029076000041 ], [ 90.236471506000044, 23.965995796000072 ], [ 90.236651874000074, 23.965862294000033 ], [ 90.23704824400005, 23.965263292000031 ], [ 90.237119273000076, 23.964633182000057 ], [ 90.236684847000049, 23.964069335000033 ], [ 90.23650351200007, 23.963672195000072 ], [ 90.236502783000049, 23.963272517000064 ], [ 90.236646721000056, 23.963039714000047 ], [ 90.237079755000082, 23.962675496000031 ], [ 90.237088544000073, 23.962442902000078 ], [ 90.237693326000056, 23.962441968000064 ], [ 90.239282157000048, 23.962240790000067 ], [ 90.239679668000065, 23.962271782000073 ], [ 90.240187148000075, 23.963300668000045 ], [ 90.241236330000049, 23.964260961000036 ], [ 90.241995623000037, 23.964591700000028 ], [ 90.242393029000084, 23.964891399000066 ], [ 90.242610442000057, 23.965189120000048 ], [ 90.243152388000055, 23.965253748000066 ], [ 90.24387557700004, 23.965652276000071 ], [ 90.244961173000036, 23.966677969000045 ], [ 90.245069862000037, 23.966978120000078 ], [ 90.245034671000042, 23.967210756000043 ], [ 90.245612953000034, 23.967641121000042 ], [ 90.246083289000069, 23.967839078000054 ], [ 90.247708120000084, 23.96780259600007 ], [ 90.248178907000067, 23.968233124000051 ], [ 90.250346002000072, 23.968096380000077 ], [ 90.250635187000057, 23.968328489000044 ], [ 90.250671948000047, 23.968594879000023 ], [ 90.250889191000056, 23.968793236000067 ], [ 90.251394916000038, 23.968860150000069 ], [ 90.251791518000061, 23.968726273000073 ], [ 90.252368179000086, 23.967993714000045 ], [ 90.252982446000033, 23.967961090000074 ], [ 90.253596353000034, 23.968059430000039 ], [ 90.254353028000082, 23.967028501000073 ], [ 90.255038443000046, 23.966629943000044 ], [ 90.255256473000031, 23.967225712000072 ], [ 90.255836583000075, 23.968254424000065 ], [ 90.256524497000044, 23.96911585600003 ], [ 90.256813368000053, 23.969183114000032 ], [ 90.257029965000072, 23.969049525000059 ], [ 90.257137624000052, 23.968816766000032 ], [ 90.257462560000079, 23.968484286000034 ], [ 90.257714788000044, 23.968350635000036 ], [ 90.258292405000077, 23.968117085000074 ], [ 90.258617520000087, 23.96818428000006 ], [ 90.258654293000063, 23.968448409000075 ], [ 90.258511713000075, 23.969345103000023 ], [ 90.258698885000058, 23.970476079000036 ], [ 90.258749452000075, 23.970263734000071 ], [ 90.259141808000038, 23.969852105000029 ], [ 90.259646171000043, 23.969541898000045 ], [ 90.261104597000042, 23.969232327000043 ], [ 90.261495599000057, 23.968459403000054 ], [ 90.261888455000076, 23.968302925000046 ] ] ] } },
{ "type": "Feature", "properties": { "matched_key": "U_302672445", "navigation_parent_key": "A_302672", "admin_type": "union", "admin_label": "Union", "map_level": "union", "admin_rank": 3, "displayable": 1, "geometry_status": "EXACT/GEOMETRY", "location_label": "Kaundia Union" }, "geometry": { "type": "Polygon", "coordinates": [ [ [ 90.336826255000062, 23.83250517700003 ], [ 90.336800658000072, 23.831622319000076 ], [ 90.337204021000048, 23.83002947600005 ], [ 90.337406666000049, 23.829841612000052 ], [ 90.338882798000043, 23.829463530000055 ], [ 90.339645349000079, 23.829134429000078 ], [ 90.33984736900004, 23.828946561000066 ], [ 90.339960078000047, 23.828395340000043 ], [ 90.340196499000058, 23.827986101000079 ], [ 90.340993386000036, 23.827650144000074 ], [ 90.342265764000047, 23.827279253000029 ], [ 90.342198635000045, 23.826954238000042 ], [ 90.342265937000036, 23.826877310000043 ], [ 90.34226336200004, 23.826597315000072 ], [ 90.342134262000059, 23.826274693000073 ], [ 90.341402515000084, 23.825937602000067 ], [ 90.340180041000053, 23.825204165000059 ], [ 90.338754838000057, 23.823906638000039 ], [ 90.337015265000048, 23.822049776000028 ], [ 90.33648330300008, 23.821359961000041 ], [ 90.336160914000061, 23.820793882000032 ], [ 90.336111286000062, 23.820346886000038 ], [ 90.336373195000078, 23.819350495000037 ], [ 90.336693580000031, 23.818902692000052 ], [ 90.337463743000058, 23.818453903000034 ], [ 90.338226487000043, 23.818459008000048 ], [ 90.339311262000081, 23.818655338000042 ], [ 90.339905860000044, 23.818654027000036 ], [ 90.340322752000077, 23.818513106000069 ], [ 90.340531284000065, 23.818239417000029 ], [ 90.340578227000037, 23.817887048000046 ], [ 90.340487137000082, 23.817311437000058 ], [ 90.340019381000047, 23.816298580000023 ], [ 90.339454895000074, 23.814660445000072 ], [ 90.338530898000045, 23.811618555000052 ], [ 90.338324760000035, 23.810681896000062 ], [ 90.338526284000068, 23.809839181000029 ], [ 90.33933440900006, 23.807493498000042 ], [ 90.339994253000043, 23.806649773000061 ], [ 90.340908957000067, 23.805898065000065 ], [ 90.341720944000031, 23.805053996000026 ], [ 90.341974588000085, 23.804678588000058 ], [ 90.342228783000053, 23.803691444000037 ], [ 90.342564459000073, 23.802900154000042 ], [ 90.342470152000033, 23.801330981000035 ], [ 90.342283227000053, 23.800471058000028 ], [ 90.341856675000031, 23.79947843900004 ], [ 90.341819779000048, 23.799212065000063 ], [ 90.341578109000068, 23.799000338000042 ], [ 90.340887756000086, 23.798715085000026 ], [ 90.340323580000074, 23.798583104000045 ], [ 90.339905125000087, 23.798335634000068 ], [ 90.33950808700007, 23.798065535000035 ], [ 90.339359899000044, 23.797704564000071 ], [ 90.339358441000059, 23.797142300000075 ], [ 90.339490011000066, 23.796776197000042 ], [ 90.339378942000053, 23.796767408000051 ], [ 90.339420068000038, 23.796539250000023 ], [ 90.339586656000051, 23.796193395000046 ], [ 90.339585751000072, 23.795843389000026 ], [ 90.33972925900008, 23.79582275100006 ], [ 90.33986266800008, 23.795221801000025 ], [ 90.339809922000086, 23.794519645000037 ], [ 90.339604044000055, 23.793675567000037 ], [ 90.339495142000033, 23.790959306000047 ], [ 90.339238113000079, 23.790022756000042 ], [ 90.339101312000082, 23.789788214000055 ], [ 90.339008703000047, 23.789799708000032 ], [ 90.338628472000039, 23.789138917000059 ], [ 90.337767558000053, 23.787399804000074 ], [ 90.337076066000066, 23.786407747000055 ], [ 90.336207475000037, 23.785486074000062 ], [ 90.333709648000081, 23.78821025700006 ], [ 90.332433432000073, 23.789827559000059 ], [ 90.332166089000054, 23.789882328000033 ], [ 90.332151228000043, 23.789828166000063 ], [ 90.332224447000044, 23.790153175000057 ], [ 90.332507034000059, 23.790243159000056 ], [ 90.332010457000081, 23.79069193600003 ], [ 90.331185423000079, 23.791268833000061 ], [ 90.329672069000083, 23.791738789000078 ], [ 90.329178153000043, 23.791241339000067 ], [ 90.32894789900007, 23.791165051000064 ], [ 90.328626436000036, 23.791411870000047 ], [ 90.328276595000034, 23.791351644000031 ], [ 90.327859665000062, 23.791449631000035 ], [ 90.327622175000045, 23.791423038000062 ], [ 90.326403415000073, 23.791807544000051 ], [ 90.326021280000077, 23.791648905000045 ], [ 90.325770281000075, 23.790974769000059 ], [ 90.325213308000059, 23.791060912000034 ], [ 90.325142353000047, 23.790897624000024 ], [ 90.32400978000004, 23.790376125000023 ], [ 90.324092791000055, 23.789958202000037 ], [ 90.323456195000063, 23.789792439000053 ], [ 90.322237132000055, 23.789765632000069 ], [ 90.321460784000067, 23.788401094000051 ], [ 90.321282759000042, 23.787606607000043 ], [ 90.32056744700003, 23.787608098000078 ], [ 90.320210140000086, 23.787500450000039 ], [ 90.319912685000077, 23.787282029000039 ], [ 90.319792869000082, 23.786954852000065 ], [ 90.319610469000054, 23.785367778000023 ], [ 90.319252979000055, 23.784930444000054 ], [ 90.318063478000056, 23.784932899000069 ], [ 90.316519231000086, 23.785374146000038 ], [ 90.316400748000035, 23.785593423000023 ], [ 90.315872684000055, 23.788439727000025 ], [ 90.313606547000063, 23.785653320000051 ], [ 90.313500343000044, 23.785621924000054 ], [ 90.313669597000057, 23.787129997000022 ], [ 90.313672754000038, 23.788444212000059 ], [ 90.313494885000068, 23.788717807000069 ], [ 90.312426679000055, 23.789431276000073 ], [ 90.310288055000058, 23.790201090000039 ], [ 90.306307635000053, 23.791466808000052 ], [ 90.305713423000043, 23.791578634000075 ], [ 90.305356754000059, 23.791744183000048 ], [ 90.305179989000067, 23.792236800000069 ], [ 90.305599007000069, 23.793547932000024 ], [ 90.305601055000068, 23.794424076000041 ], [ 90.305188422000072, 23.795847503000061 ], [ 90.304891886000064, 23.796283905000053 ], [ 90.304773630000057, 23.796613820000061 ], [ 90.304834676000041, 23.797270813000068 ], [ 90.306205413000043, 23.798634253000046 ], [ 90.308053738000069, 23.800875135000069 ], [ 90.308710612000084, 23.802077393000047 ], [ 90.309606852000059, 23.803825631000052 ], [ 90.309669346000078, 23.805083269000079 ], [ 90.309491577000074, 23.805411052000068 ], [ 90.309260603000041, 23.805553778000046 ], [ 90.309523329000058, 23.806122294000033 ], [ 90.310266092000063, 23.806012414000065 ], [ 90.310622337000041, 23.805654915000048 ], [ 90.311186160000034, 23.805380547000027 ], [ 90.311543386000039, 23.805436278000059 ], [ 90.31207984200006, 23.806035851000047 ], [ 90.312615915000038, 23.806472839000037 ], [ 90.313151136000045, 23.806553046000033 ], [ 90.313329488000079, 23.806471391000059 ], [ 90.313625885000079, 23.805978523000078 ], [ 90.314814897000076, 23.805949001000045 ], [ 90.315143113000033, 23.806440599000041 ], [ 90.315353751000032, 23.807533094000064 ], [ 90.316186893000065, 23.807750425000052 ], [ 90.317970870000067, 23.807884500000057 ], [ 90.318179336000071, 23.808076011000026 ], [ 90.318182801000034, 23.809498607000023 ], [ 90.317947944000082, 23.810564919000058 ], [ 90.317682285000046, 23.811330963000046 ], [ 90.317179681000084, 23.812562662000062 ], [ 90.316410137000048, 23.814041044000078 ], [ 90.315550810000047, 23.815192178000075 ], [ 90.315373176000037, 23.815576419000024 ], [ 90.31534438400007, 23.81584970800003 ], [ 90.315433952000035, 23.816095658000052 ], [ 90.315791387000047, 23.816478804000042 ], [ 90.316237808000039, 23.816613377000067 ], [ 90.317010956000047, 23.816611789000035 ], [ 90.318317971000056, 23.816116829000066 ], [ 90.319388115000038, 23.815868485000067 ], [ 90.321526688000063, 23.815179836000027 ], [ 90.322062229000039, 23.815124522000076 ], [ 90.322567357000082, 23.815177662000053 ], [ 90.322835499000064, 23.815423234000036 ], [ 90.322807129000068, 23.815861366000036 ], [ 90.32262924500003, 23.816134971000054 ], [ 90.322362185000031, 23.816327466000075 ], [ 90.320193798000048, 23.817124577000072 ], [ 90.31968945400007, 23.817644990000076 ], [ 90.319529759000034, 23.818083390000027 ], [ 90.319814525000083, 23.818604420000042 ], [ 90.322343792000083, 23.82006014500007 ], [ 90.323717263000049, 23.82111857600006 ], [ 90.325308697000082, 23.822709444000054 ], [ 90.326032495000049, 23.823570509000035 ], [ 90.326107059000037, 23.824432947000048 ], [ 90.325747564000039, 23.824966619000065 ], [ 90.325459110000054, 23.825197554000056 ], [ 90.325393354000084, 23.827620630000069 ], [ 90.325502751000045, 23.828670414000044 ], [ 90.326692864000051, 23.828017564000049 ], [ 90.327413861000082, 23.827749582000024 ], [ 90.328280351000046, 23.827747739000074 ], [ 90.330230744000062, 23.82854068000006 ], [ 90.332399537000072, 23.830261206000046 ], [ 90.333484603000045, 23.831254684000044 ], [ 90.334351869000045, 23.83178571600007 ], [ 90.336065274000077, 23.83250232000006 ], [ 90.336085997000055, 23.832445823000057 ], [ 90.336826255000062, 23.83250517700003 ] ] ] } },
{ "type": "Feature", "properties": { "matched_key": "U_302672611", "navigation_parent_key": "A_302672", "admin_type": "union", "admin_label": "Union", "map_level": "union", "admin_rank": 3, "displayable": 1, "geometry_status": "EXACT/GEOMETRY", "location_label": "Pathalia Union" }, "geometry": { "type": "Polygon", "coordinates": [ [ [ 90.236735512000052, 23.933095255000069 ], [ 90.237776831000076, 23.932928807000053 ], [ 90.239055070000063, 23.932351013000073 ], [ 90.239292964000072, 23.932133866000072 ], [ 90.23985708500004, 23.931311049000044 ], [ 90.240034281000078, 23.930818509000062 ], [ 90.240151961000038, 23.93002573900003 ], [ 90.240359297000055, 23.929560254000023 ], [ 90.24089417600004, 23.928875216000051 ], [ 90.241429252000046, 23.928628246000073 ], [ 90.241696408000053, 23.928300405000073 ], [ 90.241993445000048, 23.928189291000024 ], [ 90.242291303000059, 23.928188822000038 ], [ 90.243690059000073, 23.928378546000033 ], [ 90.243748554000035, 23.927804901000059 ], [ 90.243956693000086, 23.927447795000035 ], [ 90.244310829000085, 23.926024642000073 ], [ 90.244932966000079, 23.924409124000078 ], [ 90.244958013000087, 23.922058422000077 ], [ 90.245165988000053, 23.921947446000047 ], [ 90.245523399000035, 23.92194687500006 ], [ 90.246206635000078, 23.921480619000079 ], [ 90.246623409000051, 23.921371561000058 ], [ 90.246859870000037, 23.920741177000025 ], [ 90.246948541000052, 23.92022167500005 ], [ 90.247245767000038, 23.920221198000036 ], [ 90.249747321000086, 23.921339422000074 ], [ 90.251325385000086, 23.921555882000064 ], [ 90.251801105000084, 23.921444457000064 ], [ 90.252276350000045, 23.921089159000076 ], [ 90.252602868000054, 23.920677652000052 ], [ 90.253375304000031, 23.919992183000033 ], [ 90.253583326000069, 23.919910551000044 ], [ 90.254892589000065, 23.919908384000053 ], [ 90.255796175000057, 23.919597988000078 ], [ 90.256312266000066, 23.920815805000075 ], [ 90.257800865000036, 23.920906504000072 ], [ 90.258152966000068, 23.921037805000026 ], [ 90.25936190200008, 23.921028936000027 ], [ 90.257852784000079, 23.917916546000072 ], [ 90.259231231000058, 23.916836913000054 ], [ 90.259696173000066, 23.91616666300007 ], [ 90.258438376000072, 23.913410863000024 ], [ 90.260008451000033, 23.912370211000052 ], [ 90.257827836000047, 23.910473555000067 ], [ 90.258923154000058, 23.909342860000038 ], [ 90.260417844000074, 23.908051484000055 ], [ 90.261301643000081, 23.907173939000074 ], [ 90.261755274000052, 23.906539863000035 ], [ 90.262151883000058, 23.905149538000046 ], [ 90.263152064000053, 23.903378987000053 ], [ 90.263461264000057, 23.903031786000042 ], [ 90.263740165000058, 23.902109787000029 ], [ 90.264445588000058, 23.900969081000028 ], [ 90.266668348000053, 23.901229146000048 ], [ 90.266898931000071, 23.900038331000076 ], [ 90.267614848000051, 23.89931057900003 ], [ 90.267719653000086, 23.899015232000067 ], [ 90.267683272000056, 23.898762958000077 ], [ 90.267939273000081, 23.898296658000049 ], [ 90.269057773000043, 23.898380059000033 ], [ 90.270153438000079, 23.898343217000047 ], [ 90.270805431000042, 23.896359349000022 ], [ 90.272208532000036, 23.897295849000045 ], [ 90.276600633000044, 23.901291548000074 ], [ 90.277667433000033, 23.901824348000048 ], [ 90.27878133300004, 23.902240649000078 ], [ 90.279649087000053, 23.902700518000074 ], [ 90.279731808000065, 23.90252313700006 ], [ 90.279969808000033, 23.902412057000049 ], [ 90.280326493000075, 23.90238430900007 ], [ 90.280861442000059, 23.902164301000028 ], [ 90.281069259000049, 23.901725854000063 ], [ 90.281692944000042, 23.901370193000048 ], [ 90.281900143000087, 23.900931745000037 ], [ 90.282195502000036, 23.899808938000035 ], [ 90.282194490000052, 23.899343772000066 ], [ 90.282015225000066, 23.899070874000074 ], [ 90.281863319000081, 23.89754017100006 ], [ 90.282219274000056, 23.897182742000041 ], [ 90.282308029000035, 23.896773866000046 ], [ 90.282426844000042, 23.896635906000029 ], [ 90.28314024000008, 23.896607496000058 ], [ 90.283229524000035, 23.896442491000073 ], [ 90.282958612000073, 23.89496620400007 ], [ 90.283105287000069, 23.894089797000049 ], [ 90.283460340000033, 23.89332365100006 ], [ 90.283433511000055, 23.893127247000052 ], [ 90.283764373000054, 23.893095026000026 ], [ 90.28394207000008, 23.892932115000065 ], [ 90.284180291000041, 23.892931675000057 ], [ 90.284389025000053, 23.893204517000072 ], [ 90.284494418000065, 23.893669488000057 ], [ 90.284657853000056, 23.89372338000004 ], [ 90.284806227000047, 23.893628266000064 ], [ 90.284864675000051, 23.89312234700003 ], [ 90.284713518000046, 23.891946166000025 ], [ 90.283908773000064, 23.891179902000033 ], [ 90.283878036000033, 23.890879634000044 ], [ 90.284026990000086, 23.890770971000052 ], [ 90.284889126000053, 23.890550343000029 ], [ 90.285007518000043, 23.890222702000074 ], [ 90.285572294000076, 23.890192300000024 ], [ 90.285661695000044, 23.890083743000048 ], [ 90.285955841000032, 23.88871479900007 ], [ 90.286610015000065, 23.88857809700005 ], [ 90.286667519000048, 23.887647658000049 ], [ 90.28711289000006, 23.887208760000078 ], [ 90.287112407000052, 23.886989725000035 ], [ 90.287052371000073, 23.886770803000047 ], [ 90.28669463500006, 23.886579534000077 ], [ 90.28648669200004, 23.886663469000041 ], [ 90.286308458000065, 23.886855740000044 ], [ 90.284791222000081, 23.88677500600005 ], [ 90.284642353000038, 23.886639794000075 ], [ 90.284313207000082, 23.88576426700007 ], [ 90.28365720000005, 23.885054178000075 ], [ 90.283507913000051, 23.884727033000047 ], [ 90.283297588000039, 23.883715795000057 ], [ 90.283740689000069, 23.882235932000071 ], [ 90.284185799000056, 23.881961882000041 ], [ 90.284244809000086, 23.881715641000028 ], [ 90.284300838000036, 23.880103262000034 ], [ 90.284091112000056, 23.879365257000075 ], [ 90.283969205000062, 23.878078370000026 ], [ 90.28358066100003, 23.87725940100006 ], [ 90.283282760000077, 23.876903170000048 ], [ 90.283044155000084, 23.876713927000026 ], [ 90.282686407000085, 23.876220064000051 ], [ 90.28206134900006, 23.876167016000068 ], [ 90.281464182000036, 23.87510228900004 ], [ 90.281225696000035, 23.874964985000076 ], [ 90.280519999000035, 23.874808206000068 ], [ 90.280570821000083, 23.874747143000036 ], [ 90.277076302000069, 23.875016125000059 ], [ 90.273380022000083, 23.87504117900005 ], [ 90.27332526500004, 23.875990733000037 ], [ 90.27216575500006, 23.875868898000078 ], [ 90.270813954000062, 23.875887195000075 ], [ 90.269645854000032, 23.875017796000066 ], [ 90.268438074000073, 23.874864921000039 ], [ 90.267827427000043, 23.874901831000045 ], [ 90.26776280100006, 23.875069233000033 ], [ 90.267802864000032, 23.875594927000066 ], [ 90.266256536000071, 23.87558566000007 ], [ 90.266073886000072, 23.875227500000051 ], [ 90.265605684000036, 23.87502517300004 ], [ 90.265604611000072, 23.874499410000055 ], [ 90.262900764000051, 23.874611592000065 ], [ 90.262982794000038, 23.874075927000035 ], [ 90.263010162000057, 23.872734576000028 ], [ 90.263129688000049, 23.872341463000055 ], [ 90.262719010000069, 23.872344421000037 ], [ 90.261887157000046, 23.87201390000007 ], [ 90.260776391000036, 23.871879024000066 ], [ 90.260710145000075, 23.871949503000053 ], [ 90.258980472000076, 23.871673028000032 ], [ 90.258838303000061, 23.872106820000056 ], [ 90.258829836000075, 23.874023957000077 ], [ 90.258495022000034, 23.874519040000052 ], [ 90.258186637000051, 23.874720530000047 ], [ 90.257319216000042, 23.874721983000029 ], [ 90.256056467000064, 23.87535635200004 ], [ 90.255695080000066, 23.875456309000072 ], [ 90.253021523000086, 23.875426857000036 ], [ 90.252009595000061, 23.875622714000031 ], [ 90.251896865000049, 23.873202219000063 ], [ 90.251679139000032, 23.872671923000041 ], [ 90.251389680000045, 23.872505297000032 ], [ 90.251101160000076, 23.872505770000032 ], [ 90.25081225100007, 23.872305271000073 ], [ 90.250991671000065, 23.872074652000038 ], [ 90.251171253000052, 23.871609191000061 ], [ 90.251132924000046, 23.870514078000042 ], [ 90.251419937000037, 23.869416174000037 ], [ 90.251382370000044, 23.868718484000055 ], [ 90.251273624000078, 23.868352851000054 ], [ 90.251335232000031, 23.868149522000067 ], [ 90.251143369000033, 23.867973704000065 ], [ 90.250805074000084, 23.867942640000024 ], [ 90.250352555000063, 23.867568533000053 ], [ 90.250242142000047, 23.867013522000036 ], [ 90.250102333000086, 23.86677213400003 ], [ 90.249954918000071, 23.866724953000073 ], [ 90.249624776000076, 23.866781939000077 ], [ 90.249398712000072, 23.866694240000072 ], [ 90.249294081000073, 23.866549892000023 ], [ 90.249162378000051, 23.866007698000033 ], [ 90.248184412000057, 23.866275896000047 ], [ 90.246709860000067, 23.866878918000054 ], [ 90.245589022000047, 23.866582641000036 ], [ 90.243204023000033, 23.866152872000043 ], [ 90.242119781000042, 23.865723285000058 ], [ 90.24179444300006, 23.865723797000044 ], [ 90.241361500000039, 23.865957058000049 ], [ 90.240891970000064, 23.865991665000024 ], [ 90.237644278000062, 23.863810596000064 ], [ 90.235992261000035, 23.866051491000064 ], [ 90.23497578000007, 23.867270159000043 ], [ 90.233553664000056, 23.869426548000035 ], [ 90.233300338000049, 23.87022403800006 ], [ 90.233149835000063, 23.871536224000067 ], [ 90.23325425400003, 23.872940601000039 ], [ 90.23382061500007, 23.876218497000025 ], [ 90.233872915000063, 23.876968106000049 ], [ 90.233874344000071, 23.877762952000069 ], [ 90.233571225000048, 23.879215370000054 ], [ 90.232860183000071, 23.880340978000049 ], [ 90.231792773000052, 23.881654540000056 ], [ 90.230878210000071, 23.882967869000026 ], [ 90.230573471000071, 23.883530592000056 ], [ 90.230220649000046, 23.885545339000032 ], [ 90.230224213000042, 23.887559554000063 ], [ 90.230378663000067, 23.888449009000055 ], [ 90.231710716000066, 23.892802867000057 ], [ 90.231815808000079, 23.89458208700006 ], [ 90.231766098000037, 23.895284427000036 ], [ 90.231309427000042, 23.896222220000027 ], [ 90.230953364000072, 23.896597600000064 ], [ 90.230190080000057, 23.897066168000038 ], [ 90.229019265000034, 23.897630181000068 ], [ 90.228459652000083, 23.898005855000065 ], [ 90.228155609000055, 23.898990833000028 ], [ 90.228157169000042, 23.899880517000042 ], [ 90.228362497000035, 23.900722482000049 ], [ 90.22948709700006, 23.902829864000068 ], [ 90.230254397000067, 23.904608090000067 ], [ 90.230511989000036, 23.906341914000052 ], [ 90.23051373100003, 23.907324181000035 ], [ 90.230413682000062, 23.908214015000055 ], [ 90.230059991000076, 23.909948755000073 ], [ 90.229705293000052, 23.911118975000022 ], [ 90.228184468000052, 23.915431924000075 ], [ 90.227879972000039, 23.916182057000071 ], [ 90.226711732000069, 23.918150579000041 ], [ 90.226407381000058, 23.918993291000049 ], [ 90.226003613000046, 23.921288096000069 ], [ 90.226007199000037, 23.923349725000037 ], [ 90.225805166000043, 23.924239706000037 ], [ 90.22560225400008, 23.924802266000029 ], [ 90.224129117000075, 23.927380894000066 ], [ 90.224282784000081, 23.927990352000052 ], [ 90.224640165000039, 23.928317251000067 ], [ 90.227240790000053, 23.92939053300006 ], [ 90.227598019000084, 23.929624843000056 ], [ 90.227852991000077, 23.929857048000031 ], [ 90.228006493000066, 23.930186500000048 ], [ 90.228160757000069, 23.930949502000033 ], [ 90.230006361000051, 23.931161268000039 ], [ 90.23042345500005, 23.931379675000073 ], [ 90.230720869000038, 23.931297940000036 ], [ 90.231017454000039, 23.930751038000039 ], [ 90.23113634200007, 23.930777957000032 ], [ 90.232208851000053, 23.931404087000033 ], [ 90.23253679000004, 23.931733269000063 ], [ 90.232596995000051, 23.932087697000043 ], [ 90.232716245000063, 23.932143969000037 ], [ 90.232894659000067, 23.932143699000051 ], [ 90.233429282000031, 23.931458691000046 ], [ 90.233548071000087, 23.931431411000062 ], [ 90.233875564000073, 23.931512205000047 ], [ 90.234173517000045, 23.931730784000024 ], [ 90.235634115000039, 23.932986302000074 ], [ 90.235872249000067, 23.933067225000059 ], [ 90.236735512000052, 23.933095255000069 ] ] ] } },
{ "type": "Feature", "properties": { "matched_key": "U_302672711", "navigation_parent_key": "A_302672", "admin_type": "union", "admin_label": "Union", "map_level": "union", "admin_rank": 3, "displayable": 1, "geometry_status": "EXACT/GEOMETRY", "location_label": "Savar Union" }, "geometry": { "type": "MultiPolygon", "coordinates": [ [ [ [ 90.290616968000052, 23.887886382000033 ], [ 90.291447291000054, 23.883343800000034 ], [ 90.291681572000073, 23.881593338000073 ], [ 90.292181911000057, 23.879404303000058 ], [ 90.292448099000069, 23.878746695000075 ], [ 90.292952478000075, 23.878088632000072 ], [ 90.293517081000061, 23.877733038000031 ], [ 90.294731764000062, 23.875734566000062 ], [ 90.294909290000078, 23.875241962000075 ], [ 90.295235246000061, 23.874692622000055 ], [ 90.295709889000079, 23.874199447000024 ], [ 90.296302876000084, 23.87337862000004 ], [ 90.296330154000032, 23.872147910000024 ], [ 90.295942284000034, 23.870841222000024 ], [ 90.295880885000031, 23.870834566000042 ], [ 90.295761050000067, 23.870507374000056 ], [ 90.295727296000052, 23.868619676000037 ], [ 90.295637488000068, 23.868538557000022 ], [ 90.295191026000055, 23.868455864000055 ], [ 90.29510145900008, 23.868209903000036 ], [ 90.295099976000074, 23.867555061000076 ], [ 90.294840368000052, 23.866765226000041 ], [ 90.293997919000049, 23.866927159000056 ], [ 90.293106862000059, 23.867312737000077 ], [ 90.292304989000058, 23.868052655000042 ], [ 90.291059527000073, 23.869723743000065 ], [ 90.290557066000076, 23.870955353000056 ], [ 90.290111212000056, 23.871148131000041 ], [ 90.286096559000043, 23.871455968000078 ], [ 90.286006691000068, 23.871345490000067 ], [ 90.286005992000071, 23.871027100000049 ], [ 90.286420859000032, 23.870141157000035 ], [ 90.287102593000043, 23.869182458000068 ], [ 90.287488422000081, 23.868773022000028 ], [ 90.287902799000051, 23.867950301000064 ], [ 90.28849610900005, 23.867264990000024 ], [ 90.288850518000061, 23.86597947100006 ], [ 90.289085777000082, 23.86466708100005 ], [ 90.289411066000071, 23.863817426000026 ], [ 90.289825604000043, 23.863078249000068 ], [ 90.28994292200008, 23.862285439000061 ], [ 90.290149546000066, 23.861627944000077 ], [ 90.29139243700007, 23.858836851000035 ], [ 90.291511147000051, 23.858671786000059 ], [ 90.291719169000032, 23.858644294000044 ], [ 90.291688542000031, 23.858398222000062 ], [ 90.291212043000087, 23.858042342000033 ], [ 90.291092051000078, 23.857633854000028 ], [ 90.291091824000034, 23.857532242000048 ], [ 90.291782366000064, 23.857262222000031 ], [ 90.291925940000056, 23.85696388100007 ], [ 90.291744219000066, 23.856399703000022 ], [ 90.29149059000008, 23.856068243000038 ], [ 90.291236025000046, 23.855041291000077 ], [ 90.291268880000075, 23.853812825000034 ], [ 90.29104800500005, 23.851654504000066 ], [ 90.290647265000075, 23.850029430000063 ], [ 90.29057313900006, 23.84926633300006 ], [ 90.290608610000049, 23.848934327000052 ], [ 90.29096757800005, 23.848071056000038 ], [ 90.291904083000077, 23.847206692000043 ], [ 90.292227865000086, 23.846806394000055 ], [ 90.292458141000054, 23.84603820500007 ], [ 90.291206720000048, 23.844947654000066 ], [ 90.290639326000075, 23.843991294000034 ], [ 90.290102683000043, 23.84333520000007 ], [ 90.28861353700006, 23.842407656000034 ], [ 90.287898016000042, 23.841616404000035 ], [ 90.286885884000071, 23.841017635000071 ], [ 90.28530827700007, 23.840309263000051 ], [ 90.282572388000062, 23.838909299000022 ], [ 90.282304794000083, 23.84002997500005 ], [ 90.281981103000078, 23.840762193000046 ], [ 90.281621164000057, 23.841194145000031 ], [ 90.281550217000074, 23.841591703000063 ], [ 90.281680648000076, 23.842345970000054 ], [ 90.282622138000079, 23.843771365000066 ], [ 90.28287759300008, 23.844965429000069 ], [ 90.284648766000032, 23.84632380100004 ], [ 90.28624076400007, 23.848244753000074 ], [ 90.286996043000045, 23.848961420000023 ], [ 90.287110217000077, 23.849803479000059 ], [ 90.286715226000069, 23.850766164000049 ], [ 90.286824712000055, 23.851429841000026 ], [ 90.287042325000073, 23.851860731000045 ], [ 90.287151917000074, 23.852294082000071 ], [ 90.28729842100006, 23.85332124200005 ], [ 90.287190369000086, 23.853587900000036 ], [ 90.286433905000081, 23.854020604000027 ], [ 90.285315479000076, 23.854255262000038 ], [ 90.284269694000045, 23.854589138000051 ], [ 90.284053460000052, 23.854788249000023 ], [ 90.283910374000072, 23.855319165000026 ], [ 90.283657855000058, 23.855486729000063 ], [ 90.282819705000065, 23.855623756000057 ], [ 90.282670991000032, 23.855542737000064 ], [ 90.282195714000068, 23.855735548000041 ], [ 90.281067544000052, 23.856584395000027 ], [ 90.280146087000048, 23.85680510800006 ], [ 90.278777282000078, 23.856507266000051 ], [ 90.278735664000067, 23.856563794000067 ], [ 90.279013241000087, 23.855768442000056 ], [ 90.279189922000057, 23.854864883000062 ], [ 90.279188396000052, 23.854153587000042 ], [ 90.279366069000048, 23.853715193000028 ], [ 90.279840523000075, 23.853140775000043 ], [ 90.27992828400005, 23.852564800000039 ], [ 90.280076904000055, 23.852318398000023 ], [ 90.280076438000037, 23.852101619000052 ], [ 90.279986590000078, 23.851991137000027 ], [ 90.27986745700008, 23.851964258000066 ], [ 90.279600083000048, 23.852073132000044 ], [ 90.279482036000047, 23.852265282000076 ], [ 90.279273530000069, 23.852349212000036 ], [ 90.278500837000081, 23.852377708000063 ], [ 90.277816123000036, 23.852214102000062 ], [ 90.276894455000047, 23.852324152000051 ], [ 90.276537676000032, 23.852243500000043 ], [ 90.275674216000084, 23.851725685000076 ], [ 90.274959932000058, 23.851507925000078 ], [ 90.273651418000043, 23.851537355000062 ], [ 90.272848314000044, 23.851403293000033 ], [ 90.272550632000048, 23.85140382000003 ], [ 90.271194645000037, 23.851921058000073 ], [ 90.270916138000075, 23.851697996000041 ], [ 90.269416363000062, 23.850953197000024 ], [ 90.268404977000046, 23.849819135000075 ], [ 90.267817110000067, 23.848982407000051 ], [ 90.267717635000054, 23.84866192800007 ], [ 90.267391695000072, 23.849206398000035 ], [ 90.266803676000052, 23.849792261000061 ], [ 90.266313922000052, 23.850109246000045 ], [ 90.266166592000047, 23.850440424000055 ], [ 90.265486949000035, 23.850991263000026 ], [ 90.265321526000037, 23.85168442500003 ], [ 90.264877525000031, 23.85153533700003 ], [ 90.264666640000087, 23.852271030000054 ], [ 90.264652010000077, 23.852744244000064 ], [ 90.264934778000054, 23.854431796000028 ], [ 90.26491087900007, 23.855289371000026 ], [ 90.264996881000059, 23.855307326000059 ], [ 90.264935114000082, 23.856028063000053 ], [ 90.267654381000057, 23.85626772300003 ], [ 90.267572102000031, 23.857301330000041 ], [ 90.267659881000043, 23.858125080000036 ], [ 90.266585187000032, 23.858105180000052 ], [ 90.266287785000031, 23.859741979000034 ], [ 90.264852284000085, 23.859633678000023 ], [ 90.264708901000063, 23.860856047000027 ], [ 90.264804514000048, 23.860912330000076 ], [ 90.26472536600005, 23.861533444000031 ], [ 90.264365510000061, 23.862365041000032 ], [ 90.263644917000079, 23.863296611000067 ], [ 90.263428435000037, 23.863396339000076 ], [ 90.262850336000042, 23.863462811000034 ], [ 90.261918684000079, 23.863231813000027 ], [ 90.261873518000073, 23.863155416000041 ], [ 90.260848644000077, 23.863209091000044 ], [ 90.260555029000045, 23.863415075000034 ], [ 90.260488612000074, 23.863620375000039 ], [ 90.260023170000068, 23.863542126000027 ], [ 90.25976294700007, 23.864795810000032 ], [ 90.259546526000065, 23.865236505000041 ], [ 90.259182604000046, 23.865589381000063 ], [ 90.258739382000044, 23.865845987000057 ], [ 90.258965082000032, 23.867339600000037 ], [ 90.259175091000031, 23.868408541000065 ], [ 90.259513444000049, 23.868674588000033 ], [ 90.260020404000045, 23.868777541000043 ], [ 90.260054749000062, 23.869709522000051 ], [ 90.260626633000072, 23.869792200000063 ], [ 90.261017147000075, 23.870144039000024 ], [ 90.261056547000067, 23.870353084000044 ], [ 90.260979184000064, 23.870651945000077 ], [ 90.260696836000079, 23.871343271000057 ], [ 90.260792656000035, 23.871590272000049 ], [ 90.260776391000036, 23.871879024000066 ], [ 90.261887157000046, 23.87201390000007 ], [ 90.262719010000069, 23.872344421000037 ], [ 90.263129688000049, 23.872341463000055 ], [ 90.263010162000057, 23.872734576000028 ], [ 90.262982794000038, 23.874075927000035 ], [ 90.262900764000051, 23.874611592000065 ], [ 90.265604611000072, 23.874499410000055 ], [ 90.265605684000036, 23.87502517300004 ], [ 90.266073886000072, 23.875227500000051 ], [ 90.266256536000071, 23.87558566000007 ], [ 90.267802864000032, 23.875594927000066 ], [ 90.26776280100006, 23.875069233000033 ], [ 90.267827427000043, 23.874901831000045 ], [ 90.268438074000073, 23.874864921000039 ], [ 90.269645854000032, 23.875017796000066 ], [ 90.270813954000062, 23.875887195000075 ], [ 90.27216575500006, 23.875868898000078 ], [ 90.27332526500004, 23.875990733000037 ], [ 90.273380022000083, 23.87504117900005 ], [ 90.277076302000069, 23.875016125000059 ], [ 90.280570821000083, 23.874747143000036 ], [ 90.280519999000035, 23.874808206000068 ], [ 90.281225696000035, 23.874964985000076 ], [ 90.281464182000036, 23.87510228900004 ], [ 90.28206134900006, 23.876167016000068 ], [ 90.282686407000085, 23.876220064000051 ], [ 90.283044155000084, 23.876713927000026 ], [ 90.283282760000077, 23.876903170000048 ], [ 90.28358066100003, 23.87725940100006 ], [ 90.283969205000062, 23.878078370000026 ], [ 90.284091112000056, 23.879365257000075 ], [ 90.284300838000036, 23.880103262000034 ], [ 90.284244809000086, 23.881715641000028 ], [ 90.284185799000056, 23.881961882000041 ], [ 90.283740689000069, 23.882235932000071 ], [ 90.283297884000035, 23.883851279000055 ], [ 90.28365720000005, 23.885054178000075 ], [ 90.284313207000082, 23.88576426700007 ], [ 90.284642353000038, 23.886639794000075 ], [ 90.284791222000081, 23.88677500600005 ], [ 90.286308458000065, 23.886855740000044 ], [ 90.28648669200004, 23.886663469000041 ], [ 90.28669463500006, 23.886579534000077 ], [ 90.286843886000042, 23.886608611000042 ], [ 90.287052371000073, 23.886770803000047 ], [ 90.287112776000072, 23.887156824000044 ], [ 90.289404671000057, 23.887723827000059 ], [ 90.289731843000084, 23.887696113000061 ], [ 90.289910255000052, 23.887860617000058 ], [ 90.290616968000052, 23.887886382000033 ] ] ], [ [ [ 90.262178745000085, 23.824093129000062 ], [ 90.262798807000081, 23.824241535000056 ], [ 90.263263305000066, 23.824257769000042 ], [ 90.263618207000036, 23.823376636000035 ], [ 90.264211208000063, 23.82259573500005 ], [ 90.264648908000083, 23.822749836000071 ], [ 90.265258308000057, 23.822581636000052 ], [ 90.26549970800005, 23.822422136000057 ], [ 90.265476508000063, 23.822181036000075 ], [ 90.265956908000078, 23.822348136000073 ], [ 90.266482508000081, 23.822391435000043 ], [ 90.266913309000074, 23.822523537000052 ], [ 90.267871161000073, 23.822576299000048 ], [ 90.267995652000081, 23.822339578000026 ], [ 90.268221465000067, 23.822214618000032 ], [ 90.269137954000087, 23.822589423000068 ], [ 90.270016611000074, 23.822771483000054 ], [ 90.270260543000063, 23.822959257000036 ], [ 90.271034059000044, 23.823283518000039 ], [ 90.273011215000054, 23.823958240000024 ], [ 90.273500230000082, 23.823019746000057 ], [ 90.273355121000066, 23.822588705000044 ], [ 90.272849468000061, 23.82228927400007 ], [ 90.272091622000062, 23.822290613000064 ], [ 90.271623151000085, 23.822458538000035 ], [ 90.27151432900007, 23.82235937300004 ], [ 90.271586326000033, 23.822160533000044 ], [ 90.271766527000068, 23.822060856000064 ], [ 90.271982451000042, 23.821728536000023 ], [ 90.271873004000042, 23.821329043000048 ], [ 90.271511083000064, 23.820799027000078 ], [ 90.271474325000042, 23.820532634000074 ], [ 90.271546319000038, 23.820333794000078 ], [ 90.266621678000035, 23.81751072000003 ], [ 90.264927718000081, 23.819141735000073 ], [ 90.264675106000084, 23.819241526000042 ], [ 90.263988859000051, 23.81974400200005 ], [ 90.263954272000035, 23.819633413000076 ], [ 90.263312092000035, 23.819776773000058 ], [ 90.26245857400005, 23.819833721000066 ], [ 90.262288770000055, 23.820238584000037 ], [ 90.26216137800003, 23.820221315000026 ], [ 90.261917248000032, 23.820647835000045 ], [ 90.261256378000041, 23.820616607000034 ], [ 90.261262183000042, 23.821417525000072 ], [ 90.26198720800005, 23.82143893600005 ], [ 90.261862707000034, 23.823541034000073 ], [ 90.261827806000042, 23.823705434000033 ], [ 90.26144690600006, 23.823698634000039 ], [ 90.261426439000047, 23.824663819000023 ], [ 90.261671724000053, 23.824605144000031 ], [ 90.262178745000085, 23.824093129000062 ] ] ], [ [ [ 90.242777318000037, 23.857954441000061 ], [ 90.242868922000071, 23.856962572000043 ], [ 90.243191105000051, 23.857134866000024 ], [ 90.243581104000043, 23.857162067000047 ], [ 90.243734306000079, 23.856226466000066 ], [ 90.243064906000086, 23.85419366800005 ], [ 90.243086525000081, 23.853275489000055 ], [ 90.240979864000053, 23.853223857000046 ], [ 90.240840379000076, 23.855019638000044 ], [ 90.240589379000085, 23.856704578000063 ], [ 90.240334575000077, 23.857701659000043 ], [ 90.242777318000037, 23.857954441000061 ] ] ] ] } },
{ "type": "Feature", "properties": { "matched_key": "U_302672729", "navigation_parent_key": "A_302672", "admin_type": "union", "admin_label": "Union", "map_level": "union", "admin_rank": 3, "displayable": 1, "geometry_status": "EXACT/GEOMETRY", "location_label": "Shimulia Union" }, "geometry": { "type": "Polygon", "coordinates": [ [ [ 90.243405171000063, 24.030757375000064 ], [ 90.24713618100003, 24.027657876000035 ], [ 90.249689518000082, 24.025869877000048 ], [ 90.251163510000083, 24.025325535000036 ], [ 90.251210925000066, 24.024422238000056 ], [ 90.251087435000045, 24.024128891000032 ], [ 90.250447383000051, 24.023678329000063 ], [ 90.249881565000067, 24.02347603000004 ], [ 90.249610795000081, 24.023295827000027 ], [ 90.249511982000058, 24.02304760100003 ], [ 90.249681931000055, 24.021940880000045 ], [ 90.248917411000036, 24.020677616000057 ], [ 90.248916541000085, 24.02022600600003 ], [ 90.248989944000073, 24.020045242000037 ], [ 90.249456366000061, 24.01970577700007 ], [ 90.250486575000082, 24.018529910000041 ], [ 90.250805010000079, 24.017942295000068 ], [ 90.25090250900007, 24.017513104000045 ], [ 90.251613425000073, 24.016495815000042 ], [ 90.252669229000048, 24.015861823000023 ], [ 90.254193058000055, 24.015723822000041 ], [ 90.255275121000068, 24.015947827000048 ], [ 90.256086241000048, 24.01590131200004 ], [ 90.257977676000053, 24.015198144000067 ], [ 90.258369909000066, 24.014655553000068 ], [ 90.258639089000042, 24.014045425000063 ], [ 90.259100888000035, 24.013507227000048 ], [ 90.258553796000058, 24.012573317000033 ], [ 90.258437938000043, 24.01087319800007 ], [ 90.258324249000054, 24.010256940000033 ], [ 90.258910585000081, 24.009373053000047 ], [ 90.259397874000058, 24.009051588000034 ], [ 90.259162849000063, 24.008607149000056 ], [ 90.258319726000082, 24.007992121000029 ], [ 90.257814798000084, 24.008096840000064 ], [ 90.257309460000045, 24.007993820000024 ], [ 90.256971473000078, 24.007375680000052 ], [ 90.256634211000062, 24.007118828000046 ], [ 90.256241232000036, 24.006965937000075 ], [ 90.255735384000047, 24.006914846000029 ], [ 90.255060767000032, 24.006351456000061 ], [ 90.254723203000083, 24.005938795000077 ], [ 90.254328915000031, 24.005117518000077 ], [ 90.25415922500008, 24.004447156000026 ], [ 90.253483309000046, 24.003213119000065 ], [ 90.253033008000045, 24.00264708900005 ], [ 90.252245667000068, 24.001928065000072 ], [ 90.252244664000045, 24.001413230000026 ], [ 90.252461820000065, 24.000277071000028 ], [ 90.25212970900003, 24.000128585000027 ], [ 90.251680234000048, 23.99966416500007 ], [ 90.250837104000084, 23.99899716300007 ], [ 90.250892123000085, 23.998534169000038 ], [ 90.251115906000052, 23.998276384000064 ], [ 90.25218262900006, 23.99827463400004 ], [ 90.252518757000075, 23.997964726000077 ], [ 90.252966831000037, 23.99739947300003 ], [ 90.253639175000046, 23.996831591000046 ], [ 90.254468761000055, 23.995413993000057 ], [ 90.25500149800007, 23.995515294000029 ], [ 90.256050629000072, 23.993305368000051 ], [ 90.255743808000034, 23.993157823000047 ], [ 90.258729980000055, 23.987292991000061 ], [ 90.259015250000061, 23.986569953000071 ], [ 90.259158453000055, 23.98584945500005 ], [ 90.25922823600007, 23.984239607000063 ], [ 90.26182261200006, 23.978352244000064 ], [ 90.261938021000049, 23.978010140000038 ], [ 90.261927951000075, 23.977631983000038 ], [ 90.261515382000084, 23.977280638000025 ], [ 90.261921681000047, 23.975809495000078 ], [ 90.26231505100003, 23.975514191000059 ], [ 90.262508636000064, 23.974771563000047 ], [ 90.259443344000033, 23.974729817000025 ], [ 90.259352837000051, 23.974227878000079 ], [ 90.259992227000055, 23.974226797000028 ], [ 90.260384592000037, 23.974122260000058 ], [ 90.260664422000048, 23.973658882000052 ], [ 90.26066297400007, 23.972938563000071 ], [ 90.260381384000084, 23.972525814000051 ], [ 90.259819867000033, 23.972219669000026 ], [ 90.259538285000076, 23.971806919000073 ], [ 90.258527070000071, 23.971192175000056 ], [ 90.258698885000058, 23.970476079000036 ], [ 90.258511713000075, 23.969345103000023 ], [ 90.258654293000063, 23.968448409000075 ], [ 90.258617520000087, 23.96818428000006 ], [ 90.258292405000077, 23.968117085000074 ], [ 90.257714788000044, 23.968350635000036 ], [ 90.257462560000079, 23.968484286000034 ], [ 90.257137624000052, 23.968816766000032 ], [ 90.257029965000072, 23.969049525000059 ], [ 90.256813368000053, 23.969183114000032 ], [ 90.256524497000044, 23.96911585600003 ], [ 90.255836583000075, 23.968254424000065 ], [ 90.255256473000031, 23.967225712000072 ], [ 90.255038443000046, 23.966629943000044 ], [ 90.254353028000082, 23.967028501000073 ], [ 90.253596353000034, 23.968059430000039 ], [ 90.252982446000033, 23.967961090000074 ], [ 90.252368179000086, 23.967993714000045 ], [ 90.251791518000061, 23.968726273000073 ], [ 90.251394916000038, 23.968860150000069 ], [ 90.250889191000056, 23.968793236000067 ], [ 90.250671948000047, 23.968594879000023 ], [ 90.250635187000057, 23.968328489000044 ], [ 90.250346002000072, 23.968096380000077 ], [ 90.248178907000067, 23.968233124000051 ], [ 90.247708120000084, 23.96780259600007 ], [ 90.246083289000069, 23.967839078000054 ], [ 90.245612953000034, 23.967641121000042 ], [ 90.245034671000042, 23.967210756000043 ], [ 90.245069862000037, 23.966978120000078 ], [ 90.244961173000036, 23.966677969000045 ], [ 90.24387557700004, 23.965652276000071 ], [ 90.243152388000055, 23.965253748000066 ], [ 90.242610442000057, 23.965189120000048 ], [ 90.242393029000084, 23.964891399000066 ], [ 90.241995623000037, 23.964591700000028 ], [ 90.241236330000049, 23.964260961000036 ], [ 90.240621034000071, 23.963731279000058 ], [ 90.240187148000075, 23.963300668000045 ], [ 90.239679668000065, 23.962271782000073 ], [ 90.239282157000048, 23.962240790000067 ], [ 90.237693326000056, 23.962441968000064 ], [ 90.237088544000073, 23.962442902000078 ], [ 90.237079755000082, 23.962675496000031 ], [ 90.236646721000056, 23.963039714000047 ], [ 90.236502783000049, 23.963272517000064 ], [ 90.23650351200007, 23.963672195000072 ], [ 90.236684847000049, 23.964069335000033 ], [ 90.237119273000076, 23.964633182000057 ], [ 90.23704824400005, 23.965263292000031 ], [ 90.236651874000074, 23.965862294000033 ], [ 90.236471506000044, 23.965995796000072 ], [ 90.235388212000032, 23.966029076000041 ], [ 90.233782646000066, 23.965496368000061 ], [ 90.233689885000047, 23.965668121000078 ], [ 90.232824038000047, 23.966200082000057 ], [ 90.232679659000041, 23.966365143000075 ], [ 90.232680254000059, 23.966697076000059 ], [ 90.233079693000036, 23.967791635000026 ], [ 90.233153013000049, 23.968423782000059 ], [ 90.233117242000048, 23.968688029000077 ], [ 90.232901410000068, 23.969088037000063 ], [ 90.232504648000031, 23.96948605800003 ], [ 90.232107184000085, 23.969321821000051 ], [ 90.230229974000054, 23.969954651000023 ], [ 90.22950733600004, 23.969856376000052 ], [ 90.228893774000085, 23.970121488000075 ], [ 90.227665710000053, 23.970123312000055 ], [ 90.227520802000072, 23.969992559000048 ], [ 90.227375441000049, 23.96942825900004 ], [ 90.227230725000084, 23.969229762000055 ], [ 90.226977442000077, 23.969128525000031 ], [ 90.226399659000037, 23.969129378000048 ], [ 90.225133976000052, 23.968336400000055 ], [ 90.224916732000054, 23.967937039000049 ], [ 90.224157634000051, 23.967705569000032 ], [ 90.224012982000033, 23.967540941000038 ], [ 90.223867848000054, 23.967274699000029 ], [ 90.223867563000056, 23.967109862000029 ], [ 90.224228269000037, 23.966809012000056 ], [ 90.224479875000043, 23.965946062000057 ], [ 90.22415654100007, 23.96458717400003 ], [ 90.223285388000079, 23.964554575000022 ], [ 90.222418022000056, 23.964223896000078 ], [ 90.221948492000081, 23.964290061000042 ], [ 90.221442634000084, 23.964125951000028 ], [ 90.22104534500005, 23.964225879000026 ], [ 90.22090126300003, 23.964390925000032 ], [ 90.22057598400005, 23.964391391000049 ], [ 90.219771924000042, 23.963893511000038 ], [ 90.219923173000041, 23.962701035000066 ], [ 90.219742115000031, 23.962434841000061 ], [ 90.219741046000081, 23.961804842000049 ], [ 90.219415215000083, 23.961473369000032 ], [ 90.219197662000056, 23.960875291000036 ], [ 90.219160859000056, 23.960543408000035 ], [ 90.218835115000047, 23.960080969000046 ], [ 90.218942636000065, 23.959547909000037 ], [ 90.219447749000039, 23.959282995000024 ], [ 90.21984429400004, 23.958751778000078 ], [ 90.21980669900006, 23.957954731000029 ], [ 90.219516389000034, 23.957191919000024 ], [ 90.219118473000037, 23.956727325000031 ], [ 90.217476942000076, 23.955521589000057 ], [ 90.217673472000058, 23.956596153000078 ], [ 90.218180136000058, 23.957259308000062 ], [ 90.218506518000083, 23.957922717000031 ], [ 90.218507800000054, 23.958685944000024 ], [ 90.217930151000076, 23.958919347000062 ], [ 90.217064785000048, 23.959751544000028 ], [ 90.216667837000045, 23.960050170000045 ], [ 90.216306855000084, 23.960183906000054 ], [ 90.215657041000043, 23.960250304000056 ], [ 90.214031074000047, 23.959920644000078 ], [ 90.213055725000061, 23.959822644000042 ], [ 90.212875016000055, 23.959757410000066 ], [ 90.212657605000061, 23.959224808000045 ], [ 90.211862285000052, 23.95896171000004 ], [ 90.211609993000081, 23.959260125000071 ], [ 90.211176934000036, 23.959459430000038 ], [ 90.210707616000036, 23.959460078000063 ], [ 90.210346093000055, 23.959261860000026 ], [ 90.209198895000043, 23.959064720000072 ], [ 90.208523722000052, 23.957302083000059 ], [ 90.207913154000039, 23.957318715000042 ], [ 90.207493276000037, 23.957499929000051 ], [ 90.206741075000082, 23.959226114000046 ], [ 90.206324269000049, 23.960762164000073 ], [ 90.205958744000043, 23.962684277000051 ], [ 90.205491222000035, 23.964599747000022 ], [ 90.205068641000082, 23.965614187000028 ], [ 90.204721445000075, 23.966129491000061 ], [ 90.204467769000075, 23.966351119000024 ], [ 90.204009876000043, 23.96640366500003 ], [ 90.203500452000071, 23.966309504000037 ], [ 90.202669277000041, 23.966310601000032 ], [ 90.201587466000035, 23.966515254000058 ], [ 90.200480504000041, 23.966945738000049 ], [ 90.199865463000037, 23.96707976600004 ], [ 90.197659467000051, 23.967315203000055 ], [ 90.197426423000081, 23.96757969600003 ], [ 90.197347372000081, 23.968516897000029 ], [ 90.19753909700006, 23.969155688000058 ], [ 90.197943038000062, 23.969769363000069 ], [ 90.198746177000032, 23.970696392000036 ], [ 90.20019155600005, 23.972175809000078 ], [ 90.200549807000073, 23.973024376000069 ], [ 90.200509074000081, 23.973898301000077 ], [ 90.200094845000081, 23.974596587000065 ], [ 90.199527671000055, 23.975317649000033 ], [ 90.198705682000082, 23.976138396000067 ], [ 90.197489436000069, 23.97688061100007 ], [ 90.19686654700007, 23.977138832000037 ], [ 90.196123986000032, 23.977282043000059 ], [ 90.195407077000084, 23.977325858000029 ], [ 90.194902457000069, 23.977181986000062 ], [ 90.193824300000074, 23.976614319000078 ], [ 90.192762968000068, 23.976197909000064 ], [ 90.192313503000037, 23.976162344000045 ], [ 90.190566478000051, 23.976954851000073 ], [ 90.189752301000055, 23.977495537000038 ], [ 90.189341271000046, 23.978114755000036 ], [ 90.189307731000042, 23.978708671000049 ], [ 90.189969224000038, 23.981087858000024 ], [ 90.189981763000048, 23.982307199000047 ], [ 90.190465891000031, 23.983964022000066 ], [ 90.190595923000046, 23.985691283000051 ], [ 90.190256696000063, 23.98606202700006 ], [ 90.18825090100006, 23.986676438000075 ], [ 90.186627413000053, 23.987398746000054 ], [ 90.186174012000038, 23.987855425000078 ], [ 90.18601357600005, 23.988447235000024 ], [ 90.186144635000062, 23.990928692000068 ], [ 90.185981708000043, 23.992568246000076 ], [ 90.185241360000077, 23.994330433000073 ], [ 90.184724327000083, 23.994997186000035 ], [ 90.185578437000061, 23.999076477000074 ], [ 90.185744674000034, 23.999733374000073 ], [ 90.186021787000072, 24.000360778000072 ], [ 90.186138244000063, 24.001225475000069 ], [ 90.186032827000076, 24.001842055000054 ], [ 90.185723792000033, 24.002095333000057 ], [ 90.18299165600007, 24.003112487000067 ], [ 90.182364517000053, 24.003517429000055 ], [ 90.182051319000038, 24.004093605000037 ], [ 90.182052293000083, 24.004786832000036 ], [ 90.182555385000057, 24.005305588000056 ], [ 90.184565688000077, 24.00633963100006 ], [ 90.186010979000059, 24.00737659300006 ], [ 90.188399319000041, 24.007809483000074 ], [ 90.189235068000073, 24.007808453000052 ], [ 90.190021986000033, 24.008033288000036 ], [ 90.190612722000083, 24.008574486000043 ], [ 90.191006952000066, 24.00920625200007 ], [ 90.192237078000062, 24.009927293000032 ], [ 90.193171567000036, 24.010197088000041 ], [ 90.194400558000041, 24.010150373000045 ], [ 90.195923908000054, 24.009696821000034 ], [ 90.196612662000064, 24.010012070000073 ], [ 90.197153243000059, 24.009875892000025 ], [ 90.197698796000054, 24.009376158000066 ], [ 90.19734692600008, 24.007933707000063 ], [ 90.197492965000038, 24.006985137000072 ], [ 90.197884944000066, 24.006126566000034 ], [ 90.19837551300003, 24.005448516000058 ], [ 90.199309493000044, 24.005402141000047 ], [ 90.200440398000069, 24.005536149000022 ], [ 90.201276692000079, 24.005896347000032 ], [ 90.201965999000038, 24.006572856000048 ], [ 90.20245916600004, 24.007565754000041 ], [ 90.202608419000057, 24.008694584000068 ], [ 90.203052151000065, 24.009506901000066 ], [ 90.203585987000054, 24.010170060000064 ], [ 90.205068801000039, 24.010136472000056 ], [ 90.206297215000063, 24.009728372000041 ], [ 90.207868371000075, 24.008461736000072 ], [ 90.208456857000044, 24.007557715000075 ], [ 90.20865197300003, 24.006609063000042 ], [ 90.209387710000044, 24.005569354000045 ], [ 90.210960185000033, 24.005160747000048 ], [ 90.211648508000053, 24.005204958000036 ], [ 90.212189569000031, 24.005384856000035 ], [ 90.212878559000046, 24.005835513000022 ], [ 90.21425752500005, 24.007323910000025 ], [ 90.215585334000082, 24.007593016000044 ], [ 90.217159559000038, 24.008223051000073 ], [ 90.217455288000053, 24.008674245000066 ], [ 90.217801017000056, 24.009622137000065 ], [ 90.218145684000035, 24.009937775000026 ], [ 90.218588530000034, 24.010162950000051 ], [ 90.219276266000065, 24.009845840000025 ], [ 90.219963538000059, 24.009257760000025 ], [ 90.220602104000079, 24.008940715000051 ], [ 90.220897076000085, 24.008940288000076 ], [ 90.221291222000048, 24.009436495000045 ], [ 90.221586270000046, 24.009481228000027 ], [ 90.221831617000078, 24.009209908000059 ], [ 90.222322926000061, 24.009028551000029 ], [ 90.223650688000077, 24.009252424000067 ], [ 90.224387960000058, 24.009161025000026 ], [ 90.224879030000068, 24.008844177000071 ], [ 90.225861875000078, 24.008616925000069 ], [ 90.22699259500007, 24.008615257000031 ], [ 90.231073581000032, 24.008925286000078 ], [ 90.232204305000039, 24.008923577000076 ], [ 90.233580266000047, 24.008605360000047 ], [ 90.234612660000039, 24.008603785000048 ], [ 90.236824608000063, 24.008419739000033 ], [ 90.23756161700004, 24.008192793000035 ], [ 90.238890646000073, 24.009093948000043 ], [ 90.239137207000056, 24.009500013000036 ], [ 90.239483681000081, 24.010763986000029 ], [ 90.239534685000081, 24.011757449000072 ], [ 90.238881789000061, 24.01261652900007 ], [ 90.238898154000083, 24.013158439000051 ], [ 90.238557141000058, 24.014857024000037 ], [ 90.238510892000079, 24.016437737000047 ], [ 90.238266482000085, 24.017205853000064 ], [ 90.237825494000049, 24.018019439000057 ], [ 90.236651727000037, 24.021408337000025 ], [ 90.23670147200005, 24.021724387000063 ], [ 90.237389973000063, 24.02181364300003 ], [ 90.23802997100006, 24.022264260000043 ], [ 90.23812921800004, 24.022760878000042 ], [ 90.237983547000056, 24.023754647000032 ], [ 90.236907160000044, 24.026646621000054 ], [ 90.237695686000052, 24.027638943000056 ], [ 90.237696848000041, 24.028271194000069 ], [ 90.237500835000048, 24.028632787000049 ], [ 90.237107646000084, 24.028723716000059 ], [ 90.236614962000033, 24.028182548000075 ], [ 90.236122773000034, 24.027912340000057 ], [ 90.235336152000059, 24.027958711000053 ], [ 90.234902655000042, 24.028359053000031 ], [ 90.235022500000071, 24.029539829000043 ], [ 90.235614841000086, 24.030803427000023 ], [ 90.236107779000065, 24.03148008200003 ], [ 90.236698653000076, 24.031930782000074 ], [ 90.23694908300007, 24.032415875000027 ], [ 90.237703721000059, 24.03200825700003 ], [ 90.240235882000036, 24.031936565000024 ], [ 90.241773720000083, 24.031621404000077 ], [ 90.242540133000034, 24.031275840000035 ], [ 90.243405171000063, 24.030757375000064 ] ] ] } },
{ "type": "Feature", "properties": { "matched_key": "U_302672747", "navigation_parent_key": "A_302672", "admin_type": "union", "admin_label": "Union", "map_level": "union", "admin_rank": 3, "displayable": 1, "geometry_status": "EXACT/GEOMETRY", "location_label": "Tentuljhora Union" }, "geometry": { "type": "Polygon", "coordinates": [ [ [ 90.24839253600004, 23.825105841000038 ], [ 90.249088472000039, 23.82488446800005 ], [ 90.249384957000075, 23.824988220000023 ], [ 90.249631706000059, 23.824963921000062 ], [ 90.251852626000073, 23.824062195000067 ], [ 90.252045442000053, 23.823800916000039 ], [ 90.253071627000054, 23.823149469000043 ], [ 90.254065814000057, 23.822879416000035 ], [ 90.254163408000068, 23.822382972000071 ], [ 90.254438897000057, 23.822387043000049 ], [ 90.254404615000055, 23.821852531000047 ], [ 90.254574278000064, 23.821539373000064 ], [ 90.254696977000037, 23.820871373000045 ], [ 90.253700257000048, 23.820813202000068 ], [ 90.254243520000045, 23.818629605000069 ], [ 90.254368759000045, 23.818629397000052 ], [ 90.254732752000052, 23.818373631000043 ], [ 90.255216054000073, 23.818202944000063 ], [ 90.256066088000068, 23.818079586000067 ], [ 90.258237784000073, 23.818123385000035 ], [ 90.258967527000038, 23.818506041000035 ], [ 90.259628866000071, 23.819049134000068 ], [ 90.26042863400005, 23.819463276000079 ], [ 90.261436297000046, 23.819811579000032 ], [ 90.263312092000035, 23.819776773000058 ], [ 90.263954272000035, 23.819633413000076 ], [ 90.263988859000051, 23.81974400200005 ], [ 90.264675106000084, 23.819241526000042 ], [ 90.264927718000081, 23.819141735000073 ], [ 90.266621678000035, 23.81751072000003 ], [ 90.266786234000051, 23.81700266200005 ], [ 90.266785557000048, 23.816670721000037 ], [ 90.266639963000046, 23.816289352000069 ], [ 90.266603557000053, 23.815889729000048 ], [ 90.266586921000055, 23.815376783000033 ], [ 90.266663827000059, 23.815292010000064 ], [ 90.267150038000068, 23.814878917000044 ], [ 90.268901208000045, 23.813796855000078 ], [ 90.270731056000045, 23.81309103500007 ], [ 90.271384903000069, 23.812731408000047 ], [ 90.271591474000047, 23.811746071000073 ], [ 90.26773114100007, 23.812443858000051 ], [ 90.267572453000071, 23.813196384000037 ], [ 90.267644853000036, 23.813792399000079 ], [ 90.267589429000054, 23.813954780000074 ], [ 90.26658780200006, 23.814265285000033 ], [ 90.266308958000081, 23.813148894000051 ], [ 90.266307469000083, 23.812419523000074 ], [ 90.266413835000037, 23.811622227000043 ], [ 90.266521623000074, 23.811222357000076 ], [ 90.266737409000086, 23.810824556000057 ], [ 90.269009298000071, 23.80952445500003 ], [ 90.269586811000067, 23.809290861000022 ], [ 90.271069712000042, 23.808935997000049 ], [ 90.270788777000064, 23.808385512000029 ], [ 90.26894143100003, 23.806363218000058 ], [ 90.268227404000072, 23.806145423000032 ], [ 90.267691819000049, 23.805873123000026 ], [ 90.267453196000076, 23.805600305000041 ], [ 90.267393122000044, 23.805327176000048 ], [ 90.267390770000077, 23.804177802000027 ], [ 90.268163679000054, 23.80409516900005 ], [ 90.268935684000041, 23.803572201000065 ], [ 90.269498002000034, 23.802232158000038 ], [ 90.269614383000032, 23.801247416000024 ], [ 90.269703508000077, 23.801028224000049 ], [ 90.270178548000047, 23.800808356000061 ], [ 90.270682970000053, 23.800261008000064 ], [ 90.270741743000031, 23.799904125000069 ], [ 90.270709642000043, 23.798919642000044 ], [ 90.270626422000078, 23.79873010700004 ], [ 90.272642144000031, 23.798862046000067 ], [ 90.272938861000057, 23.798750874000064 ], [ 90.27302792200004, 23.798504583000067 ], [ 90.273265016000039, 23.798341576000041 ], [ 90.274632393000047, 23.798255600000061 ], [ 90.275376678000043, 23.798583958000052 ], [ 90.276953149000065, 23.799019211000029 ], [ 90.277280503000043, 23.799181207000061 ], [ 90.277369759000067, 23.799318790000029 ], [ 90.277106379000031, 23.801261242000066 ], [ 90.277166299000044, 23.80145307600003 ], [ 90.277791228000069, 23.801614536000045 ], [ 90.27796980100004, 23.801916800000072 ], [ 90.277970381000046, 23.802190031000066 ], [ 90.278119882000055, 23.802381700000069 ], [ 90.279487411000048, 23.802349874000072 ], [ 90.27969511200007, 23.802214010000057 ], [ 90.280705032000071, 23.801938945000074 ], [ 90.282429643000057, 23.80190870000007 ], [ 90.282636861000071, 23.801551541000038 ], [ 90.28323126500004, 23.801496256000064 ], [ 90.283588088000045, 23.801660440000035 ], [ 90.283678853000083, 23.802206737000063 ], [ 90.283798298000079, 23.802398458000027 ], [ 90.284035740000036, 23.802398021000045 ], [ 90.285340889000054, 23.801054295000029 ], [ 90.285578645000044, 23.800918369000044 ], [ 90.286292189000051, 23.800917045000062 ], [ 90.286440363000054, 23.800779025000054 ], [ 90.28685473400003, 23.79976662100006 ], [ 90.286925289000067, 23.799766490000025 ], [ 90.286467249000054, 23.799329268000065 ], [ 90.285246552000046, 23.798593127000061 ], [ 90.285097540000038, 23.798347268000043 ], [ 90.285035161000053, 23.797033162000048 ], [ 90.285094437000055, 23.796924663000027 ], [ 90.285302241000068, 23.796842987000048 ], [ 90.285301225000069, 23.796377817000064 ], [ 90.285241592000034, 23.796321477000049 ], [ 90.286665331000052, 23.794814933000055 ], [ 90.286901855000053, 23.794403517000035 ], [ 90.286900419000062, 23.793748668000035 ], [ 90.286751648000063, 23.793611198000065 ], [ 90.286721599000032, 23.793338023000047 ], [ 90.286840199000039, 23.793145863000063 ], [ 90.28707750500007, 23.793091227000048 ], [ 90.287315781000075, 23.793199172000072 ], [ 90.287583874000063, 23.793474162000052 ], [ 90.287584231000039, 23.793636746000061 ], [ 90.287703496000063, 23.793747172000053 ], [ 90.28785178000004, 23.793663345000027 ], [ 90.287969477000047, 23.793062470000052 ], [ 90.288265264000074, 23.792542550000064 ], [ 90.288503302000038, 23.792542105000052 ], [ 90.289008219000038, 23.792267928000058 ], [ 90.289156867000031, 23.792348942000046 ], [ 90.288950039000042, 23.792868696000028 ], [ 90.288980516000038, 23.793333809000046 ], [ 90.289495773000056, 23.793294456000069 ], [ 90.289871576000053, 23.792894064000052 ], [ 90.289930659000049, 23.792702017000067 ], [ 90.290316982000036, 23.792619996000042 ], [ 90.290643370000055, 23.792346151000061 ], [ 90.291088897000066, 23.792126274000054 ], [ 90.29129589300004, 23.791687809000052 ], [ 90.292514786000083, 23.791631307000046 ], [ 90.292900797000073, 23.79141154000007 ], [ 90.293167606000054, 23.79111070600004 ], [ 90.293999621000069, 23.791163316000052 ], [ 90.296113808000086, 23.792554789000064 ], [ 90.29623282700004, 23.792554561000031 ], [ 90.296885322000037, 23.791896195000049 ], [ 90.297330160000058, 23.791649207000034 ], [ 90.297597644000064, 23.791648689000056 ], [ 90.298044277000031, 23.79192106000005 ], [ 90.298341759000039, 23.791893388000062 ], [ 90.299113821000049, 23.791480916000069 ], [ 90.299827376000053, 23.791506629000025 ], [ 90.300065865000079, 23.791971338000053 ], [ 90.301255182000034, 23.791860630000031 ], [ 90.301404154000068, 23.792079376000061 ], [ 90.301641828000072, 23.792187303000048 ], [ 90.305219608000073, 23.792126074000066 ], [ 90.305356754000059, 23.791744183000048 ], [ 90.305713423000043, 23.791578634000075 ], [ 90.306307635000053, 23.791466808000052 ], [ 90.310288055000058, 23.790201090000039 ], [ 90.312426679000055, 23.789431276000073 ], [ 90.313494885000068, 23.788717807000069 ], [ 90.313672754000038, 23.788444212000059 ], [ 90.313669597000057, 23.787129997000022 ], [ 90.313500343000044, 23.785621924000054 ], [ 90.313606547000063, 23.785653320000051 ], [ 90.315872684000055, 23.788439727000025 ], [ 90.316400748000035, 23.785593423000023 ], [ 90.316519231000086, 23.785374146000038 ], [ 90.318063478000056, 23.784932899000069 ], [ 90.317116603000045, 23.784109202000025 ], [ 90.317135293000035, 23.783650214000033 ], [ 90.317293593000045, 23.783306615000072 ], [ 90.317333794000035, 23.782589914000027 ], [ 90.319388893000053, 23.780105172000049 ], [ 90.321806550000076, 23.782838409000078 ], [ 90.324138068000082, 23.785187837000024 ], [ 90.32521592300003, 23.785701428000039 ], [ 90.325039101000073, 23.787389593000057 ], [ 90.325062761000083, 23.787504256000034 ], [ 90.325171855000065, 23.787511195000036 ], [ 90.324906390000081, 23.789577223000038 ], [ 90.325830580000058, 23.789021041000069 ], [ 90.328446966000058, 23.786934840000072 ], [ 90.328311977000055, 23.786714217000053 ], [ 90.328035575000058, 23.786529590000043 ], [ 90.32776934900005, 23.786518206000039 ], [ 90.32784588100003, 23.785968377000074 ], [ 90.327576342000043, 23.785930113000063 ], [ 90.327561388000049, 23.785144479000053 ], [ 90.326791531000083, 23.784948948000078 ], [ 90.326991925000073, 23.784599007000054 ], [ 90.32659854700006, 23.784366828000032 ], [ 90.326815246000081, 23.784046726000042 ], [ 90.327127131000054, 23.784144647000062 ], [ 90.327085176000082, 23.784243316000072 ], [ 90.32754959600004, 23.784421952000059 ], [ 90.327784201000043, 23.783377264000023 ], [ 90.327844679000066, 23.782464128000072 ], [ 90.326933244000031, 23.782331056000032 ], [ 90.328635082000062, 23.780453245000047 ], [ 90.330176876000053, 23.781232476000071 ], [ 90.330839038000079, 23.781299417000071 ], [ 90.331673984000076, 23.781548605000069 ], [ 90.332125758000075, 23.781438918000049 ], [ 90.332225831000073, 23.780960219000065 ], [ 90.332967824000036, 23.781114876000061 ], [ 90.333001451000086, 23.782361829000024 ], [ 90.335036936000051, 23.782212636000054 ], [ 90.335080546000086, 23.781898132000038 ], [ 90.335850312000048, 23.780900633000044 ], [ 90.336663586000043, 23.780363690000058 ], [ 90.337308987000085, 23.779673556000034 ], [ 90.33749563300006, 23.77902281300004 ], [ 90.337327576000064, 23.778795112000068 ], [ 90.336511169000062, 23.778108169000063 ], [ 90.333980059000055, 23.776390725000056 ], [ 90.333455650000076, 23.775454741000033 ], [ 90.333496533000073, 23.775129485000036 ], [ 90.333891706000031, 23.774460231000035 ], [ 90.334162911000078, 23.77424964100004 ], [ 90.334537923000084, 23.774095276000025 ], [ 90.338253454000039, 23.773418780000043 ], [ 90.339943838000067, 23.772879898000042 ], [ 90.342488444000082, 23.771783609000067 ], [ 90.34311376900007, 23.771418664000066 ], [ 90.343651311000031, 23.770329059000062 ], [ 90.343608436000068, 23.769419135000078 ], [ 90.343284091000044, 23.768769519000045 ], [ 90.342656876000035, 23.768174771000076 ], [ 90.340028829000062, 23.76664054500003 ], [ 90.339279417000057, 23.765508620000048 ], [ 90.33854897100008, 23.764116967000064 ], [ 90.337959552000086, 23.762465317000078 ], [ 90.33690460400004, 23.760331446000066 ], [ 90.336419103000082, 23.759720552000033 ], [ 90.333990524000058, 23.757180924000068 ], [ 90.333019897000042, 23.756327192000072 ], [ 90.330430388000082, 23.753641074000029 ], [ 90.329924050000045, 23.752770522000048 ], [ 90.326992085000086, 23.753621289000023 ], [ 90.326665669000079, 23.753813921000074 ], [ 90.325274246000049, 23.755867228000056 ], [ 90.325067347000072, 23.756278640000062 ], [ 90.32500955200004, 23.756962974000032 ], [ 90.32489131400007, 23.757263550000062 ], [ 90.324209823000047, 23.757976289000055 ], [ 90.323556685000085, 23.758250890000056 ], [ 90.323081685000034, 23.758635765000065 ], [ 90.322874438000042, 23.758909432000053 ], [ 90.322876258000065, 23.759647831000052 ], [ 90.323591202000046, 23.760303447000069 ], [ 90.323710728000037, 23.760522234000064 ], [ 90.323860173000071, 23.760930643000052 ], [ 90.324251192000077, 23.76279050900007 ], [ 90.324668945000042, 23.763555134000057 ], [ 90.324669490000076, 23.763774170000033 ], [ 90.324521398000059, 23.763912227000048 ], [ 90.324075752000056, 23.764021550000052 ], [ 90.321609758000079, 23.764164451000056 ], [ 90.32143153700008, 23.764273211000045 ], [ 90.320694443000036, 23.766846736000048 ], [ 90.320546207000064, 23.766928338000071 ], [ 90.319565753000063, 23.76706811400004 ], [ 90.319387663000043, 23.767233325000063 ], [ 90.319120293000083, 23.767260975000056 ], [ 90.319004633000077, 23.768627375000051 ], [ 90.319035755000073, 23.769065385000033 ], [ 90.318681162000075, 23.770050656000024 ], [ 90.31868156400003, 23.770215497000038 ], [ 90.318860662000077, 23.770461262000026 ], [ 90.318861327000036, 23.770734493000077 ], [ 90.318713223000032, 23.770872544000042 ], [ 90.318059874000085, 23.771092929000076 ], [ 90.317881707000083, 23.771228782000037 ], [ 90.317201105000038, 23.772352464000051 ], [ 90.316310805000057, 23.773011402000066 ], [ 90.315925941000046, 23.773667042000056 ], [ 90.315718264000054, 23.773778115000027 ], [ 90.314886194000053, 23.773915301000045 ], [ 90.314827617000049, 23.774299299000063 ], [ 90.316047720000086, 23.774816175000069 ], [ 90.316108544000031, 23.775362514000051 ], [ 90.315930306000041, 23.775473526000042 ], [ 90.31408760100004, 23.775477285000022 ], [ 90.313523041000053, 23.775643273000071 ], [ 90.313376360000063, 23.776381975000049 ], [ 90.313378324000041, 23.777201667000043 ], [ 90.313617256000043, 23.777585061000025 ], [ 90.313974248000079, 23.777830470000026 ], [ 90.314004348000083, 23.77810364100003 ], [ 90.313886280000077, 23.778239368000072 ], [ 90.313469828000052, 23.778267310000047 ], [ 90.312756344000036, 23.778241660000049 ], [ 90.312699680000037, 23.778146935000052 ], [ 90.312445945000036, 23.779267473000061 ], [ 90.310756178000076, 23.779374755000049 ], [ 90.311032934000082, 23.778382887000078 ], [ 90.310319383000035, 23.778330126000071 ], [ 90.306978146000063, 23.778648426000075 ], [ 90.306634559000031, 23.778883952000058 ], [ 90.30598096500006, 23.779022994000059 ], [ 90.305149078000056, 23.778995283000029 ], [ 90.304197068000065, 23.778751029000034 ], [ 90.302827511000032, 23.777796281000064 ], [ 90.301875942000038, 23.777470717000028 ], [ 90.299021091000043, 23.776956904000031 ], [ 90.296820976000049, 23.776796307000041 ], [ 90.295007076000047, 23.776526549000039 ], [ 90.294293546000063, 23.776473717000044 ], [ 90.293015906000051, 23.776530343000047 ], [ 90.292243363000068, 23.776696647000051 ], [ 90.291323156000033, 23.777217753000059 ], [ 90.290788676000034, 23.777410701000065 ], [ 90.290282724000065, 23.777192615000047 ], [ 90.289954918000035, 23.776809351000054 ], [ 90.289626327000065, 23.776071564000063 ], [ 90.289299075000031, 23.775936689000048 ], [ 90.288880806000066, 23.77514261500005 ], [ 90.288643236000041, 23.775061766000078 ], [ 90.287602821000064, 23.775036610000029 ], [ 90.286650752000071, 23.774738052000032 ], [ 90.285907666000071, 23.774628779000068 ], [ 90.28537211400004, 23.774329443000056 ], [ 90.284597549000068, 23.773565369000039 ], [ 90.284151479000059, 23.77350973700004 ], [ 90.283735708000052, 23.773566955000035 ], [ 90.283349970000074, 23.773895089000064 ], [ 90.281745790000059, 23.774417393000078 ], [ 90.28162726100004, 23.774636646000033 ], [ 90.281330543000081, 23.774718480000047 ], [ 90.281003359000067, 23.774610683000049 ], [ 90.280436704000067, 23.773819116000027 ], [ 90.280080018000035, 23.773682018000045 ], [ 90.279485624000074, 23.773683094000035 ], [ 90.278950411000039, 23.773821806000058 ], [ 90.278000727000062, 23.774342888000035 ], [ 90.277347814000052, 23.774809233000042 ], [ 90.276931535000074, 23.774918368000044 ], [ 90.276546934000066, 23.775795212000048 ], [ 90.276608057000033, 23.776560603000064 ], [ 90.275598669000033, 23.777000483000052 ], [ 90.275213303000044, 23.777520538000033 ], [ 90.274560308000048, 23.777959777000035 ], [ 90.274442104000059, 23.778341610000041 ], [ 90.274293997000086, 23.778506716000038 ], [ 90.273650347000057, 23.778724636000049 ], [ 90.273670555000081, 23.779000091000057 ], [ 90.273463114000037, 23.779246593000039 ], [ 90.271888717000081, 23.77968744900005 ], [ 90.271591941000054, 23.780044754000073 ], [ 90.271384210000065, 23.780153509000058 ], [ 90.270997345000069, 23.779962248000061 ], [ 90.270729997000046, 23.780016913000054 ], [ 90.270700778000048, 23.780127611000069 ], [ 90.270909926000058, 23.780700808000063 ], [ 90.270910945000082, 23.781193075000033 ], [ 90.270524928000043, 23.781412789000058 ], [ 90.27046587500007, 23.781631932000039 ], [ 90.270496453000078, 23.782178342000066 ], [ 90.27168701800008, 23.782697876000043 ], [ 90.271836835000045, 23.783352467000043 ], [ 90.272342609000077, 23.783489320000058 ], [ 90.272554677000073, 23.785458024000036 ], [ 90.27291178300004, 23.785784822000039 ], [ 90.273091219000037, 23.786222579000025 ], [ 90.273239966000062, 23.786360061000039 ], [ 90.273685902000068, 23.786332174000052 ], [ 90.273685268000065, 23.78602958700003 ], [ 90.273774494000065, 23.785866844000054 ], [ 90.274279203000049, 23.785782398000038 ], [ 90.274488360000078, 23.786057517000074 ], [ 90.274845183000082, 23.786246563000077 ], [ 90.274875092000059, 23.786465547000034 ], [ 90.274491, 23.787315283000055 ], [ 90.274699600000076, 23.787615241000026 ], [ 90.274344107000047, 23.788354278000043 ], [ 90.273512646000086, 23.788848022000025 ], [ 90.273036970000078, 23.788740475000054 ], [ 90.27276966200003, 23.788822241000048 ], [ 90.272680936000086, 23.788933043000043 ], [ 90.272086131000037, 23.788769252000066 ], [ 90.271491723000054, 23.788797396000064 ], [ 90.271143261000077, 23.789387375000047 ], [ 90.270660304000046, 23.78931822100003 ], [ 90.270481213000039, 23.789045304000069 ], [ 90.269826510000087, 23.788691925000023 ], [ 90.269289806000074, 23.787843810000027 ], [ 90.267797464000068, 23.784974082000076 ], [ 90.266511983000044, 23.781530414000031 ], [ 90.266124561000083, 23.780763324000077 ], [ 90.265915659000086, 23.780601101000059 ], [ 90.264844981000067, 23.78019196200006 ], [ 90.263863700000059, 23.780001703000039 ], [ 90.262910935000036, 23.779348472000038 ], [ 90.26243530000005, 23.779238633000034 ], [ 90.261045467000031, 23.779290523000043 ], [ 90.261114354000085, 23.778956294000068 ], [ 90.261128346000078, 23.777190104000056 ], [ 90.261514250000062, 23.774892909000073 ], [ 90.261434167000061, 23.773803263000048 ], [ 90.261136406000048, 23.77191545200003 ], [ 90.260574916000053, 23.771838899000045 ], [ 90.260587755000074, 23.771916414000032 ], [ 90.259894311000039, 23.772075651000023 ], [ 90.259538249000059, 23.772241093000048 ], [ 90.259538684000063, 23.77246013000007 ], [ 90.25930143800008, 23.772842152000067 ], [ 90.259004769000057, 23.772953296000026 ], [ 90.257339978000061, 23.772956079000039 ], [ 90.25555776300007, 23.773451311000031 ], [ 90.254786146000072, 23.774109700000054 ], [ 90.254013985000086, 23.774492593000048 ], [ 90.253539229000069, 23.774823062000053 ], [ 90.253301327000031, 23.77487764600005 ], [ 90.251993731000084, 23.774988177000068 ], [ 90.250566397000057, 23.77471726400006 ], [ 90.250150292000058, 23.774609549000047 ], [ 90.249852367000074, 23.774390993000054 ], [ 90.249674059000085, 23.774172242000077 ], [ 90.249650963000079, 23.773962277000066 ], [ 90.247744457000067, 23.77881353600003 ], [ 90.247592424000061, 23.778687605000073 ], [ 90.246938149000073, 23.778608157000065 ], [ 90.246056573000033, 23.777129755000033 ], [ 90.243741911000086, 23.775252643000044 ], [ 90.243296950000058, 23.775471809000067 ], [ 90.241566680000062, 23.775910346000046 ], [ 90.237464159000069, 23.776788345000057 ], [ 90.238232287000073, 23.781734710000023 ], [ 90.238642442000071, 23.783280890000071 ], [ 90.240841946000046, 23.789412790000029 ], [ 90.241455231000032, 23.790631215000076 ], [ 90.243811085000061, 23.798214792000067 ], [ 90.245139472000062, 23.800881782000033 ], [ 90.245753642000068, 23.802520197000035 ], [ 90.24626554300005, 23.804253614000061 ], [ 90.246678073000055, 23.806969466000055 ], [ 90.247506654000063, 23.814227973000072 ], [ 90.247970985000052, 23.817693430000077 ], [ 90.248228218000065, 23.819050141000048 ], [ 90.248436846000061, 23.821626307000031 ], [ 90.24839253600004, 23.825105841000038 ] ] ] } },
{ "type": "Feature", "properties": { "matched_key": "U_302672913", "navigation_parent_key": "A_302672", "admin_type": "union", "admin_label": "Union", "map_level": "union", "admin_rank": 3, "displayable": 1, "geometry_status": "EXACT/GEOMETRY", "location_label": "Yearpur Union" }, "geometry": { "type": "Polygon", "coordinates": [ [ [ 90.342764001000035, 23.956101412000066 ], [ 90.343245144000036, 23.955005180000057 ], [ 90.344947711000032, 23.952167501000076 ], [ 90.346768431000044, 23.94829082900003 ], [ 90.347000985000079, 23.94728321100007 ], [ 90.347229843000036, 23.945123988000034 ], [ 90.347068410000077, 23.943326937000052 ], [ 90.346983093000063, 23.940592618000039 ], [ 90.347057057000086, 23.939081807000036 ], [ 90.347288592000041, 23.937929673000042 ], [ 90.347986690000084, 23.935552610000059 ], [ 90.348218252000038, 23.934185958000057 ], [ 90.348605611000039, 23.932746694000059 ], [ 90.348758350000082, 23.931305702000031 ], [ 90.348752170000068, 23.929004751000036 ], [ 90.348436063000065, 23.927926112000023 ], [ 90.348505787000079, 23.924615630000062 ], [ 90.348136769000064, 23.920287751000046 ], [ 90.34757570000005, 23.919451277000064 ], [ 90.34709022100003, 23.917713665000065 ], [ 90.34697966300007, 23.917016169000078 ], [ 90.347067358000061, 23.914902419000043 ], [ 90.347264928000072, 23.91346358100003 ], [ 90.347152927000081, 23.912224156000036 ], [ 90.346825113000079, 23.911339731000055 ], [ 90.346015738000062, 23.910399940000048 ], [ 90.345485810000071, 23.909475322000048 ], [ 90.345003758000075, 23.909004469000024 ], [ 90.344505156000082, 23.908079778000058 ], [ 90.344502663000071, 23.907138167000028 ], [ 90.344981485000062, 23.906396445000041 ], [ 90.345487323000043, 23.905887243000052 ], [ 90.345346534000043, 23.905473203000042 ], [ 90.344717381000066, 23.904981227000064 ], [ 90.344090996000034, 23.904720691000023 ], [ 90.343906855000057, 23.904513361000056 ], [ 90.343889261000072, 23.904362111000069 ], [ 90.343117739000036, 23.904711575000078 ], [ 90.341849922000051, 23.905701175000047 ], [ 90.341264495000075, 23.905837962000078 ], [ 90.339603546000035, 23.905841639000073 ], [ 90.339063143000033, 23.906055091000042 ], [ 90.337954768000031, 23.90533042900006 ], [ 90.337015763000068, 23.905034423000075 ], [ 90.336473329000057, 23.904703674000075 ], [ 90.336328078000065, 23.904570765000074 ], [ 90.336219150000034, 23.904239069000027 ], [ 90.33578523500006, 23.903840335000041 ], [ 90.335567805000039, 23.903576617000056 ], [ 90.335386252000035, 23.903177333000031 ], [ 90.335205392000034, 23.903046759000063 ], [ 90.333976779000068, 23.902584270000034 ], [ 90.333697404000077, 23.902584878000027 ], [ 90.33296643400007, 23.902952268000035 ], [ 90.332497409000041, 23.902984895000031 ], [ 90.332389850000084, 23.903183838000075 ], [ 90.332462713000041, 23.903583361000074 ], [ 90.332861255000068, 23.904079275000072 ], [ 90.33282553500004, 23.90427806200006 ], [ 90.33235701600006, 23.904511657000057 ], [ 90.332248677000052, 23.90464511700003 ], [ 90.332249611000066, 23.905010923000077 ], [ 90.332542215000046, 23.906338038000058 ], [ 90.332543061000081, 23.906669974000067 ], [ 90.332400034000045, 23.907167059000074 ], [ 90.332111419000057, 23.907400265000035 ], [ 90.331389991000037, 23.90766827300007 ], [ 90.331065331000048, 23.907734457000061 ], [ 90.33041551000008, 23.907670371000052 ], [ 90.329982757000039, 23.907969365000042 ], [ 90.329116094000085, 23.907871868000029 ], [ 90.328755714000067, 23.908139093000045 ], [ 90.328574765000042, 23.907972381000036 ], [ 90.328465605000076, 23.907541320000064 ], [ 90.32810371100004, 23.907210157000065 ], [ 90.327344962000041, 23.907046935000039 ], [ 90.326622187000055, 23.906782018000058 ], [ 90.326044632000048, 23.906882599000028 ], [ 90.325756866000063, 23.907215145000066 ], [ 90.324787388000061, 23.907251068000051 ], [ 90.324704188000055, 23.907129309000027 ], [ 90.324406178000061, 23.907048645000032 ], [ 90.322858670000073, 23.906749321000063 ], [ 90.322322553000049, 23.906723348000071 ], [ 90.321637642000042, 23.906370265000078 ], [ 90.321428808000064, 23.906097472000056 ], [ 90.320922437000036, 23.905933692000076 ], [ 90.320147614000064, 23.905470144000049 ], [ 90.320010283000045, 23.905057200000044 ], [ 90.319403488000034, 23.905252657000062 ], [ 90.319106487000056, 23.905580694000037 ], [ 90.318868995000059, 23.905637640000066 ], [ 90.318571193000082, 23.905638256000032 ], [ 90.318332893000047, 23.905365521000078 ], [ 90.318034688000068, 23.905201300000044 ], [ 90.317737498000042, 23.905201913000042 ], [ 90.317144240000061, 23.905914433000078 ], [ 90.31565790500008, 23.90651813900007 ], [ 90.31494484500007, 23.906957668000075 ], [ 90.314707390000081, 23.907285577000039 ], [ 90.314350904000037, 23.907396950000077 ], [ 90.312625326000045, 23.907346274000076 ], [ 90.31209014600006, 23.907455747000029 ], [ 90.311555795000061, 23.908168125000032 ], [ 90.310486478000087, 23.908827390000056 ], [ 90.310071200000039, 23.909266292000041 ], [ 90.308524971000054, 23.90976166400003 ], [ 90.307694165000044, 23.910802044000036 ], [ 90.307518290000075, 23.911732724000046 ], [ 90.307102506000035, 23.912225814000067 ], [ 90.30662725500008, 23.912499990000072 ], [ 90.30555697300008, 23.912775349000071 ], [ 90.304252398000074, 23.91474697700005 ], [ 90.303480203000049, 23.915405604000057 ], [ 90.303124956000033, 23.916063405000045 ], [ 90.302858289000085, 23.916260383000065 ], [ 90.303466065000066, 23.916189185000064 ], [ 90.303826833000073, 23.916055244000063 ], [ 90.304007916000046, 23.916287468000064 ], [ 90.303972152000085, 23.916486251000038 ], [ 90.303468312000064, 23.917151119000039 ], [ 90.303290717000039, 23.918413734000069 ], [ 90.302031703000068, 23.920473317000074 ], [ 90.301419530000032, 23.921305490000066 ], [ 90.300806579000039, 23.921539272000075 ], [ 90.30055479300006, 23.922070414000075 ], [ 90.299797918000081, 23.924867169000038 ], [ 90.299217707000082, 23.924760407000065 ], [ 90.298156954000035, 23.928204441000048 ], [ 90.298620711000069, 23.928318939000064 ], [ 90.298300723000068, 23.929816080000023 ], [ 90.29764765200008, 23.929769796000073 ], [ 90.297615331000031, 23.929876300000046 ], [ 90.297251585000083, 23.929982154000072 ], [ 90.296457862000068, 23.929940405000025 ], [ 90.296435151000082, 23.930149004000043 ], [ 90.295897939000042, 23.930105058000038 ], [ 90.295879039000056, 23.929972660000033 ], [ 90.294940287000031, 23.930047111000079 ], [ 90.295046423000031, 23.927027684000052 ], [ 90.294079286000056, 23.926891720000071 ], [ 90.292941986000073, 23.926558321000073 ], [ 90.292190986000037, 23.926322921000065 ], [ 90.291414534000069, 23.925962780000077 ], [ 90.291408904000036, 23.926173047000077 ], [ 90.289804260000039, 23.926239141000053 ], [ 90.287383454000064, 23.925974376000056 ], [ 90.286553422000054, 23.925964218000047 ], [ 90.286512920000064, 23.927015248000032 ], [ 90.286464620000061, 23.92716974800004 ], [ 90.286256820000062, 23.927255548000062 ], [ 90.286101221000081, 23.928612547000057 ], [ 90.28549262000007, 23.930275847000075 ], [ 90.28554663500006, 23.930521352000028 ], [ 90.285346469000046, 23.93100551200007 ], [ 90.285049035000043, 23.932422252000038 ], [ 90.284847220000074, 23.932834080000077 ], [ 90.284798446000082, 23.933744490000038 ], [ 90.284240339000064, 23.937297004000072 ], [ 90.284389102000034, 23.937557792000064 ], [ 90.284213071000067, 23.938237694000065 ], [ 90.284184549000031, 23.938675812000042 ], [ 90.284156331000077, 23.939251671000022 ], [ 90.284246644000063, 23.939825056000075 ], [ 90.284604207000086, 23.940151814000046 ], [ 90.284873511000058, 23.940562284000066 ], [ 90.28490353400008, 23.940808358000027 ], [ 90.285172647000081, 23.941410763000079 ], [ 90.285434174000045, 23.941688817000056 ], [ 90.284908114000075, 23.944820794000066 ], [ 90.285685853000075, 23.944636593000041 ], [ 90.285923193000031, 23.94447131000004 ], [ 90.286546893000036, 23.943758856000045 ], [ 90.286966986000039, 23.942913553000039 ], [ 90.287229488000037, 23.943019192000065 ], [ 90.288361227000053, 23.943181912000057 ], [ 90.289404202000071, 23.943753500000071 ], [ 90.291104396000037, 23.945419 ], [ 90.291909090000047, 23.945993279000049 ], [ 90.294534715000054, 23.948887626000044 ], [ 90.294743185000073, 23.948995613000022 ], [ 90.295070199000065, 23.948830147000024 ], [ 90.297064936000083, 23.948964044000036 ], [ 90.299544296000079, 23.949625357000059 ], [ 90.299273031000041, 23.949192338000046 ], [ 90.299495324000077, 23.94836771100006 ], [ 90.300786544000061, 23.948674542000049 ], [ 90.305275610000081, 23.948769555000069 ], [ 90.306621520000078, 23.94855913300006 ], [ 90.307799616000068, 23.948556777000078 ], [ 90.309764181000048, 23.948914117000072 ], [ 90.311785637000071, 23.949424864000036 ], [ 90.313580674000036, 23.949265403000027 ], [ 90.314366289000077, 23.949521218000029 ], [ 90.315995165000061, 23.950240456000074 ], [ 90.318239598000048, 23.950235821000035 ], [ 90.318577588000039, 23.950799635000067 ], [ 90.318186350000076, 23.951315285000078 ], [ 90.317126943000062, 23.954149087000076 ], [ 90.316514513000072, 23.956157766000047 ], [ 90.316852264000033, 23.956619973000045 ], [ 90.317133114000058, 23.956671330000063 ], [ 90.318591877000074, 23.956616375000067 ], [ 90.320049878000077, 23.956252052000025 ], [ 90.321059610000077, 23.956200267000042 ], [ 90.321621307000044, 23.956300701000032 ], [ 90.322911628000043, 23.956196383000076 ], [ 90.323471686000062, 23.955885848000037 ], [ 90.324535990000072, 23.955059410000047 ], [ 90.325040654000077, 23.954954474000033 ], [ 90.328519482000047, 23.955050940000035 ], [ 90.330033598000057, 23.95479027500005 ], [ 90.330928628000038, 23.95360512600007 ], [ 90.331095620000042, 23.953089926000075 ], [ 90.330924689000085, 23.952060621000044 ], [ 90.330641616000037, 23.951135424000029 ], [ 90.330920746000061, 23.950516114000038 ], [ 90.330974937000065, 23.949847612000042 ], [ 90.332039277000035, 23.949073057000078 ], [ 90.332879854000055, 23.948712207000028 ], [ 90.333383826000045, 23.948349822000068 ], [ 90.33428015700008, 23.947936908000031 ], [ 90.335065217000079, 23.947727455000063 ], [ 90.335569986000053, 23.947676676000071 ], [ 90.336020049000069, 23.948086659000069 ], [ 90.336863016000052, 23.948651587000029 ], [ 90.338040576000083, 23.948443516000054 ], [ 90.338826175000065, 23.948441784000067 ], [ 90.33961245100005, 23.948697465000066 ], [ 90.339894368000046, 23.949159746000078 ], [ 90.339953499000046, 23.950394771000049 ], [ 90.339788973000054, 23.951835779000078 ], [ 90.339509202000045, 23.952195430000074 ], [ 90.338949066000055, 23.952454085000056 ], [ 90.338164112000072, 23.952713236000022 ], [ 90.336481469000034, 23.952872737000064 ], [ 90.336032983000052, 23.953079203000073 ], [ 90.335865610000042, 23.953438599000037 ], [ 90.335866543000066, 23.953799887000059 ], [ 90.335986792000085, 23.954265236000026 ], [ 90.337327944000037, 23.95477442300006 ], [ 90.33800238200007, 23.955235843000025 ], [ 90.338957539000035, 23.955696638000063 ], [ 90.339462466000043, 23.955695523000031 ], [ 90.340304552000077, 23.955901400000073 ], [ 90.341091548000065, 23.956412234000027 ], [ 90.341487187000041, 23.957596834000071 ], [ 90.341925472000071, 23.957945858000073 ], [ 90.342398841000033, 23.957389320000061 ], [ 90.342764001000035, 23.956101412000066 ] ] ] } },
{ "type": "Feature", "properties": { "matched_key": "U_302672998", "navigation_parent_key": "A_302672", "admin_type": "union", "admin_label": "Union", "map_level": "union", "admin_rank": 3, "displayable": 1, "geometry_status": "EXACT/GEOMETRY", "location_label": "Savar Cantonment" }, "geometry": { "type": "Polygon", "coordinates": [ [ [ 90.274443173000066, 23.925409352000031 ], [ 90.274936672000081, 23.92515435200005 ], [ 90.276720443000045, 23.925175168000067 ], [ 90.277853622000066, 23.925091844000065 ], [ 90.277832903000046, 23.922339005000026 ], [ 90.277713703000074, 23.921007784000039 ], [ 90.277580561000036, 23.920889731000045 ], [ 90.275563559000034, 23.920974630000046 ], [ 90.275048336000054, 23.920575549000034 ], [ 90.274957303000065, 23.919471765000026 ], [ 90.274988130000054, 23.918683069000053 ], [ 90.275336379000066, 23.917403888000024 ], [ 90.275518152000075, 23.917307971000071 ], [ 90.276437042000055, 23.917421796000042 ], [ 90.276521102000061, 23.917818406000038 ], [ 90.277116358000058, 23.91762539900003 ], [ 90.277742643000067, 23.918446208000034 ], [ 90.278190429000063, 23.918473557000027 ], [ 90.27886604300005, 23.914542151000035 ], [ 90.280676991000064, 23.910476152000058 ], [ 90.27911163300007, 23.907850191000023 ], [ 90.27716341200005, 23.907654747000038 ], [ 90.277539871000045, 23.907176499000059 ], [ 90.277598963000059, 23.906957359000046 ], [ 90.278402973000084, 23.90706429100004 ], [ 90.280336170000055, 23.906871102000025 ], [ 90.280871312000045, 23.90673238200003 ], [ 90.280989014000056, 23.906075066000028 ], [ 90.281078253000032, 23.905885223000041 ], [ 90.281315527000061, 23.905719951000037 ], [ 90.280955934000076, 23.904406403000053 ], [ 90.281104294000045, 23.904297744000075 ], [ 90.28116349700008, 23.904132796000056 ], [ 90.281073874000072, 23.903859732000058 ], [ 90.280864690000044, 23.903668175000064 ], [ 90.280388945000084, 23.903725498000028 ], [ 90.27970404000007, 23.903315772000042 ], [ 90.279553950000036, 23.902905076000025 ], [ 90.279649087000053, 23.902700518000074 ], [ 90.27878133300004, 23.902240649000078 ], [ 90.277667433000033, 23.901824348000048 ], [ 90.276600633000044, 23.901291548000074 ], [ 90.272208532000036, 23.897295849000045 ], [ 90.270805431000042, 23.896359349000022 ], [ 90.270153438000079, 23.898343217000047 ], [ 90.269057773000043, 23.898380059000033 ], [ 90.267939273000081, 23.898296658000049 ], [ 90.267877573000078, 23.898357958000076 ], [ 90.267683272000056, 23.898762958000077 ], [ 90.267719653000086, 23.899015232000067 ], [ 90.267614848000051, 23.89931057900003 ], [ 90.266898931000071, 23.900038331000076 ], [ 90.266668348000053, 23.901229146000048 ], [ 90.264445588000058, 23.900969081000028 ], [ 90.263740165000058, 23.902109787000029 ], [ 90.263461264000057, 23.903031786000042 ], [ 90.263152064000053, 23.903378987000053 ], [ 90.262151883000058, 23.905149538000046 ], [ 90.261755274000052, 23.906539863000035 ], [ 90.261301643000081, 23.907173939000074 ], [ 90.260417844000074, 23.908051484000055 ], [ 90.258923154000058, 23.909342860000038 ], [ 90.257827836000047, 23.910473555000067 ], [ 90.260008451000033, 23.912370211000052 ], [ 90.258438376000072, 23.913410863000024 ], [ 90.259696173000066, 23.91616666300007 ], [ 90.259231231000058, 23.916836913000054 ], [ 90.257852784000079, 23.917916546000072 ], [ 90.260220511000057, 23.922715481000068 ], [ 90.262600389000056, 23.922632666000027 ], [ 90.262386064000054, 23.922159532000023 ], [ 90.263417009000079, 23.921940599000038 ], [ 90.263623627000072, 23.922448209000038 ], [ 90.26868113200004, 23.921911187000035 ], [ 90.26936995300008, 23.921849980000047 ], [ 90.269480817000044, 23.921906767000053 ], [ 90.270768590000046, 23.921655547000057 ], [ 90.271826621000059, 23.921602978000067 ], [ 90.273841471000082, 23.921241253000062 ], [ 90.273130612000045, 23.921936664000043 ], [ 90.273344610000038, 23.922280176000072 ], [ 90.273119362000045, 23.922789103000071 ], [ 90.273271829000066, 23.922954648000029 ], [ 90.273206461000086, 23.923362097000052 ], [ 90.27299381000006, 23.923672465000038 ], [ 90.272945510000056, 23.92469486400006 ], [ 90.273156011000083, 23.924875664000069 ], [ 90.273206620000053, 23.925323548000051 ], [ 90.273750045000043, 23.925572104000025 ], [ 90.274443173000066, 23.925409352000031 ] ] ] } }
]
}
