{
"type": "FeatureCollection",
"name": "upazila",
"crs": { "type": "name", "properties": { "name": "urn:ogc:def:crs:OGC:1.3:CRS84" } },
"features": [
{ "type": "Feature", "properties": { "matched_key": "A_302614", "navigation_parent_key": "D_3026", "admin_type": "upazila", "admin_label": "Upazila", "map_level": "upazila", "admin_rank": 2, "displayable": 1, "geometry_status": "EXACT/GEOMETRY", "location_label": "Dhamrai Upazila" }, "geometry": { "type": "Polygon", "coordinates": [ [ [ 90.019264474000067, 24.044931448000057 ], [ 90.018345989000068, 24.044073500000025 ], [ 90.017912831000046, 24.043308070000023 ], [ 90.017910900000061, 24.042684844000064 ], [ 90.018017189000034, 24.04230096200007 ], [ 90.018554055000038, 24.041867349000029 ], [ 90.018768224000041, 24.041530874000046 ], [ 90.018864230000077, 24.038123448000078 ], [ 90.019023624000056, 24.037357945000053 ], [ 90.019184324000037, 24.037118572000054 ], [ 90.019667711000068, 24.036827220000077 ], [ 90.02004448100007, 24.036730075000037 ], [ 90.021389972000065, 24.036723118000054 ], [ 90.022519991000081, 24.036526507000076 ], [ 90.023649673000079, 24.036185368000076 ], [ 90.024241886000084, 24.036135599000033 ], [ 90.026395999000044, 24.036363306000055 ], [ 90.026665864000051, 24.036507775000075 ], [ 90.027902782000069, 24.036119169000074 ], [ 90.028225105000047, 24.035827820000065 ], [ 90.028545500000064, 24.035154858000055 ], [ 90.028597299000069, 24.034531623000078 ], [ 90.028703888000052, 24.034292249000032 ], [ 90.028915037000047, 24.032996083000057 ], [ 90.028589744000044, 24.032327756000029 ], [ 90.027994926000076, 24.031609803000038 ], [ 90.027617836000047, 24.031564710000055 ], [ 90.026970556000038, 24.031230632000074 ], [ 90.026106858000048, 24.030564654000045 ], [ 90.024704117000056, 24.029754241000035 ], [ 90.02411092300008, 24.029327559000023 ], [ 90.023356103000083, 24.028995742000063 ], [ 90.023032503000081, 24.028995793000036 ], [ 90.02292527000003, 24.029092906000074 ], [ 90.022606148000079, 24.03010230700005 ], [ 90.022444833000066, 24.030246846000068 ], [ 90.021798534000084, 24.030154359000051 ], [ 90.021584069000085, 24.030393744000037 ], [ 90.021585032000075, 24.030633098000067 ], [ 90.021423722000065, 24.030825056000026 ], [ 90.021262382000032, 24.030827337000062 ], [ 90.020938740000076, 24.030585769000027 ], [ 90.020450893000032, 24.029727771000069 ], [ 90.02039484900007, 24.029007456000045 ], [ 90.020445405000032, 24.028050031000078 ], [ 90.020604474000038, 24.027327429000024 ], [ 90.021566311000072, 24.025261168000043 ], [ 90.021727630000044, 24.025166305000027 ], [ 90.022158468000043, 24.025163986000052 ], [ 90.02253586900008, 24.025355866000041 ], [ 90.023128372000031, 24.025498037000034 ], [ 90.023289698000042, 24.025446076000037 ], [ 90.023611998000035, 24.025109575000045 ], [ 90.023718588000065, 24.024870204000024 ], [ 90.023982591000049, 24.023379840000075 ], [ 90.024304577000066, 24.023043337000047 ], [ 90.024787911000033, 24.022803906000036 ], [ 90.026672560000065, 24.02279229800007 ], [ 90.027480177000086, 24.022981834000063 ], [ 90.027696237000043, 24.02312405300006 ], [ 90.028180834000068, 24.023072028000058 ], [ 90.029204518000085, 24.023406030000046 ], [ 90.029904885000064, 24.02354589600003 ], [ 90.031738119000067, 24.024353914000073 ], [ 90.03217027900007, 24.02473543800005 ], [ 90.032439793000037, 24.024780541000041 ], [ 90.033518276000052, 24.025399019000076 ], [ 90.035515204000035, 24.026780503000055 ], [ 90.036755988000039, 24.027444082000045 ], [ 90.037672157000031, 24.027728376000027 ], [ 90.037911307000059, 24.027951866000024 ], [ 90.038760985000067, 24.027836491000073 ], [ 90.041151217000049, 24.02778844900007 ], [ 90.041820680000058, 24.029181492000077 ], [ 90.042131773000051, 24.029470439000079 ], [ 90.043237821000048, 24.02955819500005 ], [ 90.045671887000083, 24.029972973000042 ], [ 90.046974268000042, 24.029931934000047 ], [ 90.047777377000045, 24.030193621000024 ], [ 90.049155739000071, 24.03034447400006 ], [ 90.049925053000038, 24.030612935000079 ], [ 90.052071751000085, 24.030858349000027 ], [ 90.053374290000079, 24.031185320000077 ], [ 90.055204995000054, 24.031225315000029 ], [ 90.057628435000083, 24.031086682000023 ], [ 90.058714202000033, 24.031126915000073 ], [ 90.059750258000065, 24.031327483000041 ], [ 90.060479818000033, 24.031300099000077 ], [ 90.06135486900007, 24.030258783000079 ], [ 90.061731307000059, 24.030211214000076 ], [ 90.062108803000058, 24.030450416000065 ], [ 90.062110924000081, 24.031023963000052 ], [ 90.061950644000035, 24.031313060000059 ], [ 90.062004777000084, 24.031407877000049 ], [ 90.062274670000079, 24.031550026000048 ], [ 90.062651771000048, 24.031597289000047 ], [ 90.063083385000084, 24.031881629000054 ], [ 90.063838299000054, 24.032165832000032 ], [ 90.064000327000031, 24.032310281000036 ], [ 90.064001414000074, 24.032644471000026 ], [ 90.063842201000057, 24.033220345000075 ], [ 90.063387909000085, 24.033703759000048 ], [ 90.063427748000038, 24.034726644000045 ], [ 90.063857910000081, 24.035157755000057 ], [ 90.063980911000044, 24.035923186000048 ], [ 90.063914105000038, 24.036928052000064 ], [ 90.064149177000047, 24.037476660000038 ], [ 90.064637498000081, 24.038034197000059 ], [ 90.065272582000034, 24.038295862000041 ], [ 90.065868993000038, 24.037451091000037 ], [ 90.066071095000041, 24.036613264000039 ], [ 90.066628122000054, 24.035106896000059 ], [ 90.067044559000067, 24.034535426000048 ], [ 90.067383688000064, 24.033643343000051 ], [ 90.067472530000032, 24.033105886000044 ], [ 90.067711686000052, 24.032631587000026 ], [ 90.068602118000058, 24.032290223000075 ], [ 90.069032382000046, 24.03231938600004 ], [ 90.069830916000058, 24.032538055000032 ], [ 90.070798612000033, 24.033000513000047 ], [ 90.072097853000059, 24.033898616000045 ], [ 90.072851381000078, 24.033848583000065 ], [ 90.073175740000067, 24.034085523000044 ], [ 90.073697935000041, 24.034715272000028 ], [ 90.074039538000079, 24.035537043000033 ], [ 90.074227839000059, 24.036451466000074 ], [ 90.074174566000067, 24.037338908000038 ], [ 90.074017750000053, 24.03827607900007 ], [ 90.073509738000041, 24.039375998000025 ], [ 90.073246854000047, 24.040261283000063 ], [ 90.073259994000068, 24.041211920000023 ], [ 90.073553038000057, 24.042011132000027 ], [ 90.074661795000054, 24.042843819000041 ], [ 90.074876937000056, 24.04284145500003 ], [ 90.07498548500007, 24.042936240000074 ], [ 90.077138367000032, 24.042826786000035 ], [ 90.080261287000042, 24.042813890000048 ], [ 90.082091057000071, 24.042564533000075 ], [ 90.082304752000084, 24.042227969000066 ], [ 90.082573525000043, 24.041986211000051 ], [ 90.083057586000052, 24.041983693000077 ], [ 90.083541093000065, 24.041597301000024 ], [ 90.083647923000058, 24.041405306000058 ], [ 90.083963174000075, 24.039388688000031 ], [ 90.084013969000068, 24.038573502000077 ], [ 90.084226914000055, 24.038044997000043 ], [ 90.084656315000075, 24.037660892000076 ], [ 90.08519405100003, 24.037516078000067 ], [ 90.086486342000057, 24.037458901000036 ], [ 90.087295934000053, 24.038031990000036 ], [ 90.087672722000036, 24.038029516000051 ], [ 90.088424031000045, 24.037403601000051 ], [ 90.08880037800003, 24.037209191000045 ], [ 90.090038982000067, 24.037296532000028 ], [ 90.090307831000075, 24.037201536000055 ], [ 90.090629676000049, 24.036864896000054 ], [ 90.090681245000042, 24.036336479000056 ], [ 90.091163276000032, 24.035661032000064 ], [ 90.09121630900006, 24.035471323000024 ], [ 90.091859028000044, 24.034746102000042 ], [ 90.09191267500006, 24.034556393000059 ], [ 90.092715469000041, 24.033354621000058 ], [ 90.092930181000042, 24.033209976000023 ], [ 90.092875645000049, 24.033015815000056 ], [ 90.093677666000076, 24.031622104000064 ], [ 90.094210082000075, 24.030133715000034 ], [ 90.094370668000067, 24.029941680000036 ], [ 90.094316168000034, 24.02979719800004 ], [ 90.094422903000066, 24.029508102000023 ], [ 90.094744755000079, 24.029218870000022 ], [ 90.09549793900004, 24.029166467000039 ], [ 90.095714354000052, 24.02926117100003 ], [ 90.095983251000064, 24.02925874500005 ], [ 90.096626187000084, 24.02848834100007 ], [ 90.096625430000074, 24.028298665000023 ], [ 90.096891633000041, 24.027575917000036 ], [ 90.097961182000063, 24.025703304000047 ], [ 90.100107961000049, 24.024060303000056 ], [ 90.100697145000083, 24.023387016000072 ], [ 90.101125299000046, 24.022713831000033 ], [ 90.101715158000047, 24.022133118000056 ], [ 90.10198170700005, 24.021509714000047 ], [ 90.102195664000078, 24.021222798000053 ], [ 90.102624991000084, 24.020883803000061 ], [ 90.103433279000058, 24.02102325900006 ], [ 90.104563494000047, 24.021015718000058 ], [ 90.105318012000055, 24.021155202000045 ], [ 90.106232780000084, 24.021102635000034 ], [ 90.106609401000071, 24.020960115000037 ], [ 90.108004154000071, 24.019798493000053 ], [ 90.10843389300004, 24.019608515000073 ], [ 90.108919176000086, 24.019698492000032 ], [ 90.109513348000064, 24.020273872000075 ], [ 90.110003690000042, 24.021610296000063 ], [ 90.110168911000073, 24.02256985300005 ], [ 90.110072331000083, 24.025351857000032 ], [ 90.110128401000054, 24.025877944000058 ], [ 90.109863791000066, 24.026937165000049 ], [ 90.109866468000064, 24.027555871000061 ], [ 90.110085433000052, 24.028467971000055 ], [ 90.110786733000054, 24.028849078000064 ], [ 90.115255321000063, 24.028825458000028 ], [ 90.118538439000076, 24.028615212000034 ], [ 90.119613756000035, 24.028323087000047 ], [ 90.12074235700004, 24.027836719000049 ], [ 90.121225787000071, 24.027545046000057 ], [ 90.121602192000068, 24.027495072000079 ], [ 90.121872541000073, 24.027734210000062 ], [ 90.121927864000043, 24.028068359000031 ], [ 90.121449554000037, 24.029556801000069 ], [ 90.121506071000056, 24.030182239000055 ], [ 90.121831092000036, 24.030708109000045 ], [ 90.122370302000036, 24.030897355000036 ], [ 90.124899971000048, 24.030737251000062 ], [ 90.125762528000052, 24.03097364000007 ], [ 90.126086716000032, 24.031257889000074 ], [ 90.126142195000057, 24.031738810000036 ], [ 90.125714403000075, 24.03236464500003 ], [ 90.125662268000042, 24.03279371800005 ], [ 90.12571680700006, 24.032940447000044 ], [ 90.126148871000055, 24.033224606000033 ], [ 90.127010381000048, 24.033316475000049 ], [ 90.127604051000048, 24.033550821000063 ], [ 90.127820291000035, 24.033744834000061 ], [ 90.127875679000056, 24.034126399000058 ], [ 90.128038230000072, 24.034413035000057 ], [ 90.128416169000047, 24.034652072000029 ], [ 90.128577818000053, 24.03464968000003 ], [ 90.129063418000044, 24.034983465000039 ], [ 90.129655987000035, 24.035028125000053 ], [ 90.130626145000065, 24.035264397000049 ], [ 90.13164927300005, 24.03530416500007 ], [ 90.132565298000031, 24.035490795000044 ], [ 90.134395778000055, 24.035532104000026 ], [ 90.135848912000085, 24.035329855000043 ], [ 90.136547516000064, 24.03508762000007 ], [ 90.136870821000059, 24.03508507500004 ], [ 90.137626068000031, 24.035513429000048 ], [ 90.138276420000068, 24.036420580000026 ], [ 90.141398860000038, 24.036401925000064 ], [ 90.143660065000063, 24.036293690000036 ], [ 90.146296603000053, 24.035993132000044 ], [ 90.147802005000074, 24.035553623000055 ], [ 90.148436358000083, 24.035549213000024 ], [ 90.148044394000067, 24.028975727000045 ], [ 90.148034290000055, 24.026519894000046 ], [ 90.150234990000058, 24.026534209000033 ], [ 90.150389267000037, 24.024956787000065 ], [ 90.15215837900007, 24.024835550000034 ], [ 90.153796941000053, 24.024332055000059 ], [ 90.154570547000048, 24.024026501000037 ], [ 90.154527657000074, 24.023827666000045 ], [ 90.155371946000059, 24.023689070000046 ], [ 90.155962356000032, 24.023254924000071 ], [ 90.156412561000081, 24.022757692000027 ], [ 90.157538101000057, 24.023695892000035 ], [ 90.159026078000068, 24.022477261000063 ], [ 90.159562356000038, 24.022266701000035 ], [ 90.160580464000077, 24.02229950900005 ], [ 90.160773671000072, 24.022233823000079 ], [ 90.161532958000066, 24.02122141500007 ], [ 90.163463240000056, 24.021117755000034 ], [ 90.163144355000043, 24.020454225000037 ], [ 90.16303064300007, 24.019955316000051 ], [ 90.163158925000062, 24.019580341000051 ], [ 90.163707560000034, 24.018952015000025 ], [ 90.164508933000036, 24.018447601000048 ], [ 90.164218727000048, 24.017858568000065 ], [ 90.163782859000037, 24.016535809000061 ], [ 90.163650432000054, 24.014359179000053 ], [ 90.164621071000056, 24.013116207000053 ], [ 90.166563004000068, 24.011897010000041 ], [ 90.167057679000038, 24.011399699000037 ], [ 90.167440036000073, 24.011487349000049 ], [ 90.167473258000086, 24.011277313000051 ], [ 90.167701684000065, 24.010902224000063 ], [ 90.168081029000064, 24.010800196000048 ], [ 90.168138680000084, 24.010240132000035 ], [ 90.16690907900005, 24.009823737000033 ], [ 90.166635099000075, 24.009187260000033 ], [ 90.166990568000074, 24.008206874000052 ], [ 90.16837042700007, 24.007223108000062 ], [ 90.168486874000052, 24.006227851000062 ], [ 90.168682341000078, 24.005608248000044 ], [ 90.169497127000056, 24.004627350000078 ], [ 90.16981872100007, 24.003850219000071 ], [ 90.170398145000036, 24.003576352000039 ], [ 90.170463863000066, 24.003318857000068 ], [ 90.171001148000073, 24.00278084100006 ], [ 90.171878194000044, 24.001280506000057 ], [ 90.176648539000041, 24.001101213000027 ], [ 90.177590006000059, 24.00092851200003 ], [ 90.178155421000042, 24.001214631000039 ], [ 90.178784080000071, 24.001907126000049 ], [ 90.179600125000036, 24.001906170000041 ], [ 90.180980711000075, 24.001559063000059 ], [ 90.182236355000043, 24.001729189000059 ], [ 90.184371531000068, 24.002245993000031 ], [ 90.184748155000079, 24.002419409000026 ], [ 90.185723815000074, 24.002095327000063 ], [ 90.186032850000061, 24.001842049000061 ], [ 90.186138268000036, 24.001225470000065 ], [ 90.186021810000057, 24.000360772000079 ], [ 90.185744697000075, 23.999733369000069 ], [ 90.185578460000045, 23.99907647200007 ], [ 90.184724350000067, 23.994997180000041 ], [ 90.185241384000051, 23.994330428000069 ], [ 90.185981731000084, 23.992568240000026 ], [ 90.186144659000036, 23.990928686000075 ], [ 90.186013599000034, 23.98844722900003 ], [ 90.186174035000079, 23.987855420000074 ], [ 90.186627437000084, 23.98739874000006 ], [ 90.188250924000045, 23.986676432000024 ], [ 90.190256719000047, 23.986062022000056 ], [ 90.19059594600003, 23.985691277000058 ], [ 90.190465914000072, 23.983964017000062 ], [ 90.189981786000033, 23.982307194000043 ], [ 90.189969247000079, 23.981087853000076 ], [ 90.189307754000083, 23.978708665000056 ], [ 90.189341293000041, 23.978114750000032 ], [ 90.189752325000086, 23.977495531000045 ], [ 90.190566501000035, 23.976954845000023 ], [ 90.192313526000078, 23.976162338000051 ], [ 90.192762991000052, 23.97619790400006 ], [ 90.193824323000058, 23.976614313000027 ], [ 90.194902480000053, 23.977181980000069 ], [ 90.195407100000068, 23.977325853000025 ], [ 90.196866571000044, 23.977138826000044 ], [ 90.197489460000043, 23.976880605000076 ], [ 90.198705705000066, 23.976138390000074 ], [ 90.199527695000086, 23.975317644000029 ], [ 90.200094869000054, 23.974596581000071 ], [ 90.200509098000055, 23.973898296000073 ], [ 90.200549830000057, 23.973024370000076 ], [ 90.200191579000034, 23.972175803000027 ], [ 90.198746200000073, 23.970696387000032 ], [ 90.197943062000036, 23.969769357000075 ], [ 90.197539120000044, 23.969155682000064 ], [ 90.197347395000065, 23.968516892000025 ], [ 90.197346564000043, 23.967970441000034 ], [ 90.197426447000055, 23.967579691000026 ], [ 90.197659489000046, 23.967315197000062 ], [ 90.199865486000078, 23.967079760000047 ], [ 90.200480527000082, 23.966945732000056 ], [ 90.201587489000076, 23.966515248000064 ], [ 90.202669300000082, 23.966310595000039 ], [ 90.203500476000045, 23.966309498000044 ], [ 90.204009899000084, 23.966403659000036 ], [ 90.204467793000049, 23.966351114000076 ], [ 90.204721468000059, 23.966129485000067 ], [ 90.205068664000066, 23.965614182000024 ], [ 90.205491245000076, 23.964599741000029 ], [ 90.205958768000073, 23.962684271000057 ], [ 90.206324292000033, 23.960762158000023 ], [ 90.206741099000055, 23.959226109000042 ], [ 90.207493300000067, 23.957499923000057 ], [ 90.20791317700008, 23.957318709000049 ], [ 90.210086894000085, 23.957182524000075 ], [ 90.211166564000052, 23.956659428000023 ], [ 90.212974971000051, 23.955148537000071 ], [ 90.213775154000075, 23.954648390000045 ], [ 90.214678133000064, 23.954281322000043 ], [ 90.215241748000039, 23.953926015000036 ], [ 90.216720407000082, 23.952162636000025 ], [ 90.217649851000033, 23.951291965000053 ], [ 90.218103341000074, 23.951029384000037 ], [ 90.21984582500005, 23.950582059000055 ], [ 90.221002199000054, 23.949711039000078 ], [ 90.222098556000049, 23.948593967000079 ], [ 90.223374159000059, 23.947781470000052 ], [ 90.225234485000044, 23.947848752000027 ], [ 90.225896917000057, 23.947660359000054 ], [ 90.22630397000006, 23.947377503000041 ], [ 90.230628092000075, 23.943015241000069 ], [ 90.23067848900007, 23.942687744000068 ], [ 90.230318535000038, 23.94076891900005 ], [ 90.230265145000033, 23.939409638000029 ], [ 90.230517898000073, 23.938379574000066 ], [ 90.231127876000073, 23.937394135000034 ], [ 90.231126043000074, 23.936364454000056 ], [ 90.230767958000058, 23.935662732000026 ], [ 90.230207105000034, 23.935428733000037 ], [ 90.229697009000063, 23.935242075000076 ], [ 90.228473775000055, 23.935009058000048 ], [ 90.227760413000055, 23.935010119000026 ], [ 90.227199262000056, 23.934776107000062 ], [ 90.226943320000032, 23.93416906300007 ], [ 90.227501673000063, 23.932808872000066 ], [ 90.228161908000061, 23.931590788000051 ], [ 90.228160345000049, 23.930701106000072 ], [ 90.22800651600005, 23.930186494000054 ], [ 90.227853015000051, 23.929857042000037 ], [ 90.227240813000037, 23.929390527000066 ], [ 90.22464018800008, 23.928317245000073 ], [ 90.224282807000066, 23.927990346000058 ], [ 90.224129140000059, 23.927380888000073 ], [ 90.225602278000054, 23.924802260000035 ], [ 90.225805189000084, 23.924239700000044 ], [ 90.226007223000067, 23.923349719000043 ], [ 90.226003636000087, 23.921288091000065 ], [ 90.226407405000032, 23.918993285000056 ], [ 90.226711755000053, 23.918150573000048 ], [ 90.22787999500008, 23.916182052000067 ], [ 90.228184492000082, 23.915431918000024 ], [ 90.229705317000082, 23.911118969000029 ], [ 90.23006001400006, 23.909948749000023 ], [ 90.230413705000046, 23.908214009000062 ], [ 90.230513754000071, 23.907324175000042 ], [ 90.230512012000077, 23.906341908000059 ], [ 90.230254420000051, 23.904608084000074 ], [ 90.229487120000044, 23.902829858000075 ], [ 90.228362520000076, 23.900722475000066 ], [ 90.228157192000083, 23.899880511000049 ], [ 90.228155632000039, 23.898990827000034 ], [ 90.228459675000067, 23.898005849000072 ], [ 90.229019288000075, 23.897630175000074 ], [ 90.230190103000041, 23.897066162000044 ], [ 90.230953387000056, 23.89659759400007 ], [ 90.231309450000083, 23.896222214000034 ], [ 90.231766121000078, 23.895284421000042 ], [ 90.231815831000063, 23.894582081000067 ], [ 90.23171073900005, 23.892802861000064 ], [ 90.230378687000041, 23.888449003000062 ], [ 90.230224237000073, 23.88755954800007 ], [ 90.230220673000076, 23.885545333000039 ], [ 90.230573495000044, 23.883530586000063 ], [ 90.230878234000045, 23.882967863000033 ], [ 90.231792796000036, 23.881654535000052 ], [ 90.233215661000031, 23.879825587000028 ], [ 90.233571249000079, 23.879215364000061 ], [ 90.233723022000049, 23.878607705000036 ], [ 90.233874368000045, 23.877762947000065 ], [ 90.233872939000037, 23.876968100000056 ], [ 90.233820638000054, 23.876218491000031 ], [ 90.233254277000071, 23.872940596000035 ], [ 90.233149859000036, 23.871536218000074 ], [ 90.233300361000033, 23.870224033000056 ], [ 90.23355368700004, 23.869426542000042 ], [ 90.234213801000067, 23.868348425000079 ], [ 90.234975803000054, 23.86727015300005 ], [ 90.237160994000078, 23.86450289000004 ], [ 90.238613690000079, 23.862470316000042 ], [ 90.239424798000073, 23.860594832000061 ], [ 90.240134175000037, 23.858486922000054 ], [ 90.240589402000069, 23.856704572000069 ], [ 90.24084040200006, 23.85501963300004 ], [ 90.241189296000073, 23.850848375000055 ], [ 90.241690481000035, 23.84639912800003 ], [ 90.241993086000036, 23.844759271000044 ], [ 90.242649998000047, 23.842229160000045 ], [ 90.243309069000077, 23.840541315000053 ], [ 90.245090967000067, 23.836820328000044 ], [ 90.243872883000051, 23.834897717000047 ], [ 90.240807348000033, 23.831190207000077 ], [ 90.239889171000073, 23.830798730000026 ], [ 90.238665796000078, 23.830631270000026 ], [ 90.237075651000055, 23.830746629000032 ], [ 90.235791825000035, 23.831085056000063 ], [ 90.233713674000057, 23.831819849000055 ], [ 90.231024747000049, 23.833174253000038 ], [ 90.229680019000057, 23.833625625000025 ], [ 90.227233810000087, 23.833967967000035 ], [ 90.225890032000052, 23.834981575000029 ], [ 90.224423123000065, 23.835602438000024 ], [ 90.222895815000072, 23.836618546000068 ], [ 90.222040821000064, 23.837464312000066 ], [ 90.221063496000056, 23.838197343000047 ], [ 90.219779365000079, 23.838422733000073 ], [ 90.216904688000056, 23.83859616500007 ], [ 90.214518886000064, 23.838430144000029 ], [ 90.213172561000079, 23.838161041000035 ], [ 90.207539560000043, 23.834501558000056 ], [ 90.206682428000079, 23.834053346000076 ], [ 90.206132383000067, 23.834334087000059 ], [ 90.203934963000052, 23.836841256000071 ], [ 90.203553808000038, 23.837011117000031 ], [ 90.203224910000074, 23.837045422000074 ], [ 90.203237369000078, 23.836769917000026 ], [ 90.201353100000063, 23.835663657000055 ], [ 90.200121642000056, 23.835026218000053 ], [ 90.198801142000036, 23.834546948000025 ], [ 90.198161850000076, 23.83446648000006 ], [ 90.194120199000054, 23.83438355800007 ], [ 90.190772482000057, 23.833976758000063 ], [ 90.189899236000031, 23.833799446000057 ], [ 90.187003984000057, 23.832635543000038 ], [ 90.184487317000048, 23.831827913000041 ], [ 90.182974641000044, 23.831439061000026 ], [ 90.181819268000083, 23.830921061000026 ], [ 90.17942705300004, 23.830646118000061 ], [ 90.178107260000047, 23.830595710000068 ], [ 90.177817610000034, 23.829927644000065 ], [ 90.177377101000047, 23.829332009000041 ], [ 90.176675084000067, 23.828675704000034 ], [ 90.175712044000079, 23.828082918000064 ], [ 90.174157917000059, 23.827389185000072 ], [ 90.172295937000058, 23.826840295000068 ], [ 90.172108252000044, 23.827476207000075 ], [ 90.171579465000036, 23.827717397000072 ], [ 90.171281882000073, 23.827988704000063 ], [ 90.166984373000048, 23.828277943000046 ], [ 90.163966464000055, 23.828647 ], [ 90.163736914000083, 23.828620147000038 ], [ 90.159419829000058, 23.829243400000053 ], [ 90.156708851000076, 23.829467477000037 ], [ 90.155787990000078, 23.829443573000049 ], [ 90.155664871000056, 23.829316854000069 ], [ 90.155664149000074, 23.828711899000041 ], [ 90.155908294000085, 23.828372934000072 ], [ 90.155724268000085, 23.827923756000075 ], [ 90.154684069000041, 23.827642537000031 ], [ 90.151564664000034, 23.827534989000071 ], [ 90.151259379000066, 23.82781529500005 ], [ 90.151443650000033, 23.828490290000047 ], [ 90.151567016000058, 23.829560516000072 ], [ 90.151448681000034, 23.832823610000048 ], [ 90.150961930000051, 23.835129624000047 ], [ 90.150719322000043, 23.836818931000039 ], [ 90.150148381000065, 23.838588106000032 ], [ 90.150677345000076, 23.839295615000026 ], [ 90.150716756000065, 23.83967556500005 ], [ 90.151052546000074, 23.840220124000041 ], [ 90.151068508000037, 23.840542740000046 ], [ 90.150959610000086, 23.840736425000046 ], [ 90.150383292000072, 23.841145654000059 ], [ 90.149985791000063, 23.842290785000046 ], [ 90.149448739000036, 23.842965248000041 ], [ 90.148864593000042, 23.843534608000027 ], [ 90.146602211000072, 23.846561713000028 ], [ 90.146314068000038, 23.846488919000024 ], [ 90.145963409000046, 23.846584845000052 ], [ 90.145560584000066, 23.84650158200003 ], [ 90.144924791000051, 23.847207189000073 ], [ 90.144392474000085, 23.847506422000038 ], [ 90.144133439000086, 23.848223622000035 ], [ 90.140811226000039, 23.851572497000063 ], [ 90.140756557000032, 23.852679848000037 ], [ 90.140580939000074, 23.85367418900006 ], [ 90.13996856600005, 23.854468179000037 ], [ 90.139272443000038, 23.854707796000071 ], [ 90.138452581000081, 23.854590496000071 ], [ 90.136794399000053, 23.856917832000079 ], [ 90.13532792500007, 23.858608192000077 ], [ 90.134166922000077, 23.86012665800007 ], [ 90.132579828000075, 23.863391001000025 ], [ 90.131900865000034, 23.86424063100003 ], [ 90.130929463000086, 23.864855664000061 ], [ 90.129828563000046, 23.865195314000061 ], [ 90.127687601000048, 23.865646468000023 ], [ 90.127381817000071, 23.865872531000036 ], [ 90.127260212000067, 23.866434901000048 ], [ 90.127323381000053, 23.868573276000063 ], [ 90.127079250000065, 23.869079293000027 ], [ 90.126529160000075, 23.869642015000068 ], [ 90.124572200000046, 23.87065749900006 ], [ 90.120047697000075, 23.874036964000027 ], [ 90.118397258000073, 23.87572504700006 ], [ 90.117725037000071, 23.876739452000038 ], [ 90.116870464000044, 23.878765623000049 ], [ 90.114732653000033, 23.88065952200003 ], [ 90.114088112000047, 23.881795828000065 ], [ 90.11258074300008, 23.886907027000063 ], [ 90.111605114000042, 23.889337454000042 ], [ 90.110031432000085, 23.891395716000034 ], [ 90.108945584000082, 23.893180391000044 ], [ 90.108668323000074, 23.894223828000065 ], [ 90.108647197000039, 23.894659657000034 ], [ 90.108731528000078, 23.894917021000026 ], [ 90.109105634000059, 23.89514030600003 ], [ 90.108840042000054, 23.895456629000023 ], [ 90.107890380000072, 23.896044406000044 ], [ 90.105137490000061, 23.897116652000022 ], [ 90.104464785000062, 23.897792281000022 ], [ 90.104342606000046, 23.898185272000035 ], [ 90.103914743000075, 23.898691377000034 ], [ 90.103792878000036, 23.899479535000069 ], [ 90.103487594000057, 23.900098460000038 ], [ 90.103181689000053, 23.900324476000037 ], [ 90.099265294000077, 23.900439955000024 ], [ 90.099143271000059, 23.901058755000065 ], [ 90.09914370000007, 23.901621022000029 ], [ 90.098899312000071, 23.902014089000033 ], [ 90.098470725000084, 23.902014364000024 ], [ 90.09675776000006, 23.902634171000045 ], [ 90.093330951000041, 23.903144359000066 ], [ 90.093577569000047, 23.905393276000041 ], [ 90.093394336000074, 23.905901458000073 ], [ 90.09143696600006, 23.907476530000054 ], [ 90.090947697000047, 23.908095539000044 ], [ 90.088195707000068, 23.911080087000073 ], [ 90.087393650000081, 23.911857330000032 ], [ 90.084923934000074, 23.911958070000026 ], [ 90.083719832000043, 23.912089699000035 ], [ 90.081719464000059, 23.912519815000053 ], [ 90.081330417000061, 23.912465827000062 ], [ 90.080941204000055, 23.912147639000068 ], [ 90.080664626000043, 23.911745844000052 ], [ 90.080501935000086, 23.911312374000033 ], [ 90.079829584000038, 23.908395263000045 ], [ 90.079224382000064, 23.907300399000064 ], [ 90.078780148000078, 23.906839975000025 ], [ 90.078067584000053, 23.906379689000062 ], [ 90.075653345000035, 23.905628946000036 ], [ 90.073450090000051, 23.90547646300007 ], [ 90.070991412000069, 23.905906658000049 ], [ 90.06987134600007, 23.906372339000029 ], [ 90.068936162000057, 23.906957609000074 ], [ 90.067115731000058, 23.908550373000026 ], [ 90.066213233000042, 23.909467552000024 ], [ 90.065508502000057, 23.910486255000023 ], [ 90.064102602000048, 23.912961722000034 ], [ 90.063464116000034, 23.915784607000035 ], [ 90.06347558300007, 23.916629130000047 ], [ 90.064019393000081, 23.917317624000077 ], [ 90.068486139000072, 23.919907992000049 ], [ 90.071677230000034, 23.921934307000072 ], [ 90.074932129000047, 23.923682776000078 ], [ 90.075371917000041, 23.924341925000078 ], [ 90.075580445000071, 23.924924410000074 ], [ 90.075693234000084, 23.925613073000022 ], [ 90.07571899900006, 23.926620170000035 ], [ 90.075624700000049, 23.92709667400004 ], [ 90.075293655000053, 23.92758684100005 ], [ 90.074840511000048, 23.927745130000062 ], [ 90.074545114000045, 23.927756564000049 ], [ 90.073033773000077, 23.927325995000047 ], [ 90.071319820000042, 23.926414529000056 ], [ 90.069565536000084, 23.925837261000027 ], [ 90.067317041000081, 23.925546968000049 ], [ 90.066090148000058, 23.92583202000003 ], [ 90.065533008000045, 23.926200329000039 ], [ 90.062739840000063, 23.930489611000041 ], [ 90.06286675900003, 23.930683756000064 ], [ 90.06333485600004, 23.930907114000036 ], [ 90.064044294000041, 23.931082952000054 ], [ 90.064836490000062, 23.931561334000037 ], [ 90.065818339000032, 23.932385121000038 ], [ 90.067203269000061, 23.934143573000028 ], [ 90.067251704000057, 23.935161950000065 ], [ 90.067090774000064, 23.935731059000034 ], [ 90.067019692000031, 23.937232721000044 ], [ 90.067146669000067, 23.938704940000036 ], [ 90.067513118000079, 23.940635445000055 ], [ 90.067526713000063, 23.941380607000042 ], [ 90.067281940000044, 23.943731384000046 ], [ 90.066228606000038, 23.946236063000072 ], [ 90.065483891000042, 23.947534781000059 ], [ 90.063271283000063, 23.949161529000037 ], [ 90.062265154000045, 23.950446793000026 ], [ 90.062164501000041, 23.950620706000052 ], [ 90.062152082000068, 23.95097974600003 ], [ 90.062353834000078, 23.951557733000072 ], [ 90.062933256000065, 23.952562346000036 ], [ 90.063537280000048, 23.952979841000058 ], [ 90.064625724000052, 23.953537136000023 ], [ 90.065438436000079, 23.953618083000038 ], [ 90.067416224000056, 23.953334966000057 ], [ 90.068588580000039, 23.95339767300004 ], [ 90.069991111000036, 23.95370414000007 ], [ 90.070928341000069, 23.954008551000072 ], [ 90.07244939800006, 23.954793653000024 ], [ 90.073448080000048, 23.955662543000074 ], [ 90.074169153000071, 23.956588011000065 ], [ 90.074778102000039, 23.956928685000037 ], [ 90.074875186000043, 23.957511224000029 ], [ 90.074796560000038, 23.959114501000045 ], [ 90.074549492000074, 23.960496567000064 ], [ 90.073416470000041, 23.960589696000056 ], [ 90.072412359000054, 23.960517912000057 ], [ 90.070271722000086, 23.959170831000051 ], [ 90.068517935000045, 23.958622911000077 ], [ 90.066484186000082, 23.958337029000063 ], [ 90.063483038000072, 23.958243460000062 ], [ 90.062270825000041, 23.958417828000051 ], [ 90.060750788000064, 23.959116184000038 ], [ 90.059942617000047, 23.959624571000063 ], [ 90.058849311000074, 23.960059449000028 ], [ 90.056881937000071, 23.960416065000061 ], [ 90.056113984000035, 23.960231185000055 ], [ 90.054432716000065, 23.959651462000068 ], [ 90.050253424000061, 23.95900933300004 ], [ 90.048047152000038, 23.95970778700007 ], [ 90.046336770000039, 23.960907354000028 ], [ 90.045751023000037, 23.961749797000039 ], [ 90.045622193000042, 23.962239838000073 ], [ 90.045402296000077, 23.964942828000062 ], [ 90.044924085000048, 23.967706860000078 ], [ 90.044604046000075, 23.968680187000075 ], [ 90.043869469000072, 23.969183951000048 ], [ 90.042958193000061, 23.969473242000049 ], [ 90.041395690000058, 23.969701738000026 ], [ 90.038994897000066, 23.969883013000072 ], [ 90.038440004000051, 23.970440899000039 ], [ 90.038173622000045, 23.971267424000075 ], [ 90.038123468000038, 23.972030666000023 ], [ 90.038230774000056, 23.972369351000054 ], [ 90.04283791000006, 23.973580724000044 ], [ 90.043094524000082, 23.973935171000051 ], [ 90.04309893900006, 23.974273880000055 ], [ 90.042771591000076, 23.974603652000042 ], [ 90.04063132400006, 23.975180044000069 ], [ 90.039755686000035, 23.975645436000036 ], [ 90.038420334000079, 23.978694183000073 ], [ 90.037937992000082, 23.980622701000073 ], [ 90.037993362000066, 23.982966573000056 ], [ 90.038485323000032, 23.983406774000059 ], [ 90.042470033000086, 23.985200894000059 ], [ 90.042789741000036, 23.985844357000076 ], [ 90.043528620000075, 23.986878348000062 ], [ 90.044159536000052, 23.987494621000053 ], [ 90.044855802000086, 23.987846678000039 ], [ 90.04605403100004, 23.988115035000078 ], [ 90.047803973000043, 23.988243210000064 ], [ 90.048629817000062, 23.988380695000046 ], [ 90.04946863400005, 23.988687524000056 ], [ 90.050154802000066, 23.989091494000036 ], [ 90.051546352000059, 23.99027426400005 ], [ 90.051784596000061, 23.990644510000038 ], [ 90.051896459000034, 23.991495765000025 ], [ 90.053033416000062, 23.994317967000029 ], [ 90.054176462000044, 23.996153383000035 ], [ 90.054713764000041, 23.996762870000055 ], [ 90.05533207700006, 23.997130714000036 ], [ 90.056430369000054, 23.997656446000065 ], [ 90.057354271000065, 23.997744167000064 ], [ 90.057584126000052, 23.997838921000039 ], [ 90.057765208000035, 23.99810756200003 ], [ 90.057849876000034, 23.998502693000034 ], [ 90.05720571300003, 24.000160359000063 ], [ 90.056777259000057, 24.000501487000065 ], [ 90.055968360000065, 24.000675656000055 ], [ 90.055307499000037, 24.000723316000062 ], [ 90.053958273000035, 24.000446053000076 ], [ 90.052489703000049, 23.999825592000036 ], [ 90.047834394000063, 23.997406462000072 ], [ 90.046609261000071, 23.996901032000039 ], [ 90.045874354000034, 23.996901254000022 ], [ 90.04446617800005, 23.997463929000048 ], [ 90.044159980000074, 23.997802727000078 ], [ 90.043915358000049, 23.998534414000062 ], [ 90.043915932000061, 24.000221191000037 ], [ 90.044651071000033, 24.000839691000067 ], [ 90.045018713000047, 24.001345394000055 ], [ 90.045080067000072, 24.001964087000033 ], [ 90.04501920000007, 24.002752171000054 ], [ 90.044651985000087, 24.003483893000066 ], [ 90.043427163000047, 24.004046506000066 ], [ 90.042753490000052, 24.004441856000028 ], [ 90.042325017000053, 24.004891330000078 ], [ 90.041957596000032, 24.005060787000048 ], [ 90.039691592000054, 24.005061391000027 ], [ 90.03895675800004, 24.005454483000051 ], [ 90.038527929000054, 24.00579330100004 ], [ 90.032097162000071, 24.006244139000046 ], [ 90.030566043000078, 24.006018643000061 ], [ 90.030504807000057, 24.00562575400005 ], [ 90.030627001000084, 24.005232826000054 ], [ 90.030688278000071, 24.004501197000025 ], [ 90.030626693000045, 24.00393894900003 ], [ 90.028238105000071, 24.003882956000041 ], [ 90.027319444000057, 24.003993768000043 ], [ 90.025788586000033, 24.004895006000027 ], [ 90.025972403000083, 24.005290136000042 ], [ 90.024637926000082, 24.006548101000078 ], [ 90.023390394000046, 24.007900881000069 ], [ 90.023424135000084, 24.009282814000073 ], [ 90.024192577000065, 24.01077527800004 ], [ 90.024404507000042, 24.011956215000055 ], [ 90.024495109000043, 24.013344913000026 ], [ 90.02414675700004, 24.013875612000049 ], [ 90.023308007000082, 24.014492195000059 ], [ 90.023196769000037, 24.016188021000062 ], [ 90.022358894000035, 24.016664596000055 ], [ 90.021101495000039, 24.016667033000033 ], [ 90.020193060000054, 24.015973931000076 ], [ 90.02026240500004, 24.015328113000066 ], [ 90.020750468000074, 24.014054498000064 ], [ 90.020749283000043, 24.012430947000041 ], [ 90.020678394000072, 24.011064826000052 ], [ 90.020049318000076, 24.010450713000068 ], [ 90.018722248000074, 24.010579592000056 ], [ 90.016837341000041, 24.011977556000033 ], [ 90.016279156000053, 24.012986973000068 ], [ 90.015720876000046, 24.013285094000025 ], [ 90.014463839000086, 24.013481670000033 ], [ 90.013136399000075, 24.013350822000064 ], [ 90.012647190000052, 24.013066346000073 ], [ 90.012645758000076, 24.010991182000055 ], [ 90.012854572000037, 24.009701806000066 ], [ 90.01349325700005, 24.008545621000053 ], [ 90.013540830000068, 24.008026261000055 ], [ 90.013093132000051, 24.007852428000035 ], [ 90.012524088000077, 24.007911186000058 ], [ 90.011531352000077, 24.008200296000041 ], [ 90.010691330000043, 24.00860681000006 ], [ 90.009988356000065, 24.009187182000062 ], [ 90.009513679000065, 24.009826245000056 ], [ 90.008994116000054, 24.010174021000068 ], [ 90.008396551000033, 24.011210506000054 ], [ 90.008613825000054, 24.011763721000023 ], [ 90.008515515000056, 24.011991790000025 ], [ 90.008318565000081, 24.012172448000058 ], [ 90.00797411800005, 24.012217626000051 ], [ 90.007875499000079, 24.01248860000004 ], [ 90.007874934000085, 24.013303763000067 ], [ 90.007578774000081, 24.014207006000049 ], [ 90.00718517200005, 24.014568315000076 ], [ 90.006348471000081, 24.014886740000065 ], [ 90.00625044800006, 24.014841582000031 ], [ 90.005807666000067, 24.014977083000076 ], [ 90.005561534000037, 24.014931932000025 ], [ 90.005266551000034, 24.015022265000027 ], [ 90.004724837000083, 24.015519058000052 ], [ 90.004626213000051, 24.015880351000078 ], [ 90.004625923000049, 24.016334221000022 ], [ 90.004821984000046, 24.01678583000006 ], [ 90.005067824000037, 24.017101952000075 ], [ 90.005018356000051, 24.017237438000052 ], [ 90.005264191000037, 24.017465494000078 ], [ 90.005411688000038, 24.017465488000028 ], [ 90.006345554000063, 24.018052551000039 ], [ 90.006640860000061, 24.018097699000066 ], [ 90.00673888700004, 24.018188017000057 ], [ 90.008017814000084, 24.018233118000069 ], [ 90.008312815000068, 24.018323423000027 ], [ 90.008607807000033, 24.018278246000023 ], [ 90.009148945000049, 24.018368538000061 ], [ 90.009345604000032, 24.018323364000025 ], [ 90.009886440000059, 24.018458815000031 ], [ 90.010181737000039, 24.018413634000069 ], [ 90.010280366000075, 24.018278143000032 ], [ 90.010231472000044, 24.017824275000066 ], [ 90.010477599000069, 24.017733935000024 ], [ 90.011313418000043, 24.017779039000061 ], [ 90.011657877000061, 24.017688688000078 ], [ 90.011952878000045, 24.017778990000068 ], [ 90.01283816800003, 24.017778917000044 ], [ 90.013379310000062, 24.017914354000027 ], [ 90.013772353000036, 24.018140127000038 ], [ 90.01436209600007, 24.018684267000026 ], [ 90.014362105000032, 24.018774590000078 ], [ 90.014755181000055, 24.019271326000023 ], [ 90.014803821000044, 24.020041322000054 ], [ 90.01490188300005, 24.020357443000023 ], [ 90.014802988000042, 24.020809065000037 ], [ 90.015098020000039, 24.021080005000044 ], [ 90.015392464000058, 24.02157900800006 ], [ 90.015933632000042, 24.021759597000027 ], [ 90.016375882000034, 24.022166003000052 ], [ 90.016621462000046, 24.022572427000057 ], [ 90.016621185000076, 24.022798236000028 ], [ 90.016719538000075, 24.022935965000045 ], [ 90.016719264000074, 24.02320693300004 ], [ 90.016817323000055, 24.023432730000025 ], [ 90.016718449000052, 24.024019837000026 ], [ 90.016620136000085, 24.024200492000034 ], [ 90.016669031000049, 24.024473715000056 ], [ 90.016570405000039, 24.024609207000026 ], [ 90.016570133000073, 24.024880177000057 ], [ 90.016422383000076, 24.025376967000057 ], [ 90.016372408000052, 24.026282455000057 ], [ 90.016568527000061, 24.026734046000058 ], [ 90.017207501000087, 24.027366235000045 ], [ 90.017207518000077, 24.027503976000048 ], [ 90.017403938000086, 24.027865245000044 ], [ 90.01740340200007, 24.028452341000047 ], [ 90.01720617400008, 24.028951396000025 ], [ 90.016418632000068, 24.029719223000029 ], [ 90.016270559000077, 24.030125691000023 ], [ 90.016269756000042, 24.031076335000023 ], [ 90.016023099000051, 24.032027004000042 ], [ 90.016071980000049, 24.032162484000025 ], [ 90.015727233000064, 24.032704456000033 ], [ 90.014693499000032, 24.033519718000036 ], [ 90.014349006000032, 24.033655236000072 ], [ 90.013562250000064, 24.033564984000066 ], [ 90.013168854000071, 24.033339211000055 ], [ 90.012971862000086, 24.033339228000045 ], [ 90.012431260000085, 24.033113468000067 ], [ 90.011840888000052, 24.033023191000041 ], [ 90.011545864000084, 24.033068374000038 ], [ 90.011250519000043, 24.032978074000027 ], [ 90.010217615000045, 24.033023308000054 ], [ 90.009922295000081, 24.033203972000024 ], [ 90.009086078000053, 24.033294347000037 ], [ 90.008003123000037, 24.034064407000074 ], [ 90.007806145000075, 24.034335385000077 ], [ 90.007707215000039, 24.034832163000033 ], [ 90.007460777000063, 24.035466691000067 ], [ 90.007508494000035, 24.036868945000037 ], [ 90.007802969000068, 24.037726993000035 ], [ 90.008195777000083, 24.038314068000034 ], [ 90.008638359000031, 24.038632431000053 ], [ 90.009411395000086, 24.039842704000023 ], [ 90.009894560000077, 24.040244611000048 ], [ 90.010005835000072, 24.040483957000049 ], [ 90.009969010000077, 24.041204280000045 ], [ 90.010467278000078, 24.042069083000058 ], [ 90.010848109000051, 24.042452928000046 ], [ 90.011244293000061, 24.042642575000059 ], [ 90.011480945000073, 24.042633526000031 ], [ 90.012798944000053, 24.043715032000023 ], [ 90.013499081000077, 24.043710456000042 ], [ 90.014412456000059, 24.043181986000036 ], [ 90.014789569000072, 24.043177435000075 ], [ 90.01516700500008, 24.043321915000035 ], [ 90.015382784000053, 24.043511569000032 ], [ 90.015276500000084, 24.043992545000037 ], [ 90.015438797000058, 24.044134788000065 ], [ 90.016031369000075, 24.044179888000031 ], [ 90.016354379000063, 24.044080500000064 ], [ 90.016784973000085, 24.04408045200006 ], [ 90.017054540000061, 24.044270100000062 ], [ 90.017323773000044, 24.044220391000067 ], [ 90.018566565000071, 24.045509598000024 ], [ 90.019051907000062, 24.045746634000068 ], [ 90.019213259000082, 24.045699196000044 ], [ 90.019373968000082, 24.045459822000055 ], [ 90.019264474000067, 24.044931448000057 ] ] ] } },
{ "type": "Feature", "properties": { "matched_key": "A_302618", "navigation_parent_key": "D_3026", "admin_type": "upazila", "admin_label": "Upazila", "map_level": "upazila", "admin_rank": 2, "displayable": 1, "geometry_status": "EXACT/GEOMETRY", "location_label": "Dohar Upazila" }, "geometry": { "type": "Polygon", "coordinates": [ [ [ 90.024343743000031, 23.66388065700005 ], [ 90.02501731600006, 23.663833129000068 ], [ 90.027504878000059, 23.664261760000045 ], [ 90.027764178000041, 23.66445365800007 ], [ 90.027712552000082, 23.665240743000027 ], [ 90.027764469000033, 23.665837917000033 ], [ 90.027971654000055, 23.665932723000026 ], [ 90.029268295000065, 23.666025069000057 ], [ 90.029474487000073, 23.66578792100006 ], [ 90.029578085000082, 23.664500745000055 ], [ 90.02973331700008, 23.663879717000043 ], [ 90.030355043000043, 23.663592809000079 ], [ 90.031236056000068, 23.663450370000078 ], [ 90.031339615000036, 23.663353247000032 ], [ 90.031443069000034, 23.662829329000033 ], [ 90.03123580700003, 23.662400320000074 ], [ 90.031339329000048, 23.662160934000042 ], [ 90.031909276000079, 23.661968873000035 ], [ 90.032531048000067, 23.660681586000067 ], [ 90.032686391000084, 23.660584452000023 ], [ 90.032479045000059, 23.659821234000049 ], [ 90.032478668000067, 23.658294709000074 ], [ 90.032582091000052, 23.657673690000024 ], [ 90.032840995000072, 23.657531372000051 ], [ 90.034188449000055, 23.657720767000058 ], [ 90.035639523000043, 23.658054650000054 ], [ 90.035743061000062, 23.657912360000068 ], [ 90.035224772000049, 23.657530848000079 ], [ 90.035172728000077, 23.656575654000051 ], [ 90.035225368000056, 23.656324984000037 ], [ 90.036250730000063, 23.656439915000078 ], [ 90.038074640000048, 23.656477867000035 ], [ 90.039007597000079, 23.657051210000077 ], [ 90.039525796000078, 23.657098500000075 ], [ 90.039629299000069, 23.656861365000054 ], [ 90.039525510000033, 23.656145551000066 ], [ 90.040095359000077, 23.655761515000052 ], [ 90.039991116000067, 23.653566597000065 ], [ 90.040457472000071, 23.653471634000027 ], [ 90.040716300000042, 23.653137356000059 ], [ 90.040612287000044, 23.651705703000061 ], [ 90.04081967500008, 23.651513703000035 ], [ 90.040974735000077, 23.650558455000066 ], [ 90.041751712000064, 23.650224037000044 ], [ 90.042114421000065, 23.649939409000069 ], [ 90.044576812000059, 23.652657563000048 ], [ 90.044654402000049, 23.652849485000047 ], [ 90.044654533000084, 23.653231116000029 ], [ 90.044577702000083, 23.655283817000054 ], [ 90.044940852000082, 23.656261500000028 ], [ 90.044993007000073, 23.657336376000046 ], [ 90.045174159000055, 23.657478586000025 ], [ 90.045200248000071, 23.657598264000057 ], [ 90.046003556000073, 23.657979657000055 ], [ 90.04569315100008, 23.658912374000067 ], [ 90.045718940000086, 23.65905463200005 ], [ 90.046185335000075, 23.659029653000061 ], [ 90.049968184000079, 23.658599428000059 ], [ 90.051393025000039, 23.65833701400004 ], [ 90.052792198000077, 23.658264282000061 ], [ 90.053180675000078, 23.658049624000057 ], [ 90.053336248000051, 23.657810202000064 ], [ 90.053387843000053, 23.657333712000025 ], [ 90.053361341000084, 23.656211409000036 ], [ 90.053438835000065, 23.65537585800007 ], [ 90.053568398000039, 23.655233549000059 ], [ 90.053775517000076, 23.655161218000046 ], [ 90.054685284000072, 23.655095411000048 ], [ 90.054783235000059, 23.654099522000024 ], [ 90.055664832000048, 23.654099209000037 ], [ 90.055841197000063, 23.653773968000053 ], [ 90.055223574000081, 23.653369976000079 ], [ 90.055135358000086, 23.652719655000055 ], [ 90.055840715000045, 23.652638108000076 ], [ 90.056193343000075, 23.652475392000042 ], [ 90.05601628800008, 23.651174748000074 ], [ 90.055504886000051, 23.649359430000061 ], [ 90.057191603000035, 23.648876587000075 ], [ 90.057623217000071, 23.648478663000049 ], [ 90.05910185700003, 23.649581590000025 ], [ 90.059832548000031, 23.649994555000035 ], [ 90.062890061000076, 23.65139341400004 ], [ 90.068742743000087, 23.654333327000074 ], [ 90.07003145200008, 23.654657927000073 ], [ 90.070616604000065, 23.654416039000068 ], [ 90.071626578000064, 23.653817159000027 ], [ 90.072170717000063, 23.65367463900003 ], [ 90.072481461000052, 23.653721918000031 ], [ 90.073466403000054, 23.654414713000051 ], [ 90.073881042000039, 23.65448451900005 ], [ 90.074916355000084, 23.652670709000063 ], [ 90.075200757000061, 23.651667944000053 ], [ 90.076055861000043, 23.65145300100005 ], [ 90.07748065800007, 23.651332611000043 ], [ 90.077635957000041, 23.651237691000063 ], [ 90.077661327000044, 23.650095043000078 ], [ 90.081215751000059, 23.650016444000073 ], [ 90.081478232000052, 23.649822103000076 ], [ 90.081739926000068, 23.648855466000043 ], [ 90.082264609000049, 23.648033215000055 ], [ 90.08441775700004, 23.647982378000052 ], [ 90.08468023000006, 23.647790291000035 ], [ 90.08483754100007, 23.647498899000027 ], [ 90.085887555000056, 23.647401220000063 ], [ 90.086570119000044, 23.647208896000052 ], [ 90.086885161000055, 23.646820314000024 ], [ 90.087095022000085, 23.646772773000066 ], [ 90.088775682000062, 23.647207649000052 ], [ 90.090351419000058, 23.647448363000024 ], [ 90.09113886800003, 23.647398220000071 ], [ 90.091558626000051, 23.646914725000045 ], [ 90.092188948000057, 23.646961774000033 ], [ 90.092451649000054, 23.647108399000047 ], [ 90.09281941100005, 23.647638849000032 ], [ 90.093082145000039, 23.647832894000032 ], [ 90.095862475000047, 23.648151862000077 ], [ 90.096412394000083, 23.648856071000068 ], [ 90.096862111000064, 23.649131288000035 ], [ 90.097386720000031, 23.649164832000054 ], [ 90.097798828000066, 23.649130700000057 ], [ 90.098285546000056, 23.648888768000063 ], [ 90.098884092000048, 23.647818012000073 ], [ 90.09899628800008, 23.647474700000032 ], [ 90.099848025000085, 23.646546044000047 ], [ 90.100126555000031, 23.646545864000075 ], [ 90.101317837000067, 23.646091198000079 ], [ 90.101810389000036, 23.646282821000057 ], [ 90.102845978000062, 23.645399190000035 ], [ 90.103151187000037, 23.645039939000071 ], [ 90.111500449000062, 23.645345788000043 ], [ 90.113075651000031, 23.645294969000076 ], [ 90.115280322000046, 23.644665572000065 ], [ 90.115910334000034, 23.644712525000045 ], [ 90.116855902000054, 23.645050539000067 ], [ 90.119324061000043, 23.645437067000046 ], [ 90.123787384000082, 23.645623255000032 ], [ 90.123890904000064, 23.64427052700006 ], [ 90.123995773000047, 23.644028819000027 ], [ 90.124520813000061, 23.643883874000039 ], [ 90.124625149000053, 23.643400542000052 ], [ 90.124572156000056, 23.642770554000037 ], [ 90.123784432000036, 23.642482138000048 ], [ 90.123468869000078, 23.642191087000072 ], [ 90.12357260400006, 23.640741256000069 ], [ 90.123519711000085, 23.640208370000039 ], [ 90.12330925200007, 23.639919490000068 ], [ 90.122153647000061, 23.639387474000046 ], [ 90.121891103000053, 23.639096378000033 ], [ 90.121522180000056, 23.637744022000049 ], [ 90.122150998000052, 23.636533145000044 ], [ 90.122413393000045, 23.636340993000033 ], [ 90.126781342000072, 23.635871605000034 ], [ 90.127721318000056, 23.637823107000031 ], [ 90.128013081000063, 23.639077100000065 ], [ 90.128005448000067, 23.639765404000059 ], [ 90.127917467000032, 23.639973090000069 ], [ 90.127963274000081, 23.640098631000058 ], [ 90.128227862000074, 23.640272294000056 ], [ 90.128567621000059, 23.640238139000076 ], [ 90.129473431000065, 23.639715747000025 ], [ 90.129964241000039, 23.639681464000034 ], [ 90.130266483000071, 23.639818960000071 ], [ 90.130984682000076, 23.640443868000034 ], [ 90.131361886000036, 23.640165793000051 ], [ 90.131588343000033, 23.639887846000079 ], [ 90.131928205000065, 23.639957562000063 ], [ 90.132419575000085, 23.640478782000059 ], [ 90.132835191000083, 23.640618432000053 ], [ 90.133024212000066, 23.640896026000064 ], [ 90.133024565000085, 23.641243784000039 ], [ 90.133553513000038, 23.641347205000045 ], [ 90.133817829000066, 23.641243100000054 ], [ 90.133855339000036, 23.641069190000053 ], [ 90.133817015000034, 23.640441450000026 ], [ 90.133665678000057, 23.640163827000038 ], [ 90.132457114000033, 23.640027114000077 ], [ 90.132381188000068, 23.639783296000076 ], [ 90.132494381000072, 23.639609319000044 ], [ 90.132834136000042, 23.63957289800004 ], [ 90.133778103000054, 23.639538215000073 ], [ 90.134533473000033, 23.639641438000069 ], [ 90.134609294000086, 23.639781379000055 ], [ 90.13472502500008, 23.642389468000033 ], [ 90.134649898000077, 23.642633414000045 ], [ 90.133743914000036, 23.642981958000064 ], [ 90.13370651200006, 23.643259746000069 ], [ 90.133782027000052, 23.643399687000056 ], [ 90.134159931000056, 23.643503237000061 ], [ 90.134424049000074, 23.643503007000049 ], [ 90.134801561000074, 23.643224925000027 ], [ 90.135216544000059, 23.642736799000033 ], [ 90.135405325000079, 23.642772764000028 ], [ 90.136085678000086, 23.643501559000072 ], [ 90.136352020000061, 23.643280023000045 ], [ 90.136387325000044, 23.643049659000042 ], [ 90.136273577000054, 23.642388114000028 ], [ 90.136122053000065, 23.641936613000041 ], [ 90.13551693800008, 23.641067747000022 ], [ 90.135402817000056, 23.640336198000057 ], [ 90.135590841000067, 23.639640517000032 ], [ 90.136647993000054, 23.639431838000064 ], [ 90.136912194000047, 23.639221593000059 ], [ 90.136874327000044, 23.639047747000063 ], [ 90.136420774000044, 23.638666517000047 ], [ 90.136420630000032, 23.638526512000055 ], [ 90.13683553900006, 23.638282261000029 ], [ 90.13592847700005, 23.637553668000066 ], [ 90.135928083000067, 23.637169779000033 ], [ 90.135814845000084, 23.636996 ], [ 90.135285985000053, 23.636962590000053 ], [ 90.135059418000083, 23.636822780000045 ], [ 90.13494580400004, 23.636578996000026 ], [ 90.13498277900004, 23.635883447000026 ], [ 90.135549178000076, 23.635779077000052 ], [ 90.135624048000068, 23.63529124400003 ], [ 90.136152905000074, 23.635326912000039 ], [ 90.13641778300007, 23.635778315000039 ], [ 90.136720024000056, 23.635918055000047 ], [ 90.137626008000041, 23.635917253000059 ], [ 90.138457036000034, 23.636020391000045 ], [ 90.138608195000074, 23.636124132000077 ], [ 90.138683858000036, 23.636401819000071 ], [ 90.138533066000036, 23.636645838000049 ], [ 90.136947023000062, 23.636473365000029 ], [ 90.136796153000034, 23.636647377000031 ], [ 90.137099087000081, 23.637448763000066 ], [ 90.137212520000048, 23.637516408000067 ], [ 90.138420814000085, 23.637411458000031 ], [ 90.138609659000053, 23.637515164000035 ], [ 90.138761075000048, 23.637862790000042 ], [ 90.139176543000076, 23.637862417000065 ], [ 90.139252540000086, 23.638453990000073 ], [ 90.138875836000068, 23.639185977000068 ], [ 90.138536142000078, 23.639567910000039 ], [ 90.138536287000079, 23.639707917000067 ], [ 90.138687450000077, 23.639811658000042 ], [ 90.139669412000046, 23.63977690400003 ], [ 90.139933681000059, 23.639636659000075 ], [ 90.140122199000075, 23.63942873700006 ], [ 90.140498303000072, 23.63814123800006 ], [ 90.140837831000056, 23.63789704800007 ], [ 90.142045860000053, 23.637548189000029 ], [ 90.14231004700008, 23.637337935000062 ], [ 90.142612034000081, 23.637233781000077 ], [ 90.144386871000052, 23.637162136000029 ], [ 90.144688742000085, 23.636954102000061 ], [ 90.144688588000065, 23.636814096000023 ], [ 90.14442398500006, 23.636640464000038 ], [ 90.143404023000073, 23.636363654000036 ], [ 90.143290358000058, 23.635805991000041 ], [ 90.14344129400007, 23.635701977000053 ], [ 90.144875754000054, 23.635389014000054 ], [ 90.14532889700007, 23.635388591000037 ], [ 90.145517784000049, 23.63552616100003 ], [ 90.145631378000076, 23.63573606600005 ], [ 90.145820649000086, 23.636221395000064 ], [ 90.14601050300007, 23.637230620000025 ], [ 90.146049231000063, 23.637892227000066 ], [ 90.146162636000042, 23.638206008000054 ], [ 90.146245686000043, 23.638221734000069 ], [ 90.146859126000038, 23.639086037000027 ], [ 90.147211603000073, 23.638923114000079 ], [ 90.147563902000059, 23.638599861000046 ], [ 90.147740018000036, 23.638274516000024 ], [ 90.149149908000084, 23.637622814000053 ], [ 90.149941975000047, 23.636321341000041 ], [ 90.150029106000034, 23.635347986000056 ], [ 90.149323532000039, 23.635104782000042 ], [ 90.148883564000073, 23.635918147000041 ], [ 90.148178446000031, 23.636081412000067 ], [ 90.147384905000081, 23.63608216800003 ], [ 90.146591094000087, 23.635839037000039 ], [ 90.145620123000072, 23.634701834000055 ], [ 90.14535451100005, 23.633889139000075 ], [ 90.145442124000056, 23.633322256000042 ], [ 90.145676637000065, 23.632858773000066 ], [ 90.146058270000083, 23.632508733000066 ], [ 90.146939572000065, 23.632101430000034 ], [ 90.148085640000033, 23.632019046000039 ], [ 90.148702955000033, 23.632262337000043 ], [ 90.14947813100008, 23.631487038000046 ], [ 90.150004836000051, 23.629643860000044 ], [ 90.150231126000051, 23.629537506000077 ], [ 90.150646563000066, 23.629537104000065 ], [ 90.150797529000045, 23.62946921200006 ], [ 90.150948328000084, 23.629259054000045 ], [ 90.152345016000083, 23.628946062000068 ], [ 90.152949177000039, 23.62894546900003 ], [ 90.152949337000052, 23.629083217000073 ], [ 90.152459056000055, 23.629535334000025 ], [ 90.152610422000066, 23.629815199000063 ], [ 90.153138913000078, 23.629814678000059 ], [ 90.15359187200005, 23.629674223000052 ], [ 90.154044265000039, 23.629048259000058 ], [ 90.154119348000052, 23.628804304000028 ], [ 90.154459130000077, 23.628560083000025 ], [ 90.155553599000086, 23.628141226000025 ], [ 90.156648807000067, 23.628350134000073 ], [ 90.157555501000047, 23.628730847000043 ], [ 90.158235027000046, 23.628730156000074 ], [ 90.159707154000046, 23.628240881000067 ], [ 90.159933699000078, 23.628102899000055 ], [ 90.160347683000055, 23.62716307200003 ], [ 90.16068739800005, 23.627126590000046 ], [ 90.16110261700004, 23.626952279000022 ], [ 90.16128950600006, 23.625457173000029 ], [ 90.161516129000063, 23.625386935000051 ], [ 90.161893866000071, 23.625630424000065 ], [ 90.162045416000069, 23.626048026000035 ], [ 90.162122840000052, 23.627472856000054 ], [ 90.161745605000078, 23.627891012000077 ], [ 90.160802158000081, 23.628275883000072 ], [ 90.159708039000066, 23.628972531000045 ], [ 90.159595062000051, 23.629286533000027 ], [ 90.159633135000036, 23.629354241000044 ], [ 90.160274940000079, 23.629319703000078 ], [ 90.163219090000041, 23.628517241000054 ], [ 90.163671906000047, 23.628272881000044 ], [ 90.163935823000031, 23.627888712000072 ], [ 90.163859588000037, 23.627437160000056 ], [ 90.163330116000054, 23.626638324000055 ], [ 90.161666395000054, 23.624761265000075 ], [ 90.161628203000078, 23.624343540000041 ], [ 90.161967527000058, 23.623995427000068 ], [ 90.16253234900006, 23.62267154500006 ], [ 90.162909347000038, 23.622323392000055 ], [ 90.163097593000032, 23.621941562000075 ], [ 90.163512703000038, 23.621697243000028 ], [ 90.164795888000071, 23.621348126000044 ], [ 90.164984728000036, 23.621205662000023 ], [ 90.164718697000069, 23.619887167000059 ], [ 90.164718264000044, 23.619539409000026 ], [ 90.16486911800007, 23.619399241000053 ], [ 90.165661506000049, 23.619050639000022 ], [ 90.166265580000072, 23.619016120000026 ], [ 90.167436439000085, 23.619258743000046 ], [ 90.168191539000077, 23.619221799000059 ], [ 90.169059145000062, 23.618769220000047 ], [ 90.169813167000086, 23.617898998000044 ], [ 90.169812001000082, 23.616993469000079 ], [ 90.169660706000059, 23.616785883000034 ], [ 90.168905574000064, 23.616786706000028 ], [ 90.168716648000043, 23.616613031000043 ], [ 90.168602989000078, 23.616369273000032 ], [ 90.168827364000038, 23.614560229000062 ], [ 90.16897762900004, 23.613968422000028 ], [ 90.168976916000076, 23.613412911000069 ], [ 90.169089811000049, 23.613062770000056 ], [ 90.170183253000062, 23.61198442400007 ], [ 90.170559885000046, 23.611392368000054 ], [ 90.17059450000005, 23.60902575800003 ], [ 90.170518517000062, 23.608540332000075 ], [ 90.17051716900005, 23.607497054000078 ], [ 90.170818928000074, 23.607286713000065 ], [ 90.171724835000077, 23.60714570500005 ], [ 90.171950977000051, 23.606971576000035 ], [ 90.172063364000053, 23.606242061000046 ], [ 90.172214196000084, 23.606101885000044 ], [ 90.172667100000069, 23.605997506000051 ], [ 90.173422216000063, 23.606030538000027 ], [ 90.173573047000048, 23.605892619000031 ], [ 90.173647945000084, 23.605544777000034 ], [ 90.173798822000037, 23.605440731000044 ], [ 90.174969341000065, 23.605507162000038 ], [ 90.175422473000083, 23.60557665400006 ], [ 90.17625356800005, 23.605853469000067 ], [ 90.176442216000055, 23.60581938200005 ], [ 90.176555459000042, 23.605749250000031 ], [ 90.17670595900006, 23.605367447000049 ], [ 90.177611216000059, 23.604982523000047 ], [ 90.178252683000039, 23.604564024000069 ], [ 90.180474599000036, 23.600699969000061 ], [ 90.180511226000078, 23.599934402000031 ], [ 90.179944468000031, 23.599413420000076 ], [ 90.178017233000048, 23.598060732000079 ], [ 90.177337583000053, 23.597851499000058 ], [ 90.177261693000048, 23.597677705000024 ], [ 90.17790188400005, 23.59656368900005 ], [ 90.178353293000043, 23.595379884000067 ], [ 90.179483024000035, 23.593222018000063 ], [ 90.180539495000062, 23.59283916000004 ], [ 90.181971431000079, 23.59109643000005 ], [ 90.182121996000035, 23.590784623000047 ], [ 90.183022471000072, 23.58681593700004 ], [ 90.183172110000044, 23.585842482000032 ], [ 90.18309541800005, 23.584869294000043 ], [ 90.182829758000082, 23.583894070000042 ], [ 90.182602497000062, 23.58344270300006 ], [ 90.18203561100006, 23.582781716000056 ], [ 90.181090567000069, 23.581949550000047 ], [ 90.180939150000086, 23.581635841000036 ], [ 90.180976748000035, 23.58135803700003 ], [ 90.181693219000067, 23.581009440000059 ], [ 90.183165161000034, 23.580833833000042 ], [ 90.183844486000055, 23.580866903000071 ], [ 90.184373376000053, 23.581074030000025 ], [ 90.185505613000032, 23.581072684000048 ], [ 90.187920586000075, 23.580514267000069 ], [ 90.190525039000079, 23.580544968000027 ], [ 90.191015513000082, 23.580440490000058 ], [ 90.191123384000036, 23.580275508000057 ], [ 90.191464631000031, 23.577795602000037 ], [ 90.191804117000061, 23.577483551000057 ], [ 90.192105875000038, 23.577343172000042 ], [ 90.194068216000062, 23.577270729000077 ], [ 90.195690667000065, 23.576817058000074 ], [ 90.196483496000042, 23.576989939000043 ], [ 90.197049799000069, 23.577023094000026 ], [ 90.197766931000046, 23.57695443800003 ], [ 90.198068577000072, 23.57674404200003 ], [ 90.198782675000075, 23.574864320000074 ], [ 90.198819340000057, 23.573994870000035 ], [ 90.199007616000074, 23.573750744000051 ], [ 90.19964866600003, 23.573402163000026 ], [ 90.199836940000068, 23.573158036000052 ], [ 90.200100647000056, 23.572776064000038 ], [ 90.200777819000052, 23.571418020000067 ], [ 90.201154666000036, 23.570929763000038 ], [ 90.201909002000036, 23.570581024000035 ], [ 90.202398681000034, 23.569988742000078 ], [ 90.202587161000054, 23.569884622000075 ], [ 90.203379580000046, 23.569813582000052 ], [ 90.204850825000051, 23.569290009000042 ], [ 90.205152825000084, 23.569325741000057 ], [ 90.205266235000067, 23.569393336000076 ], [ 90.20568316400005, 23.570472199000051 ], [ 90.20598749800007, 23.572002846000032 ], [ 90.207591287000071, 23.570654834000038 ], [ 90.208179398000084, 23.570744374000071 ], [ 90.207979995000073, 23.568576783000026 ], [ 90.206801107000047, 23.566681476000042 ], [ 90.203957114000048, 23.565239992000045 ], [ 90.201898344000085, 23.564610387000073 ], [ 90.200329539000052, 23.563980123000078 ], [ 90.199153118000083, 23.563620323000066 ], [ 90.198577079000074, 23.563281585000027 ], [ 90.197337210000057, 23.56278922000007 ], [ 90.19554652000005, 23.561601290000056 ], [ 90.194924767000032, 23.561087698000051 ], [ 90.193261095000082, 23.560213374000057 ], [ 90.192115153000032, 23.559930261000034 ], [ 90.191410437000059, 23.560053073000063 ], [ 90.191058342000076, 23.560297390000073 ], [ 90.189386563000085, 23.561882427000057 ], [ 90.188169973000072, 23.562719985000058 ], [ 90.188179837000064, 23.562578459000065 ], [ 90.187964863000047, 23.562133457000073 ], [ 90.186176680000074, 23.562659006000047 ], [ 90.185764197000083, 23.562480254000036 ], [ 90.185063883000055, 23.561735596000062 ], [ 90.18475926900004, 23.561158600000056 ], [ 90.18197811400006, 23.557058742000038 ], [ 90.181492614000035, 23.556490243000042 ], [ 90.181052020000038, 23.556287521000058 ], [ 90.179994402000034, 23.556288748000043 ], [ 90.177703934000078, 23.556453973000032 ], [ 90.177395066000031, 23.556291736000048 ], [ 90.177130053000042, 23.555725230000064 ], [ 90.177040834000081, 23.554953029000046 ], [ 90.177038440000047, 23.553166800000042 ], [ 90.177213829000038, 23.552434946000062 ], [ 90.177389343000073, 23.552028270000051 ], [ 90.177697546000047, 23.551702737000028 ], [ 90.178621777000046, 23.55113261300005 ], [ 90.179898674000071, 23.550521429000071 ], [ 90.18035795600008, 23.549520576000077 ], [ 90.181386744000065, 23.545697221000069 ], [ 90.181580676000067, 23.54533850200005 ], [ 90.181774114000063, 23.544621291000055 ], [ 90.181889436000063, 23.54365322600006 ], [ 90.181926297000075, 23.542183364000039 ], [ 90.181847883000046, 23.540405501000066 ], [ 90.181395021000071, 23.538868470000068 ], [ 90.18044969400006, 23.537570630000062 ], [ 90.180246998000086, 23.537198033000038 ], [ 90.180153133000033, 23.536796630000026 ], [ 90.180372445000046, 23.536101990000077 ], [ 90.181195871000057, 23.535411337000028 ], [ 90.181221367000035, 23.535100613000054 ], [ 90.181064924000054, 23.534431609000023 ], [ 90.179978318000053, 23.532922443000075 ], [ 90.179536725000048, 23.532150649000073 ], [ 90.179315455000051, 23.531299561000026 ], [ 90.179226073000052, 23.530405417000054 ], [ 90.179005242000073, 23.529877254000041 ], [ 90.178121934000046, 23.528213970000024 ], [ 90.177327572000081, 23.527117390000058 ], [ 90.176984334000053, 23.526959452000028 ], [ 90.176152807000051, 23.526772720000054 ], [ 90.175686447000032, 23.526916645000028 ], [ 90.174952080000082, 23.527633265000077 ], [ 90.17136516000005, 23.530385544000069 ], [ 90.165673284000036, 23.526754374000063 ], [ 90.165792123000074, 23.527132766000022 ], [ 90.165110680000055, 23.526698009000029 ], [ 90.163613884000085, 23.52734995000003 ], [ 90.162249622000047, 23.528245630000072 ], [ 90.16053252100005, 23.529017456000076 ], [ 90.155250296000077, 23.531825260000062 ], [ 90.152263335000043, 23.533731858000067 ], [ 90.148965529000066, 23.541101304000051 ], [ 90.142142035000063, 23.546545437000077 ], [ 90.135942467000064, 23.555423441000073 ], [ 90.134395873000074, 23.560862524000072 ], [ 90.130405201000031, 23.565398122000033 ], [ 90.129689232000032, 23.565387437000027 ], [ 90.127455515000065, 23.567466814000056 ], [ 90.121105649000071, 23.567207690000032 ], [ 90.113115555000036, 23.567543399000044 ], [ 90.10905467300006, 23.568422995000049 ], [ 90.110772127000075, 23.574694886000032 ], [ 90.106672264000053, 23.574780275000023 ], [ 90.074095003000082, 23.566052126000045 ], [ 90.074000550000051, 23.566083303000028 ], [ 90.073692588000085, 23.566815104000057 ], [ 90.073076409000066, 23.567829326000037 ], [ 90.072680044000037, 23.568195340000045 ], [ 90.071798981000086, 23.568683520000036 ], [ 90.070081131000052, 23.569456607000063 ], [ 90.068319014000053, 23.569942903000026 ], [ 90.066028019000044, 23.570431667000037 ], [ 90.063736843000072, 23.570676520000063 ], [ 90.06184255200003, 23.571408926000061 ], [ 90.060256636000076, 23.571694097000034 ], [ 90.05946362800006, 23.572019582000053 ], [ 90.056423751000068, 23.57299398300006 ], [ 90.05281106700005, 23.573848852000026 ], [ 90.04347034500006, 23.575678626000069 ], [ 90.04069458500004, 23.575882616000058 ], [ 90.039945553000052, 23.576045402000034 ], [ 90.039945639000052, 23.576329930000043 ], [ 90.040165931000047, 23.57665505500006 ], [ 90.040739047000045, 23.577061382000068 ], [ 90.045322459000033, 23.579943826000033 ], [ 90.049069068000051, 23.582867050000061 ], [ 90.053476741000054, 23.585708660000023 ], [ 90.054640221000056, 23.586349582000025 ], [ 90.051935515000082, 23.58863128400003 ], [ 90.050393410000083, 23.589444736000075 ], [ 90.044753890000038, 23.59212694200005 ], [ 90.042110223000066, 23.593672282000057 ], [ 90.038468560000069, 23.596353284000031 ], [ 90.037685791000058, 23.598935819000076 ], [ 90.036853246000078, 23.601058716000068 ], [ 90.036559455000031, 23.602007224000033 ], [ 90.03651069600005, 23.602910511000061 ], [ 90.036070116000076, 23.604762328000049 ], [ 90.035972958000059, 23.607923812000024 ], [ 90.035777326000073, 23.60936909000003 ], [ 90.036504249000075, 23.610170354000047 ], [ 90.037631700000077, 23.610757214000046 ], [ 90.041112028000043, 23.612156406000054 ], [ 90.042876513000067, 23.612201092000078 ], [ 90.045033444000069, 23.613239247000024 ], [ 90.045033614000033, 23.613736047000032 ], [ 90.044446136000033, 23.615768582000044 ], [ 90.04351575700008, 23.618478666000044 ], [ 90.043074840000031, 23.619156244000067 ], [ 90.041997200000083, 23.621369559000073 ], [ 90.041311309000037, 23.622453670000027 ], [ 90.040674326000044, 23.623221621000027 ], [ 90.040380472000038, 23.624034642000026 ], [ 90.040135384000052, 23.624034706000032 ], [ 90.039152041000079, 23.628973975000065 ], [ 90.036263504000033, 23.629400507000071 ], [ 90.025624212000082, 23.629836201000046 ], [ 90.021086795000031, 23.629620098000032 ], [ 90.018583387000035, 23.629333630000076 ], [ 90.016705886000068, 23.628900275000035 ], [ 90.012950594000074, 23.62781896100006 ], [ 90.010682221000081, 23.627532347000056 ], [ 90.007631101000072, 23.627460265000025 ], [ 90.005989129000056, 23.644396676000042 ], [ 90.008962255000085, 23.64526141500005 ], [ 90.01052713100006, 23.645839408000029 ], [ 90.010605311000063, 23.646415239000078 ], [ 90.011153206000074, 23.646776509000063 ], [ 90.013109043000043, 23.646848616000057 ], [ 90.014204491000044, 23.647063047000074 ], [ 90.014204560000053, 23.647713401000033 ], [ 90.016082419000043, 23.648937149000062 ], [ 90.018586500000083, 23.651386989000059 ], [ 90.019995161000054, 23.653622405000078 ], [ 90.020386636000069, 23.654704020000054 ], [ 90.020778292000045, 23.656865037000046 ], [ 90.020856569000046, 23.657729907000032 ], [ 90.020856969000079, 23.66025228500007 ], [ 90.020524858000044, 23.664660280000078 ], [ 90.020975413000031, 23.665073465000035 ], [ 90.021441954000068, 23.665789240000038 ], [ 90.022375188000069, 23.668033729000058 ], [ 90.022893466000085, 23.668320441000049 ], [ 90.023308101000055, 23.668272956000067 ], [ 90.023359859000038, 23.668081006000023 ], [ 90.023204297000063, 23.66703098000005 ], [ 90.023255971000083, 23.666362553000056 ], [ 90.023411251000084, 23.665838636000046 ], [ 90.023670471000059, 23.665599231000044 ], [ 90.02434403500007, 23.665454603000057 ], [ 90.024395809000055, 23.66535975100004 ], [ 90.024343743000031, 23.66388065700005 ] ] ] } },
{ "type": "Feature", "properties": { "matched_key": "A_302638", "navigation_parent_key": "D_3026", "admin_type": "upazila", "admin_label": "Upazila", "map_level": "upazila", "admin_rank": 2, "displayable": 1, "geometry_status": "EXACT/GEOMETRY", "location_label": "Keraniganj Upazila" }, "geometry": { "type": "Polygon", "coordinates": [ [ [ 90.264560286000062, 23.743134345000044 ], [ 90.265818738000064, 23.742843144000062 ], [ 90.266841667000051, 23.742841382000051 ], [ 90.269518222000045, 23.743559340000047 ], [ 90.271328734000065, 23.743919732000052 ], [ 90.273139099000048, 23.744205585000032 ], [ 90.276642034000076, 23.744452266000053 ], [ 90.277824295000073, 23.744967257000042 ], [ 90.282250569000041, 23.749918086000037 ], [ 90.282527198000082, 23.749933388000045 ], [ 90.282860600000049, 23.749824387000046 ], [ 90.285999459000038, 23.748134048000054 ], [ 90.286774619000084, 23.747834540000042 ], [ 90.287070465000056, 23.74794238000004 ], [ 90.287266638000062, 23.748185894000073 ], [ 90.288140704000057, 23.751029505000076 ], [ 90.289191760000051, 23.757070285000054 ], [ 90.289679730000046, 23.759176199000024 ], [ 90.289990049000039, 23.761099537000064 ], [ 90.290196901000058, 23.762551121000058 ], [ 90.290251655000077, 23.764285258000029 ], [ 90.290406365000081, 23.765176924000059 ], [ 90.290611875000081, 23.766018816000042 ], [ 90.290867778000063, 23.766628027000024 ], [ 90.291225498000074, 23.766957039000033 ], [ 90.292193789000066, 23.767400060000057 ], [ 90.294513019000078, 23.767957927000054 ], [ 90.295633825000039, 23.768025788000045 ], [ 90.297596251000073, 23.768654294000044 ], [ 90.298386002000086, 23.768795032000071 ], [ 90.299073231000079, 23.768628859000046 ], [ 90.300168876000043, 23.768954161000067 ], [ 90.302462028000036, 23.769349375000047 ], [ 90.304348116000085, 23.769837938000023 ], [ 90.306973676000041, 23.770722442000078 ], [ 90.309214519000079, 23.770765392000044 ], [ 90.311047844000086, 23.770456865000028 ], [ 90.312243514000045, 23.770009602000073 ], [ 90.312777216000086, 23.769516254000052 ], [ 90.313233560000072, 23.768483370000069 ], [ 90.313384269000039, 23.767638529000067 ], [ 90.31315178400007, 23.766351873000076 ], [ 90.312437529000078, 23.765718788000072 ], [ 90.31236018900006, 23.765438938000045 ], [ 90.312329113000033, 23.763212495000062 ], [ 90.31235386600008, 23.762790177000056 ], [ 90.312505864000059, 23.762485024000057 ], [ 90.312579621000054, 23.761265491000074 ], [ 90.313311809000083, 23.758637814000053 ], [ 90.31493062100003, 23.754134090000036 ], [ 90.316983445000062, 23.750099146000025 ], [ 90.318276944000047, 23.747847397000044 ], [ 90.319139763000067, 23.746556232000046 ], [ 90.321957636000036, 23.743244495000056 ], [ 90.324590337000075, 23.740992159000029 ], [ 90.325612887000034, 23.740845487000058 ], [ 90.326478189000056, 23.740843663000078 ], [ 90.327263512000059, 23.740986522000071 ], [ 90.32773936500007, 23.741708112000026 ], [ 90.328526907000082, 23.741997741000034 ], [ 90.330258499000081, 23.742138570000066 ], [ 90.331437864000065, 23.741919265000035 ], [ 90.332694676000074, 23.741047190000074 ], [ 90.33340243300006, 23.740828884000052 ], [ 90.334110741000075, 23.740827356000068 ], [ 90.334976409000035, 23.740970003000029 ], [ 90.336947825000038, 23.742557695000073 ], [ 90.33757926800007, 23.743425693000063 ], [ 90.338209792000043, 23.743932390000055 ], [ 90.339859543000046, 23.74277035800003 ], [ 90.341278772000067, 23.74399790800004 ], [ 90.344096992000061, 23.745723637000026 ], [ 90.344724315000065, 23.745234485000026 ], [ 90.346563357000036, 23.743438039000068 ], [ 90.349157995000041, 23.741302188000077 ], [ 90.349906738000072, 23.738893332000032 ], [ 90.351830241000073, 23.739941250000072 ], [ 90.35437777900006, 23.736573093000061 ], [ 90.354957438000042, 23.735271086000068 ], [ 90.356420398000068, 23.732986246000053 ], [ 90.357041241000047, 23.731512205000058 ], [ 90.357504573000085, 23.730067653000049 ], [ 90.357942348000051, 23.729101793000041 ], [ 90.356474954000078, 23.728423229000043 ], [ 90.355105269000035, 23.728044758000067 ], [ 90.355612765000046, 23.727960042000063 ], [ 90.357740110000066, 23.726898334000055 ], [ 90.358355175000042, 23.726013984000076 ], [ 90.359643550000044, 23.72089860400007 ], [ 90.35990998300008, 23.720791855000073 ], [ 90.359846448000042, 23.719760038000061 ], [ 90.360113943000044, 23.717361287000074 ], [ 90.360587094000039, 23.714835602000051 ], [ 90.360717743000066, 23.712624592000054 ], [ 90.360994839000057, 23.711944251000034 ], [ 90.36193036800006, 23.710354604000031 ], [ 90.362897601000043, 23.709374569000033 ], [ 90.364309049000042, 23.708296383000061 ], [ 90.36530881200008, 23.707781433000036 ], [ 90.366402257000061, 23.707444645000066 ], [ 90.368795965000061, 23.707068627000069 ], [ 90.37134783700003, 23.707125752000024 ], [ 90.376129953000031, 23.707538730000067 ], [ 90.380823799000041, 23.707524995000028 ], [ 90.382898252000075, 23.707641815000045 ], [ 90.385686597000074, 23.70804812700004 ], [ 90.389106797000068, 23.708777973000053 ], [ 90.389891913000042, 23.709098907000055 ], [ 90.390595835000056, 23.709742953000045 ], [ 90.391293971000039, 23.710910897000076 ], [ 90.393280964000041, 23.711282967000045 ], [ 90.394036027000084, 23.711597184000027 ], [ 90.394608280000057, 23.711464755000065 ], [ 90.39494677600004, 23.711283245000061 ], [ 90.396785965000049, 23.711429833000068 ], [ 90.398341298000048, 23.711394226000039 ], [ 90.39894234500008, 23.711241375000043 ], [ 90.400513075000049, 23.71061633000005 ], [ 90.40126753900006, 23.71012436500007 ], [ 90.403368746000069, 23.70916825200004 ], [ 90.407742730000052, 23.706828675000054 ], [ 90.408216862000074, 23.70630579300007 ], [ 90.408535507000067, 23.706438166000055 ], [ 90.410276870000075, 23.705514503000074 ], [ 90.410714986000073, 23.705240113000059 ], [ 90.410624319000078, 23.705066480000028 ], [ 90.413317995000057, 23.703243781000026 ], [ 90.414483673000063, 23.702341933000071 ], [ 90.414604496000038, 23.702357418000076 ], [ 90.417156900000066, 23.699907274000054 ], [ 90.417311643000062, 23.699985893000076 ], [ 90.417500672000074, 23.699858928000026 ], [ 90.417499319000058, 23.699432146000049 ], [ 90.419057420000058, 23.697804350000069 ], [ 90.419262511000056, 23.697331846000054 ], [ 90.42554135000006, 23.691086821000056 ], [ 90.425621531000047, 23.690481426000076 ], [ 90.426765656000043, 23.689234052000074 ], [ 90.430609833000062, 23.68605074900006 ], [ 90.430444927000053, 23.685861527000043 ], [ 90.43249017100004, 23.684460311000066 ], [ 90.433024339000042, 23.684723017000067 ], [ 90.435190483000042, 23.682639476000077 ], [ 90.434902737000073, 23.682376083000065 ], [ 90.43727606200008, 23.681048399000076 ], [ 90.438546593000069, 23.680816739000022 ], [ 90.439464423000061, 23.680021644000078 ], [ 90.440224364000073, 23.678880108000044 ], [ 90.441780349000055, 23.677361457000075 ], [ 90.443568638000045, 23.675796240000068 ], [ 90.446812862000058, 23.672100064000063 ], [ 90.448419913000066, 23.669946100000061 ], [ 90.449102260000075, 23.669187140000076 ], [ 90.450612440000043, 23.667691476000073 ], [ 90.452328643000044, 23.66575546200005 ], [ 90.452774369000053, 23.665564118000077 ], [ 90.452986746000079, 23.665284480000025 ], [ 90.453320228000052, 23.664375999000072 ], [ 90.454786479000063, 23.662211261000039 ], [ 90.456584976000045, 23.66010288700005 ], [ 90.462185524000063, 23.653165222000041 ], [ 90.463798540000084, 23.65149705400006 ], [ 90.46568172700006, 23.649942773000078 ], [ 90.468327668000086, 23.646952243000044 ], [ 90.469442034000053, 23.645170808000046 ], [ 90.471219380000036, 23.643081449000078 ], [ 90.47210573600006, 23.641396283000063 ], [ 90.472580858000072, 23.640783028000044 ], [ 90.472714837000069, 23.639083420000077 ], [ 90.472698950000051, 23.638270911000063 ], [ 90.472552674000042, 23.637267610000038 ], [ 90.471690817000081, 23.63564511800007 ], [ 90.471232931000031, 23.634547167000051 ], [ 90.470894687000055, 23.634261410000079 ], [ 90.470300723000037, 23.633978227000057 ], [ 90.466654099000039, 23.633246314000075 ], [ 90.459217265000063, 23.630811662000042 ], [ 90.45419499500008, 23.628954455000041 ], [ 90.453496087000076, 23.628839078000055 ], [ 90.452735282000049, 23.629076145000056 ], [ 90.451594558000068, 23.629664325000078 ], [ 90.451150122000058, 23.629783041000053 ], [ 90.450261266000041, 23.629668201000072 ], [ 90.445938629000068, 23.628276127000049 ], [ 90.444729638000069, 23.627344728000025 ], [ 90.443075634000081, 23.626353623000057 ], [ 90.442120314000078, 23.625595356000076 ], [ 90.440401488000077, 23.624080519000074 ], [ 90.438108113000055, 23.621865004000028 ], [ 90.435941659000036, 23.619470704000037 ], [ 90.435239341000056, 23.618302960000051 ], [ 90.43383381600006, 23.615500027000053 ], [ 90.43357840300007, 23.615148471000055 ], [ 90.430527064000046, 23.613754658000062 ], [ 90.426288924000062, 23.618562648000022 ], [ 90.423821, 23.621026263000033 ], [ 90.421861099000068, 23.623547175000056 ], [ 90.419899262000058, 23.625483204000034 ], [ 90.417681971000036, 23.627067628000077 ], [ 90.415656111000033, 23.628945067000075 ], [ 90.410720302000072, 23.634165483000061 ], [ 90.410023588000058, 23.634752186000071 ], [ 90.407487530000083, 23.635987295000064 ], [ 90.406473380000079, 23.636574816000063 ], [ 90.404700069000057, 23.637981755000055 ], [ 90.403372069000056, 23.639742048000073 ], [ 90.40248543000007, 23.640561797000032 ], [ 90.399507226000082, 23.642558917000031 ], [ 90.397035355000071, 23.644028542000058 ], [ 90.39583315200008, 23.645492629000046 ], [ 90.395201976000067, 23.646722668000052 ], [ 90.394130619000066, 23.649534520000032 ], [ 90.393626, 23.650470671000051 ], [ 90.391915666000045, 23.651938279000035 ], [ 90.39121790300004, 23.652231339000025 ], [ 90.390392760000054, 23.652350843000079 ], [ 90.387979757000039, 23.652474322000046 ], [ 90.383726461000037, 23.652834919000043 ], [ 90.374774216000048, 23.653326513000025 ], [ 90.373758618000068, 23.653502841000034 ], [ 90.371411127000044, 23.654269475000035 ], [ 90.370585953000045, 23.654388875000052 ], [ 90.369061638000062, 23.654333798000039 ], [ 90.368235310000046, 23.654042206000042 ], [ 90.367471462000083, 23.653517871000076 ], [ 90.365497969000046, 23.651709248000031 ], [ 90.363905873000078, 23.649958416000061 ], [ 90.359700674000067, 23.644819659000063 ], [ 90.358236706000071, 23.643479452000065 ], [ 90.355437137000081, 23.641555177000043 ], [ 90.354356600000074, 23.641031501000043 ], [ 90.353529764000086, 23.640507239000044 ], [ 90.352385978000086, 23.640157573000067 ], [ 90.351495739000086, 23.639750866000043 ], [ 90.349970976000066, 23.639460755000073 ], [ 90.347113741000044, 23.639525888000037 ], [ 90.345907793000038, 23.639763430000073 ], [ 90.341974177000054, 23.640883165000048 ], [ 90.338103155000056, 23.641826524000066 ], [ 90.334043005000069, 23.643122468000058 ], [ 90.332266735000076, 23.643945995000024 ], [ 90.331125629000041, 23.644650720000072 ], [ 90.327829665000081, 23.646997165000073 ], [ 90.321936558000061, 23.652158095000061 ], [ 90.315217086000075, 23.656909502000076 ], [ 90.310145682000041, 23.660054041000024 ], [ 90.303073938000068, 23.664293349000047 ], [ 90.29584858000004, 23.665735161000043 ], [ 90.292414247000067, 23.667354862000025 ], [ 90.289693378000038, 23.66897315500006 ], [ 90.287751913000079, 23.671067933000074 ], [ 90.286524818000032, 23.673632602000055 ], [ 90.284377360000065, 23.676036970000041 ], [ 90.280004769000072, 23.680464131000065 ], [ 90.278762134000033, 23.68213514200005 ], [ 90.277858920000085, 23.683737792000045 ], [ 90.277708982000036, 23.684433569000078 ], [ 90.275604782000073, 23.68979365000007 ], [ 90.274890687000038, 23.691292070000031 ], [ 90.274099651000085, 23.692650617000027 ], [ 90.272743560000038, 23.694391782000025 ], [ 90.271051691000082, 23.696235142000035 ], [ 90.268086217000075, 23.699164601000064 ], [ 90.265499884000064, 23.701984964000076 ], [ 90.261105868000072, 23.708102971000073 ], [ 90.257229685000084, 23.713980630000037 ], [ 90.257038322000085, 23.713947077000057 ], [ 90.255828335000047, 23.716008506000037 ], [ 90.255070595000063, 23.718584035000049 ], [ 90.254183854000075, 23.720105222000029 ], [ 90.252789843000073, 23.721862080000051 ], [ 90.251394287000039, 23.723151493000046 ], [ 90.248729745000048, 23.725262645000043 ], [ 90.245302476000063, 23.727140115000054 ], [ 90.239844723000033, 23.730657821000023 ], [ 90.237308164000069, 23.73370344500006 ], [ 90.236292798000079, 23.734289858000068 ], [ 90.233878214000072, 23.73429352900007 ], [ 90.231591395000066, 23.734766663000073 ], [ 90.228160674000037, 23.735121775000039 ], [ 90.226128309000046, 23.735592196000027 ], [ 90.224603997000031, 23.736061850000056 ], [ 90.222191758000065, 23.737469898000029 ], [ 90.220922783000049, 23.738641432000065 ], [ 90.220036019000077, 23.740282104000073 ], [ 90.219530176000035, 23.741802549000056 ], [ 90.218517287000054, 23.744143413000074 ], [ 90.218011803000081, 23.74589869700003 ], [ 90.218013947000031, 23.747185831000024 ], [ 90.218142262000072, 23.748005354000043 ], [ 90.21839764300006, 23.748707272000047 ], [ 90.219162431000086, 23.749993326000038 ], [ 90.221710311000038, 23.753381410000031 ], [ 90.223239423000052, 23.75560347000004 ], [ 90.224003994000043, 23.756889497000031 ], [ 90.224007199000084, 23.758761483000058 ], [ 90.225030356000048, 23.762386553000056 ], [ 90.225540644000034, 23.763438097000062 ], [ 90.226050737000037, 23.764372219000052 ], [ 90.22757904000008, 23.766009375000067 ], [ 90.228216943000064, 23.767410733000077 ], [ 90.229491670000073, 23.769398255000056 ], [ 90.231531890000042, 23.772904340000025 ], [ 90.232805585000051, 23.774424400000044 ], [ 90.233953261000067, 23.776294652000047 ], [ 90.234844082000052, 23.77687815400003 ], [ 90.237464182000053, 23.776788339000063 ], [ 90.243296973000042, 23.775471803000073 ], [ 90.244476727000063, 23.774891860000025 ], [ 90.245733485000073, 23.77351241100007 ], [ 90.248087913000063, 23.770033394000052 ], [ 90.251779575000057, 23.766333127000053 ], [ 90.253428365000048, 23.764447154000038 ], [ 90.255155669000033, 23.76227199300007 ], [ 90.255940055000053, 23.760965497000029 ], [ 90.256565804000047, 23.759153444000049 ], [ 90.25648261300006, 23.756764481000062 ], [ 90.256165424000073, 23.755462068000043 ], [ 90.25553356000006, 23.754449215000022 ], [ 90.255058760000054, 23.75314480000003 ], [ 90.254900486000054, 23.752494720000072 ], [ 90.254899514000044, 23.751995675000046 ], [ 90.255919239000036, 23.750318457000049 ], [ 90.257253581000043, 23.748651998000071 ], [ 90.258981474000052, 23.746910353000033 ], [ 90.261416897000061, 23.745095234000075 ], [ 90.263695838000046, 23.743569384000068 ], [ 90.264560286000062, 23.743134345000044 ] ] ] } },
{ "type": "Feature", "properties": { "matched_key": "A_302662", "navigation_parent_key": "D_3026", "admin_type": "upazila", "admin_label": "Upazila", "map_level": "upazila", "admin_rank": 2, "displayable": 1, "geometry_status": "EXACT/GEOMETRY", "location_label": "Nawabganj Upazila" }, "geometry": { "type": "Polygon", "coordinates": [ [ [ 90.149380619000056, 23.744862480000052 ], [ 90.149743516000058, 23.744717607000041 ], [ 90.15046963900005, 23.74471690300004 ], [ 90.151974230000064, 23.745431261000078 ], [ 90.152752041000042, 23.745575017000078 ], [ 90.154618765000066, 23.745476061000033 ], [ 90.155862743000057, 23.744903500000078 ], [ 90.156587931000047, 23.744376621000072 ], [ 90.157467454000084, 23.742657282000039 ], [ 90.157310614000039, 23.74151256500005 ], [ 90.157308895000085, 23.740080903000035 ], [ 90.157618956000078, 23.739364757000033 ], [ 90.158498717000043, 23.737882514000034 ], [ 90.15885996600008, 23.736403059000054 ], [ 90.158807397000032, 23.735782125000071 ], [ 90.156367427000077, 23.733302912000056 ], [ 90.155536881000046, 23.732587918000036 ], [ 90.155484214000069, 23.731872138000028 ], [ 90.155639045000044, 23.731348092000076 ], [ 90.156519117000073, 23.730152644000043 ], [ 90.156829178000066, 23.729197137000028 ], [ 90.157241188000057, 23.727096644000028 ], [ 90.157551412000032, 23.726285651000069 ], [ 90.157913559000065, 23.725569452000059 ], [ 90.158431377000056, 23.725042772000052 ], [ 90.159260264000068, 23.724420931000054 ], [ 90.160763093000071, 23.723848065000027 ], [ 90.161592241000051, 23.723702680000031 ], [ 90.16459989100008, 23.723938872000076 ], [ 90.166570651000086, 23.724413231000028 ], [ 90.168489673000067, 23.725176666000038 ], [ 90.170149146000085, 23.725317111000038 ], [ 90.17429605500007, 23.724788606000061 ], [ 90.176110329000039, 23.724452342000063 ], [ 90.177768651000065, 23.723971720000065 ], [ 90.179115623000087, 23.723159492000036 ], [ 90.180411421000031, 23.722823780000056 ], [ 90.181084841000086, 23.722488788000078 ], [ 90.18274103300007, 23.720291922000058 ], [ 90.183362556000077, 23.719909561000065 ], [ 90.184036752000054, 23.720145865000063 ], [ 90.186058865000064, 23.720287966000058 ], [ 90.18657716000007, 23.720190243000047 ], [ 90.187250720000065, 23.71976038400004 ], [ 90.187767987000086, 23.718949080000073 ], [ 90.188284837000083, 23.71785099300007 ], [ 90.188334660000066, 23.716466689000072 ], [ 90.188281135000068, 23.715272192000043 ], [ 90.18859106900004, 23.714413722000074 ], [ 90.188850050000042, 23.714363723000076 ], [ 90.189109615000064, 23.714507929000035 ], [ 90.189680935000069, 23.71527048300004 ], [ 90.190048410000031, 23.718372725000052 ], [ 90.190257249000069, 23.719469928000024 ], [ 90.190517492000083, 23.720282540000028 ], [ 90.191191803000038, 23.720376551000072 ], [ 90.191762397000048, 23.720615207000037 ], [ 90.192229085000065, 23.720662050000044 ], [ 90.193109598000035, 23.720039962000044 ], [ 90.194094077000045, 23.719657105000067 ], [ 90.195131145000062, 23.719798062000052 ], [ 90.195857821000061, 23.720465556000079 ], [ 90.196325300000069, 23.721038533000069 ], [ 90.196948307000071, 23.721466787000054 ], [ 90.197726310000064, 23.721799999000041 ], [ 90.198815067000055, 23.721846026000037 ], [ 90.200110584000072, 23.721367887000042 ], [ 90.201302902000066, 23.721174398000073 ], [ 90.201975673000049, 23.720457688000067 ], [ 90.202805430000069, 23.720551445000069 ], [ 90.203377081000042, 23.721458469000027 ], [ 90.203947258000085, 23.721410298000023 ], [ 90.204466062000051, 23.721648975000051 ], [ 90.204830103000063, 23.722316905000071 ], [ 90.204882363000081, 23.722601362000034 ], [ 90.204727743000035, 23.723127714000043 ], [ 90.204780079000045, 23.723461850000035 ], [ 90.20659469900005, 23.723601698000039 ], [ 90.207838239000068, 23.723028723000027 ], [ 90.209392645000037, 23.722453057000052 ], [ 90.210739021000052, 23.721401196000045 ], [ 90.212084447000052, 23.719775750000053 ], [ 90.213377100000059, 23.717768741000043 ], [ 90.214823814000056, 23.714761149000026 ], [ 90.215598045000036, 23.712610317000042 ], [ 90.215856228000064, 23.712086068000076 ], [ 90.21621857100007, 23.711703936000049 ], [ 90.217771934000041, 23.710604299000067 ], [ 90.221915573000047, 23.708353815000066 ], [ 90.222537571000032, 23.708352922000074 ], [ 90.223471128000085, 23.708590941000068 ], [ 90.22388589500008, 23.708590341000047 ], [ 90.225905811000075, 23.707537369000079 ], [ 90.226164353000058, 23.707250205000037 ], [ 90.226786734000086, 23.707296715000041 ], [ 90.230107996000072, 23.70943931100004 ], [ 90.232737860000043, 23.710600578000026 ], [ 90.235295845000053, 23.711484160000055 ], [ 90.236022382000044, 23.711817259000043 ], [ 90.236230047000049, 23.712056306000022 ], [ 90.23675068600005, 23.71329748900007 ], [ 90.237166243000047, 23.713725900000043 ], [ 90.238358785000059, 23.713724068000033 ], [ 90.243852515000071, 23.713094520000027 ], [ 90.248155179000037, 23.712945413000057 ], [ 90.252769514000079, 23.713222472000041 ], [ 90.257229685000084, 23.713980630000037 ], [ 90.261105868000072, 23.708102971000073 ], [ 90.265499884000064, 23.701984964000076 ], [ 90.268086217000075, 23.699164601000064 ], [ 90.271051691000082, 23.696235142000035 ], [ 90.272743560000038, 23.694391782000025 ], [ 90.274099651000085, 23.692650617000027 ], [ 90.274890687000038, 23.691292070000031 ], [ 90.275604782000073, 23.68979365000007 ], [ 90.277708982000036, 23.684433569000078 ], [ 90.277858920000085, 23.683737792000045 ], [ 90.278762134000033, 23.68213514200005 ], [ 90.280004769000072, 23.680464131000065 ], [ 90.284377360000065, 23.676036970000041 ], [ 90.286524818000032, 23.673632602000055 ], [ 90.285769069000082, 23.673356246000026 ], [ 90.285050255000044, 23.672869810000066 ], [ 90.283459920000041, 23.670993949000035 ], [ 90.281348870000045, 23.667786432000071 ], [ 90.278051464000043, 23.664359847000071 ], [ 90.271478793000085, 23.660619341000029 ], [ 90.271153857000058, 23.660321172000067 ], [ 90.270990958000084, 23.659962971000027 ], [ 90.271147905000078, 23.656805035000048 ], [ 90.270919760000083, 23.654834018000031 ], [ 90.270014838000066, 23.653485654000065 ], [ 90.269636966000064, 23.653312435000032 ], [ 90.268919323000034, 23.653313681000043 ], [ 90.267447850000053, 23.65390786200004 ], [ 90.266354021000041, 23.654569128000048 ], [ 90.265712174000043, 23.654780238000058 ], [ 90.264805971000044, 23.654885665000052 ], [ 90.26367312900004, 23.654747590000056 ], [ 90.262728100000061, 23.654437568000048 ], [ 90.261896724000053, 23.654265097000064 ], [ 90.261066373000062, 23.654300370000044 ], [ 90.259480727000039, 23.654824665000035 ], [ 90.258235202000037, 23.655036753000047 ], [ 90.257555407000041, 23.65496788300004 ], [ 90.256610380000041, 23.654655566000031 ], [ 90.25502296500008, 23.653962672000034 ], [ 90.25438063100006, 23.653929854000069 ], [ 90.253285799000082, 23.654105525000034 ], [ 90.251436927000043, 23.654804048000074 ], [ 90.250191039000072, 23.655153822000045 ], [ 90.249575787000083, 23.655185298000049 ], [ 90.249284488000058, 23.655085277000069 ], [ 90.248981628000081, 23.654704136000078 ], [ 90.248496783000064, 23.652562027000045 ], [ 90.247951344000057, 23.649139424000055 ], [ 90.24759963300005, 23.647739889000036 ], [ 90.248000077000086, 23.646432110000035 ], [ 90.248178296000049, 23.644639391000055 ], [ 90.248121725000033, 23.642153973000063 ], [ 90.248222084000076, 23.641308500000036 ], [ 90.248609858000066, 23.640590905000067 ], [ 90.249742653000055, 23.639453876000061 ], [ 90.249771906000035, 23.637780889000055 ], [ 90.249673324000071, 23.637093947000039 ], [ 90.249380186000053, 23.636407319000057 ], [ 90.24917126400004, 23.63613237900006 ], [ 90.24885, 23.63600075100004 ], [ 90.248599588000047, 23.635540610000078 ], [ 90.248511757000074, 23.635185131000071 ], [ 90.248622954000041, 23.634726089000026 ], [ 90.24918144600008, 23.633761579000065 ], [ 90.24918099000007, 23.633520676000046 ], [ 90.249018710000087, 23.633302977000028 ], [ 90.247447644000033, 23.632135388000052 ], [ 90.246747989000085, 23.630863154000053 ], [ 90.24637141200003, 23.630371782000054 ], [ 90.246160203000045, 23.629464901000063 ], [ 90.245731240000055, 23.628697394000028 ], [ 90.245498097000052, 23.628865057000041 ], [ 90.244047504000036, 23.631231582000055 ], [ 90.242450113000075, 23.633040256000072 ], [ 90.241983321000077, 23.633112682000046 ], [ 90.241282890000036, 23.633089873000074 ], [ 90.240478087000042, 23.632732636000071 ], [ 90.239838764000069, 23.632035304000055 ], [ 90.239459560000057, 23.631410379000044 ], [ 90.239080523000041, 23.630539309000028 ], [ 90.23879052400008, 23.628868561000047 ], [ 90.23839924400005, 23.627865191000069 ], [ 90.237198042000045, 23.625289855000062 ], [ 90.236913659000038, 23.623947999000052 ], [ 90.236573527000076, 23.621638442000062 ], [ 90.236102158000051, 23.620672662000061 ], [ 90.235742181000035, 23.620280935000039 ], [ 90.234678323000082, 23.619578911000076 ], [ 90.233840390000069, 23.618568681000056 ], [ 90.233336494000071, 23.618312177000064 ], [ 90.232308171000057, 23.618287208000027 ], [ 90.231431152000084, 23.617889352000077 ], [ 90.229253498000048, 23.615992247000065 ], [ 90.229051745000049, 23.615691237000078 ], [ 90.228724141000043, 23.615437071000031 ], [ 90.228065335000053, 23.61469224800004 ], [ 90.226363583000079, 23.613233703000049 ], [ 90.225834210000073, 23.612678960000039 ], [ 90.22575837800008, 23.612401315000056 ], [ 90.225762317000033, 23.610974330000033 ], [ 90.226092691000076, 23.608333173000062 ], [ 90.225974675000032, 23.606520714000055 ], [ 90.22573211200006, 23.604902634000041 ], [ 90.225835106000034, 23.604152958000043 ], [ 90.224965724000072, 23.60293426800007 ], [ 90.224721833000046, 23.602383297000074 ], [ 90.224796707000053, 23.602103175000025 ], [ 90.225023279000084, 23.601797881000039 ], [ 90.225742008000054, 23.601760488000025 ], [ 90.225959584000066, 23.601602436000064 ], [ 90.225946466000039, 23.601003863000074 ], [ 90.22605229800007, 23.600665394000032 ], [ 90.22649133300007, 23.600150179000025 ], [ 90.226400747000071, 23.599848690000044 ], [ 90.225881087000062, 23.599721442000032 ], [ 90.225552933000074, 23.599816556000064 ], [ 90.22510507800007, 23.599713437000048 ], [ 90.224063188000059, 23.598828298000058 ], [ 90.223876587000063, 23.598413703000062 ], [ 90.223700045000044, 23.598299241000063 ], [ 90.223169350000035, 23.598331708000046 ], [ 90.222433626000054, 23.597907872000064 ], [ 90.222061802000042, 23.597242042000062 ], [ 90.222179858000061, 23.596471932000043 ], [ 90.222039022000047, 23.595998927000039 ], [ 90.221634179000034, 23.595827430000043 ], [ 90.220684180000035, 23.595615420000058 ], [ 90.220514392000041, 23.595362698000031 ], [ 90.220497667000075, 23.594665151000072 ], [ 90.219999400000063, 23.594450764000044 ], [ 90.219765982000069, 23.594436755000061 ], [ 90.219003966000059, 23.594681604000073 ], [ 90.218700867000052, 23.594680885000059 ], [ 90.21594867500005, 23.593279478000056 ], [ 90.212017196000033, 23.59077244100007 ], [ 90.211753077000083, 23.589981536000039 ], [ 90.21152640300005, 23.589771833000043 ], [ 90.210846661000062, 23.589705013000071 ], [ 90.209865625000077, 23.589880220000055 ], [ 90.208959655000058, 23.589881441000045 ], [ 90.208468723000067, 23.589708220000034 ], [ 90.208317449000049, 23.589532288000044 ], [ 90.20812754800005, 23.588943155000038 ], [ 90.208124143000077, 23.58678433700004 ], [ 90.207820463000076, 23.585707591000073 ], [ 90.207290072000035, 23.584385004000069 ], [ 90.206947754000055, 23.582682789000046 ], [ 90.206417784000053, 23.581811835000053 ], [ 90.205964069000061, 23.581326928000067 ], [ 90.205585781000082, 23.580699654000057 ], [ 90.205434150000031, 23.580284349000067 ], [ 90.205395776000046, 23.579830504000029 ], [ 90.205507698000076, 23.579134833000069 ], [ 90.206107941000084, 23.576769721000062 ], [ 90.206217828000035, 23.574576875000048 ], [ 90.20598749800007, 23.572002846000032 ], [ 90.20568316400005, 23.570472199000051 ], [ 90.205266235000067, 23.569393336000076 ], [ 90.205152825000084, 23.569325741000057 ], [ 90.204850825000051, 23.569290009000042 ], [ 90.203379580000046, 23.569813582000052 ], [ 90.202587161000054, 23.569884622000075 ], [ 90.202398681000034, 23.569988742000078 ], [ 90.201909002000036, 23.570581024000035 ], [ 90.201154666000036, 23.570929763000038 ], [ 90.200777819000052, 23.571418020000067 ], [ 90.200100647000056, 23.572776064000038 ], [ 90.199836940000068, 23.573158036000052 ], [ 90.19964866600003, 23.573402163000026 ], [ 90.199007616000074, 23.573750744000051 ], [ 90.198819340000057, 23.573994870000035 ], [ 90.198782675000075, 23.574864320000074 ], [ 90.198068577000072, 23.57674404200003 ], [ 90.197766931000046, 23.57695443800003 ], [ 90.196483496000042, 23.576989939000043 ], [ 90.195690667000065, 23.576817058000074 ], [ 90.194068216000062, 23.577270729000077 ], [ 90.192105875000038, 23.577343172000042 ], [ 90.191804117000061, 23.577483551000057 ], [ 90.191464631000031, 23.577795602000037 ], [ 90.191123384000036, 23.580275508000057 ], [ 90.191015513000082, 23.580440490000058 ], [ 90.190525039000079, 23.580544968000027 ], [ 90.187920586000075, 23.580514267000069 ], [ 90.185505613000032, 23.581072684000048 ], [ 90.184373376000053, 23.581074030000025 ], [ 90.183844486000055, 23.580866903000071 ], [ 90.183165161000034, 23.580833833000042 ], [ 90.181693219000067, 23.581009440000059 ], [ 90.180976748000035, 23.58135803700003 ], [ 90.180939150000086, 23.581635841000036 ], [ 90.181090567000069, 23.581949550000047 ], [ 90.18203561100006, 23.582781716000056 ], [ 90.182602497000062, 23.58344270300006 ], [ 90.182829758000082, 23.583894070000042 ], [ 90.18309541800005, 23.584869294000043 ], [ 90.183172110000044, 23.585842482000032 ], [ 90.183022471000072, 23.58681593700004 ], [ 90.182121996000035, 23.590784623000047 ], [ 90.181971431000079, 23.59109643000005 ], [ 90.180539495000062, 23.59283916000004 ], [ 90.179483024000035, 23.593222018000063 ], [ 90.178353293000043, 23.595379884000067 ], [ 90.17790188400005, 23.59656368900005 ], [ 90.177261693000048, 23.597677705000024 ], [ 90.177337583000053, 23.597851499000058 ], [ 90.178017233000048, 23.598060732000079 ], [ 90.179944468000031, 23.599413420000076 ], [ 90.180511226000078, 23.599934402000031 ], [ 90.180474599000036, 23.600699969000061 ], [ 90.178252683000039, 23.604564024000069 ], [ 90.177611216000059, 23.604982523000047 ], [ 90.17670595900006, 23.605367447000049 ], [ 90.176555459000042, 23.605749250000031 ], [ 90.176442216000055, 23.60581938200005 ], [ 90.17625356800005, 23.605853469000067 ], [ 90.175422473000083, 23.60557665400006 ], [ 90.174969341000065, 23.605507162000038 ], [ 90.173798822000037, 23.605440731000044 ], [ 90.173647945000084, 23.605544777000034 ], [ 90.173573047000048, 23.605892619000031 ], [ 90.173422216000063, 23.606030538000027 ], [ 90.172667100000069, 23.605997506000051 ], [ 90.172214196000084, 23.606101885000044 ], [ 90.172063364000053, 23.606242061000046 ], [ 90.171950977000051, 23.606971576000035 ], [ 90.171724835000077, 23.60714570500005 ], [ 90.170818928000074, 23.607286713000065 ], [ 90.17051716900005, 23.607497054000078 ], [ 90.170518517000062, 23.608540332000075 ], [ 90.17059450000005, 23.60902575800003 ], [ 90.170559885000046, 23.611392368000054 ], [ 90.170183253000062, 23.61198442400007 ], [ 90.169089811000049, 23.613062770000056 ], [ 90.168976916000076, 23.613412911000069 ], [ 90.16897762900004, 23.613968422000028 ], [ 90.168827364000038, 23.614560229000062 ], [ 90.168602989000078, 23.616369273000032 ], [ 90.168716648000043, 23.616613031000043 ], [ 90.168905574000064, 23.616786706000028 ], [ 90.169660706000059, 23.616785883000034 ], [ 90.169812001000082, 23.616993469000079 ], [ 90.169813167000086, 23.617898998000044 ], [ 90.169059145000062, 23.618769220000047 ], [ 90.168191539000077, 23.619221799000059 ], [ 90.167436439000085, 23.619258743000046 ], [ 90.166265580000072, 23.619016120000026 ], [ 90.165661506000049, 23.619050639000022 ], [ 90.16486911800007, 23.619399241000053 ], [ 90.164718264000044, 23.619539409000026 ], [ 90.164718697000069, 23.619887167000059 ], [ 90.164984728000036, 23.621205662000023 ], [ 90.164795888000071, 23.621348126000044 ], [ 90.163512703000038, 23.621697243000028 ], [ 90.163097593000032, 23.621941562000075 ], [ 90.162909347000038, 23.622323392000055 ], [ 90.16253234900006, 23.62267154500006 ], [ 90.161967527000058, 23.623995427000068 ], [ 90.161628203000078, 23.624343540000041 ], [ 90.161666395000054, 23.624761265000075 ], [ 90.163330116000054, 23.626638324000055 ], [ 90.163859588000037, 23.627437160000056 ], [ 90.163935823000031, 23.627888712000072 ], [ 90.163671906000047, 23.628272881000044 ], [ 90.163219090000041, 23.628517241000054 ], [ 90.160274940000079, 23.629319703000078 ], [ 90.159633135000036, 23.629354241000044 ], [ 90.159595062000051, 23.629286533000027 ], [ 90.159708039000066, 23.628972531000045 ], [ 90.160802158000081, 23.628275883000072 ], [ 90.161745605000078, 23.627891012000077 ], [ 90.162122840000052, 23.627472856000054 ], [ 90.162045416000069, 23.626048026000035 ], [ 90.161893866000071, 23.625630424000065 ], [ 90.161516129000063, 23.625386935000051 ], [ 90.16128950600006, 23.625457173000029 ], [ 90.16110261700004, 23.626952279000022 ], [ 90.16068739800005, 23.627126590000046 ], [ 90.160347683000055, 23.62716307200003 ], [ 90.159933699000078, 23.628102899000055 ], [ 90.159707154000046, 23.628240881000067 ], [ 90.158235027000046, 23.628730156000074 ], [ 90.157555501000047, 23.628730847000043 ], [ 90.156648807000067, 23.628350134000073 ], [ 90.155553599000086, 23.628141226000025 ], [ 90.154459130000077, 23.628560083000025 ], [ 90.154119348000052, 23.628804304000028 ], [ 90.154044265000039, 23.629048259000058 ], [ 90.15359187200005, 23.629674223000052 ], [ 90.153138913000078, 23.629814678000059 ], [ 90.152610422000066, 23.629815199000063 ], [ 90.152459056000055, 23.629535334000025 ], [ 90.152949337000052, 23.629083217000073 ], [ 90.152949177000039, 23.62894546900003 ], [ 90.152345016000083, 23.628946062000068 ], [ 90.150948328000084, 23.629259054000045 ], [ 90.150797529000045, 23.62946921200006 ], [ 90.150646563000066, 23.629537104000065 ], [ 90.150231126000051, 23.629537506000077 ], [ 90.150004836000051, 23.629643860000044 ], [ 90.14947813100008, 23.631487038000046 ], [ 90.148702955000033, 23.632262337000043 ], [ 90.148085640000033, 23.632019046000039 ], [ 90.146939572000065, 23.632101430000034 ], [ 90.146058270000083, 23.632508733000066 ], [ 90.145676637000065, 23.632858773000066 ], [ 90.145442124000056, 23.633322256000042 ], [ 90.14535451100005, 23.633889139000075 ], [ 90.145620123000072, 23.634701834000055 ], [ 90.146591094000087, 23.635839037000039 ], [ 90.147384905000081, 23.63608216800003 ], [ 90.148178446000031, 23.636081412000067 ], [ 90.148883564000073, 23.635918147000041 ], [ 90.149323532000039, 23.635104782000042 ], [ 90.150029106000034, 23.635347986000056 ], [ 90.149941975000047, 23.636321341000041 ], [ 90.149149908000084, 23.637622814000053 ], [ 90.147740018000036, 23.638274516000024 ], [ 90.147563902000059, 23.638599861000046 ], [ 90.147211603000073, 23.638923114000079 ], [ 90.146859126000038, 23.639086037000027 ], [ 90.146245686000043, 23.638221734000069 ], [ 90.146162636000042, 23.638206008000054 ], [ 90.146049231000063, 23.637892227000066 ], [ 90.14601050300007, 23.637230620000025 ], [ 90.145820649000086, 23.636221395000064 ], [ 90.145631378000076, 23.63573606600005 ], [ 90.145517784000049, 23.63552616100003 ], [ 90.14532889700007, 23.635388591000037 ], [ 90.144875754000054, 23.635389014000054 ], [ 90.14344129400007, 23.635701977000053 ], [ 90.143290358000058, 23.635805991000041 ], [ 90.143404023000073, 23.636363654000036 ], [ 90.14442398500006, 23.636640464000038 ], [ 90.144688588000065, 23.636814096000023 ], [ 90.144688742000085, 23.636954102000061 ], [ 90.144386871000052, 23.637162136000029 ], [ 90.142612034000081, 23.637233781000077 ], [ 90.14231004700008, 23.637337935000062 ], [ 90.142045860000053, 23.637548189000029 ], [ 90.140837831000056, 23.63789704800007 ], [ 90.140498303000072, 23.63814123800006 ], [ 90.140122199000075, 23.63942873700006 ], [ 90.139933681000059, 23.639636659000075 ], [ 90.139669412000046, 23.63977690400003 ], [ 90.138687450000077, 23.639811658000042 ], [ 90.138536287000079, 23.639707917000067 ], [ 90.138536142000078, 23.639567910000039 ], [ 90.138875836000068, 23.639185977000068 ], [ 90.139252540000086, 23.638453990000073 ], [ 90.139176543000076, 23.637862417000065 ], [ 90.138761075000048, 23.637862790000042 ], [ 90.138609659000053, 23.637515164000035 ], [ 90.138420814000085, 23.637411458000031 ], [ 90.137212520000048, 23.637516408000067 ], [ 90.137099087000081, 23.637448763000066 ], [ 90.136796153000034, 23.636647377000031 ], [ 90.136947023000062, 23.636473365000029 ], [ 90.138533066000036, 23.636645838000049 ], [ 90.138683858000036, 23.636401819000071 ], [ 90.138608195000074, 23.636124132000077 ], [ 90.138457036000034, 23.636020391000045 ], [ 90.137626008000041, 23.635917253000059 ], [ 90.136720024000056, 23.635918055000047 ], [ 90.13641778300007, 23.635778315000039 ], [ 90.136152905000074, 23.635326912000039 ], [ 90.135624048000068, 23.63529124400003 ], [ 90.135549178000076, 23.635779077000052 ], [ 90.13498277900004, 23.635883447000026 ], [ 90.13494580400004, 23.636578996000026 ], [ 90.135059418000083, 23.636822780000045 ], [ 90.135285985000053, 23.636962590000053 ], [ 90.135814845000084, 23.636996 ], [ 90.135928083000067, 23.637169779000033 ], [ 90.13592847700005, 23.637553668000066 ], [ 90.13683553900006, 23.638282261000029 ], [ 90.136420630000032, 23.638526512000055 ], [ 90.136420774000044, 23.638666517000047 ], [ 90.136874327000044, 23.639047747000063 ], [ 90.136912194000047, 23.639221593000059 ], [ 90.136647993000054, 23.639431838000064 ], [ 90.135590841000067, 23.639640517000032 ], [ 90.135402817000056, 23.640336198000057 ], [ 90.13551693800008, 23.641067747000022 ], [ 90.136122053000065, 23.641936613000041 ], [ 90.136273577000054, 23.642388114000028 ], [ 90.136387325000044, 23.643049659000042 ], [ 90.136352020000061, 23.643280023000045 ], [ 90.136085678000086, 23.643501559000072 ], [ 90.135405325000079, 23.642772764000028 ], [ 90.135216544000059, 23.642736799000033 ], [ 90.134801561000074, 23.643224925000027 ], [ 90.134424049000074, 23.643503007000049 ], [ 90.134159931000056, 23.643503237000061 ], [ 90.133782027000052, 23.643399687000056 ], [ 90.13370651200006, 23.643259746000069 ], [ 90.133743914000036, 23.642981958000064 ], [ 90.134649898000077, 23.642633414000045 ], [ 90.13472502500008, 23.642389468000033 ], [ 90.134609294000086, 23.639781379000055 ], [ 90.134533473000033, 23.639641438000069 ], [ 90.133778103000054, 23.639538215000073 ], [ 90.132834136000042, 23.63957289800004 ], [ 90.132494381000072, 23.639609319000044 ], [ 90.132381188000068, 23.639783296000076 ], [ 90.132457114000033, 23.640027114000077 ], [ 90.133665678000057, 23.640163827000038 ], [ 90.133817015000034, 23.640441450000026 ], [ 90.133855339000036, 23.641069190000053 ], [ 90.133817829000066, 23.641243100000054 ], [ 90.133553513000038, 23.641347205000045 ], [ 90.133024565000085, 23.641243784000039 ], [ 90.133024212000066, 23.640896026000064 ], [ 90.132835191000083, 23.640618432000053 ], [ 90.132419575000085, 23.640478782000059 ], [ 90.131928205000065, 23.639957562000063 ], [ 90.131588343000033, 23.639887846000079 ], [ 90.131361886000036, 23.640165793000051 ], [ 90.130984682000076, 23.640443868000034 ], [ 90.130266483000071, 23.639818960000071 ], [ 90.129964241000039, 23.639681464000034 ], [ 90.129473431000065, 23.639715747000025 ], [ 90.128567621000059, 23.640238139000076 ], [ 90.128227862000074, 23.640272294000056 ], [ 90.127963274000081, 23.640098631000058 ], [ 90.127917467000032, 23.639973090000069 ], [ 90.128005448000067, 23.639765404000059 ], [ 90.128013081000063, 23.639077100000065 ], [ 90.127721318000056, 23.637823107000031 ], [ 90.126781342000072, 23.635871605000034 ], [ 90.122413393000045, 23.636340993000033 ], [ 90.122150998000052, 23.636533145000044 ], [ 90.121522180000056, 23.637744022000049 ], [ 90.121891103000053, 23.639096378000033 ], [ 90.122153647000061, 23.639387474000046 ], [ 90.12330925200007, 23.639919490000068 ], [ 90.123519711000085, 23.640208370000039 ], [ 90.12357260400006, 23.640741256000069 ], [ 90.123468869000078, 23.642191087000072 ], [ 90.123784432000036, 23.642482138000048 ], [ 90.124572156000056, 23.642770554000037 ], [ 90.124625149000053, 23.643400542000052 ], [ 90.124520813000061, 23.643883874000039 ], [ 90.123995773000047, 23.644028819000027 ], [ 90.123890904000064, 23.64427052700006 ], [ 90.123787384000082, 23.645623255000032 ], [ 90.119324061000043, 23.645437067000046 ], [ 90.116855902000054, 23.645050539000067 ], [ 90.115910334000034, 23.644712525000045 ], [ 90.115280322000046, 23.644665572000065 ], [ 90.113075651000031, 23.645294969000076 ], [ 90.111500449000062, 23.645345788000043 ], [ 90.103151187000037, 23.645039939000071 ], [ 90.102845978000062, 23.645399190000035 ], [ 90.101810389000036, 23.646282821000057 ], [ 90.101317837000067, 23.646091198000079 ], [ 90.100126555000031, 23.646545864000075 ], [ 90.099848025000085, 23.646546044000047 ], [ 90.09899628800008, 23.647474700000032 ], [ 90.098884092000048, 23.647818012000073 ], [ 90.098285546000056, 23.648888768000063 ], [ 90.097798828000066, 23.649130700000057 ], [ 90.097386720000031, 23.649164832000054 ], [ 90.096862111000064, 23.649131288000035 ], [ 90.096412394000083, 23.648856071000068 ], [ 90.095862475000047, 23.648151862000077 ], [ 90.093082145000039, 23.647832894000032 ], [ 90.09281941100005, 23.647638849000032 ], [ 90.092451649000054, 23.647108399000047 ], [ 90.092188948000057, 23.646961774000033 ], [ 90.091558626000051, 23.646914725000045 ], [ 90.09113886800003, 23.647398220000071 ], [ 90.090351419000058, 23.647448363000024 ], [ 90.088775682000062, 23.647207649000052 ], [ 90.087095022000085, 23.646772773000066 ], [ 90.086885161000055, 23.646820314000024 ], [ 90.086570119000044, 23.647208896000052 ], [ 90.085887555000056, 23.647401220000063 ], [ 90.08483754100007, 23.647498899000027 ], [ 90.08468023000006, 23.647790291000035 ], [ 90.08441775700004, 23.647982378000052 ], [ 90.082264609000049, 23.648033215000055 ], [ 90.081739926000068, 23.648855466000043 ], [ 90.081478232000052, 23.649822103000076 ], [ 90.081215751000059, 23.650016444000073 ], [ 90.077661327000044, 23.650095043000078 ], [ 90.077635957000041, 23.651237691000063 ], [ 90.07748065800007, 23.651332611000043 ], [ 90.076055861000043, 23.65145300100005 ], [ 90.075200757000061, 23.651667944000053 ], [ 90.074916355000084, 23.652670709000063 ], [ 90.073881042000039, 23.65448451900005 ], [ 90.073466403000054, 23.654414713000051 ], [ 90.072481461000052, 23.653721918000031 ], [ 90.072170717000063, 23.65367463900003 ], [ 90.071626578000064, 23.653817159000027 ], [ 90.070616604000065, 23.654416039000068 ], [ 90.07003145200008, 23.654657927000073 ], [ 90.068742743000087, 23.654333327000074 ], [ 90.062890061000076, 23.65139341400004 ], [ 90.059832548000031, 23.649994555000035 ], [ 90.05910185700003, 23.649581590000025 ], [ 90.057623217000071, 23.648478663000049 ], [ 90.057191603000035, 23.648876587000075 ], [ 90.055504886000051, 23.649359430000061 ], [ 90.05601628800008, 23.651174748000074 ], [ 90.056193343000075, 23.652475392000042 ], [ 90.055840715000045, 23.652638108000076 ], [ 90.055135358000086, 23.652719655000055 ], [ 90.055223574000081, 23.653369976000079 ], [ 90.055841197000063, 23.653773968000053 ], [ 90.055664832000048, 23.654099209000037 ], [ 90.054783235000059, 23.654099522000024 ], [ 90.054685284000072, 23.655095411000048 ], [ 90.053775517000076, 23.655161218000046 ], [ 90.053568398000039, 23.655233549000059 ], [ 90.053438835000065, 23.65537585800007 ], [ 90.053361341000084, 23.656211409000036 ], [ 90.053387843000053, 23.657333712000025 ], [ 90.053336248000051, 23.657810202000064 ], [ 90.053180675000078, 23.658049624000057 ], [ 90.052792198000077, 23.658264282000061 ], [ 90.051393025000039, 23.65833701400004 ], [ 90.049968184000079, 23.658599428000059 ], [ 90.046185335000075, 23.659029653000061 ], [ 90.045718940000086, 23.65905463200005 ], [ 90.04569315100008, 23.658912374000067 ], [ 90.046003556000073, 23.657979657000055 ], [ 90.045200248000071, 23.657598264000057 ], [ 90.045174159000055, 23.657478586000025 ], [ 90.044993007000073, 23.657336376000046 ], [ 90.044940852000082, 23.656261500000028 ], [ 90.044577702000083, 23.655283817000054 ], [ 90.044654533000084, 23.653231116000029 ], [ 90.044654402000049, 23.652849485000047 ], [ 90.044576812000059, 23.652657563000048 ], [ 90.042114421000065, 23.649939409000069 ], [ 90.041751712000064, 23.650224037000044 ], [ 90.040974735000077, 23.650558455000066 ], [ 90.04081967500008, 23.651513703000035 ], [ 90.040612287000044, 23.651705703000061 ], [ 90.040716300000042, 23.653137356000059 ], [ 90.040457472000071, 23.653471634000027 ], [ 90.039991116000067, 23.653566597000065 ], [ 90.040095359000077, 23.655761515000052 ], [ 90.039525510000033, 23.656145551000066 ], [ 90.039629299000069, 23.656861365000054 ], [ 90.039525796000078, 23.657098500000075 ], [ 90.039007597000079, 23.657051210000077 ], [ 90.038074640000048, 23.656477867000035 ], [ 90.036250730000063, 23.656439915000078 ], [ 90.035225368000056, 23.656324984000037 ], [ 90.035172728000077, 23.656575654000051 ], [ 90.035224772000049, 23.657530848000079 ], [ 90.035743061000062, 23.657912360000068 ], [ 90.035639523000043, 23.658054650000054 ], [ 90.034188449000055, 23.657720767000058 ], [ 90.032840995000072, 23.657531372000051 ], [ 90.032582091000052, 23.657673690000024 ], [ 90.032478668000067, 23.658294709000074 ], [ 90.032479045000059, 23.659821234000049 ], [ 90.032686391000084, 23.660584452000023 ], [ 90.032531048000067, 23.660681586000067 ], [ 90.031909276000079, 23.661968873000035 ], [ 90.031339329000048, 23.662160934000042 ], [ 90.03123580700003, 23.662400320000074 ], [ 90.031443069000034, 23.662829329000033 ], [ 90.031339615000036, 23.663353247000032 ], [ 90.031236056000068, 23.663450370000078 ], [ 90.030355043000043, 23.663592809000079 ], [ 90.02973331700008, 23.663879717000043 ], [ 90.029578085000082, 23.664500745000055 ], [ 90.029474487000073, 23.66578792100006 ], [ 90.029268295000065, 23.666025069000057 ], [ 90.027971654000055, 23.665932723000026 ], [ 90.027764469000033, 23.665837917000033 ], [ 90.027712552000082, 23.665240743000027 ], [ 90.027764178000041, 23.66445365800007 ], [ 90.027504878000059, 23.664261760000045 ], [ 90.02501731600006, 23.663833129000068 ], [ 90.024343743000031, 23.66388065700005 ], [ 90.024395809000055, 23.66535975100004 ], [ 90.02434403500007, 23.665454603000057 ], [ 90.023670471000059, 23.665599231000044 ], [ 90.023411251000084, 23.665838636000046 ], [ 90.023255971000083, 23.666362553000056 ], [ 90.023204297000063, 23.66703098000005 ], [ 90.023359859000038, 23.668081006000023 ], [ 90.023308101000055, 23.668272956000067 ], [ 90.022893466000085, 23.668320441000049 ], [ 90.022375188000069, 23.668033729000058 ], [ 90.021441954000068, 23.665789240000038 ], [ 90.020975413000031, 23.665073465000035 ], [ 90.020524858000044, 23.664660280000078 ], [ 90.019815297000036, 23.665895591000037 ], [ 90.01890925400005, 23.666938978000076 ], [ 90.01804061100006, 23.668156236000073 ], [ 90.017927309000072, 23.66881789200005 ], [ 90.018078449000086, 23.669199504000062 ], [ 90.018569493000086, 23.669827217000034 ], [ 90.019173945000034, 23.670522660000074 ], [ 90.020382779000045, 23.671321897000041 ], [ 90.021516250000047, 23.672227270000064 ], [ 90.021931601000063, 23.672712716000035 ], [ 90.022120765000068, 23.673130452000066 ], [ 90.022498428000063, 23.673652034000042 ], [ 90.02321624800004, 23.673965813000052 ], [ 90.024311599000043, 23.673999517000027 ], [ 90.024651460000086, 23.67389558800005 ], [ 90.025897759000031, 23.673199871000065 ], [ 90.026199846000054, 23.672712054000044 ], [ 90.026378500000078, 23.672612665000031 ], [ 90.026653098000054, 23.672608102000027 ], [ 90.027370922000046, 23.672921862000067 ], [ 90.028541979000067, 23.673025524000025 ], [ 90.029826275000062, 23.673790802000042 ], [ 90.030166284000074, 23.674346246000027 ], [ 90.030619913000066, 23.675843322000048 ], [ 90.030544768000084, 23.676920482000071 ], [ 90.030318076000071, 23.677374417000067 ], [ 90.03020482200003, 23.67799995300004 ], [ 90.030394067000032, 23.678625427000043 ], [ 90.030658371000072, 23.679113140000027 ], [ 90.030998672000067, 23.679530831000022 ], [ 90.031565155000067, 23.679912348000073 ], [ 90.032094206000068, 23.680122248000032 ], [ 90.033642962000044, 23.68036580200004 ], [ 90.035229265000055, 23.680017692000035 ], [ 90.03545607600006, 23.68005151400007 ], [ 90.035531529000082, 23.680259246000048 ], [ 90.035154221000084, 23.681338736000043 ], [ 90.035229740000034, 23.681790350000028 ], [ 90.035380918000044, 23.682070327000076 ], [ 90.035607733000063, 23.682104150000043 ], [ 90.036173990000066, 23.681582384000023 ], [ 90.036438456000042, 23.681442315000027 ], [ 90.037382900000068, 23.681929851000064 ], [ 90.037685172000067, 23.682173660000046 ], [ 90.038101143000063, 23.683424583000033 ], [ 90.038101254000082, 23.683808469000041 ], [ 90.037987921000081, 23.684052378000047 ], [ 90.035797290000062, 23.684886164000034 ], [ 90.03534404100003, 23.685130150000077 ], [ 90.035192992000077, 23.685340194000048 ], [ 90.035155349000036, 23.685547954000072 ], [ 90.035155453000073, 23.685931842000059 ], [ 90.035609108000074, 23.687182760000042 ], [ 90.036364628000058, 23.687112582000054 ], [ 90.036553523000066, 23.687426421000055 ], [ 90.03753577100008, 23.688121703000036 ], [ 90.037951538000073, 23.688609364000058 ], [ 90.039085072000034, 23.688816833000033 ], [ 90.039235949000044, 23.689060677000043 ], [ 90.039236031000087, 23.689338430000078 ], [ 90.038971839000055, 23.689408498000034 ], [ 90.038140569000063, 23.689374833000045 ], [ 90.037951779000082, 23.689444883000078 ], [ 90.03791424700006, 23.690034272000048 ], [ 90.03802771800008, 23.690244254000049 ], [ 90.03844308500004, 23.690384158000029 ], [ 90.03859423800003, 23.690521868000076 ], [ 90.038632316000076, 23.690765741000064 ], [ 90.038443308000069, 23.691147418000071 ], [ 90.037272815000051, 23.692540987000029 ], [ 90.037121819000049, 23.69295878500003 ], [ 90.037121898000066, 23.693236539000054 ], [ 90.037046245000056, 23.693444309000029 ], [ 90.036744111000075, 23.693792138000049 ], [ 90.036744171000066, 23.69400214500007 ], [ 90.036933067000064, 23.694279855000048 ], [ 90.037424453000085, 23.694383612000024 ], [ 90.038142014000073, 23.694349564000049 ], [ 90.039086647000033, 23.694105447000027 ], [ 90.039653017000035, 23.693827549000048 ], [ 90.040861928000083, 23.69379110400007 ], [ 90.041693359000078, 23.694244773000037 ], [ 90.042222099000071, 23.694208499000069 ], [ 90.042524286000059, 23.694070668000052 ], [ 90.042713104000086, 23.694070616000033 ], [ 90.042939975000081, 23.69420830200005 ], [ 90.043015517000072, 23.69462604000006 ], [ 90.042977941000061, 23.695009938000055 ], [ 90.042789165000045, 23.69514773800006 ], [ 90.03995567000004, 23.695218499000077 ], [ 90.039653479000037, 23.695358583000029 ], [ 90.03965360400008, 23.69577408300006 ], [ 90.040031911000085, 23.696957262000069 ], [ 90.039994135000086, 23.697722789000068 ], [ 90.039654246000055, 23.697896755000045 ], [ 90.038558713000043, 23.697933162000027 ], [ 90.037878857000067, 23.698037204000059 ], [ 90.037500983000086, 23.698315050000076 ], [ 90.037576855000054, 23.698872798000025 ], [ 90.036934418000044, 23.69908070300005 ], [ 90.036934508000058, 23.699394588000075 ], [ 90.037048002000063, 23.699672315000043 ], [ 90.037312584000063, 23.699812257000076 ], [ 90.03806815300004, 23.699672067000051 ], [ 90.039768189000085, 23.699635508000028 ], [ 90.040183766000041, 23.699357650000024 ], [ 90.040599099000076, 23.699287537000032 ], [ 90.040712581000037, 23.699497518000044 ], [ 90.040712732000031, 23.699985278000042 ], [ 90.040486717000078, 23.701654119000068 ], [ 90.04063896200006, 23.705271647000075 ], [ 90.040827883000077, 23.705549351000059 ], [ 90.041205584000068, 23.705655384000067 ], [ 90.043397118000087, 23.705688657000053 ], [ 90.043699421000042, 23.705828577000034 ], [ 90.043850737000071, 23.706384042000025 ], [ 90.04369986200004, 23.707149601000026 ], [ 90.043587051000031, 23.708994546000042 ], [ 90.043209466000064, 23.710211799000035 ], [ 90.042529799000079, 23.711081376000038 ], [ 90.041472170000077, 23.712091060000034 ], [ 90.041170095000041, 23.712716651000051 ], [ 90.041207889000077, 23.712994394000077 ], [ 90.041359026000066, 23.712994351000077 ], [ 90.04211454700004, 23.712472516000048 ], [ 90.044948223000063, 23.711846209000043 ], [ 90.047555294000063, 23.711985434000042 ], [ 90.048650735000081, 23.711393458000032 ], [ 90.04914182300007, 23.71132330000006 ], [ 90.050351040000066, 23.711670667000078 ], [ 90.050578019000056, 23.711984477000044 ], [ 90.05057832600005, 23.712783862000038 ], [ 90.050956731000042, 23.714626395000039 ], [ 90.051826506000054, 23.716263268000034 ], [ 90.052469364000046, 23.717724077000071 ], [ 90.052393901000073, 23.718383483000025 ], [ 90.052129728000068, 23.718627452000078 ], [ 90.051789800000051, 23.718801445000054 ], [ 90.051790020000055, 23.719359209000061 ], [ 90.052205533000063, 23.719600694000064 ], [ 90.052243729000054, 23.720820082000046 ], [ 90.052093317000072, 23.721897272000035 ], [ 90.051791146000085, 23.722211257000026 ], [ 90.051450915000032, 23.72241912000004 ], [ 90.050657516000058, 23.722559388000036 ], [ 90.050544133000074, 23.722699430000034 ], [ 90.050506544000086, 23.723011068000062 ], [ 90.050998011000047, 23.723812551000037 ], [ 90.051224945000058, 23.723950222000042 ], [ 90.05232081500003, 23.724227608000035 ], [ 90.053756805000035, 23.724751008000055 ], [ 90.055570793000072, 23.725165868000033 ], [ 90.056175070000052, 23.724400135000053 ], [ 90.057195384000067, 23.724332016000062 ], [ 90.058895233000044, 23.72318197900006 ], [ 90.059235194000053, 23.723077974000034 ], [ 90.059650961000045, 23.72314781700004 ], [ 90.060218022000072, 23.72352922500005 ], [ 90.06316543500003, 23.723841933000074 ], [ 90.066717391000054, 23.724014320000038 ], [ 90.067019835000053, 23.724291941000047 ], [ 90.067168749000075, 23.724600336000037 ], [ 90.067511265000064, 23.724813360000041 ], [ 90.069854165000038, 23.724638442000071 ], [ 90.070231720000038, 23.724326645000076 ], [ 90.070307226000068, 23.723908855000047 ], [ 90.070344022000086, 23.72220393300006 ], [ 90.070683840000072, 23.721856022000054 ], [ 90.071288467000045, 23.721925747000057 ], [ 90.074877963000063, 23.721332416000052 ], [ 90.075293227000031, 23.721054461000051 ], [ 90.075444071000049, 23.720530496000038 ], [ 90.07555676700008, 23.719243294000023 ], [ 90.075858553000046, 23.718373758000041 ], [ 90.076047328000072, 23.718235918000062 ], [ 90.076614168000049, 23.718199509000044 ], [ 90.079447938000044, 23.718301953000037 ], [ 90.079598998000051, 23.718164128000069 ], [ 90.079749931000038, 23.717816296000024 ], [ 90.079635578000079, 23.715797565000059 ], [ 90.080240118000063, 23.715763379000066 ], [ 90.081037384000069, 23.716048846000035 ], [ 90.081147519000069, 23.716666168000074 ], [ 90.081187685000032, 23.720633722000059 ], [ 90.08137664800006, 23.720807499000045 ], [ 90.081867840000086, 23.720874984000034 ], [ 90.082056829000067, 23.721084893000068 ], [ 90.082008374000054, 23.724004709000042 ], [ 90.082423733000041, 23.72486484500007 ], [ 90.085743132000061, 23.727057964000039 ], [ 90.086780019000059, 23.727009964000047 ], [ 90.088750289000075, 23.727103687000067 ], [ 90.093468581000081, 23.727148329000045 ], [ 90.095128037000052, 23.727339261000054 ], [ 90.097046584000054, 23.727959060000046 ], [ 90.098913967000044, 23.729007916000057 ], [ 90.100158033000071, 23.72843354400004 ], [ 90.102490867000085, 23.72790586800005 ], [ 90.103579344000082, 23.727570936000063 ], [ 90.105341413000076, 23.72685391400006 ], [ 90.10560048800005, 23.726472110000032 ], [ 90.105650113000081, 23.723751003000075 ], [ 90.105959602000041, 23.721650711000052 ], [ 90.105748387000062, 23.717116488000045 ], [ 90.105748119000054, 23.716782281000064 ], [ 90.105851587000075, 23.716592526000056 ], [ 90.106473777000076, 23.716400158000056 ], [ 90.110309888000074, 23.715968418000045 ], [ 90.111605323000049, 23.715441342000076 ], [ 90.112486596000053, 23.715298441000073 ], [ 90.11321214700007, 23.714821440000037 ], [ 90.114663284000073, 23.714628430000062 ], [ 90.115544671000066, 23.714627773000075 ], [ 90.115855966000083, 23.71476980500006 ], [ 90.116168193000078, 23.715964134000046 ], [ 90.116427670000064, 23.716440408000039 ], [ 90.117361694000067, 23.717347480000058 ], [ 90.117776620000086, 23.717489426000043 ], [ 90.11793239800005, 23.717870937000043 ], [ 90.117726523000044, 23.719399861000056 ], [ 90.117260888000033, 23.720497676000036 ], [ 90.116846592000059, 23.721071563000066 ], [ 90.116535958000043, 23.721690529000057 ], [ 90.11684727100004, 23.721834815000022 ], [ 90.11824744900008, 23.722167957000067 ], [ 90.119751695000048, 23.72297747500005 ], [ 90.121048044000077, 23.723071311000069 ], [ 90.12141091500007, 23.723262970000064 ], [ 90.121411932000058, 23.724360429000058 ], [ 90.121258565000062, 23.726605149000022 ], [ 90.121726005000085, 23.72746287800004 ], [ 90.123024190000081, 23.729467086000056 ], [ 90.123698920000038, 23.730326901000069 ], [ 90.123908215000085, 23.732474231000026 ], [ 90.124064335000071, 23.732855733000065 ], [ 90.124323650000065, 23.733094889000029 ], [ 90.125101708000045, 23.733283945000039 ], [ 90.128938576000053, 23.733185952000042 ], [ 90.129457106000075, 23.733232938000071 ], [ 90.13007951000003, 23.733519201000036 ], [ 90.130391197000051, 23.733995409000045 ], [ 90.130599041000039, 23.734568802000069 ], [ 90.131015181000066, 23.735857852000038 ], [ 90.13122355400003, 23.736955133000038 ], [ 90.131431568000039, 23.737384003000045 ], [ 90.132105815000045, 23.737670215000037 ], [ 90.134804032000034, 23.739386333000027 ], [ 90.135271407000062, 23.740054337000061 ], [ 90.135531497000045, 23.741007043000025 ], [ 90.136519042000032, 23.743250770000031 ], [ 90.137090385000079, 23.744205460000046 ], [ 90.137973179000085, 23.74534955200005 ], [ 90.138751382000066, 23.745588218000023 ], [ 90.139373559000035, 23.745587656000055 ], [ 90.14030666900004, 23.745300029000077 ], [ 90.141550351000035, 23.744677907000039 ], [ 90.142172260000052, 23.744153446000041 ], [ 90.142638860000034, 23.744055916000036 ], [ 90.143001926000068, 23.744342365000023 ], [ 90.144403777000036, 23.745917246000033 ], [ 90.145338097000035, 23.746727042000032 ], [ 90.146064447000072, 23.746918300000061 ], [ 90.14658298300003, 23.74691781000007 ], [ 90.14730865000007, 23.746772599000053 ], [ 90.147775097000078, 23.746535047000066 ], [ 90.148344804000033, 23.745960934000038 ], [ 90.148810808000064, 23.745339498000078 ], [ 90.149380619000056, 23.744862480000052 ] ] ] } },
{ "type": "Feature", "properties": { "matched_key": "A_302672", "navigation_parent_key": "D_3026", "admin_type": "upazila", "admin_label": "Upazila", "map_level": "upazila", "admin_rank": 2, "displayable": 1, "geometry_status": "EXACT/GEOMETRY", "location_label": "Savar Upazila" }, "geometry": { "type": "Polygon", "coordinates": [ [ [ 90.243405194000047, 24.030757369000071 ], [ 90.247136204000071, 24.027657871000031 ], [ 90.249689541000066, 24.025869871000054 ], [ 90.251163534000057, 24.025325529000042 ], [ 90.25121094800005, 24.024422232000063 ], [ 90.251087459000075, 24.024128886000028 ], [ 90.250447406000035, 24.023678324000059 ], [ 90.24988158900004, 24.023476024000047 ], [ 90.249610819000054, 24.023295821000033 ], [ 90.249512006000032, 24.023047595000037 ], [ 90.249681954000039, 24.021940874000052 ], [ 90.248917434000077, 24.020677610000064 ], [ 90.248916564000069, 24.020226001000026 ], [ 90.248989967000057, 24.020045236000044 ], [ 90.249456390000034, 24.019705771000076 ], [ 90.250486598000066, 24.018529904000047 ], [ 90.250805033000063, 24.017942289000075 ], [ 90.250902532000055, 24.017513099000041 ], [ 90.251613449000047, 24.016495809000048 ], [ 90.252669252000032, 24.015861818000076 ], [ 90.254193082000086, 24.015723816000047 ], [ 90.255275144000052, 24.015947821000054 ], [ 90.256086265000079, 24.015901307000036 ], [ 90.257977700000083, 24.015198138000073 ], [ 90.258369932000051, 24.014655547000075 ], [ 90.258639113000072, 24.01404541900007 ], [ 90.259100911000075, 24.013507222000044 ], [ 90.258553820000031, 24.01257331100004 ], [ 90.258437961000084, 24.010873192000076 ], [ 90.258324272000038, 24.010256935000029 ], [ 90.258910608000065, 24.009373048000043 ], [ 90.259397897000042, 24.009051582000041 ], [ 90.259162873000037, 24.008607143000063 ], [ 90.258319749000066, 24.007992115000036 ], [ 90.257814822000057, 24.00809683500006 ], [ 90.257309483000085, 24.007993813000041 ], [ 90.256971497000052, 24.007375675000048 ], [ 90.256634234000046, 24.007118823000042 ], [ 90.256241255000077, 24.006965931000025 ], [ 90.255735407000032, 24.006914840000036 ], [ 90.255060790000073, 24.006351450000068 ], [ 90.254723226000067, 24.005938789000027 ], [ 90.254328939000061, 24.005117512000027 ], [ 90.254159248000065, 24.004447150000033 ], [ 90.253483333000077, 24.003213113000072 ], [ 90.253033031000086, 24.002647083000056 ], [ 90.252245691000041, 24.001928059000022 ], [ 90.252244688000076, 24.001413224000032 ], [ 90.252461843000049, 24.000277065000034 ], [ 90.252129732000071, 24.000128579000034 ], [ 90.251680257000032, 23.999664160000066 ], [ 90.250837127000068, 23.99899715600003 ], [ 90.250892146000069, 23.998534163000045 ], [ 90.251115929000036, 23.998276378000071 ], [ 90.252182653000034, 23.998274628000047 ], [ 90.252518780000059, 23.997964721000073 ], [ 90.252966854000078, 23.997399467000037 ], [ 90.25363919800003, 23.996831585000052 ], [ 90.254468784000039, 23.995413987000063 ], [ 90.255001521000054, 23.995515288000036 ], [ 90.256050652000056, 23.993305362000058 ], [ 90.255743831000075, 23.993157817000053 ], [ 90.258730003000039, 23.987292985000067 ], [ 90.259015274000035, 23.986569947000078 ], [ 90.259158476000039, 23.985849449000057 ], [ 90.259228259000054, 23.98423960100007 ], [ 90.261938045000079, 23.978010134000044 ], [ 90.261927974000059, 23.977631977000044 ], [ 90.261515406000058, 23.977280632000031 ], [ 90.261921704000031, 23.975809489000028 ], [ 90.26231507500006, 23.975514185000065 ], [ 90.262508660000037, 23.974771558000043 ], [ 90.259443367000074, 23.974729811000032 ], [ 90.259352860000035, 23.974227872000029 ], [ 90.259992250000039, 23.974226791000035 ], [ 90.260384616000067, 23.974122254000065 ], [ 90.260664446000078, 23.973658876000059 ], [ 90.260662998000043, 23.972938557000077 ], [ 90.260381407000068, 23.972525808000057 ], [ 90.259819891000063, 23.972219663000033 ], [ 90.25953830800006, 23.971806914000069 ], [ 90.258527094000044, 23.971192169000062 ], [ 90.258749475000059, 23.970263728000077 ], [ 90.259141831000079, 23.969852099000036 ], [ 90.259646194000084, 23.969541892000052 ], [ 90.261104621000072, 23.96923232100005 ], [ 90.261495622000041, 23.968459397000061 ], [ 90.26188847800006, 23.968302919000052 ], [ 90.262393456000041, 23.968302057000074 ], [ 90.263909441000067, 23.968814297000051 ], [ 90.264414527000042, 23.968865364000067 ], [ 90.264919192000036, 23.968710945000055 ], [ 90.265927247000036, 23.967781135000052 ], [ 90.267104869000036, 23.967162642000062 ], [ 90.268900536000046, 23.96715950600003 ], [ 90.268899149000049, 23.966491122000036 ], [ 90.268560071000081, 23.965615585000023 ], [ 90.268110663000073, 23.965153466000061 ], [ 90.267715484000064, 23.964176413000075 ], [ 90.268219912000063, 23.963918114000023 ], [ 90.268499904000066, 23.963556335000078 ], [ 90.268723354000031, 23.962887555000066 ], [ 90.269170084000052, 23.962062580000065 ], [ 90.269562273000076, 23.961598987000059 ], [ 90.270066903000043, 23.961444551000056 ], [ 90.271022412000036, 23.962163190000069 ], [ 90.271640569000056, 23.96283048500004 ], [ 90.272933386000034, 23.963857872000062 ], [ 90.274506530000053, 23.964679259000036 ], [ 90.27512434700003, 23.964883637000071 ], [ 90.275797633000082, 23.964882428000067 ], [ 90.276752538000039, 23.965291678000028 ], [ 90.277481729000044, 23.965290361000029 ], [ 90.279673194000054, 23.966521546000024 ], [ 90.280515035000064, 23.966623880000043 ], [ 90.281130921000056, 23.966211787000077 ], [ 90.281242332000033, 23.965746420000073 ], [ 90.280621713000073, 23.964254975000074 ], [ 90.281295390000082, 23.964152130000059 ], [ 90.282080475000043, 23.964150690000054 ], [ 90.283201129000076, 23.963376369000059 ], [ 90.283987161000084, 23.963528464000035 ], [ 90.284604536000074, 23.963527322000061 ], [ 90.285109272000057, 23.963424773000042 ], [ 90.285612639000078, 23.962701256000059 ], [ 90.286229902000059, 23.962650428000074 ], [ 90.287071610000055, 23.962700792000078 ], [ 90.288698436000061, 23.962492257000065 ], [ 90.289987926000038, 23.961974988000065 ], [ 90.292736822000052, 23.961660417000076 ], [ 90.293744975000038, 23.960886235000032 ], [ 90.294698505000042, 23.960678924000035 ], [ 90.296549978000087, 23.96067535800006 ], [ 90.297276661000069, 23.959592341000075 ], [ 90.29744381900008, 23.95881976000004 ], [ 90.297778672000049, 23.958046853000042 ], [ 90.297911093000039, 23.956863371000054 ], [ 90.298892863000049, 23.95479984900004 ], [ 90.299197267000068, 23.953616029000045 ], [ 90.299682, 23.951259924000055 ], [ 90.299723726000082, 23.949911776000079 ], [ 90.299273055000072, 23.949192332000052 ], [ 90.29949534800005, 23.948367705000067 ], [ 90.300786568000035, 23.948674536000055 ], [ 90.305275633000065, 23.948769549000076 ], [ 90.306621543000063, 23.948559128000056 ], [ 90.307799640000042, 23.948556771000028 ], [ 90.309764205000079, 23.948914111000079 ], [ 90.311785660000055, 23.949424858000043 ], [ 90.313580697000077, 23.949265398000023 ], [ 90.31436631300005, 23.949521212000036 ], [ 90.315995189000034, 23.950240450000024 ], [ 90.318239622000078, 23.950235815000042 ], [ 90.31857761200007, 23.950799629000073 ], [ 90.31818637300006, 23.951315280000074 ], [ 90.317126967000036, 23.954149081000025 ], [ 90.316514537000046, 23.956157761000043 ], [ 90.316852287000074, 23.956619967000051 ], [ 90.317133138000031, 23.956671324000069 ], [ 90.318591900000058, 23.956616369000074 ], [ 90.320049902000051, 23.956252046000031 ], [ 90.321059634000051, 23.956200261000049 ], [ 90.321621330000085, 23.956300696000028 ], [ 90.322911652000073, 23.956196377000026 ], [ 90.323471709000046, 23.955885842000043 ], [ 90.324536013000056, 23.955059405000043 ], [ 90.325040677000061, 23.954954468000039 ], [ 90.328519505000031, 23.955050934000042 ], [ 90.330033621000041, 23.954790269000057 ], [ 90.330928651000079, 23.953605120000077 ], [ 90.331095643000083, 23.953089920000025 ], [ 90.330924712000069, 23.95206061500005 ], [ 90.330641640000067, 23.951135418000035 ], [ 90.330920770000034, 23.950516108000045 ], [ 90.330974961000038, 23.949847606000048 ], [ 90.332039301000066, 23.949073052000074 ], [ 90.332879878000085, 23.948712201000035 ], [ 90.333383850000075, 23.948349816000075 ], [ 90.334280181000054, 23.947936902000038 ], [ 90.335065241000052, 23.94772744900007 ], [ 90.335570009000037, 23.947676671000067 ], [ 90.336020073000043, 23.948086654000065 ], [ 90.336863039000036, 23.948651581000036 ], [ 90.338040599000067, 23.948443510000061 ], [ 90.338826198000049, 23.948441778000074 ], [ 90.339612475000081, 23.948697460000062 ], [ 90.339894391000087, 23.949159740000027 ], [ 90.339953523000077, 23.950394765000055 ], [ 90.339788997000085, 23.951835773000028 ], [ 90.339509226000075, 23.952195424000024 ], [ 90.338949089000039, 23.952454079000063 ], [ 90.338164136000046, 23.95271322900004 ], [ 90.336481493000065, 23.95287273100007 ], [ 90.336033007000083, 23.953079197000022 ], [ 90.335865634000072, 23.953438594000033 ], [ 90.33586656600005, 23.953799882000055 ], [ 90.335986816000059, 23.954265230000033 ], [ 90.337327968000068, 23.954774417000067 ], [ 90.338002406000044, 23.955235837000032 ], [ 90.338957562000076, 23.955696633000059 ], [ 90.339462490000074, 23.955695517000038 ], [ 90.340304576000051, 23.955901395000069 ], [ 90.341091571000049, 23.956412228000033 ], [ 90.341487211000072, 23.957596828000078 ], [ 90.341925496000044, 23.957945852000023 ], [ 90.342398864000074, 23.957389315000057 ], [ 90.342983608000054, 23.955513822000057 ], [ 90.344947734000073, 23.952167495000026 ], [ 90.346768455000074, 23.948290824000026 ], [ 90.347001009000053, 23.947283205000076 ], [ 90.347229867000067, 23.945123982000041 ], [ 90.34706843400005, 23.943326931000058 ], [ 90.346983117000036, 23.940592613000035 ], [ 90.34705708000007, 23.939081801000043 ], [ 90.347288616000071, 23.937929667000049 ], [ 90.347986714000058, 23.935552604000065 ], [ 90.348218276000068, 23.934185953000053 ], [ 90.348605635000069, 23.932746688000066 ], [ 90.348758374000056, 23.931305697000028 ], [ 90.348752194000042, 23.929004745000043 ], [ 90.348436086000049, 23.927926106000029 ], [ 90.348505810000063, 23.924615624000069 ], [ 90.348136793000037, 23.920287745000053 ], [ 90.34757572400008, 23.91945127200006 ], [ 90.347090245000061, 23.917713659000071 ], [ 90.346979686000054, 23.917016163000028 ], [ 90.347067382000034, 23.91490241300005 ], [ 90.347264952000046, 23.913463576000026 ], [ 90.347152952000044, 23.912224150000043 ], [ 90.346825136000064, 23.911339725000062 ], [ 90.346015762000036, 23.910399934000054 ], [ 90.345485834000044, 23.909475316000055 ], [ 90.345003782000049, 23.909004463000031 ], [ 90.344505180000056, 23.908079772000065 ], [ 90.344502686000055, 23.907138161000034 ], [ 90.344981509000036, 23.906396439000048 ], [ 90.345487346000084, 23.905887238000048 ], [ 90.345346557000084, 23.905473198000038 ], [ 90.345101811000063, 23.905221972000049 ], [ 90.344091020000064, 23.904720685000029 ], [ 90.343906878000041, 23.904513355000063 ], [ 90.343847423000057, 23.902928320000058 ], [ 90.344715829000052, 23.900218948000031 ], [ 90.345411449000039, 23.899275771000077 ], [ 90.345952145000069, 23.898262939000062 ], [ 90.348681196000086, 23.895454506000078 ], [ 90.349066080000057, 23.89473782500005 ], [ 90.348937844000034, 23.894083274000025 ], [ 90.348400001000073, 23.892937388000064 ], [ 90.34821970400003, 23.892328118000023 ], [ 90.348038398000085, 23.891111425000076 ], [ 90.348564698000075, 23.888181509000049 ], [ 90.348797957000045, 23.88725065400007 ], [ 90.349373711000055, 23.885603207000031 ], [ 90.349522378000074, 23.884268348000035 ], [ 90.349852388000045, 23.883705337000038 ], [ 90.349978275000069, 23.883260208000024 ], [ 90.350113514000043, 23.881956990000049 ], [ 90.350596976000077, 23.881842986000038 ], [ 90.350798543000053, 23.881917043000044 ], [ 90.350961501000086, 23.882472158000041 ], [ 90.351323911000065, 23.882545848000063 ], [ 90.351605598000049, 23.882506818000024 ], [ 90.351886690000072, 23.882248754000045 ], [ 90.352689138000073, 23.88113594400005 ], [ 90.352647009000066, 23.880542166000055 ], [ 90.351958997000054, 23.879247603000067 ], [ 90.351635109000085, 23.878433176000044 ], [ 90.351674414000058, 23.878211796000073 ], [ 90.351794949000066, 23.878062487000022 ], [ 90.352559267000061, 23.877839446000053 ], [ 90.353040085000032, 23.877572658000076 ], [ 90.352432228000055, 23.877083514000049 ], [ 90.352043614000081, 23.876483495000059 ], [ 90.351894605000041, 23.875361616000077 ], [ 90.351712473000077, 23.869188293000036 ], [ 90.350476292000053, 23.864904642000056 ], [ 90.348901261000037, 23.862862524000036 ], [ 90.347548947000064, 23.860518768000077 ], [ 90.346635922000075, 23.859187300000031 ], [ 90.34614606100007, 23.858681757000056 ], [ 90.344883768000045, 23.857776375000071 ], [ 90.345962713000063, 23.857178645000033 ], [ 90.350285042000053, 23.855602607000037 ], [ 90.350132750000057, 23.85558730200006 ], [ 90.35008926900008, 23.854672637000078 ], [ 90.349846358000036, 23.854043183000044 ], [ 90.348925634000068, 23.852652031000048 ], [ 90.347732626000038, 23.852720214000044 ], [ 90.347007851000058, 23.852988302000028 ], [ 90.345487541000068, 23.85392656700003 ], [ 90.344617289000041, 23.854194971000027 ], [ 90.343819286000041, 23.854165143000046 ], [ 90.343164719000072, 23.853364980000038 ], [ 90.342367067000055, 23.853466111000046 ], [ 90.341386072000034, 23.852935377000051 ], [ 90.340584583000066, 23.851568751000059 ], [ 90.340436363000038, 23.851219077000053 ], [ 90.340531127000077, 23.851076606000049 ], [ 90.339540639000063, 23.849954265000065 ], [ 90.338511508000067, 23.849306201000047 ], [ 90.337893378000047, 23.84880626100005 ], [ 90.337165928000047, 23.848040104000063 ], [ 90.336873554000078, 23.847241379000025 ], [ 90.336799579000058, 23.846640888000024 ], [ 90.336964931000068, 23.846026325000025 ], [ 90.33831200700007, 23.845038847000069 ], [ 90.339912542000036, 23.843583372000069 ], [ 90.340978728000039, 23.842456488000039 ], [ 90.341212381000048, 23.842153386000064 ], [ 90.341356718000043, 23.841726287000029 ], [ 90.341137100000083, 23.84106063400003 ], [ 90.338957373000085, 23.839496072000031 ], [ 90.33790226900004, 23.838265471000057 ], [ 90.337683892000086, 23.837832394000031 ], [ 90.337551664000046, 23.83653879700006 ], [ 90.338387141000055, 23.834732749000068 ], [ 90.338436852000086, 23.834260698000037 ], [ 90.338072335000049, 23.833794073000035 ], [ 90.336909610000077, 23.832929510000042 ], [ 90.336690800000042, 23.832561919000057 ], [ 90.336696764000067, 23.832494163000035 ], [ 90.336826279000036, 23.832505171000037 ], [ 90.336776055000087, 23.832067208000069 ], [ 90.336850893000076, 23.831342196000037 ], [ 90.337204046000068, 23.830029470000056 ], [ 90.33740669000008, 23.829841607000048 ], [ 90.338882821000084, 23.829463524000062 ], [ 90.339645373000053, 23.829134423000028 ], [ 90.33984739400006, 23.828946555000073 ], [ 90.339960102000077, 23.828395334000049 ], [ 90.340196523000031, 23.827986095000028 ], [ 90.340993410000067, 23.827650138000024 ], [ 90.342265788000077, 23.827279247000035 ], [ 90.342198659000076, 23.826954232000048 ], [ 90.342265960000077, 23.82687730400005 ], [ 90.34226338600007, 23.826597309000078 ], [ 90.342134285000043, 23.826274687000023 ], [ 90.341402538000068, 23.825937596000074 ], [ 90.340180065000084, 23.825204158000076 ], [ 90.33875486200003, 23.823906632000046 ], [ 90.337015289000078, 23.822049771000025 ], [ 90.336483327000053, 23.821359955000048 ], [ 90.336160938000035, 23.820793876000039 ], [ 90.336111309000046, 23.820346880000045 ], [ 90.336373219000052, 23.819350489000044 ], [ 90.336693604000061, 23.818902686000058 ], [ 90.337463767000031, 23.81845389700004 ], [ 90.338226510000084, 23.818459002000054 ], [ 90.339311286000054, 23.818655332000048 ], [ 90.339905884000075, 23.818654021000043 ], [ 90.34032277600005, 23.818513100000075 ], [ 90.340531308000038, 23.818239411000036 ], [ 90.340578251000068, 23.817887043000042 ], [ 90.340487161000055, 23.817311430000075 ], [ 90.340019404000031, 23.816298574000029 ], [ 90.339454919000048, 23.814660439000079 ], [ 90.338530922000075, 23.811618549000059 ], [ 90.338324784000065, 23.810681889000023 ], [ 90.338526308000041, 23.809839175000036 ], [ 90.339334432000044, 23.807493493000038 ], [ 90.339994277000073, 23.806649767000067 ], [ 90.340908981000041, 23.805898058000025 ], [ 90.341720968000061, 23.805053990000033 ], [ 90.341974612000058, 23.804678582000065 ], [ 90.342228807000083, 23.803691438000044 ], [ 90.342564483000046, 23.802900148000049 ], [ 90.342545180000059, 23.802324374000023 ], [ 90.342470176000063, 23.801330975000042 ], [ 90.342283251000083, 23.800471052000034 ], [ 90.341856698000072, 23.799478433000047 ], [ 90.341819803000078, 23.799212058000023 ], [ 90.341578133000041, 23.799000332000048 ], [ 90.34088778000006, 23.798715079000033 ], [ 90.340323604000048, 23.798583098000051 ], [ 90.33990514900006, 23.798335628000075 ], [ 90.339508110000054, 23.798065529000041 ], [ 90.339359924000064, 23.797704558000078 ], [ 90.339358464000043, 23.797142294000025 ], [ 90.33949003400005, 23.796776191000049 ], [ 90.339378966000083, 23.796767402000057 ], [ 90.339420092000069, 23.79653924400003 ], [ 90.339586680000082, 23.796193389000052 ], [ 90.339585775000046, 23.795843383000033 ], [ 90.339729283000054, 23.795822746000056 ], [ 90.339862692000054, 23.795221795000032 ], [ 90.33980994500007, 23.794519640000033 ], [ 90.339604067000039, 23.793675562000033 ], [ 90.339495166000063, 23.790959300000054 ], [ 90.339238137000052, 23.790022750000048 ], [ 90.339101336000056, 23.789788208000061 ], [ 90.339008727000078, 23.789799702000039 ], [ 90.338628496000069, 23.789138911000066 ], [ 90.337767581000037, 23.787399797000035 ], [ 90.33707608900005, 23.786407740000072 ], [ 90.336070336000034, 23.785346365000066 ], [ 90.335531540000034, 23.784322355000029 ], [ 90.335376480000036, 23.784379146000049 ], [ 90.335150137000085, 23.783909951000055 ], [ 90.334916135000071, 23.783083989000033 ], [ 90.335080570000059, 23.781898125000055 ], [ 90.335850336000078, 23.780900627000051 ], [ 90.336663609000084, 23.780363684000065 ], [ 90.337163461000046, 23.779847743000062 ], [ 90.337371190000056, 23.77952212100007 ], [ 90.337495656000044, 23.779022806000057 ], [ 90.337327600000037, 23.778795105000029 ], [ 90.336511193000035, 23.77810816300007 ], [ 90.333980083000085, 23.776390719000062 ], [ 90.333455674000049, 23.775454735000039 ], [ 90.333496557000046, 23.775129478000053 ], [ 90.333891729000072, 23.774460225000041 ], [ 90.334162935000052, 23.774249635000047 ], [ 90.334548986000073, 23.774092988000064 ], [ 90.33825347700008, 23.773418775000039 ], [ 90.339943861000052, 23.772879892000049 ], [ 90.342488468000056, 23.771783602000028 ], [ 90.343113793000043, 23.771418658000073 ], [ 90.343651335000061, 23.770329053000069 ], [ 90.343608460000041, 23.769419129000028 ], [ 90.343284114000085, 23.768769513000052 ], [ 90.342656900000065, 23.768174765000026 ], [ 90.340028853000035, 23.766640538000047 ], [ 90.339279440000041, 23.765508615000044 ], [ 90.338548994000064, 23.76411696100007 ], [ 90.33795957600006, 23.762465311000028 ], [ 90.33690462800007, 23.760331440000073 ], [ 90.336419127000056, 23.75972054600004 ], [ 90.333990548000031, 23.757180918000074 ], [ 90.333019921000073, 23.756327186000078 ], [ 90.330430412000055, 23.753641068000036 ], [ 90.329369215000042, 23.751870710000048 ], [ 90.328907547000085, 23.750467142000048 ], [ 90.329160654000077, 23.749904331000039 ], [ 90.329465011000082, 23.749481415000048 ], [ 90.330023631000074, 23.749200216000077 ], [ 90.330888275000063, 23.748916102000067 ], [ 90.332108740000081, 23.748678640000037 ], [ 90.333634983000081, 23.748582769000052 ], [ 90.335772535000046, 23.748670724000078 ], [ 90.337486075000072, 23.748908611000047 ], [ 90.338146635000044, 23.748925231000044 ], [ 90.339317356000038, 23.748902343000054 ], [ 90.340346071000056, 23.748751046000052 ], [ 90.340950904000067, 23.748564547000058 ], [ 90.341856058000076, 23.748068019000073 ], [ 90.34319713800005, 23.746827598000039 ], [ 90.344096992000061, 23.745723637000026 ], [ 90.341278772000067, 23.74399790800004 ], [ 90.339859543000046, 23.74277035800003 ], [ 90.338209792000043, 23.743932390000055 ], [ 90.33757926800007, 23.743425693000063 ], [ 90.336947825000038, 23.742557695000073 ], [ 90.334976409000035, 23.740970003000029 ], [ 90.334110741000075, 23.740827356000068 ], [ 90.33340243300006, 23.740828884000052 ], [ 90.332694676000074, 23.741047190000074 ], [ 90.331437864000065, 23.741919265000035 ], [ 90.330258499000081, 23.742138570000066 ], [ 90.328526907000082, 23.741997741000034 ], [ 90.32773936500007, 23.741708112000026 ], [ 90.327263512000059, 23.740986522000071 ], [ 90.326478189000056, 23.740843663000078 ], [ 90.325612887000034, 23.740845487000058 ], [ 90.324590337000075, 23.740992159000029 ], [ 90.321957636000036, 23.743244495000056 ], [ 90.319139763000067, 23.746556232000046 ], [ 90.318276944000047, 23.747847397000044 ], [ 90.316983445000062, 23.750099146000025 ], [ 90.31493062100003, 23.754134090000036 ], [ 90.313893387000064, 23.756902398000022 ], [ 90.313311809000083, 23.758637814000053 ], [ 90.312579621000054, 23.761265491000074 ], [ 90.312505864000059, 23.762485024000057 ], [ 90.31235386600008, 23.762790177000056 ], [ 90.31236018900006, 23.765438938000045 ], [ 90.312437529000078, 23.765718788000072 ], [ 90.31315178400007, 23.766351873000076 ], [ 90.313384269000039, 23.767638529000067 ], [ 90.313233560000072, 23.768483370000069 ], [ 90.312777216000086, 23.769516254000052 ], [ 90.312243514000045, 23.770009602000073 ], [ 90.311047844000086, 23.770456865000028 ], [ 90.309214519000079, 23.770765392000044 ], [ 90.306973676000041, 23.770722442000078 ], [ 90.304348116000085, 23.769837938000023 ], [ 90.302462028000036, 23.769349375000047 ], [ 90.300168876000043, 23.768954161000067 ], [ 90.299073231000079, 23.768628859000046 ], [ 90.298386002000086, 23.768795032000071 ], [ 90.297596251000073, 23.768654294000044 ], [ 90.295633825000039, 23.768025788000045 ], [ 90.294513019000078, 23.767957927000054 ], [ 90.292193789000066, 23.767400060000057 ], [ 90.291225498000074, 23.766957039000033 ], [ 90.290867778000063, 23.766628027000024 ], [ 90.290611875000081, 23.766018816000042 ], [ 90.290406365000081, 23.765176924000059 ], [ 90.290251655000077, 23.764285258000029 ], [ 90.290196901000058, 23.762551121000058 ], [ 90.289990049000039, 23.761099537000064 ], [ 90.289679730000046, 23.759176199000024 ], [ 90.289191760000051, 23.757070285000054 ], [ 90.288140704000057, 23.751029505000076 ], [ 90.287266638000062, 23.748185894000073 ], [ 90.287070465000056, 23.74794238000004 ], [ 90.286774619000084, 23.747834540000042 ], [ 90.285999459000038, 23.748134048000054 ], [ 90.282860600000049, 23.749824387000046 ], [ 90.282527198000082, 23.749933388000045 ], [ 90.282250569000041, 23.749918086000037 ], [ 90.277824295000073, 23.744967257000042 ], [ 90.276642034000076, 23.744452266000053 ], [ 90.273139099000048, 23.744205585000032 ], [ 90.271328734000065, 23.743919732000052 ], [ 90.269518222000045, 23.743559340000047 ], [ 90.266841667000051, 23.742841382000051 ], [ 90.265818738000064, 23.742843144000062 ], [ 90.264560286000062, 23.743134345000044 ], [ 90.263695838000046, 23.743569384000068 ], [ 90.261416897000061, 23.745095234000075 ], [ 90.258981474000052, 23.746910353000033 ], [ 90.257253581000043, 23.748651998000071 ], [ 90.255919239000036, 23.750318457000049 ], [ 90.254899514000044, 23.751995675000046 ], [ 90.254900486000054, 23.752494720000072 ], [ 90.255058760000054, 23.75314480000003 ], [ 90.25553356000006, 23.754449215000022 ], [ 90.256165424000073, 23.755462068000043 ], [ 90.25648261300006, 23.756764481000062 ], [ 90.256565804000047, 23.759153444000049 ], [ 90.255940055000053, 23.760965497000029 ], [ 90.255155669000033, 23.76227199300007 ], [ 90.253428365000048, 23.764447154000038 ], [ 90.251779575000057, 23.766333127000053 ], [ 90.248087913000063, 23.770033394000052 ], [ 90.245733485000073, 23.77351241100007 ], [ 90.244476727000063, 23.774891860000025 ], [ 90.243296973000042, 23.775471803000073 ], [ 90.237464182000053, 23.776788339000063 ], [ 90.238232310000058, 23.78173470400003 ], [ 90.238642465000055, 23.783280885000067 ], [ 90.240841970000076, 23.789412784000035 ], [ 90.241455255000062, 23.790631209000026 ], [ 90.243811109000035, 23.798214786000074 ], [ 90.245139496000036, 23.80088177600004 ], [ 90.245753666000041, 23.802520191000042 ], [ 90.246265566000034, 23.804253608000067 ], [ 90.246678097000085, 23.806969461000051 ], [ 90.247506677000047, 23.814227967000079 ], [ 90.247971009000082, 23.817693424000026 ], [ 90.248228242000039, 23.819050135000055 ], [ 90.248436869000045, 23.821626302000027 ], [ 90.248392891000037, 23.825279994000027 ], [ 90.247566198000072, 23.829713690000062 ], [ 90.245033704000036, 23.836979808000024 ], [ 90.243309069000077, 23.840541315000053 ], [ 90.242649998000047, 23.842229160000045 ], [ 90.241993086000036, 23.844759271000044 ], [ 90.241690481000035, 23.84639912800003 ], [ 90.241189296000073, 23.850848375000055 ], [ 90.24084040200006, 23.85501963300004 ], [ 90.240589402000069, 23.856704572000069 ], [ 90.240134175000037, 23.858486922000054 ], [ 90.239424798000073, 23.860594832000061 ], [ 90.238613690000079, 23.862470316000042 ], [ 90.237160994000078, 23.86450289000004 ], [ 90.234975803000054, 23.86727015300005 ], [ 90.234213801000067, 23.868348425000079 ], [ 90.23355368700004, 23.869426542000042 ], [ 90.233300361000033, 23.870224033000056 ], [ 90.233149859000036, 23.871536218000074 ], [ 90.233254277000071, 23.872940596000035 ], [ 90.233820638000054, 23.876218491000031 ], [ 90.233872939000037, 23.876968100000056 ], [ 90.233874368000045, 23.877762947000065 ], [ 90.233723022000049, 23.878607705000036 ], [ 90.233571249000079, 23.879215364000061 ], [ 90.233215661000031, 23.879825587000028 ], [ 90.231792796000036, 23.881654535000052 ], [ 90.230878234000045, 23.882967863000033 ], [ 90.230573495000044, 23.883530586000063 ], [ 90.230220673000076, 23.885545333000039 ], [ 90.230224237000073, 23.88755954800007 ], [ 90.230378687000041, 23.888449003000062 ], [ 90.23171073900005, 23.892802861000064 ], [ 90.231815831000063, 23.894582081000067 ], [ 90.231766121000078, 23.895284421000042 ], [ 90.231309450000083, 23.896222214000034 ], [ 90.230953387000056, 23.89659759400007 ], [ 90.230190103000041, 23.897066162000044 ], [ 90.229019288000075, 23.897630175000074 ], [ 90.228459675000067, 23.898005849000072 ], [ 90.228155632000039, 23.898990827000034 ], [ 90.228157192000083, 23.899880511000049 ], [ 90.228362520000076, 23.900722475000066 ], [ 90.229487120000044, 23.902829858000075 ], [ 90.230254420000051, 23.904608084000074 ], [ 90.230512012000077, 23.906341908000059 ], [ 90.230513754000071, 23.907324175000042 ], [ 90.230413705000046, 23.908214009000062 ], [ 90.23006001400006, 23.909948749000023 ], [ 90.229705317000082, 23.911118969000029 ], [ 90.228184492000082, 23.915431918000024 ], [ 90.22787999500008, 23.916182052000067 ], [ 90.226711755000053, 23.918150573000048 ], [ 90.226407405000032, 23.918993285000056 ], [ 90.226003636000087, 23.921288091000065 ], [ 90.226007223000067, 23.923349719000043 ], [ 90.225805189000084, 23.924239700000044 ], [ 90.225602278000054, 23.924802260000035 ], [ 90.224129140000059, 23.927380888000073 ], [ 90.224282807000066, 23.927990346000058 ], [ 90.22464018800008, 23.928317245000073 ], [ 90.227240813000037, 23.929390527000066 ], [ 90.227853015000051, 23.929857042000037 ], [ 90.22800651600005, 23.930186494000054 ], [ 90.228160345000049, 23.930701106000072 ], [ 90.228161908000061, 23.931590788000051 ], [ 90.227501673000063, 23.932808872000066 ], [ 90.226943320000032, 23.93416906300007 ], [ 90.227199262000056, 23.934776107000062 ], [ 90.227760413000055, 23.935010119000026 ], [ 90.228473775000055, 23.935009058000048 ], [ 90.229697009000063, 23.935242075000076 ], [ 90.230207105000034, 23.935428733000037 ], [ 90.230767958000058, 23.935662732000026 ], [ 90.231126043000074, 23.936364454000056 ], [ 90.231127876000073, 23.937394135000034 ], [ 90.230517898000073, 23.938379574000066 ], [ 90.230265145000033, 23.939409638000029 ], [ 90.230318535000038, 23.94076891900005 ], [ 90.23067848900007, 23.942687744000068 ], [ 90.230628092000075, 23.943015241000069 ], [ 90.22630397000006, 23.947377503000041 ], [ 90.225896917000057, 23.947660359000054 ], [ 90.225234485000044, 23.947848752000027 ], [ 90.223374159000059, 23.947781470000052 ], [ 90.222098556000049, 23.948593967000079 ], [ 90.221002199000054, 23.949711039000078 ], [ 90.21984582500005, 23.950582059000055 ], [ 90.218103341000074, 23.951029384000037 ], [ 90.217649851000033, 23.951291965000053 ], [ 90.216720407000082, 23.952162636000025 ], [ 90.215241748000039, 23.953926015000036 ], [ 90.214678133000064, 23.954281322000043 ], [ 90.213775154000075, 23.954648390000045 ], [ 90.212974971000051, 23.955148537000071 ], [ 90.211166564000052, 23.956659428000023 ], [ 90.210086894000085, 23.957182524000075 ], [ 90.20791317700008, 23.957318709000049 ], [ 90.207493300000067, 23.957499923000057 ], [ 90.206741099000055, 23.959226109000042 ], [ 90.206324292000033, 23.960762158000023 ], [ 90.205958768000073, 23.962684271000057 ], [ 90.205491245000076, 23.964599741000029 ], [ 90.205068664000066, 23.965614182000024 ], [ 90.204721468000059, 23.966129485000067 ], [ 90.204467793000049, 23.966351114000076 ], [ 90.204009899000084, 23.966403659000036 ], [ 90.203500476000045, 23.966309498000044 ], [ 90.202669300000082, 23.966310595000039 ], [ 90.201587489000076, 23.966515248000064 ], [ 90.200480527000082, 23.966945732000056 ], [ 90.199865486000078, 23.967079760000047 ], [ 90.197659489000046, 23.967315197000062 ], [ 90.197426447000055, 23.967579691000026 ], [ 90.197347395000065, 23.968516892000025 ], [ 90.197539120000044, 23.969155682000064 ], [ 90.197943062000036, 23.969769357000075 ], [ 90.198746200000073, 23.970696387000032 ], [ 90.200191579000034, 23.972175803000027 ], [ 90.200549830000057, 23.973024370000076 ], [ 90.200509098000055, 23.973898296000073 ], [ 90.200094869000054, 23.974596581000071 ], [ 90.199527695000086, 23.975317644000029 ], [ 90.198705705000066, 23.976138390000074 ], [ 90.197489460000043, 23.976880605000076 ], [ 90.196866571000044, 23.977138826000044 ], [ 90.195407100000068, 23.977325853000025 ], [ 90.194902480000053, 23.977181980000069 ], [ 90.193824323000058, 23.976614313000027 ], [ 90.192762991000052, 23.97619790400006 ], [ 90.192313526000078, 23.976162338000051 ], [ 90.190566501000035, 23.976954845000023 ], [ 90.189752325000086, 23.977495531000045 ], [ 90.189341293000041, 23.978114750000032 ], [ 90.189307754000083, 23.978708665000056 ], [ 90.189969247000079, 23.981087853000076 ], [ 90.189981786000033, 23.982307194000043 ], [ 90.190465914000072, 23.983964017000062 ], [ 90.19059594600003, 23.985691277000058 ], [ 90.190256719000047, 23.986062022000056 ], [ 90.188250924000045, 23.986676432000024 ], [ 90.186627437000084, 23.98739874000006 ], [ 90.186174035000079, 23.987855420000074 ], [ 90.186013599000034, 23.98844722900003 ], [ 90.186144659000036, 23.990928686000075 ], [ 90.185981731000084, 23.992568240000026 ], [ 90.185241384000051, 23.994330428000069 ], [ 90.184724350000067, 23.994997180000041 ], [ 90.185578460000045, 23.99907647200007 ], [ 90.185744697000075, 23.999733369000069 ], [ 90.186021810000057, 24.000360772000079 ], [ 90.186138268000036, 24.001225470000065 ], [ 90.186032850000061, 24.001842049000061 ], [ 90.185723815000074, 24.002095327000063 ], [ 90.182991679000054, 24.003112481000073 ], [ 90.182364540000037, 24.003517423000062 ], [ 90.182051342000079, 24.004093599000043 ], [ 90.182052317000057, 24.004786826000043 ], [ 90.182555407000052, 24.005305582000062 ], [ 90.184565711000062, 24.006339626000056 ], [ 90.186011002000043, 24.007376588000056 ], [ 90.188399343000071, 24.007809477000023 ], [ 90.189235091000057, 24.007808448000048 ], [ 90.190022009000074, 24.008033282000042 ], [ 90.190612746000056, 24.008574481000039 ], [ 90.19100697500005, 24.009206247000066 ], [ 90.192237101000046, 24.009927287000039 ], [ 90.193171589000031, 24.010197082000047 ], [ 90.194400581000082, 24.010150368000041 ], [ 90.195923932000085, 24.009696815000041 ], [ 90.196612685000048, 24.010012064000023 ], [ 90.197153266000043, 24.009875886000032 ], [ 90.197698818000049, 24.009376152000073 ], [ 90.197346950000053, 24.007933702000059 ], [ 90.197492988000079, 24.006985130000032 ], [ 90.19788496700005, 24.006126560000041 ], [ 90.198375536000071, 24.005448510000065 ], [ 90.199309517000074, 24.005402135000054 ], [ 90.200440422000042, 24.005536143000029 ], [ 90.201276715000063, 24.005896341000039 ], [ 90.201966023000068, 24.006572850000055 ], [ 90.202459189000081, 24.007565748000047 ], [ 90.202608442000042, 24.008694579000064 ], [ 90.20305217300006, 24.009506895000072 ], [ 90.203586011000084, 24.01017005500006 ], [ 90.20506882400008, 24.010136466000063 ], [ 90.206297238000047, 24.009728367000037 ], [ 90.207868395000048, 24.008461731000068 ], [ 90.208456880000085, 24.007557709000025 ], [ 90.208651996000071, 24.006609057000048 ], [ 90.209387733000085, 24.005569348000051 ], [ 90.210960208000074, 24.005160741000054 ], [ 90.211648531000037, 24.005204952000042 ], [ 90.212189592000072, 24.005384850000041 ], [ 90.21287858200003, 24.005835506000039 ], [ 90.214257549000081, 24.007323904000032 ], [ 90.215585357000066, 24.007593010000051 ], [ 90.217159582000079, 24.008223045000022 ], [ 90.217455311000037, 24.008674239000072 ], [ 90.21780104000004, 24.009622131000071 ], [ 90.218145708000065, 24.009937769000032 ], [ 90.218588553000075, 24.010162944000058 ], [ 90.219276289000049, 24.009845834000032 ], [ 90.219963562000032, 24.009257754000032 ], [ 90.220602128000053, 24.008940709000058 ], [ 90.220897100000059, 24.008940283000072 ], [ 90.221291245000032, 24.009436489000052 ], [ 90.221586294000076, 24.009481222000034 ], [ 90.221831641000051, 24.009209902000066 ], [ 90.222322950000034, 24.009028545000035 ], [ 90.223650711000062, 24.009252418000074 ], [ 90.224387984000032, 24.009161019000032 ], [ 90.224879054000041, 24.008844171000078 ], [ 90.225861898000062, 24.008616919000076 ], [ 90.226992618000054, 24.008615251000037 ], [ 90.231073604000073, 24.008925280000028 ], [ 90.232204329000069, 24.008923571000025 ], [ 90.233580289000031, 24.008605354000053 ], [ 90.234612684000069, 24.008603779000055 ], [ 90.236824631000047, 24.008419733000039 ], [ 90.237561640000081, 24.008192787000041 ], [ 90.238890670000046, 24.00909394200005 ], [ 90.23913723000004, 24.009500007000042 ], [ 90.239483705000055, 24.010763980000036 ], [ 90.239534709000054, 24.011757443000079 ], [ 90.238881812000045, 24.012616523000077 ], [ 90.238898178000056, 24.013158433000058 ], [ 90.238557164000042, 24.014857018000043 ], [ 90.238510916000052, 24.016437731000053 ], [ 90.238266506000059, 24.017205847000071 ], [ 90.237825518000079, 24.018019433000063 ], [ 90.236651750000078, 24.021408331000032 ], [ 90.236701495000034, 24.02172438100007 ], [ 90.237389996000047, 24.021813637000037 ], [ 90.238029995000034, 24.022264254000049 ], [ 90.23812924200007, 24.022760873000038 ], [ 90.237983571000086, 24.023754642000029 ], [ 90.236907183000085, 24.026646615000061 ], [ 90.237695709000036, 24.027638937000063 ], [ 90.237696871000082, 24.028271188000076 ], [ 90.237500858000033, 24.028632782000045 ], [ 90.237107670000057, 24.028723711000055 ], [ 90.236614985000074, 24.028182542000025 ], [ 90.236122796000075, 24.027912334000064 ], [ 90.235336175000043, 24.02795870500006 ], [ 90.234902678000083, 24.028359048000027 ], [ 90.235022523000055, 24.02953982300005 ], [ 90.235614865000059, 24.03080342100003 ], [ 90.236107803000039, 24.031480076000037 ], [ 90.23669867600006, 24.031930776000024 ], [ 90.236949106000054, 24.032415869000033 ], [ 90.237703745000033, 24.032008251000036 ], [ 90.240235906000066, 24.03193655900003 ], [ 90.241773743000067, 24.031621398000027 ], [ 90.242540156000075, 24.031275835000031 ], [ 90.243405194000047, 24.030757369000071 ] ] ] } }
]
}
